Part Type,Manufacturer,Part Name,HEM,In Shop,Price,Sell Price,Level,Level %,Steam Version,Platform Lock,Lighting,Type,No Fan,Air Flow,AM4,LGA 1151 (Skylake),LGA 1151 (Kaby Lake),LGA 1151 (Coffee Lake),LGA 1200,TR4,sTRX4,LGA 2066,AM3+,FM2,FM2+,LGA 2011-V3,LGA 2566,LGA 3647-V1,LGA 3647-V3,LGA 4189,LGA 4189 (2P),LGA 4926,LGA 5903,SP3r1,SP3r2,SP6,LGA 3647-V3 (2P),LGA 3647-V3 (4P),LGA 3647-V3 (8P),LGA 4926 (2P),LGA 5903 (2P),SP3r1 (2P),SP3r2 (2P),SP6 (2P),CPU Socket List,CPU Socket List (HEM),Height,Size,Slots,Thickness,Air Pressure,DLC2 Random Jobs,Exclude From Random Jobs,Asset Path,Full Part Name
CPU Cooler - Air,ARCTIC,Alpine 12 CO,,Y,15,5,3,1,1.0,,,Air Cooler,,45.0,,Y,Y,Y,Y,,,,,,,,,,,,,,,,,,,,,,,,,,"LGA 1151 (Coffee Lake), LGA 1151 (Kaby Lake), LGA 1151 (Skylake), LGA 1200,","LGA 1151 (Coffee Lake), LGA 1151 (Kaby Lake), LGA 1151 (Skylake), LGA 1200,",77,,,,,,,Prefabs/CoolingSystems/AirCoolers/Arctic/AC_Arctic_Alpine_12LCO,ARCTIC Alpine 12 CO
CPU Cooler - Air,ARCTIC,Alpine 12 LP,,Y,15,5,3,35,1.0,,,Air Cooler,,35.0,,Y,Y,Y,Y,,,,,,,,,,,,,,,,,,,,,,,,,,"LGA 1151 (Coffee Lake), LGA 1151 (Kaby Lake), LGA 1151 (Skylake), LGA 1200,","LGA 1151 (Coffee Lake), LGA 1151 (Kaby Lake), LGA 1151 (Skylake), LGA 1200,",54,,,,,,,Prefabs/CoolingSystems/AirCoolers/Arctic/AC_Arctic_Alpine_12LP,ARCTIC Alpine 12 LP
CPU Cooler - Air,ARCTIC,Alpine 12 Passive,,Y,37,12,14,70,1.0,,,Air Cooler,Y,28.0,,Y,Y,Y,Y,,,,,,,,,,,,,,,,,,,,,,,,,,"LGA 1151 (Coffee Lake), LGA 1151 (Kaby Lake), LGA 1151 (Skylake), LGA 1200,","LGA 1151 (Coffee Lake), LGA 1151 (Kaby Lake), LGA 1151 (Skylake), LGA 1200,",69,,,,,,,Prefabs/CoolingSystems/AirCoolers/Arctic/AC_Arctic_Alpine12Passive,ARCTIC Alpine 12 Passive
CPU Cooler - Air,ARCTIC,Alpine 23,,Y,30,10,30,1,1.15,,,Air Cooler,,35.0,Y,,,,,,,,,,,,,,,,,,,,,,,,,,,,,,"AM4,","AM4,",65,,,,,,,v1_15_0/Prefabs/CoolerSystems/AirCoolers/Artic/AC_ARCTIC_Alpine_23,ARCTIC Alpine 23
CPU Cooler - Air,ARCTIC,Alpine 23 CO,,Y,40,13,30,1,1.15,,,Air Cooler,,45.0,Y,,,,,,,,,,,,,,,,,,,,,,,,,,,,,,"AM4,","AM4,",65,,,,,,,v1_15_0/Prefabs/CoolerSystems/AirCoolers/Artic/AC_ARCTIC_Alpine_23_CO,ARCTIC Alpine 23 CO
CPU Cooler - Air,ARCTIC,Alpine AM4 Passive,,Y,37,12,14,70,1.0,,,Air Cooler,Y,28.0,Y,,,,,,,,Y,,,,,,,,,,,,,,,,,,,,,,"AM3+, AM4,","AM3+, AM4,",70,,,,,,,Prefabs/CoolingSystems/AirCoolers/Arctic/AC_Arctic_AlpineAM4Passive,ARCTIC Alpine AM4 Passive
CPU Cooler - Air,ARCTIC,Alpine Universal CO,Y,Y,25,9,7,1,,,,Air Cooler,,45.0,Y,Y,Y,Y,Y,Y,Y,Y,Y,Y,Y,Y,Y,Y,Y,Y,,Y,Y,Y,Y,Y,,,,,,,,,,"LGA 1151 (Coffee Lake), LGA 1151 (Kaby Lake), LGA 1151 (Skylake), TR4, LGA 2066, LGA 2566, AM4, sTRX4, LGA 2011-V3, FM2+, FM2, LGA 1200, AM3+, SP3r1, SP3r2, SP6, LGA 3647-V1, LGA 3647-V3, LGA 4189, LGA 4926, LGA 5903,",77,,,,,,,Prefabs/CoolingSystems/AirCoolers/Arctic/AC_Arctic_Alpine_12LCO,ARCTIC Alpine Universal CO
CPU Cooler - Air,ARCTIC,Alpine Universal Passive,Y,Y,50,15,19,70,,,,Air Cooler,Y,95.0,Y,Y,Y,Y,Y,Y,Y,Y,Y,Y,Y,Y,Y,Y,Y,Y,,Y,Y,Y,Y,Y,,,,,,,,,,"LGA 1151 (Coffee Lake), LGA 1151 (Kaby Lake), LGA 1151 (Skylake), TR4, LGA 2066, LGA 2566, AM4, sTRX4, LGA 2011-V3, FM2+, FM2, LGA 1200, AM3+, SP3r1, SP3r2, SP6, LGA 3647-V1, LGA 3647-V3, LGA 4189, LGA 4926, LGA 5903,",69,,,,,,,Prefabs/CoolingSystems/AirCoolers/Arctic/AC_Arctic_Alpine12Passive,ARCTIC Alpine Universal Passive
CPU Cooler - Air,ARCTIC,Freezer 100 TR/SP3/SP6,Y,Y,185,95,24,35,,PC,RGB,Air Cooler,,185.0,,,,,,Y,Y,,,,,,,,,,,,,Y,Y,Y,,,,,,,,,,"TR4, sTRX4, SP3r1, SP3r2, SP6,",165,,,,3.5,,,v1_8_0/Prefabs/CoolingSystems/AirCoolers/Arctic/AC_Arctic_Freezer_50TR,ARCTIC Freezer 100 TR/SP3/SP6
CPU Cooler - Air,ARCTIC,Freezer 11 LP,,Y,25,31,1,60,1.12,,,Air Cooler,,40.0,,Y,Y,Y,Y,,,,,,,,Y,Y,Y,Y,,Y,,,,,,,,,,,,,"LGA 1151 (Coffee Lake), LGA 1151 (Kaby Lake), LGA 1151 (Skylake), LGA 1200,","LGA 1151 (Coffee Lake), LGA 1151 (Kaby Lake), LGA 1151 (Skylake), LGA 1200, LGA 2066, LGA 2566, LGA 3647-V1, LGA 3647-V3, LGA 4189, LGA 4926,",59,,,,,,,v1_12_0/Prefabs/CoolingSystems/AirCoolers/Arctic/AC_ARCTIC_FREEZER_11_LP,ARCTIC Freezer 11 LP
CPU Cooler - Air,ARCTIC,Freezer 11 LP 2X,Y,Y,50,62,16,1,,,,Air Cooler,,80.0,,,,,,,,,,,,,,,,,Y,,,,,,Y,,,Y,,,,,,"LGA 3647-V3 (2P), LGA 4189 (2P), LGA 4926 (2P),",59,,,,,,,v1_12_0/Prefabs/CoolingSystems/AirCoolers/Arctic/AC_ARCTIC_FREEZER_11_LP,ARCTIC Freezer 11 LP 2X
CPU Cooler - Air,ARCTIC,Freezer 11 LP 4X,Y,Y,100,124,18,95,,,,Air Cooler,,160.0,,,,,,,,,,,,,,,,,,,,,,,,Y,,,,,,,,"LGA 3647-V3 (4P),",59,,,,,,,v1_12_0/Prefabs/CoolingSystems/AirCoolers/Arctic/AC_ARCTIC_FREEZER_11_LP,ARCTIC Freezer 11 LP 4X
CPU Cooler - Air,ARCTIC,Freezer 11 LP 8X,Y,Y,200,248,23,35,,,,Air Cooler,,320.0,,,,,,,,,,,,,,,,,,,,,,,,,Y,,,,,,,"LGA 3647-V3 (8P),",59,,,,,,,v1_12_0/Prefabs/CoolingSystems/AirCoolers/Arctic/AC_ARCTIC_FREEZER_11_LP,ARCTIC Freezer 11 LP 8X
CPU Cooler - Air,ARCTIC,Freezer 12,,Y,25,8,13,50,1.0,,,Air Cooler,,50.0,Y,Y,Y,Y,Y,,,Y,,,,Y,Y,,,,,,,,,,,,,,,,,,"AM4, LGA 1151 (Coffee Lake), LGA 1151 (Kaby Lake), LGA 1151 (Skylake), LGA 1200, LGA 2011-V3, LGA 2066,","AM4, LGA 1151 (Coffee Lake), LGA 1151 (Kaby Lake), LGA 1151 (Skylake), LGA 1200, LGA 2011-V3, LGA 2066, LGA 2566,",130,,,,,,,Prefabs/CoolingSystems/AirCoolers/Arctic/AC_Arctic_Freezer_12_White,ARCTIC Freezer 12
CPU Cooler - Air,ARCTIC,Freezer 12 CO,,Y,75,25,13,60,1.10,PC,,Air Cooler,,40.0,Y,Y,Y,Y,Y,,,Y,,,,Y,Y,,,,,,,,,,,,,,,,,,"AM4, LGA 1151 (Coffee Lake), LGA 1151 (Kaby Lake), LGA 1151 (Skylake), LGA 1200, LGA 2011-V3, LGA 2066,","AM4, LGA 1151 (Coffee Lake), LGA 1151 (Kaby Lake), LGA 1151 (Skylake), LGA 1200, LGA 2011-V3, LGA 2066, LGA 2566,",130,,,,,,,v1_10_0/Prefabs/CoolingSystems/AirCoolers/Arctic/AC_Arctic_Freezer_12_CO,ARCTIC Freezer 12 CO
CPU Cooler - Air,ARCTIC,Freezer 12 CO 2X,Y,Y,150,50,16,1,,,,Air Cooler,,80.0,,,,,,,,,,,,,,,,,Y,,,,,,Y,,,Y,,,,,,"LGA 3647-V3 (2P), LGA 4189 (2P), LGA 4926 (2P),",130,,,,,,,v1_10_0/Prefabs/CoolingSystems/AirCoolers/Arctic/AC_Arctic_Freezer_12_CO,ARCTIC Freezer 12 CO 2X
CPU Cooler - Air,ARCTIC,Freezer 12 CO 4X,Y,Y,300,100,18,95,,,,Air Cooler,,160.0,,,,,,,,,,,,,,,,,,,,,,,,Y,,,,,,,,"LGA 3647-V3 (4P),",130,,,,,,,v1_10_0/Prefabs/CoolingSystems/AirCoolers/Arctic/AC_Arctic_Freezer_12_CO,ARCTIC Freezer 12 CO 4X
CPU Cooler - Air,ARCTIC,Freezer 12 CO 8X,Y,Y,600,200,23,35,,,,Air Cooler,,320.0,,,,,,,,,,,,,,,,,,,,,,,,,Y,,,,,,,"LGA 3647-V3 (8P),",130,,,,,,,v1_10_0/Prefabs/CoolingSystems/AirCoolers/Arctic/AC_Arctic_Freezer_12_CO,ARCTIC Freezer 12 CO 8X
CPU Cooler - Air,ARCTIC,Freezer 33,,Y,25,8,13,30,1.0,,,Air Cooler,,53.0,Y,Y,Y,Y,Y,,,Y,,,,Y,Y,,,,,,,,,,,,,,,,,,"AM4, LGA 1151 (Coffee Lake), LGA 1151 (Kaby Lake), LGA 1151 (Skylake), LGA 1200, LGA 2011-V3, LGA 2066,","AM4, LGA 1151 (Coffee Lake), LGA 1151 (Kaby Lake), LGA 1151 (Skylake), LGA 1200, LGA 2011-V3, LGA 2066, LGA 2566,",150,,,,,,,Prefabs/CoolingSystems/AirCoolers/Arctic/AC_Arctic_Freezer_33,ARCTIC Freezer 33
CPU Cooler - Air,ARCTIC,Freezer 33 eSports Edition (Green),,Y,50,17,6,60,1.0,,,Air Cooler,,100.0,Y,Y,Y,Y,Y,,,Y,,,,Y,Y,Y,Y,Y,,Y,,,,,,,,,,,,,"AM4, LGA 1151 (Coffee Lake), LGA 1151 (Kaby Lake), LGA 1151 (Skylake), LGA 1200, LGA 2011-V3, LGA 2066,","AM4, LGA 1151 (Coffee Lake), LGA 1151 (Kaby Lake), LGA 1151 (Skylake), LGA 1200, LGA 2011-V3, LGA 2066, LGA 2566, LGA 3647-V1, LGA 3647-V3, LGA 4189, LGA 4926,",150,,,,3.25,,,Prefabs/CoolingSystems/AirCoolers/Arctic/Arctic_Freezer_33_eSports_Edition_Green,ARCTIC Freezer 33 eSports Edition (Green)
CPU Cooler - Air,ARCTIC,Freezer 33 eSports Edition (Green) 2X,Y,Y,100,34,16,1,,,,Air Cooler,,200.0,,,,,,,,,,,,,,,,,Y,,,,,,Y,,,Y,,,,,,"LGA 3647-V3 (2P), LGA 4189 (2P), LGA 4926 (2P),",150,,,,3.25,,,Prefabs/CoolingSystems/AirCoolers/Arctic/Arctic_Freezer_33_eSports_Edition_Green,ARCTIC Freezer 33 eSports Edition (Green) 2X
CPU Cooler - Air,ARCTIC,Freezer 33 eSports Edition (Green) 4X,Y,Y,200,68,18,95,,,,Air Cooler,,400.0,,,,,,,,,,,,,,,,,,,,,,,,Y,,,,,,,,"LGA 3647-V3 (4P),",150,,,,3.25,,,Prefabs/CoolingSystems/AirCoolers/Arctic/Arctic_Freezer_33_eSports_Edition_Green,ARCTIC Freezer 33 eSports Edition (Green) 4X
CPU Cooler - Air,ARCTIC,Freezer 33 eSports Edition (Green) 8X,Y,Y,400,136,23,35,,,,Air Cooler,,800.0,,,,,,,,,,,,,,,,,,,,,,,,,Y,,,,,,,"LGA 3647-V3 (8P),",150,,,,3.25,,,Prefabs/CoolingSystems/AirCoolers/Arctic/Arctic_Freezer_33_eSports_Edition_Green,ARCTIC Freezer 33 eSports Edition (Green) 8X
CPU Cooler - Air,ARCTIC,Freezer 33 eSports Edition (Red),,Y,50,17,6,1,1.0,,,Air Cooler,,100.0,Y,Y,Y,Y,Y,,,Y,,,,Y,Y,Y,Y,Y,,Y,,,,,,,,,,,,,"AM4, LGA 1151 (Coffee Lake), LGA 1151 (Kaby Lake), LGA 1151 (Skylake), LGA 1200, LGA 2011-V3, LGA 2066,","AM4, LGA 1151 (Coffee Lake), LGA 1151 (Kaby Lake), LGA 1151 (Skylake), LGA 1200, LGA 2011-V3, LGA 2066, LGA 2566, LGA 3647-V1, LGA 3647-V3, LGA 4189, LGA 4926,",150,,,,3.25,,,Prefabs/CoolingSystems/AirCoolers/Arctic/Arctic_Freezer_33_eSports_Edition,ARCTIC Freezer 33 eSports Edition (Red)
CPU Cooler - Air,ARCTIC,Freezer 33 eSports Edition (Red) 2X,Y,Y,100,34,16,1,,,,Air Cooler,,200.0,,,,,,,,,,,,,,,,,Y,,,,,,Y,,,Y,,,,,,"LGA 3647-V3 (2P), LGA 4189 (2P), LGA 4926 (2P),",150,,,,3.25,,,Prefabs/CoolingSystems/AirCoolers/Arctic/Arctic_Freezer_33_eSports_Edition,ARCTIC Freezer 33 eSports Edition (Red) 2X
CPU Cooler - Air,ARCTIC,Freezer 33 eSports Edition (Red) 4X,Y,Y,200,68,18,95,,,,Air Cooler,,400.0,,,,,,,,,,,,,,,,,,,,,,,,Y,,,,,,,,"LGA 3647-V3 (4P),",150,,,,3.25,,,Prefabs/CoolingSystems/AirCoolers/Arctic/Arctic_Freezer_33_eSports_Edition,ARCTIC Freezer 33 eSports Edition (Red) 4X
CPU Cooler - Air,ARCTIC,Freezer 33 eSports Edition (Red) 8X,Y,Y,400,136,23,35,,,,Air Cooler,,800.0,,,,,,,,,,,,,,,,,,,,,,,,,Y,,,,,,,"LGA 3647-V3 (8P),",150,,,,3.25,,,Prefabs/CoolingSystems/AirCoolers/Arctic/Arctic_Freezer_33_eSports_Edition,ARCTIC Freezer 33 eSports Edition (Red) 8X
CPU Cooler - Air,ARCTIC,Freezer 33 eSports Edition (White),,Y,50,17,6,40,1.0,,,Air Cooler,,100.0,Y,Y,Y,Y,Y,,,Y,,,,Y,Y,Y,Y,Y,,Y,,,,,,,,,,,,,"AM4, LGA 1151 (Coffee Lake), LGA 1151 (Kaby Lake), LGA 1151 (Skylake), LGA 1200, LGA 2011-V3, LGA 2066,","AM4, LGA 1151 (Coffee Lake), LGA 1151 (Kaby Lake), LGA 1151 (Skylake), LGA 1200, LGA 2011-V3, LGA 2066, LGA 2566, LGA 3647-V1, LGA 3647-V3, LGA 4189, LGA 4926,",150,,,,3.25,,,Prefabs/CoolingSystems/AirCoolers/Arctic/Arctic_Freezer_33_eSports_Edition_White,ARCTIC Freezer 33 eSports Edition (White)
CPU Cooler - Air,ARCTIC,Freezer 33 eSports Edition (White) 2X,Y,Y,100,34,16,1,,,,Air Cooler,,200.0,,,,,,,,,,,,,,,,,Y,,,,,,Y,,,Y,,,,,,"LGA 3647-V3 (2P), LGA 4189 (2P), LGA 4926 (2P),",150,,,,3.25,,,Prefabs/CoolingSystems/AirCoolers/Arctic/Arctic_Freezer_33_eSports_Edition_White,ARCTIC Freezer 33 eSports Edition (White) 2X
CPU Cooler - Air,ARCTIC,Freezer 33 eSports Edition (White) 4X,Y,Y,200,68,18,95,,,,Air Cooler,,400.0,,,,,,,,,,,,,,,,,,,,,,,,Y,,,,,,,,"LGA 3647-V3 (4P),",150,,,,3.25,,,Prefabs/CoolingSystems/AirCoolers/Arctic/Arctic_Freezer_33_eSports_Edition_White,ARCTIC Freezer 33 eSports Edition (White) 4X
CPU Cooler - Air,ARCTIC,Freezer 33 eSports Edition (White) 8X,Y,Y,400,136,23,35,,,,Air Cooler,,800.0,,,,,,,,,,,,,,,,,,,,,,,,,Y,,,,,,,"LGA 3647-V3 (8P),",150,,,,3.25,,,Prefabs/CoolingSystems/AirCoolers/Arctic/Arctic_Freezer_33_eSports_Edition_White,ARCTIC Freezer 33 eSports Edition (White) 8X
CPU Cooler - Air,ARCTIC,Freezer 33 eSports Edition (Yellow),,Y,50,17,6,20,1.0,,,Air Cooler,,100.0,Y,Y,Y,Y,Y,,,Y,,,,Y,Y,Y,Y,Y,,Y,,,,,,,,,,,,,"AM4, LGA 1151 (Coffee Lake), LGA 1151 (Kaby Lake), LGA 1151 (Skylake), LGA 1200, LGA 2011-V3, LGA 2066,","AM4, LGA 1151 (Coffee Lake), LGA 1151 (Kaby Lake), LGA 1151 (Skylake), LGA 1200, LGA 2011-V3, LGA 2066, LGA 2566, LGA 3647-V1, LGA 3647-V3, LGA 4189, LGA 4926,",150,,,,3.25,,,Prefabs/CoolingSystems/AirCoolers/Arctic/Arctic_Freezer_33_eSports_Edition_Yellow,ARCTIC Freezer 33 eSports Edition (Yellow)
CPU Cooler - Air,ARCTIC,Freezer 33 eSports Edition (Yellow) 2X,Y,Y,100,34,16,1,,,,Air Cooler,,200.0,,,,,,,,,,,,,,,,,Y,,,,,,Y,,,Y,,,,,,"LGA 3647-V3 (2P), LGA 4189 (2P), LGA 4926 (2P),",150,,,,3.25,,,Prefabs/CoolingSystems/AirCoolers/Arctic/Arctic_Freezer_33_eSports_Edition_Yellow,ARCTIC Freezer 33 eSports Edition (Yellow) 2X
CPU Cooler - Air,ARCTIC,Freezer 33 eSports Edition (Yellow) 4X,Y,Y,200,68,18,95,,,,Air Cooler,,400.0,,,,,,,,,,,,,,,,,,,,,,,,Y,,,,,,,,"LGA 3647-V3 (4P),",150,,,,3.25,,,Prefabs/CoolingSystems/AirCoolers/Arctic/Arctic_Freezer_33_eSports_Edition_Yellow,ARCTIC Freezer 33 eSports Edition (Yellow) 4X
CPU Cooler - Air,ARCTIC,Freezer 33 eSports Edition (Yellow) 8X,Y,Y,400,136,23,35,,,,Air Cooler,,800.0,,,,,,,,,,,,,,,,,,,,,,,,,Y,,,,,,,"LGA 3647-V3 (8P),",150,,,,3.25,,,Prefabs/CoolingSystems/AirCoolers/Arctic/Arctic_Freezer_33_eSports_Edition_Yellow,ARCTIC Freezer 33 eSports Edition (Yellow) 8X
CPU Cooler - Air,ARCTIC,Freezer 33 eSports ONE (Green),,Y,33,11,5,60,1.0,,,Air Cooler,,80.0,Y,Y,Y,Y,Y,,,Y,,,,Y,Y,Y,Y,Y,,Y,,,,,,,,,,,,,"AM4, LGA 1151 (Coffee Lake), LGA 1151 (Kaby Lake), LGA 1151 (Skylake), LGA 1200, LGA 2011-V3, LGA 2066,","AM4, LGA 1151 (Coffee Lake), LGA 1151 (Kaby Lake), LGA 1151 (Skylake), LGA 1200, LGA 2011-V3, LGA 2066, LGA 2566, LGA 3647-V1, LGA 3647-V3, LGA 4189, LGA 4926,",150,,,,3.0,,,Prefabs/CoolingSystems/AirCoolers/Arctic/Arctic_Freezer_33_eSports_ONE_Green,ARCTIC Freezer 33 eSports ONE (Green)
CPU Cooler - Air,ARCTIC,Freezer 33 eSports ONE (Green) 2X,Y,Y,66,22,16,1,,,,Air Cooler,,160.0,,,,,,,,,,,,,,,,,Y,,,,,,Y,,,Y,,,,,,"LGA 3647-V3 (2P), LGA 4189 (2P), LGA 4926 (2P),",150,,,,3.0,,,Prefabs/CoolingSystems/AirCoolers/Arctic/Arctic_Freezer_33_eSports_ONE_Green,ARCTIC Freezer 33 eSports ONE (Green) 2X
CPU Cooler - Air,ARCTIC,Freezer 33 eSports ONE (Green) 4X,Y,Y,132,44,18,95,,,,Air Cooler,,320.0,,,,,,,,,,,,,,,,,,,,,,,,Y,,,,,,,,"LGA 3647-V3 (4P),",150,,,,3.0,,,Prefabs/CoolingSystems/AirCoolers/Arctic/Arctic_Freezer_33_eSports_ONE_Green,ARCTIC Freezer 33 eSports ONE (Green) 4X
CPU Cooler - Air,ARCTIC,Freezer 33 eSports ONE (Green) 8X,Y,Y,264,88,23,35,,,,Air Cooler,,640.0,,,,,,,,,,,,,,,,,,,,,,,,,Y,,,,,,,"LGA 3647-V3 (8P),",150,,,,3.0,,,Prefabs/CoolingSystems/AirCoolers/Arctic/Arctic_Freezer_33_eSports_ONE_Green,ARCTIC Freezer 33 eSports ONE (Green) 8X
CPU Cooler - Air,ARCTIC,Freezer 33 eSports ONE (Red),,Y,33,11,5,1,1.0,,,Air Cooler,,80.0,Y,Y,Y,Y,Y,,,Y,,,,Y,Y,Y,Y,Y,,Y,,,,,,,,,,,,,"AM4, LGA 1151 (Coffee Lake), LGA 1151 (Kaby Lake), LGA 1151 (Skylake), LGA 1200, LGA 2011-V3, LGA 2066,","AM4, LGA 1151 (Coffee Lake), LGA 1151 (Kaby Lake), LGA 1151 (Skylake), LGA 1200, LGA 2011-V3, LGA 2066, LGA 2566, LGA 3647-V1, LGA 3647-V3, LGA 4189, LGA 4926,",150,,,,3.0,,,Prefabs/CoolingSystems/AirCoolers/Arctic/Arctic_Freezer_33_eSports_ONE,ARCTIC Freezer 33 eSports ONE (Red)
CPU Cooler - Air,ARCTIC,Freezer 33 eSports ONE (Red) 2X,Y,Y,66,22,16,1,,,,Air Cooler,,160.0,,,,,,,,,,,,,,,,,Y,,,,,,Y,,,Y,,,,,,"LGA 3647-V3 (2P), LGA 4189 (2P), LGA 4926 (2P),",150,,,,3.0,,,Prefabs/CoolingSystems/AirCoolers/Arctic/Arctic_Freezer_33_eSports_ONE,ARCTIC Freezer 33 eSports ONE (Red) 2X
CPU Cooler - Air,ARCTIC,Freezer 33 eSports ONE (Red) 4X,Y,Y,132,44,18,95,,,,Air Cooler,,320.0,,,,,,,,,,,,,,,,,,,,,,,,Y,,,,,,,,"LGA 3647-V3 (4P),",150,,,,3.0,,,Prefabs/CoolingSystems/AirCoolers/Arctic/Arctic_Freezer_33_eSports_ONE,ARCTIC Freezer 33 eSports ONE (Red) 4X
CPU Cooler - Air,ARCTIC,Freezer 33 eSports ONE (Red) 8X,Y,Y,264,88,23,35,,,,Air Cooler,,640.0,,,,,,,,,,,,,,,,,,,,,,,,,Y,,,,,,,"LGA 3647-V3 (8P),",150,,,,3.0,,,Prefabs/CoolingSystems/AirCoolers/Arctic/Arctic_Freezer_33_eSports_ONE,ARCTIC Freezer 33 eSports ONE (Red) 8X
CPU Cooler - Air,ARCTIC,Freezer 33 eSports ONE (White),,Y,33,11,5,40,1.0,,,Air Cooler,,80.0,Y,Y,Y,Y,Y,,,Y,,,,Y,Y,Y,Y,Y,,Y,,,,,,,,,,,,,"AM4, LGA 1151 (Coffee Lake), LGA 1151 (Kaby Lake), LGA 1151 (Skylake), LGA 1200, LGA 2011-V3, LGA 2066,","AM4, LGA 1151 (Coffee Lake), LGA 1151 (Kaby Lake), LGA 1151 (Skylake), LGA 1200, LGA 2011-V3, LGA 2066, LGA 2566, LGA 3647-V1, LGA 3647-V3, LGA 4189, LGA 4926,",150,,,,3.0,,,Prefabs/CoolingSystems/AirCoolers/Arctic/Arctic_Freezer_33_eSports_ONE_White,ARCTIC Freezer 33 eSports ONE (White)
CPU Cooler - Air,ARCTIC,Freezer 33 eSports ONE (White) 2X,Y,Y,66,22,16,1,,,,Air Cooler,,160.0,,,,,,,,,,,,,,,,,Y,,,,,,Y,,,Y,,,,,,"LGA 3647-V3 (2P), LGA 4189 (2P), LGA 4926 (2P),",150,,,,3.0,,,Prefabs/CoolingSystems/AirCoolers/Arctic/Arctic_Freezer_33_eSports_ONE_White,ARCTIC Freezer 33 eSports ONE (White) 2X
CPU Cooler - Air,ARCTIC,Freezer 33 eSports ONE (White) 4X,Y,Y,132,44,18,95,,,,Air Cooler,,320.0,,,,,,,,,,,,,,,,,,,,,,,,Y,,,,,,,,"LGA 3647-V3 (4P),",150,,,,3.0,,,Prefabs/CoolingSystems/AirCoolers/Arctic/Arctic_Freezer_33_eSports_ONE_White,ARCTIC Freezer 33 eSports ONE (White) 4X
CPU Cooler - Air,ARCTIC,Freezer 33 eSports ONE (White) 8X,Y,Y,264,88,23,35,,,,Air Cooler,,640.0,,,,,,,,,,,,,,,,,,,,,,,,,Y,,,,,,,"LGA 3647-V3 (8P),",150,,,,3.0,,,Prefabs/CoolingSystems/AirCoolers/Arctic/Arctic_Freezer_33_eSports_ONE_White,ARCTIC Freezer 33 eSports ONE (White) 8X
CPU Cooler - Air,ARCTIC,Freezer 33 eSports ONE (Yellow),,Y,33,11,5,20,1.0,,,Air Cooler,,80.0,Y,Y,Y,Y,Y,,,Y,,,,Y,Y,Y,Y,Y,,Y,,,,,,,,,,,,,"AM4, LGA 1151 (Coffee Lake), LGA 1151 (Kaby Lake), LGA 1151 (Skylake), LGA 1200, LGA 2011-V3, LGA 2066,","AM4, LGA 1151 (Coffee Lake), LGA 1151 (Kaby Lake), LGA 1151 (Skylake), LGA 1200, LGA 2011-V3, LGA 2066, LGA 2566, LGA 3647-V1, LGA 3647-V3, LGA 4189, LGA 4926,",150,,,,3.0,,,Prefabs/CoolingSystems/AirCoolers/Arctic/Arctic_Freezer_33_eSports_ONE_Yellow,ARCTIC Freezer 33 eSports ONE (Yellow)
CPU Cooler - Air,ARCTIC,Freezer 33 eSports ONE (Yellow) 2X,Y,Y,66,22,16,1,,,,Air Cooler,,160.0,,,,,,,,,,,,,,,,,Y,,,,,,Y,,,Y,,,,,,"LGA 3647-V3 (2P), LGA 4189 (2P), LGA 4926 (2P),",150,,,,3.0,,,Prefabs/CoolingSystems/AirCoolers/Arctic/Arctic_Freezer_33_eSports_ONE_Yellow,ARCTIC Freezer 33 eSports ONE (Yellow) 2X
CPU Cooler - Air,ARCTIC,Freezer 33 eSports ONE (Yellow) 4X,Y,Y,132,44,18,95,,,,Air Cooler,,320.0,,,,,,,,,,,,,,,,,,,,,,,,Y,,,,,,,,"LGA 3647-V3 (4P),",150,,,,3.0,,,Prefabs/CoolingSystems/AirCoolers/Arctic/Arctic_Freezer_33_eSports_ONE_Yellow,ARCTIC Freezer 33 eSports ONE (Yellow) 4X
CPU Cooler - Air,ARCTIC,Freezer 33 eSports ONE (Yellow) 8X,Y,Y,264,88,23,35,,,,Air Cooler,,640.0,,,,,,,,,,,,,,,,,,,,,,,,,Y,,,,,,,"LGA 3647-V3 (8P),",150,,,,3.0,,,Prefabs/CoolingSystems/AirCoolers/Arctic/Arctic_Freezer_33_eSports_ONE_Yellow,ARCTIC Freezer 33 eSports ONE (Yellow) 8X
CPU Cooler - Air,ARCTIC,Freezer 33 PENTA,,Y,30,10,13,50,1.0,,,Air Cooler,,53.0,Y,Y,Y,Y,Y,,,Y,,,,Y,Y,,,,,,,,,,,,,,,,,,"AM4, LGA 1151 (Coffee Lake), LGA 1151 (Kaby Lake), LGA 1151 (Skylake), LGA 1200, LGA 2011-V3, LGA 2066,","AM4, LGA 1151 (Coffee Lake), LGA 1151 (Kaby Lake), LGA 1151 (Skylake), LGA 1200, LGA 2011-V3, LGA 2066, LGA 2566,",150,,,,,,,Prefabs/CoolingSystems/AirCoolers/Arctic/AC_Arctic_Freezer_33_Penta,ARCTIC Freezer 33 PENTA
CPU Cooler - Air,ARCTIC,Freezer 33 Plus,,Y,35,12,13,30,1.0,,,Air Cooler,,53.0,Y,Y,Y,Y,Y,,,Y,,,,Y,Y,,,,,,,,,,,,,,,,,,"AM4, LGA 1151 (Coffee Lake), LGA 1151 (Kaby Lake), LGA 1151 (Skylake), LGA 1200, LGA 2011-V3, LGA 2066,","AM4, LGA 1151 (Coffee Lake), LGA 1151 (Kaby Lake), LGA 1151 (Skylake), LGA 1200, LGA 2011-V3, LGA 2066, LGA 2566,",150,,,,,,,Prefabs/CoolingSystems/AirCoolers/Arctic/AC_Arctic_Freezer_33_Plus,ARCTIC Freezer 33 Plus
CPU Cooler - Air,ARCTIC,Freezer 33 TR (Red),,Y,58,19,18,1,1.0,,,Air Cooler,,80.0,Y,,,,,Y,Y,Y,,,,Y,Y,,,,,,,Y,Y,Y,,,,,,,,,"AM4, LGA 2011-V3, LGA 2066, TR4, sTRX4,","AM4, LGA 2011-V3, LGA 2066, LGA 2566, TR4, sTRX4, SP3r1, SP3r2, SP6,",155,,,,3.0,,,Prefabs/CoolingSystems/AirCoolers/Arctic/Arctic_Freezer_33_TR,ARCTIC Freezer 33 TR (Red)
CPU Cooler - Air,ARCTIC,Freezer 33 TR (White),,Y,58,19,18,1,1.0,,,Air Cooler,,80.0,Y,,,,,Y,Y,Y,,,,Y,Y,,,,,,,Y,Y,Y,,,,,,,,,"AM4, LGA 2011-V3, LGA 2066, TR4, sTRX4,","AM4, LGA 2011-V3, LGA 2066, LGA 2566, TR4, sTRX4, SP3r1, SP3r2, SP6,",155,,,,3.0,,,Prefabs/CoolingSystems/AirCoolers/Arctic/Arctic_Freezer_33_TR_White,ARCTIC Freezer 33 TR (White)
CPU Cooler - Air,ARCTIC,Freezer 33 TR (White) 2X,Y,Y,116,38,18,1,,,,Air Cooler,,160.0,,,,,,,,,,,,,,,,,Y,,,,,,Y,,,Y,,,,,,"LGA 3647-V3 (2P), LGA 4189 (2P), LGA 4926 (2P),",155,,,,3.0,,,Prefabs/CoolingSystems/AirCoolers/Arctic/Arctic_Freezer_33_TR_White,ARCTIC Freezer 33 TR (White) 2X
CPU Cooler - Air,ARCTIC,Freezer 33 TR (White) 2X,Y,Y,116,38,18,1,,,,Air Cooler,,160.0,,,,,,,,,,,,,,,,,,,,,,,,,,,,Y,Y,Y,,"SP3r1 (2P), SP3r2 (2P), SP6 (2P),",155,,,,3.0,,,Prefabs/CoolingSystems/AirCoolers/Arctic/Arctic_Freezer_33_TR_White,ARCTIC Freezer 33 TR (White) 2X
CPU Cooler - Air,ARCTIC,Freezer 33 TR (White) 4X,Y,Y,232,76,18,95,,,,Air Cooler,,320.0,,,,,,,,,,,,,,,,,,,,,,,,Y,,,,,,,,"LGA 3647-V3 (4P),",155,,,,3.0,,,Prefabs/CoolingSystems/AirCoolers/Arctic/Arctic_Freezer_33_TR_White,ARCTIC Freezer 33 TR (White) 4X
CPU Cooler - Air,ARCTIC,Freezer 33 TR (White) 8X,Y,Y,464,152,23,35,,,,Air Cooler,,640.0,,,,,,,,,,,,,,,,,,,,,,,,,Y,,,,,,,"LGA 3647-V3 (8P),",155,,,,3.0,,,Prefabs/CoolingSystems/AirCoolers/Arctic/Arctic_Freezer_33_TR_White,ARCTIC Freezer 33 TR (White) 8X
CPU Cooler - Air,ARCTIC,Freezer 34,,Y,30,10,7,30,1.7,PC,,Air Cooler,,53.0,Y,Y,Y,Y,Y,,,Y,,,,Y,Y,Y,Y,Y,,,,,,,,,,,,,,,"AM4, LGA 1151 (Coffee Lake), LGA 1151 (Kaby Lake), LGA 1151 (Skylake), LGA 1200, LGA 2011-V3, LGA 2066,","AM4, LGA 1151 (Coffee Lake), LGA 1151 (Kaby Lake), LGA 1151 (Skylake), LGA 1200, LGA 2011-V3, LGA 2066, LGA 2566, LGA 3647-V1, LGA 3647-V3, LGA 4189,",157,,,,2.0,,,v1_7_0/Prefabs/CoolingSystems/AirCoolers/Arctic/AC_Arctic_Freezer_34,ARCTIC Freezer 34
CPU Cooler - Air,ARCTIC,Freezer 34 2X,Y,Y,60,20,16,1,,,,Air Cooler,,106.0,,,,,,,,,,,,,,,,,Y,,,,,,Y,,,,,,,,,"LGA 3647-V3 (2P), LGA 4189 (2P),",157,,,,2.0,,,v1_7_0/Prefabs/CoolingSystems/AirCoolers/Arctic/AC_Arctic_Freezer_34,ARCTIC Freezer 34 2X
CPU Cooler - Air,ARCTIC,Freezer 34 4X,Y,Y,120,40,18,95,,,,Air Cooler,,212.0,,,,,,,,,,,,,,,,,,,,,,,,Y,,,,,,,,"LGA 3647-V3 (4P),",157,,,,2.0,,,v1_7_0/Prefabs/CoolingSystems/AirCoolers/Arctic/AC_Arctic_Freezer_34,ARCTIC Freezer 34 4X
CPU Cooler - Air,ARCTIC,Freezer 34 8X,Y,Y,240,80,23,35,,,,Air Cooler,,424.0,,,,,,,,,,,,,,,,,,,,,,,,,Y,,,,,,,"LGA 3647-V3 (8P),",157,,,,2.0,,,v1_7_0/Prefabs/CoolingSystems/AirCoolers/Arctic/AC_Arctic_Freezer_34,ARCTIC Freezer 34 8X
CPU Cooler - Air,ARCTIC,Freezer 34 CO,,Y,30,10,7,30,1.7,PC,,Air Cooler,,53.0,Y,Y,Y,Y,Y,,,Y,,,,Y,Y,Y,Y,Y,,Y,,,,,,,,,,,,,"AM4, LGA 1151 (Coffee Lake), LGA 1151 (Kaby Lake), LGA 1151 (Skylake), LGA 1200, LGA 2011-V3, LGA 2066,","AM4, LGA 1151 (Coffee Lake), LGA 1151 (Kaby Lake), LGA 1151 (Skylake), LGA 1200, LGA 2011-V3, LGA 2066, LGA 2566, LGA 3647-V1, LGA 3647-V3, LGA 4189, LGA 4926,",157,,,,2.0,,,v1_7_0/Prefabs/CoolingSystems/AirCoolers/Arctic/AC_Arctic_Freezer_34_CO,ARCTIC Freezer 34 CO
CPU Cooler - Air,ARCTIC,Freezer 34 CO 2X,Y,Y,60,20,16,1,,,,Air Cooler,,106.0,,,,,,,,,,,,,,,,,Y,,,,,,Y,,,Y,,,,,,"LGA 3647-V3 (2P), LGA 4189 (2P), LGA 4926 (2P),",157,,,,2.0,,,v1_7_0/Prefabs/CoolingSystems/AirCoolers/Arctic/AC_Arctic_Freezer_34_CO,ARCTIC Freezer 34 CO 2X
CPU Cooler - Air,ARCTIC,Freezer 34 CO 4X,Y,Y,120,40,18,95,,,,Air Cooler,,212.0,,,,,,,,,,,,,,,,,,,,,,,,Y,,,,,,,,"LGA 3647-V3 (4P),",157,,,,2.0,,,v1_7_0/Prefabs/CoolingSystems/AirCoolers/Arctic/AC_Arctic_Freezer_34_CO,ARCTIC Freezer 34 CO 4X
CPU Cooler - Air,ARCTIC,Freezer 34 CO 8X,Y,Y,240,80,23,35,,,,Air Cooler,,424.0,,,,,,,,,,,,,,,,,,,,,,,,,Y,,,,,,,"LGA 3647-V3 (8P),",157,,,,2.0,,,v1_7_0/Prefabs/CoolingSystems/AirCoolers/Arctic/AC_Arctic_Freezer_34_CO,ARCTIC Freezer 34 CO 8X
CPU Cooler - Air,ARCTIC,Freezer 34 eSports (Full White),,Y,35,12,7,40,1.7,PC,,Air Cooler,,100.0,Y,Y,Y,Y,Y,,,Y,,,,Y,Y,Y,Y,Y,,Y,,,,,,,,,,,,,"AM4, LGA 1151 (Coffee Lake), LGA 1151 (Kaby Lake), LGA 1151 (Skylake), LGA 1200, LGA 2011-V3, LGA 2066,","AM4, LGA 1151 (Coffee Lake), LGA 1151 (Kaby Lake), LGA 1151 (Skylake), LGA 1200, LGA 2011-V3, LGA 2066, LGA 2566, LGA 3647-V1, LGA 3647-V3, LGA 4189, LGA 4926,",157,,,,2.1,,,v1_7_0/Prefabs/CoolingSystems/AirCoolers/Arctic/AC_Arctic_Freezer_34_eSports_FullWhite,ARCTIC Freezer 34 eSports (Full White)
CPU Cooler - Air,ARCTIC,Freezer 34 eSports (Full White) 2X,Y,Y,70,24,16,1,,,,Air Cooler,,200.0,,,,,,,,,,,,,,,,,Y,,,,,,Y,,,Y,,,,,,"LGA 3647-V3 (2P), LGA 4189 (2P), LGA 4926 (2P),",157,,,,2.1,,,v1_7_0/Prefabs/CoolingSystems/AirCoolers/Arctic/AC_Arctic_Freezer_34_eSports_FullWhite,ARCTIC Freezer 34 eSports (Full White) 2X
CPU Cooler - Air,ARCTIC,Freezer 34 eSports (Full White) 4X,Y,Y,140,48,18,95,,,,Air Cooler,,400.0,,,,,,,,,,,,,,,,,,,,,,,,Y,,,,,,,,"LGA 3647-V3 (4P),",157,,,,2.1,,,v1_7_0/Prefabs/CoolingSystems/AirCoolers/Arctic/AC_Arctic_Freezer_34_eSports_FullWhite,ARCTIC Freezer 34 eSports (Full White) 4X
CPU Cooler - Air,ARCTIC,Freezer 34 eSports (Full White) 8X,Y,Y,280,96,23,35,,,,Air Cooler,,800.0,,,,,,,,,,,,,,,,,,,,,,,,,Y,,,,,,,"LGA 3647-V3 (8P),",157,,,,2.1,,,v1_7_0/Prefabs/CoolingSystems/AirCoolers/Arctic/AC_Arctic_Freezer_34_eSports_FullWhite,ARCTIC Freezer 34 eSports (Full White) 8X
CPU Cooler - Air,ARCTIC,Freezer 34 eSports (Green),,Y,35,12,7,40,1.7,PC,,Air Cooler,,100.0,Y,Y,Y,Y,Y,,,Y,,,,Y,Y,Y,Y,Y,,Y,,,,,,,,,,,,,"AM4, LGA 1151 (Coffee Lake), LGA 1151 (Kaby Lake), LGA 1151 (Skylake), LGA 1200, LGA 2011-V3, LGA 2066,","AM4, LGA 1151 (Coffee Lake), LGA 1151 (Kaby Lake), LGA 1151 (Skylake), LGA 1200, LGA 2011-V3, LGA 2066, LGA 2566, LGA 3647-V1, LGA 3647-V3, LGA 4189, LGA 4926,",157,,,,2.1,,,v1_7_0/Prefabs/CoolingSystems/AirCoolers/Arctic/AC_Arctic_Freezer_34_eSports_Green,ARCTIC Freezer 34 eSports (Green)
CPU Cooler - Air,ARCTIC,Freezer 34 eSports (Green) 2X,Y,Y,70,24,16,1,,,,Air Cooler,,200.0,,,,,,,,,,,,,,,,,Y,,,,,,Y,,,Y,,,,,,"LGA 3647-V3 (2P), LGA 4189 (2P), LGA 4926 (2P),",157,,,,2.1,,,v1_7_0/Prefabs/CoolingSystems/AirCoolers/Arctic/AC_Arctic_Freezer_34_eSports_Green,ARCTIC Freezer 34 eSports (Green) 2X
CPU Cooler - Air,ARCTIC,Freezer 34 eSports (Green) 4X,Y,Y,140,48,18,95,,,,Air Cooler,,400.0,,,,,,,,,,,,,,,,,,,,,,,,Y,,,,,,,,"LGA 3647-V3 (4P),",157,,,,2.1,,,v1_7_0/Prefabs/CoolingSystems/AirCoolers/Arctic/AC_Arctic_Freezer_34_eSports_Green,ARCTIC Freezer 34 eSports (Green) 4X
CPU Cooler - Air,ARCTIC,Freezer 34 eSports (Green) 8X,Y,Y,280,96,23,35,,,,Air Cooler,,800.0,,,,,,,,,,,,,,,,,,,,,,,,,Y,,,,,,,"LGA 3647-V3 (8P),",157,,,,2.1,,,v1_7_0/Prefabs/CoolingSystems/AirCoolers/Arctic/AC_Arctic_Freezer_34_eSports_Green,ARCTIC Freezer 34 eSports (Green) 8X
CPU Cooler - Air,ARCTIC,Freezer 34 eSports (Grey),,Y,35,12,7,40,1.7,PC,,Air Cooler,,100.0,Y,Y,Y,Y,Y,,,Y,,,,Y,Y,Y,Y,Y,,Y,,,,,,,,,,,,,"AM4, LGA 1151 (Coffee Lake), LGA 1151 (Kaby Lake), LGA 1151 (Skylake), LGA 1200, LGA 2011-V3, LGA 2066,","AM4, LGA 1151 (Coffee Lake), LGA 1151 (Kaby Lake), LGA 1151 (Skylake), LGA 1200, LGA 2011-V3, LGA 2066, LGA 2566, LGA 3647-V1, LGA 3647-V3, LGA 4189, LGA 4926,",157,,,,2.1,,,v1_7_0/Prefabs/CoolingSystems/AirCoolers/Arctic/AC_Arctic_Freezer_34_eSports_Grey,ARCTIC Freezer 34 eSports (Grey)
CPU Cooler - Air,ARCTIC,Freezer 34 eSports (Grey) 2X,Y,Y,70,24,16,1,,,,Air Cooler,,200.0,,,,,,,,,,,,,,,,,Y,,,,,,Y,,,Y,,,,,,"LGA 3647-V3 (2P), LGA 4189 (2P), LGA 4926 (2P),",157,,,,2.1,,,v1_7_0/Prefabs/CoolingSystems/AirCoolers/Arctic/AC_Arctic_Freezer_34_eSports_Grey,ARCTIC Freezer 34 eSports (Grey) 2X
CPU Cooler - Air,ARCTIC,Freezer 34 eSports (Grey) 4X,Y,Y,140,48,18,95,,,,Air Cooler,,400.0,,,,,,,,,,,,,,,,,,,,,,,,Y,,,,,,,,"LGA 3647-V3 (4P),",157,,,,2.1,,,v1_7_0/Prefabs/CoolingSystems/AirCoolers/Arctic/AC_Arctic_Freezer_34_eSports_Grey,ARCTIC Freezer 34 eSports (Grey) 4X
CPU Cooler - Air,ARCTIC,Freezer 34 eSports (Grey) 8X,Y,Y,280,96,23,35,,,,Air Cooler,,800.0,,,,,,,,,,,,,,,,,,,,,,,,,Y,,,,,,,"LGA 3647-V3 (8P),",157,,,,2.1,,,v1_7_0/Prefabs/CoolingSystems/AirCoolers/Arctic/AC_Arctic_Freezer_34_eSports_Grey,ARCTIC Freezer 34 eSports (Grey) 8X
CPU Cooler - Air,ARCTIC,Freezer 34 eSports (Red),,Y,35,12,7,40,1.7,PC,,Air Cooler,,100.0,Y,Y,Y,Y,Y,,,Y,,,,Y,Y,Y,Y,Y,,Y,,,,,,,,,,,,,"AM4, LGA 1151 (Coffee Lake), LGA 1151 (Kaby Lake), LGA 1151 (Skylake), LGA 1200, LGA 2011-V3, LGA 2066,","AM4, LGA 1151 (Coffee Lake), LGA 1151 (Kaby Lake), LGA 1151 (Skylake), LGA 1200, LGA 2011-V3, LGA 2066, LGA 2566, LGA 3647-V1, LGA 3647-V3, LGA 4189, LGA 4926,",157,,,,2.1,,,v1_7_0/Prefabs/CoolingSystems/AirCoolers/Arctic/AC_Arctic_Freezer_34_eSports_Red,ARCTIC Freezer 34 eSports (Red)
CPU Cooler - Air,ARCTIC,Freezer 34 eSports (Red) 2X,Y,Y,70,24,16,1,,,,Air Cooler,,200.0,,,,,,,,,,,,,,,,,Y,,,,,,Y,,,Y,,,,,,"LGA 3647-V3 (2P), LGA 4189 (2P), LGA 4926 (2P),",157,,,,2.1,,,v1_7_0/Prefabs/CoolingSystems/AirCoolers/Arctic/AC_Arctic_Freezer_34_eSports_Red,ARCTIC Freezer 34 eSports (Red) 2X
CPU Cooler - Air,ARCTIC,Freezer 34 eSports (Red) 4X,Y,Y,140,48,18,95,,,,Air Cooler,,400.0,,,,,,,,,,,,,,,,,,,,,,,,Y,,,,,,,,"LGA 3647-V3 (4P),",157,,,,2.1,,,v1_7_0/Prefabs/CoolingSystems/AirCoolers/Arctic/AC_Arctic_Freezer_34_eSports_Red,ARCTIC Freezer 34 eSports (Red) 4X
CPU Cooler - Air,ARCTIC,Freezer 34 eSports (Red) 8X,Y,Y,280,96,23,35,,,,Air Cooler,,800.0,,,,,,,,,,,,,,,,,,,,,,,,,Y,,,,,,,"LGA 3647-V3 (8P),",157,,,,2.1,,,v1_7_0/Prefabs/CoolingSystems/AirCoolers/Arctic/AC_Arctic_Freezer_34_eSports_Red,ARCTIC Freezer 34 eSports (Red) 8X
CPU Cooler - Air,ARCTIC,Freezer 34 eSports (White),,Y,35,12,7,40,1.7,PC,,Air Cooler,,100.0,Y,Y,Y,Y,Y,,,Y,,,,Y,Y,Y,Y,Y,,Y,,,,,,,,,,,,,"AM4, LGA 1151 (Coffee Lake), LGA 1151 (Kaby Lake), LGA 1151 (Skylake), LGA 1200, LGA 2011-V3, LGA 2066,","AM4, LGA 1151 (Coffee Lake), LGA 1151 (Kaby Lake), LGA 1151 (Skylake), LGA 1200, LGA 2011-V3, LGA 2066, LGA 2566, LGA 3647-V1, LGA 3647-V3, LGA 4189, LGA 4926,",157,,,,2.1,,,v1_7_0/Prefabs/CoolingSystems/AirCoolers/Arctic/AC_Arctic_Freezer_34_eSports_White,ARCTIC Freezer 34 eSports (White)
CPU Cooler - Air,ARCTIC,Freezer 34 eSports (White) 2X,Y,Y,70,24,16,1,,,,Air Cooler,,200.0,,,,,,,,,,,,,,,,,Y,,,,,,Y,,,Y,,,,,,"LGA 3647-V3 (2P), LGA 4189 (2P), LGA 4926 (2P),",157,,,,2.1,,,v1_7_0/Prefabs/CoolingSystems/AirCoolers/Arctic/AC_Arctic_Freezer_34_eSports_White,ARCTIC Freezer 34 eSports (White) 2X
CPU Cooler - Air,ARCTIC,Freezer 34 eSports (White) 4X,Y,Y,140,48,18,95,,,,Air Cooler,,400.0,,,,,,,,,,,,,,,,,,,,,,,,Y,,,,,,,,"LGA 3647-V3 (4P),",157,,,,2.1,,,v1_7_0/Prefabs/CoolingSystems/AirCoolers/Arctic/AC_Arctic_Freezer_34_eSports_White,ARCTIC Freezer 34 eSports (White) 4X
CPU Cooler - Air,ARCTIC,Freezer 34 eSports (White) 8X,Y,Y,280,96,23,35,,,,Air Cooler,,800.0,,,,,,,,,,,,,,,,,,,,,,,,,Y,,,,,,,"LGA 3647-V3 (8P),",157,,,,2.1,,,v1_7_0/Prefabs/CoolingSystems/AirCoolers/Arctic/AC_Arctic_Freezer_34_eSports_White,ARCTIC Freezer 34 eSports (White) 8X
CPU Cooler - Air,ARCTIC,Freezer 34 eSports (Yellow),,Y,35,12,7,40,1.7,PC,,Air Cooler,,100.0,Y,Y,Y,Y,Y,,,Y,,,,Y,Y,Y,Y,Y,,Y,,,,,,,,,,,,,"AM4, LGA 1151 (Coffee Lake), LGA 1151 (Kaby Lake), LGA 1151 (Skylake), LGA 1200, LGA 2011-V3, LGA 2066,","AM4, LGA 1151 (Coffee Lake), LGA 1151 (Kaby Lake), LGA 1151 (Skylake), LGA 1200, LGA 2011-V3, LGA 2066, LGA 2566, LGA 3647-V1, LGA 3647-V3, LGA 4189, LGA 4926,",157,,,,2.1,,,v1_7_0/Prefabs/CoolingSystems/AirCoolers/Arctic/AC_Arctic_Freezer_34_eSports_Yellow,ARCTIC Freezer 34 eSports (Yellow)
CPU Cooler - Air,ARCTIC,Freezer 34 eSports (Yellow) 2X,Y,Y,70,24,16,1,,,,Air Cooler,,200.0,,,,,,,,,,,,,,,,,Y,,,,,,Y,,,Y,,,,,,"LGA 3647-V3 (2P), LGA 4189 (2P), LGA 4926 (2P),",157,,,,2.1,,,v1_7_0/Prefabs/CoolingSystems/AirCoolers/Arctic/AC_Arctic_Freezer_34_eSports_Yellow,ARCTIC Freezer 34 eSports (Yellow) 2X
CPU Cooler - Air,ARCTIC,Freezer 34 eSports (Yellow) 4X,Y,Y,140,48,18,95,,,,Air Cooler,,400.0,,,,,,,,,,,,,,,,,,,,,,,,Y,,,,,,,,"LGA 3647-V3 (4P),",157,,,,2.1,,,v1_7_0/Prefabs/CoolingSystems/AirCoolers/Arctic/AC_Arctic_Freezer_34_eSports_Yellow,ARCTIC Freezer 34 eSports (Yellow) 4X
CPU Cooler - Air,ARCTIC,Freezer 34 eSports (Yellow) 8X,Y,Y,280,96,23,35,,,,Air Cooler,,800.0,,,,,,,,,,,,,,,,,,,,,,,,,Y,,,,,,,"LGA 3647-V3 (8P),",157,,,,2.1,,,v1_7_0/Prefabs/CoolingSystems/AirCoolers/Arctic/AC_Arctic_Freezer_34_eSports_Yellow,ARCTIC Freezer 34 eSports (Yellow) 8X
CPU Cooler - Air,ARCTIC,Freezer 34 eSports DUO (All white),,Y,50,17,30,1,1.15,,,Air Cooler,,160.0,Y,Y,Y,Y,Y,,,Y,,,,Y,,,,,,,,,,,,,,,,,,,"AM4, LGA 1151 (Coffee Lake), LGA 1151 (Kaby Lake), LGA 1151 (Skylake), LGA 1200, LGA 2011-V3, LGA 2066,","AM4, LGA 1151 (Coffee Lake), LGA 1151 (Kaby Lake), LGA 1151 (Skylake), LGA 1200, LGA 2011-V3, LGA 2066,",157,,,,2.1,,,v1_15_0/Prefabs/CoolerSystems/AirCoolers/Artic/AC_ARCTIC_Freezer_34_eSports_DUO_AllWHITE,ARCTIC Freezer 34 eSports DUO (All white)
CPU Cooler - Air,ARCTIC,Freezer 34 eSports DUO (Green),,Y,50,17,30,1,1.15,,,Air Cooler,,160.0,Y,Y,Y,Y,Y,,,Y,,,,Y,,,,,,,,,,,,,,,,,,,"AM4, LGA 1151 (Coffee Lake), LGA 1151 (Kaby Lake), LGA 1151 (Skylake), LGA 1200, LGA 2011-V3, LGA 2066,","AM4, LGA 1151 (Coffee Lake), LGA 1151 (Kaby Lake), LGA 1151 (Skylake), LGA 1200, LGA 2011-V3, LGA 2066,",157,,,,2.1,,,v1_15_0/Prefabs/CoolerSystems/AirCoolers/Artic/AC_ARCTIC_Freezer_34_eSports_DUO_GREEN,ARCTIC Freezer 34 eSports DUO (Green)
CPU Cooler - Air,ARCTIC,Freezer 34 eSports DUO (Grey),,Y,50,17,30,1,1.15,,,Air Cooler,,160.0,Y,Y,Y,Y,Y,,,Y,,,,Y,,,,,,,,,,,,,,,,,,,"AM4, LGA 1151 (Coffee Lake), LGA 1151 (Kaby Lake), LGA 1151 (Skylake), LGA 1200, LGA 2011-V3, LGA 2066,","AM4, LGA 1151 (Coffee Lake), LGA 1151 (Kaby Lake), LGA 1151 (Skylake), LGA 1200, LGA 2011-V3, LGA 2066,",157,,,,2.1,,,v1_15_0/Prefabs/CoolerSystems/AirCoolers/Artic/AC_ARCTIC_Freezer_34_eSports_DUO_GREY,ARCTIC Freezer 34 eSports DUO (Grey)
CPU Cooler - Air,ARCTIC,Freezer 34 eSports DUO (Red),,Y,50,17,30,1,1.15,,,Air Cooler,,160.0,Y,Y,Y,Y,Y,,,Y,,,,Y,,,,,,,,,,,,,,,,,,,"AM4, LGA 1151 (Coffee Lake), LGA 1151 (Kaby Lake), LGA 1151 (Skylake), LGA 1200, LGA 2011-V3, LGA 2066,","AM4, LGA 1151 (Coffee Lake), LGA 1151 (Kaby Lake), LGA 1151 (Skylake), LGA 1200, LGA 2011-V3, LGA 2066,",157,,,,2.1,,,v1_15_0/Prefabs/CoolerSystems/AirCoolers/Artic/AC_ARCTIC_Freezer_34_eSports_DUO_RED,ARCTIC Freezer 34 eSports DUO (Red)
CPU Cooler - Air,ARCTIC,Freezer 34 eSports DUO (White),,Y,50,17,30,1,1.15,,,Air Cooler,,160.0,Y,Y,Y,Y,Y,,,Y,,,,Y,,,,,,,,,,,,,,,,,,,"AM4, LGA 1151 (Coffee Lake), LGA 1151 (Kaby Lake), LGA 1151 (Skylake), LGA 1200, LGA 2011-V3, LGA 2066,","AM4, LGA 1151 (Coffee Lake), LGA 1151 (Kaby Lake), LGA 1151 (Skylake), LGA 1200, LGA 2011-V3, LGA 2066,",157,,,,2.1,,,v1_15_0/Prefabs/CoolerSystems/AirCoolers/Artic/AC_ARCTIC_Freezer_34_eSports_DUO_WHITE,ARCTIC Freezer 34 eSports DUO (White)
CPU Cooler - Air,ARCTIC,Freezer 34 eSports DUO (Yellow),,Y,50,17,30,1,1.15,,,Air Cooler,,160.0,Y,Y,Y,Y,Y,,,Y,,,,Y,,,,,,,,,,,,,,,,,,,"AM4, LGA 1151 (Coffee Lake), LGA 1151 (Kaby Lake), LGA 1151 (Skylake), LGA 1200, LGA 2011-V3, LGA 2066,","AM4, LGA 1151 (Coffee Lake), LGA 1151 (Kaby Lake), LGA 1151 (Skylake), LGA 1200, LGA 2011-V3, LGA 2066,",157,,,,2.1,,,v1_15_0/Prefabs/CoolerSystems/AirCoolers/Artic/AC_ARCTIC_Freezer_34_eSports_DUO_YELLOW,ARCTIC Freezer 34 eSports DUO (Yellow)
CPU Cooler - Air,ARCTIC,Freezer 50,,Y,85,28,28,60,1.11,,RGB,Air Cooler,,100.0,Y,Y,Y,Y,Y,,,Y,,,,Y,,,,,,,,,,,,,,,,,,,"AM4, LGA 1151 (Coffee Lake), LGA 1151 (Kaby Lake), LGA 1151 (Skylake), LGA 1200, LGA 2011-V3, LGA 2066,","AM4, LGA 1151 (Coffee Lake), LGA 1151 (Kaby Lake), LGA 1151 (Skylake), LGA 1200, LGA 2011-V3, LGA 2066,",165,,,,3.25,,,v1_11_0/Prefabs/CoolingSystems/AirCoolers/Arctic/AC_ARCTIC_FREEZER_50,ARCTIC Freezer 50
CPU Cooler - Air,ARCTIC,Freezer 50 TR,,Y,70,23,22,1,1.8,PC,RGB,Air Cooler,,100.0,,,,,,Y,Y,,,,,,,,,,,,,Y,Y,,,,,,,,,,"TR4, sTRX4,","TR4, sTRX4, SP3r1, SP3r2,",165,,,,3.0,,,v1_8_0/Prefabs/CoolingSystems/AirCoolers/Arctic/AC_Arctic_Freezer_50TR,ARCTIC Freezer 50 TR
CPU Cooler - Air,ARCTIC,Freezer 50 TR 2X,Y,Y,140,46,22,1,,,RGB,Air Cooler,,200.0,,,,,,,,,,,,,,,,,,,,,,,,,,,,Y,Y,Y,,"SP3r1 (2P), SP3r2 (2P), SP6 (2P),",165,,,,3.0,,,v1_8_0/Prefabs/CoolingSystems/AirCoolers/Arctic/AC_Arctic_Freezer_50TR,ARCTIC Freezer 50 TR 2X
CPU Cooler - Air,ARCTIC,Freezer A13 X,,Y,40,31,1,60,1.12,,,Air Cooler,,40.0,Y,,,,,,,,,,,,,,,,,,,,,,,,,,,,,,"AM4,","AM4,",137,,,,,,,v1_12_0/Prefabs/CoolingSystems/AirCoolers/Arctic/AC_ARCTIC_FREEZER_AA13_X_MS,ARCTIC Freezer A13 X
CPU Cooler - Air,ARCTIC,Freezer A13 X 2X,Y,,80,62,16,1,,,,Air Cooler,,80.0,,,,,,,,,,,,,,,,,Y,,,,,,Y,,,Y,,,,,,"LGA 3647-V3 (2P), LGA 4189 (2P), LGA 4926 (2P),",137,,,,,,,v1_12_0/Prefabs/CoolingSystems/AirCoolers/Arctic/AC_ARCTIC_FREEZER_AA13_X_MS,ARCTIC Freezer A13 X 2X
CPU Cooler - Air,ARCTIC,Freezer A13 X 4X,Y,,160,124,18,95,,,,Air Cooler,,160.0,,,,,,,,,,,,,,,,,,,,,,,,Y,,,,,,,,"LGA 3647-V3 (4P),",137,,,,,,,v1_12_0/Prefabs/CoolingSystems/AirCoolers/Arctic/AC_ARCTIC_FREEZER_AA13_X_MS,ARCTIC Freezer A13 X 4X
CPU Cooler - Air,ARCTIC,Freezer A13 X 8X,Y,,320,248,23,35,,,,Air Cooler,,320.0,,,,,,,,,,,,,,,,,,,,,,,,,Y,,,,,,,"LGA 3647-V3 (8P),",137,,,,,,,v1_12_0/Prefabs/CoolingSystems/AirCoolers/Arctic/AC_ARCTIC_FREEZER_AA13_X_MS,ARCTIC Freezer A13 X 8X
CPU Cooler - Air,ARCTIC,Freezer A13 X CO,,Y,45,31,1,60,1.12,,,Air Cooler,,45.0,Y,,,,,,,,,,,,,,,,,,,,,,,,,,,,,,"AM4,","AM4,",137,,,,,,,v1_12_0/Prefabs/CoolingSystems/AirCoolers/Arctic/AC_ARCTIC_FREEZER_AA13_X_CO,ARCTIC Freezer A13 X CO
CPU Cooler - Air,ARCTIC,Freezer A13 X CO 2X,Y,,90,62,16,1,,,,Air Cooler,,90.0,,,,,,,,,,,,,,,,,Y,,,,,,Y,,,Y,,,,,,"LGA 3647-V3 (2P), LGA 4189 (2P), LGA 4926 (2P),",137,,,,,,,v1_12_0/Prefabs/CoolingSystems/AirCoolers/Arctic/AC_ARCTIC_FREEZER_AA13_X_CO,ARCTIC Freezer A13 X CO 2X
CPU Cooler - Air,ARCTIC,Freezer A13 X CO 4X,Y,,180,124,18,95,,,,Air Cooler,,180.0,,,,,,,,,,,,,,,,,,,,,,,,Y,,,,,,,,"LGA 3647-V3 (4P),",137,,,,,,,v1_12_0/Prefabs/CoolingSystems/AirCoolers/Arctic/AC_ARCTIC_FREEZER_AA13_X_CO,ARCTIC Freezer A13 X CO 4X
CPU Cooler - Air,ARCTIC,Freezer A13 X CO 8X,Y,,360,248,23,35,,,,Air Cooler,,360.0,,,,,,,,,,,,,,,,,,,,,,,,,Y,,,,,,,"LGA 3647-V3 (8P),",137,,,,,,,v1_12_0/Prefabs/CoolingSystems/AirCoolers/Arctic/AC_ARCTIC_FREEZER_AA13_X_CO,ARCTIC Freezer A13 X CO 8X
CPU Cooler - Air,ARCTIC,Freezer Xtreme,,Y,170,57,30,1,1.15,,,Air Cooler,,100.0,Y,Y,Y,Y,Y,,,Y,Y,Y,,Y,,,,,,,,,,,,,,,,,,,"AM3+, AM4, FM2, LGA 1151 (Coffee Lake), LGA 1151 (Kaby Lake), LGA 1151 (Skylake), LGA 1200, LGA 2011-V3, LGA 2066,","AM3+, AM4, FM2, LGA 1151 (Coffee Lake), LGA 1151 (Kaby Lake), LGA 1151 (Skylake), LGA 1200, LGA 2011-V3, LGA 2066,",140,,,,2.1,,,v1_15_0/Prefabs/CoolerSystems/AirCoolers/Artic/AC_Arctic_Freezer_Xtreme,ARCTIC Freezer Xtreme
CPU Cooler - Air,be quiet!,Dark Rock 4,,Y,75,25,28,60,1.1,,,Air Cooler,,105.0,Y,Y,Y,Y,Y,,,Y,Y,Y,Y,Y,Y,Y,Y,Y,,Y,,,,,,,,,,,,,"AM3+, AM4, FM2, FM2+, LGA 1151 (Coffee Lake), LGA 1151 (Kaby Lake), LGA 1151 (Skylake), LGA 1200, LGA 2011-V3, LGA 2066,","AM3+, AM4, FM2, FM2+, LGA 1151 (Coffee Lake), LGA 1151 (Kaby Lake), LGA 1151 (Skylake), LGA 1200, LGA 2011-V3, LGA 2066, LGA 2566, LGA 3647-V1, LGA 3647-V3, LGA 4189, LGA 4926,",160,,,,,,,Prefabs/CoolingSystems/AirCoolers/Bequiet/AC_bequiet_DARKROCK4,be quiet! Dark Rock 4
CPU Cooler - Air,be quiet!,Dark Rock 4 2X,Y,Y,150,50,28,60,,,,Air Cooler,,210.0,,,,,,,,,,,,,,,,,Y,,,,,,Y,,,Y,,,,,,"LGA 3647-V3 (2P), LGA 4189 (2P), LGA 4926 (2P),",160,,,,,,,Prefabs/CoolingSystems/AirCoolers/Bequiet/AC_bequiet_DARKROCK4,be quiet! Dark Rock 4 2X
CPU Cooler - Air,be quiet!,Dark Rock 4 4X,Y,Y,300,100,28,60,,,,Air Cooler,,420.0,,,,,,,,,,,,,,,,,,,,,,,,Y,,,,,,,,"LGA 3647-V3 (4P),",160,,,,,,,Prefabs/CoolingSystems/AirCoolers/Bequiet/AC_bequiet_DARKROCK4,be quiet! Dark Rock 4 4X
CPU Cooler - Air,be quiet!,Dark Rock 4 8X,Y,Y,600,200,28,60,,,,Air Cooler,,840.0,,,,,,,,,,,,,,,,,Y,,,,,,,Y,,Y,,,,,,"LGA 3647-V3 (4P), LGA 4189 (2P), LGA 4926 (2P),",160,,,,,,,Prefabs/CoolingSystems/AirCoolers/Bequiet/AC_bequiet_DARKROCK4,be quiet! Dark Rock 4 8X
CPU Cooler - Air,be quiet!,Dark Rock Pro 4,,Y,90,30,28,60,1.1,,,Air Cooler,,110.0,Y,Y,Y,Y,Y,,,Y,Y,Y,Y,Y,Y,Y,Y,Y,,Y,,,,,,,,,,,,,"AM3+, AM4, FM2, FM2+, LGA 1151 (Coffee Lake), LGA 1151 (Kaby Lake), LGA 1151 (Skylake), LGA 1200, LGA 2011-V3, LGA 2066,","AM3+, AM4, FM2, FM2+, LGA 1151 (Coffee Lake), LGA 1151 (Kaby Lake), LGA 1151 (Skylake), LGA 1200, LGA 2011-V3, LGA 2066, LGA 2566, LGA 3647-V1, LGA 3647-V3, LGA 4189, LGA 4926,",163,,,,,,,Prefabs/CoolingSystems/AirCoolers/Bequiet/AC_bequiet_DARKROCKPRO4,be quiet! Dark Rock Pro 4
CPU Cooler - Air,be quiet!,Dark Rock Pro 4 2X,Y,Y,180,60,28,60,,,,Air Cooler,,220.0,,,,,,,,,,,,,,,,,Y,,,,,,Y,,,Y,,,,,,"LGA 3647-V3 (2P), LGA 4189 (2P), LGA 4926 (2P),",163,,,,,,,Prefabs/CoolingSystems/AirCoolers/Bequiet/AC_bequiet_DARKROCKPRO4,be quiet! Dark Rock Pro 4 2X
CPU Cooler - Air,be quiet!,Dark Rock Pro 4 4X,Y,Y,360,120,28,60,,,,Air Cooler,,440.0,,,,,,,,,,,,,,,,,,,,,,,,Y,,,,,,,,"LGA 3647-V3 (4P),",163,,,,,,,Prefabs/CoolingSystems/AirCoolers/Bequiet/AC_bequiet_DARKROCKPRO4,be quiet! Dark Rock Pro 4 4X
CPU Cooler - Air,be quiet!,Dark Rock Pro 4 8X,Y,Y,720,240,28,60,,,,Air Cooler,,880.0,,,,,,,,,,,,,,,,,,,,,,,,,Y,,,,,,,"LGA 3647-V3 (8P),",163,,,,,,,Prefabs/CoolingSystems/AirCoolers/Bequiet/AC_bequiet_DARKROCKPRO4,be quiet! Dark Rock Pro 4 8X
CPU Cooler - Air,be quiet!,Dark Rock Pro TR4,,Y,90,30,28,60,1.1,,,Air Cooler,,110.0,,,,,,Y,Y,,,,,,,,,,,,,Y,Y,Y,,,,,,,,,"TR4, sTRX4,","TR4, sTRX4, SP3r1, SP3r2, SP6,",163,,,,,,,Prefabs/CoolingSystems/AirCoolers/Bequiet/AC_bequiet_DARKROCKPROTR4,be quiet! Dark Rock Pro TR4
CPU Cooler - Air,be quiet!,Dark Rock Pro TR4 2X,Y,Y,180,60,28,60,,,,Air Cooler,,220.0,,,,,,,,,,,,,,,,,,,,,,,,,,,,Y,Y,Y,,"SP3r1 (2P), SP3r2 (2P), SP6 (2P),",163,,,,,,,Prefabs/CoolingSystems/AirCoolers/Bequiet/AC_bequiet_DARKROCKPROTR4,be quiet! Dark Rock Pro TR4 2X
CPU Cooler - Air,be quiet!,Dark Rock Pro TR4/SP3/SP6,Y,Y,150,85,29,60,,,,Air Cooler,,155.0,,,,,,Y,Y,,,,,,,,,,,,,Y,,,,,,,,,,,,"TR4, sTRX4, SP3r1,",163,,,,1.5,,,Prefabs/CoolingSystems/AirCoolers/Bequiet/AC_bequiet_DARKROCKPROTR4,be quiet! Dark Rock Pro TR4/SP3/SP6
CPU Cooler - Air,be quiet!,Dark Rock Slim,,Y,60,20,21,70,1.8,,,Air Cooler,,90.0,Y,Y,Y,Y,Y,,,Y,Y,Y,Y,Y,Y,,,,,,,,,,,,,,,,,,"AM3+, AM4, FM2, FM2+, LGA 1151 (Coffee Lake), LGA 1151 (Kaby Lake), LGA 1151 (Skylake), LGA 1200, LGA 2011-V3, LGA 2066,","AM3+, AM4, FM2, FM2+, LGA 1151 (Coffee Lake), LGA 1151 (Kaby Lake), LGA 1151 (Skylake), LGA 1200, LGA 2011-V3, LGA 2066, LGA 2566,",159,,,,,,,v1_8_0/Prefabs/CoolingSystems/AirCoolers/Bequiet/AC_Bequiet_DARKROCK_SLIM,be quiet! Dark Rock Slim
CPU Cooler - Air,be quiet!,Dark Rock Slim 2X,Y,Y,120,40,21,70,,,,Air Cooler,,180.0,,,,,,,,,,,,,,,,,,,,,,,Y,,,,,,,,,"LGA 3647-V3 (2P),",159,,,,,,,v1_8_0/Prefabs/CoolingSystems/AirCoolers/Bequiet/AC_Bequiet_DARKROCK_SLIM,be quiet! Dark Rock Slim 2X
CPU Cooler - Air,be quiet!,Dark Rock Slim 4X,Y,Y,240,80,21,70,,,,Air Cooler,,360.0,,,,,,,,,,,,,,,,,,,,,,,,Y,,,,,,,,"LGA 3647-V3 (4P),",159,,,,,,,v1_8_0/Prefabs/CoolingSystems/AirCoolers/Bequiet/AC_Bequiet_DARKROCK_SLIM,be quiet! Dark Rock Slim 4X
CPU Cooler - Air,be quiet!,Dark Rock Slim 8X,Y,Y,480,160,23,35,,,,Air Cooler,,720.0,,,,,,,,,,,,,,,,,,,,,,,,,Y,,,,,,,"LGA 3647-V3 (8P),",159,,,,,,,v1_8_0/Prefabs/CoolingSystems/AirCoolers/Bequiet/AC_Bequiet_DARKROCK_SLIM,be quiet! Dark Rock Slim 8X
CPU Cooler - Air,be quiet!,Dark Rock TF,,Y,85,28,28,60,1.1,,,Air Cooler,,105.0,Y,Y,Y,Y,Y,,,Y,Y,Y,Y,Y,Y,Y,Y,Y,,Y,,,,,,,,,,,,,"AM3+, AM4, FM2, FM2+, LGA 1151 (Coffee Lake), LGA 1151 (Kaby Lake), LGA 1151 (Skylake), LGA 1200, LGA 2011-V3, LGA 2066,","AM3+, AM4, FM2, FM2+, LGA 1151 (Coffee Lake), LGA 1151 (Kaby Lake), LGA 1151 (Skylake), LGA 1200, LGA 2011-V3, LGA 2066, LGA 2566, LGA 3647-V1, LGA 3647-V3, LGA 4189, LGA 4926,",131,,,,,,,Prefabs/CoolingSystems/AirCoolers/Bequiet/AC_bequiet_DARKROCKTF,be quiet! Dark Rock TF
CPU Cooler - Air,be quiet!,Dark Rock TF 2,,Y,160,53,22,1,1.15,,,Air Cooler,,90.0,Y,Y,Y,Y,Y,,,Y,Y,,,Y,,,,,,,,,,,,,,,,,,,"AM3+, AM4, LGA 1151 (Coffee Lake), LGA 1151 (Kaby Lake), LGA 1151 (Skylake), LGA 1200, LGA 2011-V3, LGA 2066,","AM3+, AM4, LGA 1151 (Coffee Lake), LGA 1151 (Kaby Lake), LGA 1151 (Skylake), LGA 1200, LGA 2011-V3, LGA 2066,",134,,,,,,,v1_15_0/Prefabs/CoolerSystems/AirCoolers/Bequiet/AC_Bequiet_Dark_Rock_TF_2,be quiet! Dark Rock TF 2
CPU Cooler - Air,be quiet!,Dark Rock TF 2X,Y,Y,170,56,28,60,,,,Air Cooler,,210.0,,,,,,,,,,,,,,,,,Y,,,,,,Y,,,Y,,,,,,"LGA 3647-V3 (2P), LGA 4189 (2P), LGA 4926 (2P),",131,,,,,,,Prefabs/CoolingSystems/AirCoolers/Bequiet/AC_bequiet_DARKROCKTF,be quiet! Dark Rock TF 2X
CPU Cooler - Air,be quiet!,Dark Rock TF 4X,Y,Y,340,112,28,60,,,,Air Cooler,,420.0,,,,,,,,,,,,,,,,,,,,,,,,Y,,,,,,,,"LGA 3647-V3 (4P),",131,,,,,,,Prefabs/CoolingSystems/AirCoolers/Bequiet/AC_bequiet_DARKROCKTF,be quiet! Dark Rock TF 4X
CPU Cooler - Air,be quiet!,Dark Rock TF 8X,Y,Y,680,224,28,60,,,,Air Cooler,,840.0,,,,,,,,,,,,,,,,,,,,,,,,,Y,,,,,,,"LGA 3647-V3 (8P),",131,,,,,,,Prefabs/CoolingSystems/AirCoolers/Bequiet/AC_bequiet_DARKROCKTF,be quiet! Dark Rock TF 8X
CPU Cooler - Air,be quiet!,Pure Rock,,Y,30,10,27,40,1.1,,,Air Cooler,,105.0,Y,Y,Y,Y,Y,,,Y,Y,Y,Y,Y,Y,Y,Y,Y,,Y,,,,,,,,,,,,,"AM3+, AM4, FM2, FM2+, LGA 1151 (Coffee Lake), LGA 1151 (Kaby Lake), LGA 1151 (Skylake), LGA 1200, LGA 2011-V3, LGA 2066,","AM3+, AM4, FM2, FM2+, LGA 1151 (Coffee Lake), LGA 1151 (Kaby Lake), LGA 1151 (Skylake), LGA 1200, LGA 2011-V3, LGA 2066, LGA 2566, LGA 3647-V1, LGA 3647-V3, LGA 4189, LGA 4926,",155,,,,,,,Prefabs/CoolingSystems/AirCoolers/Bequiet/AC_bequiet_PUREROCK,be quiet! Pure Rock
CPU Cooler - Air,be quiet!,Pure Rock 2 (Black),,Y,45,15,21,70,1.8,,,Air Cooler,,105.0,Y,Y,Y,Y,Y,,,Y,Y,Y,Y,Y,Y,Y,Y,Y,,Y,,,,,,,,,,,,,"AM3+, AM4, FM2, FM2+, LGA 1151 (Coffee Lake), LGA 1151 (Kaby Lake), LGA 1151 (Skylake), LGA 1200, LGA 2011-V3, LGA 2066,","AM3+, AM4, FM2, FM2+, LGA 1151 (Coffee Lake), LGA 1151 (Kaby Lake), LGA 1151 (Skylake), LGA 1200, LGA 2011-V3, LGA 2066, LGA 2566, LGA 3647-V1, LGA 3647-V3, LGA 4189, LGA 4926,",155,,,,,,,v1_8_0/Prefabs/CoolingSystems/AirCoolers/Bequiet/AC_Bequiet_PUREROCK_2_Black,be quiet! Pure Rock 2 (Black)
CPU Cooler - Air,be quiet!,Pure Rock 2 (Black) 2X,Y,Y,90,30,21,70,,,,Air Cooler,,210.0,,,,,,,,,,,,,,,,,Y,,,,,,Y,,,Y,,,,,,"LGA 3647-V3 (2P), LGA 4189 (2P), LGA 4926 (2P),",155,,,,,,,v1_8_0/Prefabs/CoolingSystems/AirCoolers/Bequiet/AC_Bequiet_PUREROCK_2_Black,be quiet! Pure Rock 2 (Black) 2X
CPU Cooler - Air,be quiet!,Pure Rock 2 (Black) 4X,Y,Y,180,60,21,70,,,,Air Cooler,,420.0,,,,,,,,,,,,,,,,,,,,,,,,Y,,,,,,,,"LGA 3647-V3 (4P),",155,,,,,,,v1_8_0/Prefabs/CoolingSystems/AirCoolers/Bequiet/AC_Bequiet_PUREROCK_2_Black,be quiet! Pure Rock 2 (Black) 4X
CPU Cooler - Air,be quiet!,Pure Rock 2 (Black) 8X,Y,Y,360,120,23,35,,,,Air Cooler,,840.0,,,,,,,,,,,,,,,,,,,,,,,,,Y,,,,,,,"LGA 3647-V3 (8P),",155,,,,,,,v1_8_0/Prefabs/CoolingSystems/AirCoolers/Bequiet/AC_Bequiet_PUREROCK_2_Black,be quiet! Pure Rock 2 (Black) 8X
CPU Cooler - Air,be quiet!,Pure Rock 2 (Silver),,Y,45,15,21,70,1.8,,,Air Cooler,,105.0,Y,Y,Y,Y,Y,,,Y,Y,Y,Y,Y,Y,Y,Y,Y,,Y,,,,,,,,,,,,,"AM3+, AM4, FM2, FM2+, LGA 1151 (Coffee Lake), LGA 1151 (Kaby Lake), LGA 1151 (Skylake), LGA 1200, LGA 2011-V3, LGA 2066,","AM3+, AM4, FM2, FM2+, LGA 1151 (Coffee Lake), LGA 1151 (Kaby Lake), LGA 1151 (Skylake), LGA 1200, LGA 2011-V3, LGA 2066, LGA 2566, LGA 3647-V1, LGA 3647-V3, LGA 4189, LGA 4926,",155,,,,,,,v1_8_0/Prefabs/CoolingSystems/AirCoolers/Bequiet/AC_Bequiet_PUREROCK_2,be quiet! Pure Rock 2 (Silver)
CPU Cooler - Air,be quiet!,Pure Rock 2 (Silver) 2X,Y,Y,90,30,21,70,,,,Air Cooler,,210.0,,,,,,,,,,,,,,,,,Y,,,,,,Y,,,Y,,,,,,"LGA 3647-V3 (2P), LGA 4189 (2P), LGA 4926 (2P),",155,,,,,,,v1_8_0/Prefabs/CoolingSystems/AirCoolers/Bequiet/AC_Bequiet_PUREROCK_2,be quiet! Pure Rock 2 (Silver) 2X
CPU Cooler - Air,be quiet!,Pure Rock 2 (Silver) 4X,Y,Y,180,60,21,70,,,,Air Cooler,,420.0,,,,,,,,,,,,,,,,,,,,,,,,Y,,,,,,,,"LGA 3647-V3 (4P),",155,,,,,,,v1_8_0/Prefabs/CoolingSystems/AirCoolers/Bequiet/AC_Bequiet_PUREROCK_2,be quiet! Pure Rock 2 (Silver) 4X
CPU Cooler - Air,be quiet!,Pure Rock 2 (Silver) 8X,Y,Y,360,120,23,35,,,,Air Cooler,,840.0,,,,,,,,,,,,,,,,,,,,,,,,,Y,,,,,,,"LGA 3647-V3 (8P),",155,,,,,,,v1_8_0/Prefabs/CoolingSystems/AirCoolers/Bequiet/AC_Bequiet_PUREROCK_2,be quiet! Pure Rock 2 (Silver) 8X
CPU Cooler - Air,be quiet!,Pure Rock 2X,Y,Y,60,20,27,40,,,,Air Cooler,,210.0,,,,,,,,,,,,,,,,,Y,,,,,,Y,,,Y,,,,,,"LGA 3647-V3 (2P), LGA 4189 (2P), LGA 4926 (2P),",155,,,,,,,Prefabs/CoolingSystems/AirCoolers/Bequiet/AC_bequiet_PUREROCK,be quiet! Pure Rock 2X
CPU Cooler - Air,be quiet!,Pure Rock 4X,Y,Y,120,40,27,40,,,,Air Cooler,,420.0,,,,,,,,,,,,,,,,,,,,,,,,Y,,,,,,,,"LGA 3647-V3 (4P),",155,,,,,,,Prefabs/CoolingSystems/AirCoolers/Bequiet/AC_bequiet_PUREROCK,be quiet! Pure Rock 4X
CPU Cooler - Air,be quiet!,Pure Rock 8X,Y,Y,240,80,27,40,,,,Air Cooler,,840.0,,,,,,,,,,,,,,,,,,,,,,,,,Y,,,,,,,"LGA 3647-V3 (8P),",155,,,,,,,Prefabs/CoolingSystems/AirCoolers/Bequiet/AC_bequiet_PUREROCK,be quiet! Pure Rock 8X
CPU Cooler - Air,be quiet!,Pure Rock Slim,,Y,25,8,27,40,1.1,,,Air Cooler,,100.0,Y,Y,Y,Y,Y,,,Y,Y,Y,Y,Y,Y,,,,,,,,,,,,,,,,,,"AM3+, AM4, FM2, FM2+, LGA 1151 (Coffee Lake), LGA 1151 (Kaby Lake), LGA 1151 (Skylake), LGA 1200, LGA 2011-V3, LGA 2066,","AM3+, AM4, FM2, FM2+, LGA 1151 (Coffee Lake), LGA 1151 (Kaby Lake), LGA 1151 (Skylake), LGA 1200, LGA 2011-V3, LGA 2066, LGA 2566,",125,,,,,,,Prefabs/CoolingSystems/AirCoolers/Bequiet/AC_bequiet_PUREROCKSLIM,be quiet! Pure Rock Slim
CPU Cooler - Air,be quiet!,Pure Rock Slim 2X,Y,Y,50,16,27,40,,,,Air Cooler,,200.0,,,,,,,,,,,,,,,,,Y,,,,,,Y,,,Y,,,,,,"LGA 3647-V3 (2P), LGA 4189 (2P), LGA 4926 (2P),",125,,,,,,,Prefabs/CoolingSystems/AirCoolers/Bequiet/AC_bequiet_PUREROCKSLIM,be quiet! Pure Rock Slim 2X
CPU Cooler - Air,be quiet!,Pure Rock Slim 4X,Y,Y,100,32,27,40,,,,Air Cooler,,400.0,,,,,,,,,,,,,,,,,,,,,,,,Y,,,,,,,,"LGA 3647-V3 (4P),",125,,,,,,,Prefabs/CoolingSystems/AirCoolers/Bequiet/AC_bequiet_PUREROCKSLIM,be quiet! Pure Rock Slim 4X
CPU Cooler - Air,be quiet!,Pure Rock Slim 8X,Y,Y,200,64,27,40,,,,Air Cooler,,800.0,,,,,,,,,,,,,,,,,,,,,,,,,Y,,,,,,,"LGA 3647-V3 (8P),",125,,,,,,,Prefabs/CoolingSystems/AirCoolers/Bequiet/AC_bequiet_PUREROCKSLIM,be quiet! Pure Rock Slim 8X
CPU Cooler - Air,be quiet!,Shadow Rock 2,,Y,50,17,23,30,1.1,,,Air Cooler,,105.0,Y,Y,Y,Y,Y,,,Y,Y,Y,Y,Y,Y,,,,,,,,,,,,,,,,,,"AM3+, AM4, FM2, FM2+, LGA 1151 (Coffee Lake), LGA 1151 (Kaby Lake), LGA 1151 (Skylake), LGA 1200, LGA 2011-V3, LGA 2066,","AM3+, AM4, FM2, FM2+, LGA 1151 (Coffee Lake), LGA 1151 (Kaby Lake), LGA 1151 (Skylake), LGA 1200, LGA 2011-V3, LGA 2066, LGA 2566,",160,,,,,,,Prefabs/CoolingSystems/AirCoolers/Bequiet/AC_bequiet_SHADOWROCK2,be quiet! Shadow Rock 2
CPU Cooler - Air,be quiet!,Shadow Rock 2 2X,Y,Y,100,34,23,30,,,,Air Cooler,,210.0,,,,,,,,,,,,,,,,,Y,,,,,,Y,,,Y,,,,,,"LGA 3647-V3 (2P), LGA 4189 (2P), LGA 4926 (2P),",160,,,,,,,Prefabs/CoolingSystems/AirCoolers/Bequiet/AC_bequiet_SHADOWROCK2,be quiet! Shadow Rock 2 2X
CPU Cooler - Air,be quiet!,Shadow Rock 2 4X,Y,Y,200,68,23,30,,,,Air Cooler,,420.0,,,,,,,,,,,,,,,,,,,,,,,,Y,,,,,,,,"LGA 3647-V3 (4P),",160,,,,,,,Prefabs/CoolingSystems/AirCoolers/Bequiet/AC_bequiet_SHADOWROCK2,be quiet! Shadow Rock 2 4X
CPU Cooler - Air,be quiet!,Shadow Rock 2 8X,Y,Y,400,136,23,35,,,,Air Cooler,,840.0,,,,,,,,,,,,,,,,,,,,,,,,,Y,,,,,,,"LGA 3647-V3 (8P),",160,,,,,,,Prefabs/CoolingSystems/AirCoolers/Bequiet/AC_bequiet_SHADOWROCK2,be quiet! Shadow Rock 2 8X
CPU Cooler - Air,be quiet!,Shadow Rock 3,,Y,45,15,21,70,1.8,,,Air Cooler,,110.0,Y,Y,Y,Y,Y,,,Y,Y,Y,Y,Y,Y,Y,Y,Y,,Y,,,,,,,,,,,,,"AM3+, AM4, FM2, FM2+, LGA 1151 (Coffee Lake), LGA 1151 (Kaby Lake), LGA 1151 (Skylake), LGA 1200, LGA 2011-V3, LGA 2066,","AM3+, AM4, FM2, FM2+, LGA 1151 (Coffee Lake), LGA 1151 (Kaby Lake), LGA 1151 (Skylake), LGA 1200, LGA 2011-V3, LGA 2066, LGA 2566, LGA 3647-V1, LGA 3647-V3, LGA 4189, LGA 4926,",163,,,,,,,v1_8_0/Prefabs/CoolingSystems/AirCoolers/Bequiet/AC_bequiet_SHADOWROCK_3,be quiet! Shadow Rock 3
CPU Cooler - Air,be quiet!,Shadow Rock 3 2X,Y,Y,90,30,21,70,,,,Air Cooler,,220.0,,,,,,,,,,,,,,,,,,,,,,,Y,,,,,,,,,"LGA 3647-V3 (2P),",163,,,,,,,v1_8_0/Prefabs/CoolingSystems/AirCoolers/Bequiet/AC_bequiet_SHADOWROCK_3,be quiet! Shadow Rock 3 2X
CPU Cooler - Air,be quiet!,Shadow Rock 3 4X,Y,Y,180,60,21,70,,,,Air Cooler,,440.0,,,,,,,,,,,,,,,,,,,,,,,,Y,,,,,,,,"LGA 3647-V3 (4P),",163,,,,,,,v1_8_0/Prefabs/CoolingSystems/AirCoolers/Bequiet/AC_bequiet_SHADOWROCK_3,be quiet! Shadow Rock 3 4X
CPU Cooler - Air,be quiet!,Shadow Rock 3 8X,Y,Y,360,120,23,35,,,,Air Cooler,,880.0,,,,,,,,,,,,,,,,,,,,,,,,,Y,,,,,,,"LGA 3647-V3 (8P),",163,,,,,,,v1_8_0/Prefabs/CoolingSystems/AirCoolers/Bequiet/AC_bequiet_SHADOWROCK_3,be quiet! Shadow Rock 3 8X
CPU Cooler - Air,be quiet!,Shadow Rock LP,,Y,45,15,23,30,1.1,,,Air Cooler,,45.0,Y,Y,Y,Y,Y,,,Y,Y,Y,Y,Y,Y,Y,Y,Y,,Y,,,,,,,,,,,,,"AM3+, AM4, FM2, FM2+, LGA 1151 (Coffee Lake), LGA 1151 (Kaby Lake), LGA 1151 (Skylake), LGA 1200, LGA 2011-V3, LGA 2066,","AM3+, AM4, FM2, FM2+, LGA 1151 (Coffee Lake), LGA 1151 (Kaby Lake), LGA 1151 (Skylake), LGA 1200, LGA 2011-V3, LGA 2066, LGA 2566, LGA 3647-V1, LGA 3647-V3, LGA 4189, LGA 4926,",76,,,,,,,Prefabs/CoolingSystems/AirCoolers/Bequiet/AC_bequiet_SHADOWROCKLP,be quiet! Shadow Rock LP
CPU Cooler - Air,be quiet!,Shadow Rock LP 2X,Y,Y,90,30,23,30,,,,Air Cooler,,90.0,,,,,,,,,,,,,,,,,Y,,,,,,Y,,,Y,,,,,,"LGA 3647-V3 (2P), LGA 4189 (2P), LGA 4926 (2P),",76,,,,,,,Prefabs/CoolingSystems/AirCoolers/Bequiet/AC_bequiet_SHADOWROCKLP,be quiet! Shadow Rock LP 2X
CPU Cooler - Air,be quiet!,Shadow Rock LP 4X,Y,Y,180,60,23,30,,,,Air Cooler,,180.0,,,,,,,,,,,,,,,,,,,,,,,,Y,,,,,,,,"LGA 3647-V3 (4P),",76,,,,,,,Prefabs/CoolingSystems/AirCoolers/Bequiet/AC_bequiet_SHADOWROCKLP,be quiet! Shadow Rock LP 4X
CPU Cooler - Air,be quiet!,Shadow Rock LP 8X,Y,Y,360,120,23,35,,,,Air Cooler,,360.0,,,,,,,,,,,,,,,,,,,,,,,,,Y,,,,,,,"LGA 3647-V3 (8P),",76,,,,,,,Prefabs/CoolingSystems/AirCoolers/Bequiet/AC_bequiet_SHADOWROCKLP,be quiet! Shadow Rock LP 8X
CPU Cooler - Air,be quiet!,Shadow Rock Slim,,Y,50,17,23,30,1.1,,,Air Cooler,,70.0,Y,Y,Y,Y,Y,,,Y,Y,Y,Y,Y,Y,,,,,,,,,,,,,,,,,,"AM3+, AM4, FM2, FM2+, LGA 1151 (Coffee Lake), LGA 1151 (Kaby Lake), LGA 1151 (Skylake), LGA 1200, LGA 2011-V3, LGA 2066,","AM3+, AM4, FM2, FM2+, LGA 1151 (Coffee Lake), LGA 1151 (Kaby Lake), LGA 1151 (Skylake), LGA 1200, LGA 2011-V3, LGA 2066, LGA 2566,",161,,,,,,,Prefabs/CoolingSystems/AirCoolers/Bequiet/AC_bequiet_SHADOWROCKSLIM,be quiet! Shadow Rock Slim
CPU Cooler - Air,be quiet!,Shadow Rock Slim 2X,Y,Y,100,34,23,30,,,,Air Cooler,,140.0,,,,,,,,,,,,,,,,,Y,,,,,,Y,,,Y,,,,,,"LGA 3647-V3 (2P), LGA 4189 (2P), LGA 4926 (2P),",161,,,,,,,Prefabs/CoolingSystems/AirCoolers/Bequiet/AC_bequiet_SHADOWROCKSLIM,be quiet! Shadow Rock Slim 2X
CPU Cooler - Air,be quiet!,Shadow Rock Slim 4X,Y,Y,200,68,23,30,,,,Air Cooler,,280.0,,,,,,,,,,,,,,,,,,,,,,,,Y,,,,,,,,"LGA 3647-V3 (4P),",161,,,,,,,Prefabs/CoolingSystems/AirCoolers/Bequiet/AC_bequiet_SHADOWROCKSLIM,be quiet! Shadow Rock Slim 4X
CPU Cooler - Air,be quiet!,Shadow Rock Slim 8X,Y,Y,400,136,23,35,,,,Air Cooler,,560.0,,,,,,,,,,,,,,,,,,,,,,,,,Y,,,,,,,"LGA 3647-V3 (8P),",161,,,,,,,Prefabs/CoolingSystems/AirCoolers/Bequiet/AC_bequiet_SHADOWROCKSLIM,be quiet! Shadow Rock Slim 8X
CPU Cooler - Air,be quiet!,Shadow Rock TF 2,,Y,45,15,23,30,1.1,,,Air Cooler,,50.0,Y,Y,Y,Y,Y,,,Y,Y,Y,Y,Y,Y,Y,Y,Y,,Y,,,,,,,,,,,,,"AM3+, AM4, FM2, FM2+, LGA 1151 (Coffee Lake), LGA 1151 (Kaby Lake), LGA 1151 (Skylake), LGA 1200, LGA 2011-V3, LGA 2066,","AM3+, AM4, FM2, FM2+, LGA 1151 (Coffee Lake), LGA 1151 (Kaby Lake), LGA 1151 (Skylake), LGA 1200, LGA 2011-V3, LGA 2066, LGA 2566, LGA 3647-V1, LGA 3647-V3, LGA 4189, LGA 4926,",112,,,,,,,Prefabs/CoolingSystems/AirCoolers/Bequiet/AC_bequiet_SHADOWROCKTF2,be quiet! Shadow Rock TF 2
CPU Cooler - Air,be quiet!,Shadow Rock TF 2 2X,Y,Y,90,30,23,30,,,,Air Cooler,,100.0,,,,,,,,,,,,,,,,,Y,,,,,,Y,,,Y,,,,,,"LGA 3647-V3 (2P), LGA 4189 (2P), LGA 4926 (2P),",112,,,,,,,Prefabs/CoolingSystems/AirCoolers/Bequiet/AC_bequiet_SHADOWROCKTF2,be quiet! Shadow Rock TF 2 2X
CPU Cooler - Air,be quiet!,Shadow Rock TF 2 4X,Y,Y,180,60,23,30,,,,Air Cooler,,200.0,,,,,,,,,,,,,,,,,,,,,,,,Y,,,,,,,,"LGA 3647-V3 (4P),",112,,,,,,,Prefabs/CoolingSystems/AirCoolers/Bequiet/AC_bequiet_SHADOWROCKTF2,be quiet! Shadow Rock TF 2 4X
CPU Cooler - Air,be quiet!,Shadow Rock TF 2 8X,Y,Y,360,120,23,35,,,,Air Cooler,,400.0,,,,,,,,,,,,,,,,,,,,,,,,,Y,,,,,,,"LGA 3647-V3 (8P),",112,,,,,,,Prefabs/CoolingSystems/AirCoolers/Bequiet/AC_bequiet_SHADOWROCKTF2,be quiet! Shadow Rock TF 2 8X
CPU Cooler - Air,Cooler Master,Hyper 212 Black,,Y,45,15,33,1,1.15,PC,,Air Cooler,,42.0,Y,Y,Y,Y,Y,,,Y,Y,Y,Y,Y,,,,,,,,,,,,,,,,,,,"AM3+, AM4, FM2, FM2+, LGA 1151 (Coffee Lake), LGA 1151 (Kaby Lake), LGA 1151 (Skylake), LGA 1200, LGA 2011-V3, LGA 2066,","AM3+, AM4, FM2, FM2+, LGA 1151 (Coffee Lake), LGA 1151 (Kaby Lake), LGA 1151 (Skylake), LGA 1200, LGA 2011-V3, LGA 2066,",158,,,,2.9,,,v1_15_0/Prefabs/CoolerSystems/AirCoolers/CoolerMaster/AC_Cooler_Master_Hyper_212_Black_Edition_1_FAN,Cooler Master Hyper 212 Black
CPU Cooler - Air,Cooler Master,Hyper 212 Black Dual Fan Edition,,Y,55,18,33,1,1.15,PC,,Air Cooler,,57.0,Y,Y,Y,Y,Y,,,Y,Y,Y,Y,Y,,,,,,,,,,,,,,,,,,,"AM3+, AM4, FM2, FM2+, LGA 1151 (Coffee Lake), LGA 1151 (Kaby Lake), LGA 1151 (Skylake), LGA 1200, LGA 2011-V3, LGA 2066,","AM3+, AM4, FM2, FM2+, LGA 1151 (Coffee Lake), LGA 1151 (Kaby Lake), LGA 1151 (Skylake), LGA 1200, LGA 2011-V3, LGA 2066,",158,,,,2.9,,,v1_15_0/Prefabs/CoolerSystems/AirCoolers/CoolerMaster/AC_Cooler_Master_Hyper_212_Black_Edition_2_FAN,Cooler Master Hyper 212 Black Dual Fan Edition
CPU Cooler - Air,Cooler Master,Hyper 212 EVO V2,,Y,50,17,33,1,1.15,PC,,Air Cooler,,50.0,Y,Y,Y,Y,Y,,,Y,Y,Y,Y,Y,,,,,,,,,,,,,,,,,,,"AM3+, AM4, FM2, FM2+, LGA 1151 (Coffee Lake), LGA 1151 (Kaby Lake), LGA 1151 (Skylake), LGA 1200, LGA 2011-V3, LGA 2066,","AM3+, AM4, FM2, FM2+, LGA 1151 (Coffee Lake), LGA 1151 (Kaby Lake), LGA 1151 (Skylake), LGA 1200, LGA 2011-V3, LGA 2066,",155,,,,2.52,,,v1_15_0/Prefabs/CoolerSystems/AirCoolers/CoolerMaster/AC_Cooler_Master_Hyper_212_EVO_V2,Cooler Master Hyper 212 EVO V2
CPU Cooler - Air,Cooler Master,Hyper 212 LED Turbo,,Y,45,15,8,33,1.0,,Red,Air Cooler,,66.3,Y,Y,Y,Y,Y,Y,Y,Y,Y,Y,Y,Y,Y,,,,,,,Y,Y,Y,,,,,,,,,"AM3+, AM4, FM2, FM2+, LGA 1151 (Coffee Lake), LGA 1151 (Kaby Lake), LGA 1151 (Skylake), LGA 1200, LGA 2011-V3, LGA 2066, TR4, sTRX4,","AM3+, AM4, FM2, FM2+, LGA 1151 (Coffee Lake), LGA 1151 (Kaby Lake), LGA 1151 (Skylake), LGA 1200, LGA 2011-V3, LGA 2066, LGA 2566, TR4, sTRX4, SP3r1, SP3r2, SP6,",163,,,,1.7,,,Prefabs/CoolingSystems/AirCoolers/CoolerMaster/CoolerMaster_Hyper_212_LED,Cooler Master Hyper 212 LED Turbo
CPU Cooler - Air,Cooler Master,Hyper 212 LED Turbo (White Edition),,Y,45,15,8,33,1.10,PC,White,Air Cooler,,66.3,Y,Y,Y,Y,Y,Y,Y,Y,Y,Y,Y,Y,Y,,,,,,,Y,Y,Y,,,,,,,,,"AM3+, AM4, FM2, FM2+, LGA 1151 (Coffee Lake), LGA 1151 (Kaby Lake), LGA 1151 (Skylake), LGA 1200, LGA 2011-V3, LGA 2066, TR4, sTRX4,","AM3+, AM4, FM2, FM2+, LGA 1151 (Coffee Lake), LGA 1151 (Kaby Lake), LGA 1151 (Skylake), LGA 1200, LGA 2011-V3, LGA 2066, LGA 2566, TR4, sTRX4, SP3r1, SP3r2, SP6,",163,,,,1.7,,,v1_10_0/Prefabs/CoolingSystems/AirCoolers/CoolerMaster/AC_CoolerMaster_Hyper_212_LED_Turbo_WhiteEdition,Cooler Master Hyper 212 LED Turbo (White Edition)
CPU Cooler - Air,Cooler Master,Hyper 212 LED Turbo (White Edition) 2X,Y,Y,90,30,16,1,,,White,Air Cooler,,132.0,,,,,,,,,,,,,,,,,,,,,,,,,,,,Y,Y,Y,,"SP3r1 (2P), SP3r2 (2P), SP6 (2P),",163,,,,1.7,,,v1_10_0/Prefabs/CoolingSystems/AirCoolers/CoolerMaster/AC_CoolerMaster_Hyper_212_LED_Turbo_WhiteEdition,Cooler Master Hyper 212 LED Turbo (White Edition) 2X
CPU Cooler - Air,Cooler Master,Hyper 212 LED Turbo 2X,Y,Y,90,30,16,1,,,Red,Air Cooler,,132.0,,,,,,,,,,,,,,,,,Y,,,,,,Y,,,Y,,Y,Y,Y,,"LGA 3647-V3 (2P), LGA 4189 (2P), LGA 4926 (2P), SP3r1 (2P), SP3r2 (2P), SP6 (2P),",163,,,,1.7,,,Prefabs/CoolingSystems/AirCoolers/CoolerMaster/CoolerMaster_Hyper_212_LED,Cooler Master Hyper 212 LED Turbo 2X
CPU Cooler - Air,Cooler Master,Hyper 212 LED Turbo 4X,Y,Y,180,60,18,95,,,Red,Air Cooler,,265.0,,,,,,,,,,,,,,,,,,,,,,,,Y,,,,,,,,"LGA 3647-V3 (4P),",163,,,,1.7,,,Prefabs/CoolingSystems/AirCoolers/CoolerMaster/CoolerMaster_Hyper_212_LED,Cooler Master Hyper 212 LED Turbo 4X
CPU Cooler - Air,Cooler Master,Hyper 212 LED Turbo 8X,Y,Y,360,120,23,35,,,Red,Air Cooler,,530.0,,,,,,,,,,,,,,,,,,,,,,,,,Y,,,,,,,"LGA 3647-V3 (8P),",163,,,,1.7,,,Prefabs/CoolingSystems/AirCoolers/CoolerMaster/CoolerMaster_Hyper_212_LED,Cooler Master Hyper 212 LED Turbo 8X
CPU Cooler - Air,Cooler Master,Hyper 212 RGB Black Dual Fan Edition,,Y,60,20,33,1,1.15,PC,RGB,Air Cooler,,57.0,Y,Y,Y,Y,Y,,,Y,Y,Y,Y,Y,,,,,,,,,,,,,,,,,,,"AM3+, AM4, FM2, FM2+, LGA 1151 (Coffee Lake), LGA 1151 (Kaby Lake), LGA 1151 (Skylake), LGA 1200, LGA 2011-V3, LGA 2066,","AM3+, AM4, FM2, FM2+, LGA 1151 (Coffee Lake), LGA 1151 (Kaby Lake), LGA 1151 (Skylake), LGA 1200, LGA 2011-V3, LGA 2066,",159,,,,2.0,,,v1_15_0/Prefabs/CoolerSystems/AirCoolers/CoolerMaster/AC_Cooler_Master_Hyper_212_RGB_Black_Edition_FAN_2,Cooler Master Hyper 212 RGB Black Dual Fan Edition
CPU Cooler - Air,Cooler Master,Hyper 212 RGB Black Edition,,Y,50,17,33,1,1.15,PC,RGB,Air Cooler,,42.0,Y,Y,Y,Y,Y,,,Y,Y,Y,Y,Y,,,,,,,,,,,,,,,,,,,"AM3+, AM4, FM2, FM2+, LGA 1151 (Coffee Lake), LGA 1151 (Kaby Lake), LGA 1151 (Skylake), LGA 1200, LGA 2011-V3, LGA 2066,","AM3+, AM4, FM2, FM2+, LGA 1151 (Coffee Lake), LGA 1151 (Kaby Lake), LGA 1151 (Skylake), LGA 1200, LGA 2011-V3, LGA 2066,",159,,,,2.0,,,v1_15_0/Prefabs/CoolerSystems/AirCoolers/CoolerMaster/AC_Cooler_Master_Hyper_212_RGB_Black_Edition_FAN_1,Cooler Master Hyper 212 RGB Black Edition
CPU Cooler - Air,Cooler Master,MasterAir MA610P,,Y,70,23,8,66,1.0,,RGB,Air Cooler,,53.38,Y,Y,Y,Y,Y,,,Y,Y,Y,Y,Y,Y,,,,,,,Y,Y,Y,,,,,,,,,"AM3+, AM4, FM2, FM2+, LGA 1151 (Coffee Lake), LGA 1151 (Kaby Lake), LGA 1151 (Skylake), LGA 1200, LGA 2011-V3, LGA 2066,","AM3+, AM4, FM2, FM2+, LGA 1151 (Coffee Lake), LGA 1151 (Kaby Lake), LGA 1151 (Skylake), LGA 1200, LGA 2011-V3, LGA 2066, LGA 2566, SP3r1, SP3r2, SP6,",166,,,,1.65,,,Prefabs/CoolingSystems/AirCoolers/CoolerMaster/CoolerMaster_MasterAirMA610P,Cooler Master MasterAir MA610P
CPU Cooler - Air,Cooler Master,MasterAir MA610P 2X,Y,Y,140,46,16,1,,,RGB,Air Cooler,,106.0,,,,,,,,,,,,,,,,,,,,,,,,,,,,Y,Y,Y,,"SP3r1 (2P), SP3r2 (2P), SP6 (2P),",166,,,,1.65,,,Prefabs/CoolingSystems/AirCoolers/CoolerMaster/CoolerMaster_MasterAirMA610P,Cooler Master MasterAir MA610P 2X
CPU Cooler - Air,Cooler Master,MasterAir Pro 4,,Y,50,17,7,26,1.0,,,Air Cooler,,66.7,Y,Y,Y,Y,Y,,,Y,Y,Y,Y,Y,Y,Y,Y,Y,,Y,,,,,,,,,,,,,"AM3+, AM4, FM2, FM2+, LGA 1151 (Coffee Lake), LGA 1151 (Kaby Lake), LGA 1151 (Skylake), LGA 1200, LGA 2011-V3, LGA 2066,","AM3+, AM4, FM2, FM2+, LGA 1151 (Coffee Lake), LGA 1151 (Kaby Lake), LGA 1151 (Skylake), LGA 1200, LGA 2011-V3, LGA 2066, LGA 2566, LGA 3647-V1, LGA 3647-V3, LGA 4189, LGA 4926,",159,,,,2.34,,,Prefabs/CoolingSystems/AirCoolers/CoolerMaster/CoolerMaster_MasterAir_Pro_4,Cooler Master MasterAir Pro 4
CPU Cooler - Air,Cooler Master,MasterAir Pro 4 2X,Y,Y,100,34,16,1,,,,Air Cooler,,133.0,,,,,,,,,,,,,,,,,Y,,,,,,Y,,,Y,,,,,,"LGA 3647-V3 (2P), LGA 4189 (2P), LGA 4926 (2P),",159,,,,2.34,,,Prefabs/CoolingSystems/AirCoolers/CoolerMaster/CoolerMaster_MasterAir_Pro_4,Cooler Master MasterAir Pro 4 2X
CPU Cooler - Air,Cooler Master,MasterAir Pro 4 4X,Y,Y,200,68,18,95,,,,Air Cooler,,266.0,,,,,,,,,,,,,,,,,,,,,,,,Y,,,,,,,,"LGA 3647-V3 (4P),",159,,,,2.34,,,Prefabs/CoolingSystems/AirCoolers/CoolerMaster/CoolerMaster_MasterAir_Pro_4,Cooler Master MasterAir Pro 4 4X
CPU Cooler - Air,Cooler Master,MasterAir Pro 4 8X,Y,Y,400,136,23,35,,,,Air Cooler,,533.0,,,,,,,,,,,,,,,,,,,,,,,,,Y,,,,,,,"LGA 3647-V3 (8P),",159,,,,2.34,,,Prefabs/CoolingSystems/AirCoolers/CoolerMaster/CoolerMaster_MasterAir_Pro_4,Cooler Master MasterAir Pro 4 8X
CPU Cooler - Air,CORSAIR,A500 Dual Fan,,Y,100,33,21,1,1.8,PC,,Air Cooler,,100.0,Y,Y,Y,Y,Y,,,Y,Y,Y,Y,Y,Y,,,,,,,,,,,,,,,,,,"AM3+, AM4, FM2, FM2+, LGA 1151 (Coffee Lake), LGA 1151 (Kaby Lake), LGA 1151 (Skylake), LGA 1200, LGA 2011-V3, LGA 2066,","AM3+, AM4, FM2, FM2+, LGA 1151 (Coffee Lake), LGA 1151 (Kaby Lake), LGA 1151 (Skylake), LGA 1200, LGA 2011-V3, LGA 2066, LGA 2566,",169,,,,1.25,,,v1_8_0/Prefabs/CoolingSystems/AirCoolers/Corsair/AC_Corsair_A500_DualFan,CORSAIR A500 Dual Fan
CPU Cooler - Air,CORSAIR,A500 Dual Fan (Rev 2.0),Y,Y,165,33,23,1,,PC,,Air Cooler,,145.0,Y,Y,Y,Y,Y,Y,Y,Y,Y,Y,Y,Y,Y,Y,Y,Y,,Y,Y,Y,Y,Y,,,,,,,,,,"LGA 1151 (Coffee Lake), LGA 1151 (Kaby Lake), LGA 1151 (Skylake), TR4, LGA 2066, LGA 2566, AM4, sTRX4, LGA 2011-V3, FM2+, FM2, LGA 1200, AM3+, SP3r1, SP3r2, SP6, LGA 3647-V1, LGA 3647-V3, LGA 4189, LGA 4926, LGA 5903,",169,,,,1.25,,,v1_8_0/Prefabs/CoolingSystems/AirCoolers/Corsair/AC_Corsair_A500_DualFan,CORSAIR A500 Dual Fan (Rev 2.0)
CPU Cooler - Air,Cryorig,C1,,Y,65,22,13,25,1.0,,,Air Cooler,,65.0,Y,Y,Y,Y,Y,,,,Y,Y,Y,Y,,,,,,,,,,,,,,,,,,,"AM3+, AM4, FM2, FM2+, LGA 1151 (Coffee Lake), LGA 1151 (Kaby Lake), LGA 1151 (Skylake), LGA 1200, LGA 2011-V3,","AM3+, AM4, FM2, FM2+, LGA 1151 (Coffee Lake), LGA 1151 (Kaby Lake), LGA 1151 (Skylake), LGA 1200, LGA 2011-V3,",74,,,,1.49,,,Prefabs/CoolingSystems/AirCoolers/Cryorig/C1,Cryorig C1
CPU Cooler - Air,Cryorig,C2,Y,Y,185,95,21,25,,,,Air Cooler,,100.0,Y,Y,Y,Y,Y,Y,Y,Y,Y,Y,Y,Y,Y,Y,Y,Y,,Y,Y,Y,Y,Y,,,,,,,,,,"LGA 1151 (Coffee Lake), LGA 1151 (Kaby Lake), LGA 1151 (Skylake), TR4, LGA 2066, LGA 2566, AM4, sTRX4, LGA 2011-V3, FM2+, FM2, LGA 1200, AM3+, SP3r1, SP3r2, SP6, LGA 3647-V1, LGA 3647-V3, LGA 4189, LGA 4926, LGA 5903,",74,,,,1.85,,,Prefabs/CoolingSystems/AirCoolers/Cryorig/C1,Cryorig C2
CPU Cooler - Air,Cryorig,C7,,Y,30,10,4,50,1.0,,,Air Cooler,,40.5,Y,Y,Y,Y,Y,,,,Y,Y,Y,,,,,,,,,,,,,,,,,,,,"AM3+, AM4, FM2, FM2+, LGA 1151 (Coffee Lake), LGA 1151 (Kaby Lake), LGA 1151 (Skylake), LGA 1200,","AM3+, AM4, FM2, FM2+, LGA 1151 (Coffee Lake), LGA 1151 (Kaby Lake), LGA 1151 (Skylake), LGA 1200,",47,,,,2.8,,,Prefabs/CoolingSystems/AirCoolers/Cryorig/C7,Cryorig C7
CPU Cooler - Air,Cryorig,C7 RGB,,Y,70,23,4,50,1.10,,RGB,Air Cooler,,40.5,Y,Y,Y,Y,Y,,,,Y,Y,Y,,,,,,,,,,,,,,,,,,,,"AM3+, AM4, FM2, FM2+, LGA 1151 (Coffee Lake), LGA 1151 (Kaby Lake), LGA 1151 (Skylake), LGA 1200,","AM3+, AM4, FM2, FM2+, LGA 1151 (Coffee Lake), LGA 1151 (Kaby Lake), LGA 1151 (Skylake), LGA 1200,",47,,,,2.8,,,v1_10_0/Prefabs/CoolingSystems/AirCoolers/Cryorig/AC_Cryorig_C7_RGB,Cryorig C7 RGB
CPU Cooler - Air,Cryorig,H5 Ultimate,,Y,45,15,7,80,1.0,,,Air Cooler,,76.0,Y,Y,Y,Y,Y,,,,Y,Y,Y,Y,,,,,,,,,,,,,,,,,,,"AM3+, AM4, FM2, FM2+, LGA 1151 (Coffee Lake), LGA 1151 (Kaby Lake), LGA 1151 (Skylake), LGA 1200, LGA 2011-V3,","AM3+, AM4, FM2, FM2+, LGA 1151 (Coffee Lake), LGA 1151 (Kaby Lake), LGA 1151 (Skylake), LGA 1200, LGA 2011-V3,",160,,,,1.44,,,Prefabs/CoolingSystems/AirCoolers/Cryorig/H5_Ultimate,Cryorig H5 Ultimate
CPU Cooler - Air,Cryorig,H5 Universal,,Y,45,15,7,10,1.0,,,Air Cooler,,65.0,Y,Y,Y,Y,Y,,,,Y,Y,Y,Y,,Y,Y,Y,,Y,,,,,,,,,,,,,"AM3+, AM4, FM2, FM2+, LGA 1151 (Coffee Lake), LGA 1151 (Kaby Lake), LGA 1151 (Skylake), LGA 1200, LGA 2011-V3,","AM3+, AM4, FM2, FM2+, LGA 1151 (Coffee Lake), LGA 1151 (Kaby Lake), LGA 1151 (Skylake), LGA 1200, LGA 2011-V3, LGA 3647-V1, LGA 3647-V3, LGA 4189, LGA 4926,",160,,,,1.49,,,Prefabs/CoolingSystems/AirCoolers/Cryorig/H5_Universal,Cryorig H5 Universal
CPU Cooler - Air,Cryorig,H5 Universal 2X,Y,Y,90,30,16,1,,,,Air Cooler,,130.0,,,,,,,,,,,,,,,,,Y,,,,,,Y,,,Y,,,,,,"LGA 3647-V3 (2P), LGA 4189 (2P), LGA 4926 (2P),",160,,,,1.49,,,Prefabs/CoolingSystems/AirCoolers/Cryorig/H5_Universal,Cryorig H5 Universal 2X
CPU Cooler - Air,Cryorig,H5 Universal 4X,Y,Y,180,60,18,95,,,,Air Cooler,,260.0,,,,,,,,,,,,,,,,,,,,,,,,Y,,,,,,,,"LGA 3647-V3 (4P),",160,,,,1.49,,,Prefabs/CoolingSystems/AirCoolers/Cryorig/H5_Universal,Cryorig H5 Universal 4X
CPU Cooler - Air,Cryorig,H5 Universal 8X,Y,Y,360,120,23,35,,,,Air Cooler,,520.0,,,,,,,,,,,,,,,,,,,,,,,,,Y,,,,,,,"LGA 3647-V3 (8P),",160,,,,1.49,,,Prefabs/CoolingSystems/AirCoolers/Cryorig/H5_Universal,Cryorig H5 Universal 8X
CPU Cooler - Air,Cryorig,H7,,Y,35,12,4,78,1.0,,,Air Cooler,,49.0,Y,Y,Y,Y,Y,,,,Y,Y,Y,,,,,,,,,,,,,,,,,,,,"AM3+, AM4, FM2, FM2+, LGA 1151 (Coffee Lake), LGA 1151 (Kaby Lake), LGA 1151 (Skylake), LGA 1200,","AM3+, AM4, FM2, FM2+, LGA 1151 (Coffee Lake), LGA 1151 (Kaby Lake), LGA 1151 (Skylake), LGA 1200,",145,,,,1.65,,,Prefabs/CoolingSystems/AirCoolers/Cryorig/H7,Cryorig H7
CPU Cooler - Air,Cryorig,H7 Quad Lumi,,Y,60,20,4,1,1.0,,RGB,Air Cooler,,49.0,Y,Y,Y,Y,Y,,,,Y,Y,Y,Y,,,,,,,,,,,,,,,,,,,"AM3+, AM4, FM2, FM2+, LGA 1151 (Coffee Lake), LGA 1151 (Kaby Lake), LGA 1151 (Skylake), LGA 1200, LGA 2011-V3,","AM3+, AM4, FM2, FM2+, LGA 1151 (Coffee Lake), LGA 1151 (Kaby Lake), LGA 1151 (Skylake), LGA 1200, LGA 2011-V3,",145,,,,1.65,,,Prefabs/CoolingSystems/AirCoolers/Cryorig/H7_QL,Cryorig H7 Quad Lumi
CPU Cooler - Air,Cryorig,M9a,,Y,20,7,1,1,1.0,,,Air Cooler,,48.4,Y,,,,,,,,Y,Y,Y,,,,,,,,,,,,,,,,,,,,"AM3+, AM4, FM2, FM2+,","AM3+, AM4, FM2, FM2+,",125,,,,3.1,,,Prefabs/CoolingSystems/AirCoolers/Cryorig/M9a,Cryorig M9a
CPU Cooler - Air,Cryorig,M9i,,Y,20,7,1,1,1.0,,,Air Cooler,,48.4,,Y,Y,Y,Y,,,,,,,,,,,,,,,,,,,,,,,,,,"LGA 1151 (Coffee Lake), LGA 1151 (Kaby Lake), LGA 1151 (Skylake), LGA 1200,","LGA 1151 (Coffee Lake), LGA 1151 (Kaby Lake), LGA 1151 (Skylake), LGA 1200,",125,,,,3.1,,,Prefabs/CoolingSystems/AirCoolers/Cryorig/M9i,Cryorig M9i
CPU Cooler - Air,Cryorig,R1 Ultimate,,Y,90,30,11,50,1.0,,,Air Cooler,,76.0,Y,Y,Y,Y,Y,,,,Y,Y,Y,Y,,Y,Y,Y,,Y,,,,,,,,,,,,,"AM3+, AM4, FM2, FM2+, LGA 1151 (Coffee Lake), LGA 1151 (Kaby Lake), LGA 1151 (Skylake), LGA 1200, LGA 2011-V3,","AM3+, AM4, FM2, FM2+, LGA 1151 (Coffee Lake), LGA 1151 (Kaby Lake), LGA 1151 (Skylake), LGA 1200, LGA 2011-V3, LGA 3647-V1, LGA 3647-V3, LGA 4189, LGA 4926,",169,,,,1.44,,,Prefabs/CoolingSystems/AirCoolers/Cryorig/R1_Ultimate,Cryorig R1 Ultimate
CPU Cooler - Air,Cryorig,R1 Ultimate 2X,Y,Y,180,60,16,1,,,,Air Cooler,,152.0,,,,,,,,,,,,,,,,,Y,,,,,,Y,,,Y,,,,,,"LGA 3647-V3 (2P), LGA 4189 (2P), LGA 4926 (2P),",169,,,,1.44,,,Prefabs/CoolingSystems/AirCoolers/Cryorig/R1_Ultimate,Cryorig R1 Ultimate 2X
CPU Cooler - Air,Cryorig,R1 Ultimate 4X,Y,Y,360,120,18,95,,,,Air Cooler,,304.0,,,,,,,,,,,,,,,,,,,,,,,,Y,,,,,,,,"LGA 3647-V3 (4P),",169,,,,1.44,,,Prefabs/CoolingSystems/AirCoolers/Cryorig/R1_Ultimate,Cryorig R1 Ultimate 4X
CPU Cooler - Air,Cryorig,R1 Ultimate 8X,Y,Y,720,240,23,35,,,,Air Cooler,,608.0,,,,,,,,,,,,,,,,,,,,,,,,,Y,,,,,,,"LGA 3647-V3 (8P),",169,,,,1.44,,,Prefabs/CoolingSystems/AirCoolers/Cryorig/R1_Ultimate,Cryorig R1 Ultimate 8X
CPU Cooler - Air,Cryorig,R1 Universal,,Y,90,30,11,1,1.0,,,Air Cooler,,65.0,Y,Y,Y,Y,Y,,,,Y,Y,Y,Y,,Y,Y,Y,,Y,,,,,,,,,,,,,"AM3+, AM4, FM2, FM2+, LGA 1151 (Coffee Lake), LGA 1151 (Kaby Lake), LGA 1151 (Skylake), LGA 1200, LGA 2011-V3,","AM3+, AM4, FM2, FM2+, LGA 1151 (Coffee Lake), LGA 1151 (Kaby Lake), LGA 1151 (Skylake), LGA 1200, LGA 2011-V3, LGA 3647-V1, LGA 3647-V3, LGA 4189, LGA 4926,",169,,,,1.49,,,Prefabs/CoolingSystems/AirCoolers/Cryorig/R1_Universal,Cryorig R1 Universal
CPU Cooler - Air,Cryorig,R1 Universal 2X,Y,Y,180,60,16,1,,,,Air Cooler,,130.0,,,,,,,,,,,,,,,,,Y,,,,,,Y,,,Y,,,,,,"LGA 3647-V3 (2P), LGA 4189 (2P), LGA 4926 (2P),",169,,,,1.49,,,Prefabs/CoolingSystems/AirCoolers/Cryorig/R1_Universal,Cryorig R1 Universal 2X
CPU Cooler - Air,Cryorig,R1 Universal 4X,Y,Y,360,120,18,95,,,,Air Cooler,,260.0,,,,,,,,,,,,,,,,,,,,,,,,Y,,,,,,,,"LGA 3647-V3 (4P),",169,,,,1.49,,,Prefabs/CoolingSystems/AirCoolers/Cryorig/R1_Universal,Cryorig R1 Universal 4X
CPU Cooler - Air,Cryorig,R1 Universal 8X,Y,Y,720,240,23,35,,,,Air Cooler,,520.0,,,,,,,,,,,,,,,,,,,,,,,,,Y,,,,,,,"LGA 3647-V3 (8P),",169,,,,1.49,,,Prefabs/CoolingSystems/AirCoolers/Cryorig/R1_Universal,Cryorig R1 Universal 8X
CPU Cooler - Air,Cryorig,R2 Ultimate,Y,Y,120,30,14,50,,,,Air Cooler,,125.0,Y,Y,Y,Y,Y,Y,Y,Y,Y,Y,Y,Y,Y,Y,Y,Y,,Y,Y,Y,Y,Y,,,,,,,,,,"LGA 1151 (Coffee Lake), LGA 1151 (Kaby Lake), LGA 1151 (Skylake), TR4, LGA 2066, LGA 2566, AM4, sTRX4, LGA 2011-V3, FM2+, FM2, LGA 1200, AM3+, SP3r1, SP3r2, SP6, LGA 3647-V1, LGA 3647-V3, LGA 4189, LGA 4926, LGA 5903,",169,,,,2.0,,,Prefabs/CoolingSystems/AirCoolers/Cryorig/R1_Ultimate,Cryorig R2 Ultimate
CPU Cooler - Air,Deepcool,GAMMAXX 400 (Blue),,Y,25,8,22,40,1.0,,Blue,Air Cooler,,53.0,Y,Y,Y,Y,Y,,,Y,Y,Y,Y,Y,Y,Y,Y,Y,,Y,,,,,,,,,,,,,"AM3+, AM4, FM2, FM2+, LGA 1151 (Coffee Lake), LGA 1151 (Kaby Lake), LGA 1151 (Skylake), LGA 1200, LGA 2011-V3, LGA 2066,","AM3+, AM4, FM2, FM2+, LGA 1151 (Coffee Lake), LGA 1151 (Kaby Lake), LGA 1151 (Skylake), LGA 1200, LGA 2011-V3, LGA 2066, LGA 2566, LGA 3647-V1, LGA 3647-V3, LGA 4189, LGA 4926,",155,,,,,,,Prefabs/CoolingSystems/AirCoolers/Deepcool/AC_DeepCool_Gammaxx_400,Deepcool GAMMAXX 400 (Blue)
CPU Cooler - Air,Deepcool,GAMMAXX 400 (Blue) 2X,Y,Y,50,16,22,40,,,Blue,Air Cooler,,106.0,,,,,,,,,,,,,,,,,Y,,,,,,Y,,,Y,,,,,,"LGA 3647-V3 (2P), LGA 4189 (2P), LGA 4926 (2P),",155,,,,,,,Prefabs/CoolingSystems/AirCoolers/Deepcool/AC_DeepCool_Gammaxx_400,Deepcool GAMMAXX 400 (Blue) 2X
CPU Cooler - Air,Deepcool,GAMMAXX 400 (Blue) 4X,Y,Y,100,32,22,40,,,Blue,Air Cooler,,212.0,,,,,,,,,,,,,,,,,,,,,,,,Y,,,,,,,,"LGA 3647-V3 (4P),",155,,,,,,,Prefabs/CoolingSystems/AirCoolers/Deepcool/AC_DeepCool_Gammaxx_400,Deepcool GAMMAXX 400 (Blue) 4X
CPU Cooler - Air,Deepcool,GAMMAXX 400 (Blue) 8X,Y,Y,200,64,23,35,,,Blue,Air Cooler,,424.0,,,,,,,,,,,,,,,,,,,,,,,,,Y,,,,,,,"LGA 3647-V3 (8P),",155,,,,,,,Prefabs/CoolingSystems/AirCoolers/Deepcool/AC_DeepCool_Gammaxx_400,Deepcool GAMMAXX 400 (Blue) 8X
CPU Cooler - Air,Deepcool,GAMMAXX C40,,Y,30,10,22,20,1.0,,,Air Cooler,,80.0,Y,Y,Y,Y,Y,,,Y,Y,Y,Y,Y,Y,Y,Y,Y,,Y,,,,,,,,,,,,,"AM3+, AM4, FM2, FM2+, LGA 1151 (Coffee Lake), LGA 1151 (Kaby Lake), LGA 1151 (Skylake), LGA 1200, LGA 2011-V3, LGA 2066,","AM3+, AM4, FM2, FM2+, LGA 1151 (Coffee Lake), LGA 1151 (Kaby Lake), LGA 1151 (Skylake), LGA 1200, LGA 2011-V3, LGA 2066, LGA 2566, LGA 3647-V1, LGA 3647-V3, LGA 4189, LGA 4926,",137,,,,2.31,,,Prefabs/CoolingSystems/AirCoolers/Deepcool/AC_DeepCool_Gammaxx_C40,Deepcool GAMMAXX C40
CPU Cooler - Air,Deepcool,GAMMAXX C40 2X,Y,Y,60,20,22,20,,,,Air Cooler,,160.0,,,,,,,,,,,,,,,,,Y,,,,,,Y,,,Y,,,,,,"LGA 3647-V3 (2P), LGA 4189 (2P), LGA 4926 (2P),",137,,,,2.31,,,Prefabs/CoolingSystems/AirCoolers/Deepcool/AC_DeepCool_Gammaxx_C40,Deepcool GAMMAXX C40 2X
CPU Cooler - Air,Deepcool,GAMMAXX C40 4X,Y,Y,120,40,22,20,,,,Air Cooler,,320.0,,,,,,,,,,,,,,,,,,,,,,,,Y,,,,,,,,"LGA 3647-V3 (4P),",137,,,,2.31,,,Prefabs/CoolingSystems/AirCoolers/Deepcool/AC_DeepCool_Gammaxx_C40,Deepcool GAMMAXX C40 4X
CPU Cooler - Air,Deepcool,GAMMAXX C40 8X,Y,Y,240,80,23,35,,,,Air Cooler,,640.0,,,,,,,,,,,,,,,,,,,,,,,,,Y,,,,,,,"LGA 3647-V3 (8P),",137,,,,2.31,,,Prefabs/CoolingSystems/AirCoolers/Deepcool/AC_DeepCool_Gammaxx_C40,Deepcool GAMMAXX C40 8X
CPU Cooler - Air,Deepcool,GAMMAXX GT,,Y,45,15,22,60,1.0,,RGB,Air Cooler,,60.0,Y,Y,Y,Y,Y,,,Y,Y,Y,Y,Y,Y,Y,Y,Y,,Y,,,,,,,,,,,,,"AM3+, AM4, FM2, FM2+, LGA 1151 (Coffee Lake), LGA 1151 (Kaby Lake), LGA 1151 (Skylake), LGA 1200, LGA 2011-V3, LGA 2066,","AM3+, AM4, FM2, FM2+, LGA 1151 (Coffee Lake), LGA 1151 (Kaby Lake), LGA 1151 (Skylake), LGA 1200, LGA 2011-V3, LGA 2066, LGA 2566, LGA 3647-V1, LGA 3647-V3, LGA 4189, LGA 4926,",156,,,,,,,Prefabs/CoolingSystems/AirCoolers/Deepcool/AC_DeepCool_Gammaxx_GT,Deepcool GAMMAXX GT
CPU Cooler - Air,Deepcool,GAMMAXX GT 2X,Y,Y,90,30,22,60,,,RGB,Air Cooler,,120.0,,,,,,,,,,,,,,,,,,,,,,,Y,,,,,,,,,"LGA 3647-V3 (2P),",156,,,,,,,Prefabs/CoolingSystems/AirCoolers/Deepcool/AC_DeepCool_Gammaxx_GT,Deepcool GAMMAXX GT 2X
CPU Cooler - Air,Deepcool,GAMMAXX GT 4X,Y,Y,180,60,22,60,,,RGB,Air Cooler,,240.0,,,,,,,,,,,,,,,,,,,,,,,,Y,,,,,,,,"LGA 3647-V3 (4P),",156,,,,,,,Prefabs/CoolingSystems/AirCoolers/Deepcool/AC_DeepCool_Gammaxx_GT,Deepcool GAMMAXX GT 4X
CPU Cooler - Air,Deepcool,GAMMAXX GT 8X,Y,Y,360,120,23,35,,,RGB,Air Cooler,,480.0,,,,,,,,,,,,,,,,,,,,,,,,,Y,,,,,,,"LGA 3647-V3 (8P),",156,,,,,,,Prefabs/CoolingSystems/AirCoolers/Deepcool/AC_DeepCool_Gammaxx_GT,Deepcool GAMMAXX GT 8X
CPU Cooler - Air,EVGA,ACX mITX,,Y,40,13,10,1,1.10,PC,,Air Cooler,,30.0,,Y,Y,Y,Y,,,,,,,,,,,,,,,,,,,,,,,,,,"LGA 1151 (Coffee Lake), LGA 1151 (Kaby Lake), LGA 1151 (Skylake), LGA 1200,","LGA 1151 (Coffee Lake), LGA 1151 (Kaby Lake), LGA 1151 (Skylake), LGA 1200,",140,,,,1.0,,Y,v1_10_0/Prefabs/CoolingSystems/AirCoolers/EVGA/AC_EVGA_ACX_mITX,EVGA ACX mITX
CPU Cooler - Air,GamerStorm,ASSASSIN III,,Y,130,43,29,80,1.11,,,Air Cooler,,100.0,Y,Y,Y,Y,Y,Y,Y,Y,Y,Y,Y,Y,Y,,,,,,,Y,Y,Y,,,,,,,,,"AM3+, AM4, FM2, FM2+, LGA 1151 (Coffee Lake), LGA 1151 (Kaby Lake), LGA 1151 (Skylake), LGA 1200, LGA 2011-V3, LGA 2066, TR4, sTRX4,","AM3+, AM4, FM2, FM2+, LGA 1151 (Coffee Lake), LGA 1151 (Kaby Lake), LGA 1151 (Skylake), LGA 1200, LGA 2011-V3, LGA 2066, LGA 2566, TR4, sTRX4, SP3r1, SP3r2, SP6,",165,,,,,,,v1_11_0/Prefabs/CoolingSystems/AirCoolers/Deepcool/AC_GamerStorm_ASSASSIN_Ⅲ,GamerStorm ASSASSIN III
CPU Cooler - Air,GamerStorm,ASSASSIN III 2X,Y,Y,260,86,29,80,,,,Air Cooler,,200.0,,,,,,,,,,,,,,,,,,,,,,,,,,,,Y,Y,Y,,"SP3r1 (2P), SP3r2 (2P), SP6 (2P),",165,,,,,,,v1_11_0/Prefabs/CoolingSystems/AirCoolers/Deepcool/AC_GamerStorm_ASSASSIN_Ⅲ,GamerStorm ASSASSIN III 2X
CPU Cooler - Air,GamerStorm,Fryzen,,Y,130,43,29,20,1.0,,RGB,Air Cooler,,100.0,Y,,,,,Y,Y,,Y,Y,Y,,,,,,,,,Y,Y,Y,,,,,,,,,"AM3+, AM4, FM2, FM2+, TR4, sTRX4,","AM3+, AM4, FM2, FM2+, TR4, sTRX4, SP3r1, SP3r2, SP6,",165,,,,,,,Prefabs/CoolingSystems/AirCoolers/Deepcool/AC_Deepcool_Fryzen,GamerStorm Fryzen
CPU Cooler - Air,GamerStorm,Fryzen 2X,Y,Y,260,86,29,20,,,RGB,Air Cooler,,200.0,,,,,,,,,,,,,,,,,,,,,,,,,,,,Y,Y,Y,,"SP3r1 (2P), SP3r2 (2P), SP6 (2P),",165,,,,,,,Prefabs/CoolingSystems/AirCoolers/Deepcool/AC_Deepcool_Fryzen,GamerStorm Fryzen 2X
CPU Cooler - Air,GIGABYTE,ATC700,,Y,80,27,11,80,1.0,,RGB,Air Cooler,,100.0,Y,Y,Y,Y,Y,,,Y,Y,Y,Y,Y,Y,,,,,,,,,,,,,,,,,,"AM3+, AM4, FM2, FM2+, LGA 1151 (Coffee Lake), LGA 1151 (Kaby Lake), LGA 1151 (Skylake), LGA 1200, LGA 2011-V3, LGA 2066,","AM3+, AM4, FM2, FM2+, LGA 1151 (Coffee Lake), LGA 1151 (Kaby Lake), LGA 1151 (Skylake), LGA 1200, LGA 2011-V3, LGA 2066, LGA 2566,",169,,,,,,,Prefabs/CoolingSystems/AirCoolers/Gigabyte/AC_Gigabyte_ATC700,GIGABYTE ATC700
CPU Cooler - Air,GIGABYTE,ATC800,Y,Y,165,75,18,65,,,RGB,Air Cooler,,140.0,Y,Y,Y,Y,Y,Y,Y,Y,Y,Y,Y,Y,Y,Y,Y,Y,,Y,Y,Y,Y,Y,,,,,,,,,,"LGA 1151 (Coffee Lake), LGA 1151 (Kaby Lake), LGA 1151 (Skylake), TR4, LGA 2066, LGA 2566, AM4, sTRX4, LGA 2011-V3, FM2+, FM2, LGA 1200, AM3+, SP3r1, SP3r2, SP6, LGA 3647-V1, LGA 3647-V3, LGA 4189, LGA 4926, LGA 5903,",169,,,,1.8,,,Prefabs/CoolingSystems/AirCoolers/Gigabyte/AC_Gigabyte_ATC700,GIGABYTE ATC800
CPU Cooler - Air,Mortoni,Thermal 100,,Y,10,3,1,1,1.0,,,Air Cooler,,30.0,Y,Y,Y,Y,Y,,,Y,Y,Y,Y,Y,Y,,,,,,,,,,,,,,,,,,"AM3+, AM4, FM2, FM2+, LGA 1151 (Coffee Lake), LGA 1151 (Kaby Lake), LGA 1151 (Skylake), LGA 1200, LGA 2011-V3, LGA 2066,","AM3+, AM4, FM2, FM2+, LGA 1151 (Coffee Lake), LGA 1151 (Kaby Lake), LGA 1151 (Skylake), LGA 1200, LGA 2011-V3, LGA 2066, LGA 2566,",40,,,,1.0,,,Prefabs/Generic/Fan,Mortoni Thermal 100
CPU Cooler - Air,Raijintek,DELOS RBW,,Y,83,28,10,80,1.2,,RGB,Air Cooler,,100.0,Y,Y,Y,Y,Y,,,Y,Y,Y,Y,Y,Y,,,,,,,,,,,,,,,,,,"AM3+, AM4, FM2, FM2+, LGA 1151 (Coffee Lake), LGA 1151 (Kaby Lake), LGA 1151 (Skylake), LGA 1200, LGA 2011-V3, LGA 2066,","AM3+, AM4, FM2, FM2+, LGA 1151 (Coffee Lake), LGA 1151 (Kaby Lake), LGA 1151 (Skylake), LGA 1200, LGA 2011-V3, LGA 2066, LGA 2566,",136,,,,,,,Prefabs/CoolingSystems/AirCoolers/Raijintek/AC_Raijintek_DELOS_RBW,Raijintek DELOS RBW
CPU Cooler - Air,Raijintek,ELEOS RBW,,Y,20,7,30,70,1.14,,RGB,Air Cooler,,52.0,Y,Y,Y,Y,Y,,,Y,Y,Y,Y,Y,Y,,,,,,,,,,,,,,,,,,"AM3+, AM4, FM2, FM2+, LGA 1151 (Coffee Lake), LGA 1151 (Kaby Lake), LGA 1151 (Skylake), LGA 1200, LGA 2011-V3, LGA 2066,","AM3+, AM4, FM2, FM2+, LGA 1151 (Coffee Lake), LGA 1151 (Kaby Lake), LGA 1151 (Skylake), LGA 1200, LGA 2011-V3, LGA 2066, LGA 2566,",140,,,,1.9,,,v1_14_0/Prefabs/CoolingSystems/AirCoolers/RAIJINTEK/AC_RAIJINTEK_ELEOS_RBW,Raijintek ELEOS RBW
CPU Cooler - Air,Raijintek,Ereboss,,Y,55,18,12,65,1.0,,,Air Cooler,,56.55,Y,Y,Y,Y,Y,,,,Y,Y,Y,Y,,Y,Y,Y,,Y,,,,,,,,,,,,,"AM3+, AM4, FM2, FM2+, LGA 1151 (Coffee Lake), LGA 1151 (Kaby Lake), LGA 1151 (Skylake), LGA 1200, LGA 2011-V3,","AM3+, AM4, FM2, FM2+, LGA 1151 (Coffee Lake), LGA 1151 (Kaby Lake), LGA 1151 (Skylake), LGA 1200, LGA 2011-V3, LGA 3647-V1, LGA 3647-V3, LGA 4189, LGA 4926,",160,,,,1.24,,,Prefabs/CoolingSystems/AirCoolers/Raijintek/Ereboss,Raijintek Ereboss
CPU Cooler - Air,Raijintek,Ereboss 2X,Y,Y,110,36,16,1,,,,Air Cooler,,113.0,,,,,,,,,,,,,,,,,Y,,,,,,Y,,,Y,,,,,,"LGA 3647-V3 (2P), LGA 4189 (2P), LGA 4926 (2P),",160,,,,1.24,,,Prefabs/CoolingSystems/AirCoolers/Raijintek/Ereboss,Raijintek Ereboss 2X
CPU Cooler - Air,Raijintek,Ereboss 4X,Y,Y,220,72,18,95,,,,Air Cooler,,226.0,,,,,,,,,,,,,,,,,,,,,,,,Y,,,,,,,,"LGA 3647-V3 (4P),",160,,,,1.24,,,Prefabs/CoolingSystems/AirCoolers/Raijintek/Ereboss,Raijintek Ereboss 4X
CPU Cooler - Air,Raijintek,Ereboss 8X,Y,Y,440,144,23,35,,,,Air Cooler,,452.0,,,,,,,,,,,,,,,,,,,,,,,,,Y,,,,,,,"LGA 3647-V3 (8P),",160,,,,1.24,,,Prefabs/CoolingSystems/AirCoolers/Raijintek/Ereboss,Raijintek Ereboss 8X
CPU Cooler - Air,Raijintek,JUNO PRO RBW,,Y,24,8,10,50,1.2,,RGB,Air Cooler,,40.0,Y,Y,Y,Y,Y,,,,Y,,Y,,,,,,,,,,,,,,,,,,,,"AM3+, AM4, FM2+, LGA 1151 (Coffee Lake), LGA 1151 (Kaby Lake), LGA 1151 (Skylake), LGA 1200,","AM3+, AM4, FM2+, LGA 1151 (Coffee Lake), LGA 1151 (Kaby Lake), LGA 1151 (Skylake), LGA 1200,",66,,,,1.16,,,Prefabs/CoolingSystems/AirCoolers/Raijintek/AC_Raijintek_JUNO_PRO_RBW,Raijintek JUNO PRO RBW
CPU Cooler - Air,Raijintek,LETO PRO RGB,,Y,70,23,11,1,1.0,,RGB,Air Cooler,,100.0,Y,Y,Y,Y,Y,,,Y,Y,Y,Y,Y,Y,Y,Y,Y,,Y,,,,,,,,,,,,,"AM3+, AM4, FM2, FM2+, LGA 1151 (Coffee Lake), LGA 1151 (Kaby Lake), LGA 1151 (Skylake), LGA 1200, LGA 2011-V3, LGA 2066,","AM3+, AM4, FM2, FM2+, LGA 1151 (Coffee Lake), LGA 1151 (Kaby Lake), LGA 1151 (Skylake), LGA 1200, LGA 2011-V3, LGA 2066, LGA 2566, LGA 3647-V1, LGA 3647-V3, LGA 4189, LGA 4926,",155,,,,,,,Prefabs/CoolingSystems/AirCoolers/Raijintek/AC_Raijintek_LetoProRGB,Raijintek LETO PRO RGB
CPU Cooler - Air,Raijintek,LETO PRO RGB 2X,Y,Y,140,46,16,1,,,RGB,Air Cooler,,200.0,,,,,,,,,,,,,,,,,Y,,,,,,Y,,,Y,,,,,,"LGA 3647-V3 (2P), LGA 4189 (2P), LGA 4926 (2P),",155,,,,,,,Prefabs/CoolingSystems/AirCoolers/Raijintek/AC_Raijintek_LetoProRGB,Raijintek LETO PRO RGB 2X
CPU Cooler - Air,Raijintek,LETO PRO RGB 4X,Y,Y,280,92,18,95,,,RGB,Air Cooler,,400.0,,,,,,,,,,,,,,,,,,,,,,,,Y,,,,,,,,"LGA 3647-V3 (4P),",155,,,,,,,Prefabs/CoolingSystems/AirCoolers/Raijintek/AC_Raijintek_LetoProRGB,Raijintek LETO PRO RGB 4X
CPU Cooler - Air,Raijintek,LETO PRO RGB 8X,Y,Y,560,184,23,35,,,RGB,Air Cooler,,800.0,,,,,,,,,,,,,,,,,,,,,,,,,Y,,,,,,,"LGA 3647-V3 (8P),",155,,,,,,,Prefabs/CoolingSystems/AirCoolers/Raijintek/AC_Raijintek_LetoProRGB,Raijintek LETO PRO RGB 8X
CPU Cooler - Air,Raijintek,MYA RBW,,Y,90,30,10,70,1.2,,RGB,Air Cooler,,70.0,Y,Y,Y,Y,Y,,,Y,Y,Y,Y,Y,Y,Y,Y,Y,,Y,,,,,,,,,,,,,"AM3+, AM4, FM2, FM2+, LGA 1151 (Coffee Lake), LGA 1151 (Kaby Lake), LGA 1151 (Skylake), LGA 1200, LGA 2011-V3, LGA 2066,","AM3+, AM4, FM2, FM2+, LGA 1151 (Coffee Lake), LGA 1151 (Kaby Lake), LGA 1151 (Skylake), LGA 1200, LGA 2011-V3, LGA 2066, LGA 2566, LGA 3647-V1, LGA 3647-V3, LGA 4189, LGA 4926,",163,,,,0.67,,,Prefabs/CoolingSystems/AirCoolers/Raijintek/AC_Raijintek_MYA RBW,Raijintek MYA RBW
CPU Cooler - Air,Raijintek,MYA RBW 2X,Y,Y,180,60,16,1,,,RGB,Air Cooler,,140.0,,,,,,,,,,,,,,,,,Y,,,,,,Y,,,Y,,,,,,"LGA 3647-V3 (2P), LGA 4189 (2P), LGA 4926 (2P),",163,,,,0.67,,,Prefabs/CoolingSystems/AirCoolers/Raijintek/AC_Raijintek_MYA RBW,Raijintek MYA RBW 2X
CPU Cooler - Air,Raijintek,MYA RBW 4X,Y,Y,360,120,18,95,,,RGB,Air Cooler,,280.0,,,,,,,,,,,,,,,,,,,,,,,,Y,,,,,,,,"LGA 3647-V3 (4P),",163,,,,0.67,,,Prefabs/CoolingSystems/AirCoolers/Raijintek/AC_Raijintek_MYA RBW,Raijintek MYA RBW 4X
CPU Cooler - Air,Raijintek,MYA RBW 8X,Y,Y,720,240,23,35,,,RGB,Air Cooler,,560.0,,,,,,,,,,,,,,,,,,,,,,,,,Y,,,,,,,"LGA 3647-V3 (8P),",163,,,,0.67,,,Prefabs/CoolingSystems/AirCoolers/Raijintek/AC_Raijintek_MYA RBW,Raijintek MYA RBW 8X
CPU Cooler - Air,Raijintek,PALLAS 120,,Y,70,23,10,60,1.2,,,Air Cooler,,45.0,Y,Y,Y,Y,Y,,,Y,Y,Y,Y,Y,Y,,,,,,,,,,,,,,,,,,"AM3+, AM4, FM2, FM2+, LGA 1151 (Coffee Lake), LGA 1151 (Kaby Lake), LGA 1151 (Skylake), LGA 1200, LGA 2011-V3, LGA 2066,","AM3+, AM4, FM2, FM2+, LGA 1151 (Coffee Lake), LGA 1151 (Kaby Lake), LGA 1151 (Skylake), LGA 1200, LGA 2011-V3, LGA 2066, LGA 2566,",68,,,,0.67,,,Prefabs/CoolingSystems/AirCoolers/Raijintek/AC_Raijintek_PALLAS_120_SERIES,Raijintek PALLAS 120
CPU Cooler - Air,Raijintek,Themis Evo,,Y,35,12,2,30,1.0,,,Air Cooler,,65.58,Y,Y,Y,Y,Y,,,,Y,Y,Y,Y,,,,,,,,,,,,,,,,,,,"AM3+, AM4, FM2, FM2+, LGA 1151 (Coffee Lake), LGA 1151 (Kaby Lake), LGA 1151 (Skylake), LGA 1200, LGA 2011-V3,","AM3+, AM4, FM2, FM2+, LGA 1151 (Coffee Lake), LGA 1151 (Kaby Lake), LGA 1151 (Skylake), LGA 1200, LGA 2011-V3,",165,,,,2.24,,,Prefabs/CoolingSystems/AirCoolers/Raijintek/THEMIS Evo,Raijintek Themis Evo
CPU Cooler - Air,Raijintek,Tisis,,Y,70,23,18,16,1.0,,,Air Cooler,,70.2,Y,Y,Y,Y,Y,,,,Y,Y,Y,Y,,Y,Y,Y,,Y,,,,,,,,,,,,,"AM3+, AM4, FM2, FM2+, LGA 1151 (Coffee Lake), LGA 1151 (Kaby Lake), LGA 1151 (Skylake), LGA 1200, LGA 2011-V3,","AM3+, AM4, FM2, FM2+, LGA 1151 (Coffee Lake), LGA 1151 (Kaby Lake), LGA 1151 (Skylake), LGA 1200, LGA 2011-V3, LGA 3647-V1, LGA 3647-V3, LGA 4189, LGA 4926,",167,,,,0.9,,,Prefabs/CoolingSystems/AirCoolers/Raijintek/Tisis,Raijintek Tisis
CPU Cooler - Air,Raijintek,Tisis 2X,Y,Y,140,46,18,16,,,,Air Cooler,,140.0,,,,,,,,,,,,,,,,,Y,,,,,,Y,,,Y,,,,,,"LGA 3647-V3 (2P), LGA 4189 (2P), LGA 4926 (2P),",167,,,,0.9,,,Prefabs/CoolingSystems/AirCoolers/Raijintek/Tisis,Raijintek Tisis 2X
CPU Cooler - Air,Raijintek,Tisis 4X,Y,Y,280,92,18,95,,,,Air Cooler,,280.0,,,,,,,,,,,,,,,,,,,,,,,,Y,,,,,,,,"LGA 3647-V3 (4P),",167,,,,0.9,,,Prefabs/CoolingSystems/AirCoolers/Raijintek/Tisis,Raijintek Tisis 4X
CPU Cooler - Air,Raijintek,Tisis 8X,Y,Y,560,184,23,35,,,,Air Cooler,,561.0,,,,,,,,,,,,,,,,,,,,,,,,,Y,,,,,,,"LGA 3647-V3 (8P),",167,,,,0.9,,,Prefabs/CoolingSystems/AirCoolers/Raijintek/Tisis,Raijintek Tisis 8X
CPU Cooler - Air,SilverStone,AR07,,Y,95,32,14,50,1.0,,,Air Cooler,,93.0,Y,Y,Y,Y,Y,,,Y,Y,Y,Y,Y,Y,Y,Y,Y,,Y,,,,,,,,,,,,,"AM3+, AM4, FM2, FM2+, LGA 1151 (Coffee Lake), LGA 1151 (Kaby Lake), LGA 1151 (Skylake), LGA 1200, LGA 2011-V3, LGA 2066,","AM3+, AM4, FM2, FM2+, LGA 1151 (Coffee Lake), LGA 1151 (Kaby Lake), LGA 1151 (Skylake), LGA 1200, LGA 2011-V3, LGA 2066, LGA 2566, LGA 3647-V1, LGA 3647-V3, LGA 4189, LGA 4926,",163,,,,,,,Prefabs/CoolingSystems/AirCoolers/SilverStone/AR07,SilverStone AR07
CPU Cooler - Air,SilverStone,AR07 2X,Y,Y,190,64,16,1,,,,Air Cooler,,186.0,,,,,,,,,,,,,,,,,Y,,,,,,Y,,,Y,,,,,,"LGA 3647-V3 (2P), LGA 4189 (2P), LGA 4926 (2P),",163,,,,,,,Prefabs/CoolingSystems/AirCoolers/SilverStone/AR07,SilverStone AR07 2X
CPU Cooler - Air,SilverStone,AR07 4X,Y,Y,380,128,18,95,,,,Air Cooler,,372.0,,,,,,,,,,,,,,,,,,,,,,,,Y,,,,,,,,"LGA 3647-V3 (4P),",163,,,,,,,Prefabs/CoolingSystems/AirCoolers/SilverStone/AR07,SilverStone AR07 4X
CPU Cooler - Air,SilverStone,AR07 8X,Y,Y,760,256,23,35,,,,Air Cooler,,744.0,,,,,,,,,,,,,,,,,,,,,,,,,Y,,,,,,,"LGA 3647-V3 (8P),",163,,,,,,,Prefabs/CoolingSystems/AirCoolers/SilverStone/AR07,SilverStone AR07 8X
CPU Cooler - Air,SilverStone,AR08,,Y,40,13,4,1,1.0,,,Air Cooler,,49.5,Y,Y,Y,Y,Y,,,Y,Y,Y,Y,Y,Y,,,,,,,,,,,,,,,,,,"AM3+, AM4, FM2, FM2+, LGA 1151 (Coffee Lake), LGA 1151 (Kaby Lake), LGA 1151 (Skylake), LGA 1200, LGA 2011-V3, LGA 2066,","AM3+, AM4, FM2, FM2+, LGA 1151 (Coffee Lake), LGA 1151 (Kaby Lake), LGA 1151 (Skylake), LGA 1200, LGA 2011-V3, LGA 2066, LGA 2566,",134,,,,,,,Prefabs/CoolingSystems/AirCoolers/SilverStone/AR08,SilverStone AR08
CPU Cooler - Air,SilverStone,HE01,,Y,80,27,16,53,1.0,,,Air Cooler,,171.0,Y,Y,Y,Y,Y,,,Y,Y,Y,Y,Y,Y,,,,,,,,,,,,,,,,,,"AM3+, AM4, FM2, FM2+, LGA 1151 (Coffee Lake), LGA 1151 (Kaby Lake), LGA 1151 (Skylake), LGA 1200, LGA 2011-V3, LGA 2066,","AM3+, AM4, FM2, FM2+, LGA 1151 (Coffee Lake), LGA 1151 (Kaby Lake), LGA 1151 (Skylake), LGA 1200, LGA 2011-V3, LGA 2066, LGA 2566,",161,,,,,,,Prefabs/CoolingSystems/AirCoolers/SilverStone/HE01,SilverStone HE01
CPU Cooler - Air,SilverStone,HE02,,Y,75,25,16,31,1.0,,,Air Cooler,Y,70.0,Y,Y,Y,Y,Y,,,Y,Y,Y,Y,Y,Y,Y,Y,Y,,Y,,,,,,,,,,,,,"AM3+, AM4, FM2, FM2+, LGA 1151 (Coffee Lake), LGA 1151 (Kaby Lake), LGA 1151 (Skylake), LGA 1200, LGA 2011-V3, LGA 2066,","AM3+, AM4, FM2, FM2+, LGA 1151 (Coffee Lake), LGA 1151 (Kaby Lake), LGA 1151 (Skylake), LGA 1200, LGA 2011-V3, LGA 2066, LGA 2566, LGA 3647-V1, LGA 3647-V3, LGA 4189, LGA 4926,",160,,,,,,Y,Prefabs/CoolingSystems/AirCoolers/SilverStone/HE02,SilverStone HE02
CPU Cooler - Air,SilverStone,HE02 2X,Y,Y,150,50,16,1,,,,Air Cooler,Y,140.0,,,,,,,,,,,,,,,,,Y,,,,,,Y,,,Y,,,,,,"LGA 3647-V3 (2P), LGA 4189 (2P), LGA 4926 (2P),",160,,,,,,,Prefabs/CoolingSystems/AirCoolers/SilverStone/HE02,SilverStone HE02 2X
CPU Cooler - Air,SilverStone,HE02 4X,Y,Y,300,100,18,95,,,,Air Cooler,Y,280.0,,,,,,,,,,,,,,,,,,,,,,,,Y,,,,,,,,"LGA 3647-V3 (4P),",160,,,,,,,Prefabs/CoolingSystems/AirCoolers/SilverStone/HE02,SilverStone HE02 4X
CPU Cooler - Air,SilverStone,HE02 8X,Y,Y,600,200,23,35,,,,Air Cooler,Y,560.0,,,,,,,,,,,,,,,,,,,,,,,,,Y,,,,,,,"LGA 3647-V3 (8P),",160,,,,,,,Prefabs/CoolingSystems/AirCoolers/SilverStone/HE02,SilverStone HE02 8X
CPU Cooler - Air,SilverStone,HE03,Y,Y,165,85,20,31,,,,Air Cooler,Y,200.0,Y,Y,Y,Y,Y,Y,Y,Y,Y,Y,Y,Y,Y,Y,Y,Y,,Y,Y,Y,Y,Y,,,,,,,,,,"LGA 1151 (Coffee Lake), LGA 1151 (Kaby Lake), LGA 1151 (Skylake), TR4, LGA 2066, LGA 2566, AM4, sTRX4, LGA 2011-V3, FM2+, FM2, LGA 1200, AM3+, SP3r1, SP3r2, SP6, LGA 3647-V1, LGA 3647-V3, LGA 4189, LGA 4926, LGA 5903,",160,,,,,,,Prefabs/CoolingSystems/AirCoolers/SilverStone/HE02,SilverStone HE03
CPU Cooler - Air,SilverStone,NT06-PRO,,Y,60,20,12,70,1.0,,,Air Cooler,,73.969,,Y,Y,Y,Y,,,Y,Y,Y,Y,Y,Y,Y,Y,Y,,Y,,,,,,,,,,,,,"AM3+, FM2, FM2+, LGA 1151 (Coffee Lake), LGA 1151 (Kaby Lake), LGA 1151 (Skylake), LGA 1200, LGA 2011-V3, LGA 2066,","AM3+, FM2, FM2+, LGA 1151 (Coffee Lake), LGA 1151 (Kaby Lake), LGA 1151 (Skylake), LGA 1200, LGA 2011-V3, LGA 2066, LGA 2566, LGA 3647-V1, LGA 3647-V3, LGA 4189, LGA 4926,",102,,,,,,,Prefabs/CoolingSystems/AirCoolers/SilverStone/NT06-PRO,SilverStone NT06-PRO
CPU Cooler - Air,SilverStone,NT06-PRO 2X,Y,Y,120,40,16,1,,,,Air Cooler,,147.0,,,,,,,,,,,,,,,,,Y,,,,,,Y,,,Y,,,,,,"LGA 3647-V3 (2P), LGA 4189 (2P), LGA 4926 (2P),",102,,,,,,,Prefabs/CoolingSystems/AirCoolers/SilverStone/NT06-PRO,SilverStone NT06-PRO 2X
CPU Cooler - Air,SilverStone,NT06-PRO 4X,Y,Y,240,80,18,95,,,,Air Cooler,,295.0,,,,,,,,,,,,,,,,,,,,,,,,Y,,,,,,,,"LGA 3647-V3 (4P),",102,,,,,,,Prefabs/CoolingSystems/AirCoolers/SilverStone/NT06-PRO,SilverStone NT06-PRO 4X
CPU Cooler - Air,SilverStone,NT06-PRO 8X,Y,Y,480,160,23,35,,,,Air Cooler,,591.0,,,,,,,,,,,,,,,,,,,,,,,,,Y,,,,,,,"LGA 3647-V3 (8P),",102,,,,,,,Prefabs/CoolingSystems/AirCoolers/SilverStone/NT06-PRO,SilverStone NT06-PRO 8X
CPU Cooler - Air,Thermaltake,Engine 27 1U Low-Profile,,Y,85,28,8,50,1.0,,,Air Cooler,,40.0,,Y,Y,Y,Y,,,,,,,,,Y,Y,Y,,Y,,,,,,,,,,,,,"LGA 1151 (Coffee Lake), LGA 1151 (Kaby Lake), LGA 1151 (Skylake), LGA 1200,","LGA 1151 (Coffee Lake), LGA 1151 (Kaby Lake), LGA 1151 (Skylake), LGA 1200, LGA 3647-V1, LGA 3647-V3, LGA 4189, LGA 4926,",27,,,,,,,Prefabs/CoolingSystems/AirCoolers/Thermaltake/Thermaltake_Engine27_1U_LowProfile,Thermaltake Engine 27 1U Low-Profile
CPU Cooler - Air,Thermaltake,Riing Silent 12 RGB Sync Edition,,Y,50,17,19,30,1.0,,RGB,Air Cooler,,53.0,Y,Y,Y,Y,Y,,,Y,Y,Y,Y,Y,Y,Y,Y,Y,,Y,,,,,,,,,,,,,"AM3+, AM4, FM2, FM2+, LGA 1151 (Coffee Lake), LGA 1151 (Kaby Lake), LGA 1151 (Skylake), LGA 1200, LGA 2011-V3, LGA 2066,","AM3+, AM4, FM2, FM2+, LGA 1151 (Coffee Lake), LGA 1151 (Kaby Lake), LGA 1151 (Skylake), LGA 1200, LGA 2011-V3, LGA 2066, LGA 2566, LGA 3647-V1, LGA 3647-V3, LGA 4189, LGA 4926,",159,,,,1.23,,,Prefabs/CoolingSystems/AirCoolers/Thermaltake/Thermaltake_RiingSilent12,Thermaltake Riing Silent 12 RGB Sync Edition
CPU Cooler - Air,Thermaltake,Riing Silent 12 RGB Sync Edition 2X,Y,Y,100,34,19,30,,,RGB,Air Cooler,,106.0,,,,,,,,,,,,,,,,,Y,,,,,,Y,,,Y,,,,,,"LGA 3647-V3 (2P), LGA 4189 (2P), LGA 4926 (2P),",159,,,,1.23,,,Prefabs/CoolingSystems/AirCoolers/Thermaltake/Thermaltake_RiingSilent12,Thermaltake Riing Silent 12 RGB Sync Edition 2X
CPU Cooler - Air,Thermaltake,Riing Silent 12 RGB Sync Edition 4X,Y,Y,200,68,19,30,,,RGB,Air Cooler,,212.0,,,,,,,,,,,,,,,,,,,,,,,,Y,,,,,,,,"LGA 3647-V3 (4P),",159,,,,1.23,,,Prefabs/CoolingSystems/AirCoolers/Thermaltake/Thermaltake_RiingSilent12,Thermaltake Riing Silent 12 RGB Sync Edition 4X
CPU Cooler - Air,Thermaltake,Riing Silent 12 RGB Sync Edition 8X,Y,Y,400,136,23,35,,,RGB,Air Cooler,,424.0,,,,,,,,,,,,,,,,,,,,,,,,,Y,,,,,,,"LGA 3647-V3 (8P),",159,,,,1.23,,,Prefabs/CoolingSystems/AirCoolers/Thermaltake/Thermaltake_RiingSilent12,Thermaltake Riing Silent 12 RGB Sync Edition 8X
CPU Cooler - Liquid,ADATA,XPG LEVANTE 240,,Y,150,50,27,50,1.9,PC,RGB,Liquid Cooler,,105.0,Y,Y,Y,Y,Y,,,Y,Y,Y,Y,Y,Y,Y,Y,Y,,Y,,,,,,,,,,,,,"AM3+, AM4, FM2, FM2+, LGA 1151 (Coffee Lake), LGA 1151 (Kaby Lake), LGA 1151 (Skylake), LGA 1200, LGA 2011-V3, LGA 2066,","AM3+, AM4, FM2, FM2+, LGA 1151 (Coffee Lake), LGA 1151 (Kaby Lake), LGA 1151 (Skylake), LGA 1200, LGA 2011-V3, LGA 2066, LGA 2566, LGA 3647-V1, LGA 3647-V3, LGA 4189, LGA 4926,",36,240.0,2.0,0.265,,,,v1_9_0/Prefabs/CoolingSystems/LiquidCoolers/ADATA/LC_ADATA_XPG_Levante,ADATA XPG LEVANTE 240
CPU Cooler - Liquid,ADATA,XPG LEVANTE 360,,Y,200,67,27,50,1.12,PC,RGB,Liquid Cooler,,130.0,Y,Y,Y,Y,Y,,,Y,Y,Y,Y,Y,Y,Y,Y,Y,,Y,,,,,,,,,,,,,"AM3+, AM4, FM2, FM2+, LGA 1151 (Coffee Lake), LGA 1151 (Kaby Lake), LGA 1151 (Skylake), LGA 1200, LGA 2011-V3, LGA 2066,","AM3+, AM4, FM2, FM2+, LGA 1151 (Coffee Lake), LGA 1151 (Kaby Lake), LGA 1151 (Skylake), LGA 1200, LGA 2011-V3, LGA 2066, LGA 2566, LGA 3647-V1, LGA 3647-V3, LGA 4189, LGA 4926,",36,360.0,3.0,0.265,,,,v1_12_0/Prefabs/CoolingSystems/LiquidCoolers/ADATA/LC_ADATA_XPG_LEVANTE_360,ADATA XPG LEVANTE 360
CPU Cooler - Liquid,Alphacool,Eisbaer 420 CPU,,Y,205,68,33,1,1.15,PC,RGB,Liquid Cooler,,160.0,Y,Y,Y,Y,Y,,,Y,Y,Y,Y,Y,,,,,,,,,,,,,,,,,,,"AM3+, AM4, FM2, FM2+, LGA 1151 (Coffee Lake), LGA 1151 (Kaby Lake), LGA 1151 (Skylake), LGA 1200, LGA 2011-V3, LGA 2066,","AM3+, AM4, FM2, FM2+, LGA 1151 (Coffee Lake), LGA 1151 (Kaby Lake), LGA 1151 (Skylake), LGA 1200, LGA 2011-V3, LGA 2066,",30,420.0,3.0,0.265,1.66,,,v1_15_0/Prefabs/CoolerSystems/Liquid Coolers/Alphacool/LC_Eisbaer_420_CPU,Alphacool Eisbaer 420 CPU
CPU Cooler - Liquid,Alphacool,Eisbaer Aurora 240 CPU,,Y,120,40,33,1,1.15,PC,RGB,Liquid Cooler,,115.0,Y,Y,Y,Y,Y,Y,Y,Y,Y,Y,Y,Y,,,,,,,,,,,,,,,,,,,"AM3+, AM4, FM2, FM2+, LGA 1151 (Coffee Lake), LGA 1151 (Kaby Lake), LGA 1151 (Skylake), LGA 1200, LGA 2011-V3, LGA 2066, TR4, sTRX4,","AM3+, AM4, FM2, FM2+, LGA 1151 (Coffee Lake), LGA 1151 (Kaby Lake), LGA 1151 (Skylake), LGA 1200, LGA 2011-V3, LGA 2066, TR4, sTRX4,",69,240.0,2.0,0.265,2.0,,,v1_15_0/Prefabs/CoolerSystems/Liquid Coolers/Alphacool/LC_Eisbaer_Aurora_240_CPU,Alphacool Eisbaer Aurora 240 CPU
CPU Cooler - Liquid,Alphacool,Eisbaer Aurora 280 CPU,,Y,130,43,33,1,1.15,PC,RGB,Liquid Cooler,,130.0,Y,Y,Y,Y,Y,Y,Y,Y,Y,Y,Y,Y,,,,,,,,,,,,,,,,,,,"AM3+, AM4, FM2, FM2+, LGA 1151 (Coffee Lake), LGA 1151 (Kaby Lake), LGA 1151 (Skylake), LGA 1200, LGA 2011-V3, LGA 2066, TR4, sTRX4,","AM3+, AM4, FM2, FM2+, LGA 1151 (Coffee Lake), LGA 1151 (Kaby Lake), LGA 1151 (Skylake), LGA 1200, LGA 2011-V3, LGA 2066, TR4, sTRX4,",69,280.0,2.0,0.265,1.6,,,v1_15_0/Prefabs/CoolerSystems/Liquid Coolers/Alphacool/LC_Eisbaer_Aurora_280_CPU,Alphacool Eisbaer Aurora 280 CPU
CPU Cooler - Liquid,Alphacool,Eisbaer Aurora 360 CPU,,Y,140,47,33,1,1.15,PC,RGB,Liquid Cooler,,150.0,Y,Y,Y,Y,Y,Y,Y,Y,Y,Y,Y,Y,,,,,,,,,,,,,,,,,,,"AM3+, AM4, FM2, FM2+, LGA 1151 (Coffee Lake), LGA 1151 (Kaby Lake), LGA 1151 (Skylake), LGA 1200, LGA 2011-V3, LGA 2066, TR4, sTRX4,","AM3+, AM4, FM2, FM2+, LGA 1151 (Coffee Lake), LGA 1151 (Kaby Lake), LGA 1151 (Skylake), LGA 1200, LGA 2011-V3, LGA 2066, TR4, sTRX4,",69,360.0,3.0,0.265,2.0,,,v1_15_0/Prefabs/CoolerSystems/Liquid Coolers/Alphacool/LC_Eisbaer_Aurora_360_CPU,Alphacool Eisbaer Aurora 360 CPU
CPU Cooler - Liquid,Alphacool,Eisbaer Aurora 420 CPU,,Y,160,53,33,1,1.15,PC,RGB,Liquid Cooler,,160.0,Y,Y,Y,Y,Y,Y,Y,Y,Y,Y,Y,Y,,,,,,,,,,,,,,,,,,,"AM3+, AM4, FM2, FM2+, LGA 1151 (Coffee Lake), LGA 1151 (Kaby Lake), LGA 1151 (Skylake), LGA 1200, LGA 2011-V3, LGA 2066, TR4, sTRX4,","AM3+, AM4, FM2, FM2+, LGA 1151 (Coffee Lake), LGA 1151 (Kaby Lake), LGA 1151 (Skylake), LGA 1200, LGA 2011-V3, LGA 2066, TR4, sTRX4,",69,420.0,3.0,0.265,1.6,,,v1_15_0/Prefabs/CoolerSystems/Liquid Coolers/Alphacool/LC_Eisbaer_Aurora_420_CPU,Alphacool Eisbaer Aurora 420 CPU
CPU Cooler - Liquid,Antec,K120,,Y,60,20,17,1,1.0,,Blue,Liquid Cooler,,70.0,Y,Y,Y,Y,Y,,,Y,Y,Y,Y,Y,Y,Y,Y,Y,,Y,,,,,,,,,,,,,"AM3+, AM4, FM2, FM2+, LGA 1151 (Coffee Lake), LGA 1151 (Kaby Lake), LGA 1151 (Skylake), LGA 1200, LGA 2011-V3, LGA 2066,","AM3+, AM4, FM2, FM2+, LGA 1151 (Coffee Lake), LGA 1151 (Kaby Lake), LGA 1151 (Skylake), LGA 1200, LGA 2011-V3, LGA 2066, LGA 2566, LGA 3647-V1, LGA 3647-V3, LGA 4189, LGA 4926,",50,120.0,1.0,0.248,,,,Prefabs/CoolingSystems/LiquidCoolers/Antec/Antec_K120_Radiator,Antec K120
CPU Cooler - Liquid,Antec,K240,,Y,80,27,17,1,1.0,,Blue,Liquid Cooler,,105.0,Y,Y,Y,Y,Y,,,Y,Y,Y,Y,Y,Y,Y,Y,Y,,Y,,,,,,,,,,,,,"AM3+, AM4, FM2, FM2+, LGA 1151 (Coffee Lake), LGA 1151 (Kaby Lake), LGA 1151 (Skylake), LGA 1200, LGA 2011-V3, LGA 2066,","AM3+, AM4, FM2, FM2+, LGA 1151 (Coffee Lake), LGA 1151 (Kaby Lake), LGA 1151 (Skylake), LGA 1200, LGA 2011-V3, LGA 2066, LGA 2566, LGA 3647-V1, LGA 3647-V3, LGA 4189, LGA 4926,",50,240.0,2.0,0.248,,,,Prefabs/CoolingSystems/LiquidCoolers/Antec/Antec_K240_Radiator,Antec K240
CPU Cooler - Liquid,Antec,Mercury120 RGB,,Y,87,29,20,1,1.0,,RGB,Liquid Cooler,,70.0,Y,Y,Y,Y,Y,Y,Y,Y,Y,Y,Y,Y,Y,Y,Y,Y,,Y,,Y,Y,Y,,,,,,,,,"AM3+, AM4, FM2, FM2+, LGA 1151 (Coffee Lake), LGA 1151 (Kaby Lake), LGA 1151 (Skylake), LGA 1200, LGA 2011-V3, LGA 2066, TR4, sTRX4,","AM3+, AM4, FM2, FM2+, LGA 1151 (Coffee Lake), LGA 1151 (Kaby Lake), LGA 1151 (Skylake), LGA 1200, LGA 2011-V3, LGA 2066, LGA 2566, TR4, sTRX4, LGA 3647-V1, LGA 3647-V3, LGA 4189, LGA 4926, SP3r1, SP3r2, SP6,",60,120.0,1.0,0.249,,,,Prefabs/CoolingSystems/LiquidCoolers/Antec/Antec_Mercury120_Radiator,Antec Mercury120 RGB
CPU Cooler - Liquid,Antec,Mercury240 RGB,,Y,120,40,20,20,1.0,,RGB,Liquid Cooler,,105.0,Y,Y,Y,Y,Y,Y,Y,Y,Y,Y,Y,Y,Y,Y,Y,Y,,Y,,Y,Y,Y,,,,,,,,,"AM3+, AM4, FM2, FM2+, LGA 1151 (Coffee Lake), LGA 1151 (Kaby Lake), LGA 1151 (Skylake), LGA 1200, LGA 2011-V3, LGA 2066, TR4, sTRX4,","AM3+, AM4, FM2, FM2+, LGA 1151 (Coffee Lake), LGA 1151 (Kaby Lake), LGA 1151 (Skylake), LGA 1200, LGA 2011-V3, LGA 2066, LGA 2566, TR4, sTRX4, LGA 3647-V1, LGA 3647-V3, LGA 4189, LGA 4926, SP3r1, SP3r2, SP6,",60,240.0,2.0,0.249,,,,Prefabs/CoolingSystems/LiquidCoolers/Antec/Antec_Mercury240_Radiator,Antec Mercury240 RGB
CPU Cooler - Liquid,Antec,Mercury360 RGB,,Y,147,49,20,40,1.0,,RGB,Liquid Cooler,,145.0,Y,Y,Y,Y,Y,Y,Y,Y,Y,Y,Y,Y,Y,Y,Y,Y,,Y,,Y,Y,Y,,,,,,,,,"AM3+, AM4, FM2, FM2+, LGA 1151 (Coffee Lake), LGA 1151 (Kaby Lake), LGA 1151 (Skylake), LGA 1200, LGA 2011-V3, LGA 2066, TR4, sTRX4,","AM3+, AM4, FM2, FM2+, LGA 1151 (Coffee Lake), LGA 1151 (Kaby Lake), LGA 1151 (Skylake), LGA 1200, LGA 2011-V3, LGA 2066, LGA 2566, TR4, sTRX4, LGA 3647-V1, LGA 3647-V3, LGA 4189, LGA 4926, SP3r1, SP3r2, SP6,",60,360.0,3.0,0.252,,,,Prefabs/CoolingSystems/LiquidCoolers/Antec/Antec_Mercury360_Radiator,Antec Mercury360 RGB
CPU Cooler - Liquid,Antec,Neptune 120,,Y,85,28,20,60,1.10,PC,RGB,Liquid Cooler,,70.0,Y,Y,Y,Y,Y,,,Y,Y,Y,Y,Y,Y,Y,Y,Y,,Y,,,,,,,,,,,,,"AM3+, AM4, FM2, FM2+, LGA 1151 (Coffee Lake), LGA 1151 (Kaby Lake), LGA 1151 (Skylake), LGA 1200, LGA 2011-V3, LGA 2066,","AM3+, AM4, FM2, FM2+, LGA 1151 (Coffee Lake), LGA 1151 (Kaby Lake), LGA 1151 (Skylake), LGA 1200, LGA 2011-V3, LGA 2066, LGA 2566, LGA 3647-V1, LGA 3647-V3, LGA 4189, LGA 4926,",47,120.0,1.0,0.272,,,,v1_10_0/Prefabs/CoolingSystems/LiquidCoolers/Antec/LC_Antec_Neptune_120,Antec Neptune 120
CPU Cooler - Liquid,Antec,Neptune 240,,Y,140,47,20,60,1.10,PC,RGB,Liquid Cooler,,105.0,Y,Y,Y,Y,Y,,,Y,Y,Y,Y,Y,Y,Y,Y,Y,,Y,,,,,,,,,,,,,"AM3+, AM4, FM2, FM2+, LGA 1151 (Coffee Lake), LGA 1151 (Kaby Lake), LGA 1151 (Skylake), LGA 1200, LGA 2011-V3, LGA 2066,","AM3+, AM4, FM2, FM2+, LGA 1151 (Coffee Lake), LGA 1151 (Kaby Lake), LGA 1151 (Skylake), LGA 1200, LGA 2011-V3, LGA 2066, LGA 2566, LGA 3647-V1, LGA 3647-V3, LGA 4189, LGA 4926,",47,240.0,2.0,0.272,,,,v1_10_0/Prefabs/CoolingSystems/LiquidCoolers/Antec/LC_Antec_Neptune_240,Antec Neptune 240
CPU Cooler - Liquid,ARCTIC,Liquid Freezer 2 series 120mm,,Y,80,27,28,50,1.11,PC,,Liquid Cooler,,70.0,Y,Y,Y,Y,Y,,,Y,Y,Y,Y,Y,Y,Y,Y,Y,,Y,,,,,,,,,,,,,"AM3+, AM4, FM2, FM2+, LGA 1151 (Coffee Lake), LGA 1151 (Kaby Lake), LGA 1151 (Skylake), LGA 1200, LGA 2011-V3, LGA 2066,","AM3+, AM4, FM2, FM2+, LGA 1151 (Coffee Lake), LGA 1151 (Kaby Lake), LGA 1151 (Skylake), LGA 1200, LGA 2011-V3, LGA 2066, LGA 2566, LGA 3647-V1, LGA 3647-V3, LGA 4189, LGA 4926,",98,120.0,1.0,0.38,,,,v1_11_0/Prefabs/CoolingSystems/LiquidCoolers/Artic/LC_Arctic_Liquid_Freezer_2_series_120,ARCTIC Liquid Freezer 2 series 120mm
CPU Cooler - Liquid,ARCTIC,Liquid Freezer 2 series 240mm,,Y,110,37,28,50,1.11,PC,,Liquid Cooler,,105.0,Y,Y,Y,Y,Y,,,Y,Y,Y,Y,Y,Y,Y,Y,Y,,Y,,,,,,,,,,,,,"AM3+, AM4, FM2, FM2+, LGA 1151 (Coffee Lake), LGA 1151 (Kaby Lake), LGA 1151 (Skylake), LGA 1200, LGA 2011-V3, LGA 2066,","AM3+, AM4, FM2, FM2+, LGA 1151 (Coffee Lake), LGA 1151 (Kaby Lake), LGA 1151 (Skylake), LGA 1200, LGA 2011-V3, LGA 2066, LGA 2566, LGA 3647-V1, LGA 3647-V3, LGA 4189, LGA 4926,",98,240.0,2.0,0.38,,,,v1_11_0/Prefabs/CoolingSystems/LiquidCoolers/Artic/LC_Arctic_Liquid_Freezer_2_series_240,ARCTIC Liquid Freezer 2 series 240mm
CPU Cooler - Liquid,ARCTIC,Liquid Freezer 2 series 280mm,,Y,120,40,28,50,1.11,PC,,Liquid Cooler,,110.0,Y,Y,Y,Y,Y,,,Y,Y,Y,Y,Y,Y,Y,Y,Y,,Y,,,,,,,,,,,,,"AM3+, AM4, FM2, FM2+, LGA 1151 (Coffee Lake), LGA 1151 (Kaby Lake), LGA 1151 (Skylake), LGA 1200, LGA 2011-V3, LGA 2066,","AM3+, AM4, FM2, FM2+, LGA 1151 (Coffee Lake), LGA 1151 (Kaby Lake), LGA 1151 (Skylake), LGA 1200, LGA 2011-V3, LGA 2066, LGA 2566, LGA 3647-V1, LGA 3647-V3, LGA 4189, LGA 4926,",98,280.0,2.0,0.38,,,,v1_11_0/Prefabs/CoolingSystems/LiquidCoolers/Artic/LC_Arctic_Liquid_Freezer_2_series_280,ARCTIC Liquid Freezer 2 series 280mm
CPU Cooler - Liquid,ARCTIC,Liquid Freezer 2 series 360mm,,Y,160,53,28,50,1.11,PC,,Liquid Cooler,,145.0,Y,Y,Y,Y,Y,,,Y,Y,Y,Y,Y,Y,Y,Y,Y,,Y,,,,,,,,,,,,,"AM3+, AM4, FM2, FM2+, LGA 1151 (Coffee Lake), LGA 1151 (Kaby Lake), LGA 1151 (Skylake), LGA 1200, LGA 2011-V3, LGA 2066,","AM3+, AM4, FM2, FM2+, LGA 1151 (Coffee Lake), LGA 1151 (Kaby Lake), LGA 1151 (Skylake), LGA 1200, LGA 2011-V3, LGA 2066, LGA 2566, LGA 3647-V1, LGA 3647-V3, LGA 4189, LGA 4926,",98,360.0,3.0,0.38,,,,v1_11_0/Prefabs/CoolingSystems/LiquidCoolers/Artic/LC_Arctic_Liquid_Freezer_2_series_360,ARCTIC Liquid Freezer 2 series 360mm
CPU Cooler - Liquid,ARCTIC,Liquid Freezer 2 series 420mm,,Y,180,60,28,50,1.11,PC,,Liquid Cooler,,150.0,Y,Y,Y,Y,Y,,,Y,Y,Y,Y,Y,Y,Y,Y,Y,,Y,,,,,,,,,,,,,"AM3+, AM4, FM2, FM2+, LGA 1151 (Coffee Lake), LGA 1151 (Kaby Lake), LGA 1151 (Skylake), LGA 1200, LGA 2011-V3, LGA 2066,","AM3+, AM4, FM2, FM2+, LGA 1151 (Coffee Lake), LGA 1151 (Kaby Lake), LGA 1151 (Skylake), LGA 1200, LGA 2011-V3, LGA 2066, LGA 2566, LGA 3647-V1, LGA 3647-V3, LGA 4189, LGA 4926,",98,420.0,3.0,0.38,,,,v1_11_0/Prefabs/CoolingSystems/LiquidCoolers/Artic/LC_Arctic_Liquid_Freezer_2_series_420,ARCTIC Liquid Freezer 2 series 420mm
CPU Cooler - Liquid,be quiet!,Cryo Loop 360mm,Y,Y,850,465,32,45,,,,Liquid Cooler,,450.0,Y,Y,Y,Y,Y,Y,Y,Y,Y,Y,Y,Y,Y,Y,Y,Y,,Y,Y,Y,Y,Y,,,,,,,,,,"LGA 1151 (Coffee Lake), LGA 1151 (Kaby Lake), LGA 1151 (Skylake), TR4, LGA 2066, LGA 2566, AM4, sTRX4, LGA 2011-V3, FM2+, FM2, LGA 1200, AM3+, SP3r1, SP3r2, SP6, LGA 3647-V1, LGA 3647-V3, LGA 4189, LGA 4926, LGA 5903,",45,360.0,3.0,0.272,3.0,,,Prefabs/CoolingSystems/LiquidCoolers/Bequiet/LC_bequiet_SILENTLOOP_360MM,be quiet! Cryo Loop 360mm
CPU Cooler - Liquid,be quiet!,Silent Loop 120mm,,Y,100,33,30,1,1.1,,,Liquid Cooler,,90.0,Y,Y,Y,Y,Y,Y,Y,Y,Y,Y,Y,Y,Y,Y,Y,Y,,Y,,Y,Y,Y,,,,,,,,,"AM3+, AM4, FM2, FM2+, LGA 1151 (Coffee Lake), LGA 1151 (Kaby Lake), LGA 1151 (Skylake), LGA 1200, LGA 2011-V3, LGA 2066, TR4, sTRX4,","AM3+, AM4, FM2, FM2+, LGA 1151 (Coffee Lake), LGA 1151 (Kaby Lake), LGA 1151 (Skylake), LGA 1200, LGA 2011-V3, LGA 2066, LGA 2566, TR4, sTRX4, LGA 3647-V1, LGA 3647-V3, LGA 4189, LGA 4926, SP3r1, SP3r2, SP6,",45,120.0,1.0,0.481,,,,Prefabs/CoolingSystems/LiquidCoolers/Bequiet/LC_bequiet_SILENTLOOP_120MM,be quiet! Silent Loop 120mm
CPU Cooler - Liquid,be quiet!,Silent Loop 240mm,,Y,125,42,30,15,1.1,,,Liquid Cooler,,75.0,Y,Y,Y,Y,Y,Y,Y,Y,Y,Y,Y,Y,Y,Y,Y,Y,,Y,,Y,Y,Y,,,,,,,,,"AM3+, AM4, FM2, FM2+, LGA 1151 (Coffee Lake), LGA 1151 (Kaby Lake), LGA 1151 (Skylake), LGA 1200, LGA 2011-V3, LGA 2066, TR4, sTRX4,","AM3+, AM4, FM2, FM2+, LGA 1151 (Coffee Lake), LGA 1151 (Kaby Lake), LGA 1151 (Skylake), LGA 1200, LGA 2011-V3, LGA 2066, LGA 2566, TR4, sTRX4, LGA 3647-V1, LGA 3647-V3, LGA 4189, LGA 4926, SP3r1, SP3r2, SP6,",45,240.0,2.0,0.272,,,,Prefabs/CoolingSystems/LiquidCoolers/Bequiet/LC_bequiet_SILENTLOOP_240MM,be quiet! Silent Loop 240mm
CPU Cooler - Liquid,be quiet!,Silent Loop 280mm,,Y,150,50,30,30,1.1,,,Liquid Cooler,,110.0,Y,Y,Y,Y,Y,Y,Y,Y,Y,Y,Y,Y,Y,Y,Y,Y,,Y,,Y,Y,Y,,,,,,,,,"AM3+, AM4, FM2, FM2+, LGA 1151 (Coffee Lake), LGA 1151 (Kaby Lake), LGA 1151 (Skylake), LGA 1200, LGA 2011-V3, LGA 2066, TR4, sTRX4,","AM3+, AM4, FM2, FM2+, LGA 1151 (Coffee Lake), LGA 1151 (Kaby Lake), LGA 1151 (Skylake), LGA 1200, LGA 2011-V3, LGA 2066, LGA 2566, TR4, sTRX4, LGA 3647-V1, LGA 3647-V3, LGA 4189, LGA 4926, SP3r1, SP3r2, SP6,",45,280.0,2.0,0.272,,,,Prefabs/CoolingSystems/LiquidCoolers/Bequiet/LC_bequiet_SILENTLOOP_280MM,be quiet! Silent Loop 280mm
CPU Cooler - Liquid,be quiet!,Silent Loop 360mm,,Y,175,58,30,45,1.1,,,Liquid Cooler,,130.0,Y,Y,Y,Y,Y,Y,Y,Y,Y,Y,Y,Y,Y,Y,Y,Y,,Y,,Y,Y,Y,,,,,,,,,"AM3+, AM4, FM2, FM2+, LGA 1151 (Coffee Lake), LGA 1151 (Kaby Lake), LGA 1151 (Skylake), LGA 1200, LGA 2011-V3, LGA 2066, TR4, sTRX4,","AM3+, AM4, FM2, FM2+, LGA 1151 (Coffee Lake), LGA 1151 (Kaby Lake), LGA 1151 (Skylake), LGA 1200, LGA 2011-V3, LGA 2066, LGA 2566, TR4, sTRX4, LGA 3647-V1, LGA 3647-V3, LGA 4189, LGA 4926, SP3r1, SP3r2, SP6,",45,360.0,3.0,0.272,,,,Prefabs/CoolingSystems/LiquidCoolers/Bequiet/LC_bequiet_SILENTLOOP_360MM,be quiet! Silent Loop 360mm
CPU Cooler - Liquid,Cooler Master,MasterLiquid 120,,Y,70,23,8,1,1.0,,White,Liquid Cooler,,67.0,Y,Y,Y,Y,Y,,,Y,Y,Y,Y,Y,Y,,,,,,,,,,,,,,,,,,"AM3+, AM4, FM2, FM2+, LGA 1151 (Coffee Lake), LGA 1151 (Kaby Lake), LGA 1151 (Skylake), LGA 1200, LGA 2011-V3, LGA 2066,","AM3+, AM4, FM2, FM2+, LGA 1151 (Coffee Lake), LGA 1151 (Kaby Lake), LGA 1151 (Skylake), LGA 1200, LGA 2011-V3, LGA 2066, LGA 2566,",49,120.0,1.0,0.383,2.34,,,Prefabs/CoolingSystems/LiquidCoolers/CoolerMaster/CoolerMaster_MasterLiquid_120_Radiator,Cooler Master MasterLiquid 120
CPU Cooler - Liquid,Cooler Master,MasterLiquid 240,,Y,90,30,8,50,1.0,,White,Liquid Cooler,,100.0,Y,Y,Y,Y,Y,Y,Y,Y,Y,Y,Y,Y,Y,,,,,,,Y,Y,Y,,,,,,,,,"AM3+, AM4, FM2, FM2+, LGA 1151 (Coffee Lake), LGA 1151 (Kaby Lake), LGA 1151 (Skylake), LGA 1200, LGA 2011-V3, LGA 2066, TR4, sTRX4,","AM3+, AM4, FM2, FM2+, LGA 1151 (Coffee Lake), LGA 1151 (Kaby Lake), LGA 1151 (Skylake), LGA 1200, LGA 2011-V3, LGA 2066, LGA 2566, TR4, sTRX4, SP3r1, SP3r2, SP6,",49,240.0,2.0,0.259,2.34,,,Prefabs/CoolingSystems/LiquidCoolers/CoolerMaster/CoolerMaster_MasterLiquid_240_Radiator,Cooler Master MasterLiquid 240
CPU Cooler - Liquid,Cooler Master,MasterLiquid ML120L V2 RGB,,Y,65,22,18,1,1.10,PC,RGB,Liquid Cooler,,67.0,Y,Y,Y,Y,Y,,,Y,Y,Y,Y,Y,Y,Y,Y,Y,,Y,,,,,,,,,,,,,"AM3+, AM4, FM2, FM2+, LGA 1151 (Coffee Lake), LGA 1151 (Kaby Lake), LGA 1151 (Skylake), LGA 1200, LGA 2011-V3, LGA 2066,","AM3+, AM4, FM2, FM2+, LGA 1151 (Coffee Lake), LGA 1151 (Kaby Lake), LGA 1151 (Skylake), LGA 1200, LGA 2011-V3, LGA 2066, LGA 2566, LGA 3647-V1, LGA 3647-V3, LGA 4189, LGA 4926,",47,120.0,1.0,0.272,,,,v1_10_0/Prefabs/CoolingSystems/LiquidCoolers/CoolerMaster/LC_CoolerMaster_MasterLiquid_120_v2,Cooler Master MasterLiquid ML120L V2 RGB
CPU Cooler - Liquid,Cooler Master,MasterLiquid ML240 ILLUSION,,Y,140,47,33,1,1.14,PC,RGB,Liquid Cooler,,90.0,Y,Y,Y,Y,Y,,,Y,Y,Y,Y,Y,Y,,,,,,,,,,,,,,,,,,"AM3+, AM4, FM2, FM2+, LGA 1151 (Coffee Lake), LGA 1151 (Kaby Lake), LGA 1151 (Skylake), LGA 1200, LGA 2011-V3, LGA 2066,","AM3+, AM4, FM2, FM2+, LGA 1151 (Coffee Lake), LGA 1151 (Kaby Lake), LGA 1151 (Skylake), LGA 1200, LGA 2011-V3, LGA 2066, LGA 2566,",58,240.0,2.0,0.272,1.6,,,v1_14_0/Prefabs/CoolingSystems/Liquid Coolers/CoolerMaster/LC_COOLER_MASTER_MASTERLIQUID_ML240_ILLUSION,Cooler Master MasterLiquid ML240 ILLUSION
CPU Cooler - Liquid,Cooler Master,MasterLiquid ML240 ILLUSION (White),,Y,140,47,33,1,1.14,PC,RGB,Liquid Cooler,,90.0,Y,Y,Y,Y,Y,,,Y,Y,Y,Y,Y,Y,,,,,,,,,,,,,,,,,,"AM3+, AM4, FM2, FM2+, LGA 1151 (Coffee Lake), LGA 1151 (Kaby Lake), LGA 1151 (Skylake), LGA 1200, LGA 2011-V3, LGA 2066,","AM3+, AM4, FM2, FM2+, LGA 1151 (Coffee Lake), LGA 1151 (Kaby Lake), LGA 1151 (Skylake), LGA 1200, LGA 2011-V3, LGA 2066, LGA 2566,",58,240.0,2.0,0.272,1.6,,,v1_14_0/Prefabs/CoolingSystems/Liquid Coolers/CoolerMaster/LC_COOLER_MASTER_MASTERLIQUID_ML240_ILLUSION_WHITE_EDITION,Cooler Master MasterLiquid ML240 ILLUSION (White)
CPU Cooler - Liquid,Cooler Master,MasterLiquid ML240 MIRROR,,Y,120,40,33,1,1.14,PC,RGB,Liquid Cooler,,90.0,Y,Y,Y,Y,Y,,,Y,Y,Y,Y,Y,Y,,,,,,,,,,,,,,,,,,"AM3+, AM4, FM2, FM2+, LGA 1151 (Coffee Lake), LGA 1151 (Kaby Lake), LGA 1151 (Skylake), LGA 1200, LGA 2011-V3, LGA 2066,","AM3+, AM4, FM2, FM2+, LGA 1151 (Coffee Lake), LGA 1151 (Kaby Lake), LGA 1151 (Skylake), LGA 1200, LGA 2011-V3, LGA 2066, LGA 2566,",58,240.0,2.0,0.272,2.5,,,v1_14_0/Prefabs/CoolingSystems/Liquid Coolers/CoolerMaster/LC_COOLER_MASTER_MASTERLIQUID_ML240_MIRROR,Cooler Master MasterLiquid ML240 MIRROR
CPU Cooler - Liquid,Cooler Master,MasterLiquid ML240L V2 RGB,,Y,80,27,18,1,1.10,PC,RGB,Liquid Cooler,,100.0,Y,Y,Y,Y,Y,,,Y,Y,Y,Y,Y,Y,Y,Y,Y,,Y,,,,,,,,,,,,,"AM3+, AM4, FM2, FM2+, LGA 1151 (Coffee Lake), LGA 1151 (Kaby Lake), LGA 1151 (Skylake), LGA 1200, LGA 2011-V3, LGA 2066,","AM3+, AM4, FM2, FM2+, LGA 1151 (Coffee Lake), LGA 1151 (Kaby Lake), LGA 1151 (Skylake), LGA 1200, LGA 2011-V3, LGA 2066, LGA 2566, LGA 3647-V1, LGA 3647-V3, LGA 4189, LGA 4926,",47,240.0,2.0,0.272,,,,v1_10_0/Prefabs/CoolingSystems/LiquidCoolers/CoolerMaster/LC_CoolerMaster_MasterLiquid_240_v2,Cooler Master MasterLiquid ML240L V2 RGB
CPU Cooler - Liquid,Cooler Master,MasterLiquid ML240R RGB PHANTOM GAMING EDITION,,Y,160,53,33,1,1.14,PC,RGB,Liquid Cooler,,90.0,Y,Y,Y,Y,Y,,,Y,Y,Y,Y,Y,,,,,,,,,,,,,,,,,,,"AM3+, AM4, FM2, FM2+, LGA 1151 (Coffee Lake), LGA 1151 (Kaby Lake), LGA 1151 (Skylake), LGA 1200, LGA 2011-V3, LGA 2066,","AM3+, AM4, FM2, FM2+, LGA 1151 (Coffee Lake), LGA 1151 (Kaby Lake), LGA 1151 (Skylake), LGA 1200, LGA 2011-V3, LGA 2066,",52,240.0,2.0,0.272,2.34,,,v1_14_0/Prefabs/CoolingSystems/Liquid Coolers/CoolerMaster/LC_COOLER_MASTER_MASTERLIQUID_ML240_RGB_PHANTOM_GAMING_EDITION,Cooler Master MasterLiquid ML240R RGB PHANTOM GAMING EDITION
CPU Cooler - Liquid,Cooler Master,MasterLiquid ML360 ILLUSION,,Y,160,53,33,1,1.14,PC,RGB,Liquid Cooler,,120.0,Y,Y,Y,Y,Y,,,Y,Y,Y,Y,Y,Y,,,,,,,,,,,,,,,,,,"AM3+, AM4, FM2, FM2+, LGA 1151 (Coffee Lake), LGA 1151 (Kaby Lake), LGA 1151 (Skylake), LGA 1200, LGA 2011-V3, LGA 2066,","AM3+, AM4, FM2, FM2+, LGA 1151 (Coffee Lake), LGA 1151 (Kaby Lake), LGA 1151 (Skylake), LGA 1200, LGA 2011-V3, LGA 2066, LGA 2566,",58,360.0,3.0,0.272,1.6,,,v1_14_0/Prefabs/CoolingSystems/Liquid Coolers/CoolerMaster/LC_COOLER_MASTER_MASTERLIQUID_ML360_ILLUSION,Cooler Master MasterLiquid ML360 ILLUSION
CPU Cooler - Liquid,Cooler Master,MasterLiquid ML360 MIRROR TR4 EDITION,,Y,180,60,33,1,1.14,PC,RGB,Liquid Cooler,,120.0,,,,,,Y,Y,,,,,,,,,,,,,Y,Y,Y,,,,,,,,,"TR4, sTRX4,","TR4, sTRX4, SP3r1, SP3r2, SP6,",58,360.0,3.0,0.272,2.5,,,v1_14_0/Prefabs/CoolingSystems/Liquid Coolers/CoolerMaster/LC_COOLER_MASSTER_MASTERLIQUID_ML360_MIRROR_TR4_EDITION,Cooler Master MasterLiquid ML360 MIRROR TR4 EDITION
CPU Cooler - Liquid,CORSAIR,H115i Chilled RGB 280mm,Y,Y,235,53,28,75,,,RGB,Liquid Cooler,,175.0,Y,Y,Y,Y,Y,Y,Y,Y,Y,Y,Y,Y,Y,Y,Y,Y,,Y,Y,Y,Y,Y,,,,,,,,,,"LGA 1151 (Coffee Lake), LGA 1151 (Kaby Lake), LGA 1151 (Skylake), TR4, LGA 2066, LGA 2566, AM4, sTRX4, LGA 2011-V3, FM2+, FM2, LGA 1200, AM3+, SP3r1, SP3r2, SP6, LGA 3647-V1, LGA 3647-V3, LGA 4189, LGA 4926, LGA 5903,",53,280.0,2.0,0.28,,,,Prefabs/CoolingSystems/LiquidCoolers/Corsair/Corsair_HydroSeriesH115iLiquidCpuCooler_Radiator,CORSAIR H115i Chilled RGB 280mm
CPU Cooler - Liquid,CORSAIR,H115i PRO RGB 280mm,,Y,160,53,28,1,1.0,,RGB,Liquid Cooler,,130.0,Y,Y,Y,Y,Y,Y,Y,Y,Y,Y,Y,Y,Y,Y,Y,Y,,Y,,Y,Y,Y,,,,,,,,,"AM3+, AM4, FM2, FM2+, LGA 1151 (Coffee Lake), LGA 1151 (Kaby Lake), LGA 1151 (Skylake), LGA 1200, LGA 2011-V3, LGA 2066, TR4, sTRX4,","AM3+, AM4, FM2, FM2+, LGA 1151 (Coffee Lake), LGA 1151 (Kaby Lake), LGA 1151 (Skylake), LGA 1200, LGA 2011-V3, LGA 2066, LGA 2566, TR4, sTRX4, LGA 3647-V1, LGA 3647-V3, LGA 4189, LGA 4926, SP3r1, SP3r2, SP6,",53,280.0,2.0,0.233,,,,Prefabs/CoolingSystems/LiquidCoolers/Corsair/Corsair_HydroSeriesH115iLiquidCpuCooler_Radiator,CORSAIR H115i PRO RGB 280mm
CPU Cooler - Liquid,CORSAIR,H150i Chilled RGB 360mm,Y,Y,275,67,28,15,,,RGB,Liquid Cooler,,215.0,Y,Y,Y,Y,Y,Y,Y,Y,Y,Y,Y,Y,Y,Y,Y,Y,,Y,Y,Y,Y,Y,,,,,,,,,,"LGA 1151 (Coffee Lake), LGA 1151 (Kaby Lake), LGA 1151 (Skylake), TR4, LGA 2066, LGA 2566, AM4, sTRX4, LGA 2011-V3, FM2+, FM2, LGA 1200, AM3+, SP3r1, SP3r2, SP6, LGA 3647-V1, LGA 3647-V3, LGA 4189, LGA 4926, LGA 5903,",53,360.0,3.0,0.26,,,,Prefabs/CoolingSystems/LiquidCoolers/Corsair/Corsair_HydroSeriesH150iPRORGB360mm,CORSAIR H150i Chilled RGB 360mm
CPU Cooler - Liquid,CORSAIR,H150i PRO RGB 360mm,,Y,200,67,28,1,1.0,,RGB,Liquid Cooler,,150.0,Y,Y,Y,Y,Y,Y,Y,Y,Y,Y,Y,Y,Y,Y,Y,Y,,Y,,,,,,,,,,,,,"AM3+, AM4, FM2, FM2+, LGA 1151 (Coffee Lake), LGA 1151 (Kaby Lake), LGA 1151 (Skylake), LGA 1200, LGA 2011-V3, LGA 2066, TR4, sTRX4,","AM3+, AM4, FM2, FM2+, LGA 1151 (Coffee Lake), LGA 1151 (Kaby Lake), LGA 1151 (Skylake), LGA 1200, LGA 2011-V3, LGA 2066, LGA 2566, LGA 3647-V1, LGA 3647-V3, LGA 4189, LGA 4926,",53,360.0,3.0,0.192,,,,Prefabs/CoolingSystems/LiquidCoolers/Corsair/Corsair_HydroSeriesH150iPRORGB360mm,CORSAIR H150i PRO RGB 360mm
CPU Cooler - Liquid,CORSAIR,H80i v2,,Y,140,47,29,30,1.0,,RGB,Liquid Cooler,,100.0,Y,Y,Y,Y,Y,,,Y,Y,Y,Y,Y,Y,Y,Y,Y,,Y,,,,,,,,,,,,,"AM3+, AM4, FM2, FM2+, LGA 1151 (Coffee Lake), LGA 1151 (Kaby Lake), LGA 1151 (Skylake), LGA 1200, LGA 2011-V3, LGA 2066,","AM3+, AM4, FM2, FM2+, LGA 1151 (Coffee Lake), LGA 1151 (Kaby Lake), LGA 1151 (Skylake), LGA 1200, LGA 2011-V3, LGA 2066, LGA 2566, LGA 3647-V1, LGA 3647-V3, LGA 4189, LGA 4926,",53,120.0,1.0,0.454,,,,Prefabs/CoolingSystems/LiquidCoolers/Corsair/Corsair_HydroH80iV2,CORSAIR H80i v2
CPU Cooler - Liquid,CORSAIR,H80i v3,Y,Y,185,55,29,80,,,RGB,Liquid Cooler,,135.0,Y,Y,Y,Y,Y,Y,Y,Y,Y,Y,Y,Y,Y,Y,Y,Y,,Y,Y,Y,Y,Y,,,,,,,,,,"LGA 1151 (Coffee Lake), LGA 1151 (Kaby Lake), LGA 1151 (Skylake), TR4, LGA 2066, LGA 2566, AM4, sTRX4, LGA 2011-V3, FM2+, FM2, LGA 1200, AM3+, SP3r1, SP3r2, SP6, LGA 3647-V1, LGA 3647-V3, LGA 4189, LGA 4926, LGA 5903,",53,120.0,1.0,0.5,,,,Prefabs/CoolingSystems/LiquidCoolers/Corsair/Corsair_HydroH80iV2,CORSAIR H80i v3
CPU Cooler - Liquid,CORSAIR,iCUE H100i RGB PRO XT,,Y,120,40,30,1,1.10,PC,RGB,Liquid Cooler,,75.0,Y,Y,Y,Y,Y,,Y,Y,Y,Y,Y,Y,Y,Y,Y,Y,,Y,,Y,Y,Y,,,,,,,,,"AM3+, AM4, FM2, FM2+, LGA 1151 (Coffee Lake), LGA 1151 (Kaby Lake), LGA 1151 (Skylake), LGA 1200, LGA 2011-V3, LGA 2066, sTRX4,","AM3+, AM4, FM2, FM2+, LGA 1151 (Coffee Lake), LGA 1151 (Kaby Lake), LGA 1151 (Skylake), LGA 1200, LGA 2011-V3, LGA 2066, LGA 2566, TR4, sTRX4, LGA 3647-V1, LGA 3647-V3, LGA 4189, LGA 4926, SP3r1, SP3r2, SP6,",52,240.0,2.0,0.272,,,,v1_10_0/Prefabs/CoolingSystems/LiquidCoolers/Corsair/LC_Corsair_iCUE_H150i_RGB_PRO_XT_240,CORSAIR iCUE H100i RGB PRO XT
CPU Cooler - Liquid,CORSAIR,iCUE H115i RGB PRO XT,,Y,140,47,30,1,1.10,PC,RGB,Liquid Cooler,,110.0,Y,Y,Y,Y,Y,,Y,Y,Y,Y,Y,Y,Y,Y,Y,Y,,Y,,Y,Y,Y,,,,,,,,,"AM3+, AM4, FM2, FM2+, LGA 1151 (Coffee Lake), LGA 1151 (Kaby Lake), LGA 1151 (Skylake), LGA 1200, LGA 2011-V3, LGA 2066, sTRX4,","AM3+, AM4, FM2, FM2+, LGA 1151 (Coffee Lake), LGA 1151 (Kaby Lake), LGA 1151 (Skylake), LGA 1200, LGA 2011-V3, LGA 2066, LGA 2566, TR4, sTRX4, LGA 3647-V1, LGA 3647-V3, LGA 4189, LGA 4926, SP3r1, SP3r2, SP6,",52,280.0,2.0,0.272,,,,v1_10_0/Prefabs/CoolingSystems/LiquidCoolers/Corsair/LC_Corsair_iCUE_H150i_RGB_PRO_XT_280,CORSAIR iCUE H115i RGB PRO XT
CPU Cooler - Liquid,CORSAIR,iCUE H150i RGB PRO XT,,Y,160,53,30,1,1.10,PC,RGB,Liquid Cooler,,130.0,Y,Y,Y,Y,Y,,Y,Y,Y,Y,Y,Y,Y,Y,Y,Y,,Y,,Y,Y,Y,,,,,,,,,"AM3+, AM4, FM2, FM2+, LGA 1151 (Coffee Lake), LGA 1151 (Kaby Lake), LGA 1151 (Skylake), LGA 1200, LGA 2011-V3, LGA 2066, sTRX4,","AM3+, AM4, FM2, FM2+, LGA 1151 (Coffee Lake), LGA 1151 (Kaby Lake), LGA 1151 (Skylake), LGA 1200, LGA 2011-V3, LGA 2066, LGA 2566, TR4, sTRX4, LGA 3647-V1, LGA 3647-V3, LGA 4189, LGA 4926, SP3r1, SP3r2, SP6,",52,360.0,3.0,0.272,,,,v1_10_0/Prefabs/CoolingSystems/LiquidCoolers/Corsair/LC_Corsair_iCUE_H150i_RGB_PRO_XT_360,CORSAIR iCUE H150i RGB PRO XT
CPU Cooler - Liquid,Cryorig,A40,,Y,90,30,26,1,1.0,,,Liquid Cooler,,105.0,,Y,Y,Y,Y,Y,Y,,Y,Y,Y,Y,Y,Y,Y,Y,,Y,,Y,Y,Y,,,,,,,,,"AM3+, FM2, FM2+, LGA 1151 (Coffee Lake), LGA 1151 (Kaby Lake), LGA 1151 (Skylake), LGA 1200, LGA 2011-V3, TR4, sTRX4,","AM3+, AM4, FM2, FM2+, LGA 1151 (Coffee Lake), LGA 1151 (Kaby Lake), LGA 1151 (Skylake), LGA 1200, LGA 2011-V3, LGA 2066, LGA 2566, TR4, sTRX4, LGA 3647-V1, LGA 3647-V3, LGA 4189, LGA 4926, SP3r1, SP3r2, SP6,",117,240.0,2.0,0.265,,,,Prefabs/CoolingSystems/LiquidCoolers/Cryorig/Cryorig_A40_Radiator,Cryorig A40
CPU Cooler - Liquid,Cryorig,A40 Ultimate,,Y,120,40,26,10,1.0,,,Liquid Cooler,,115.0,,Y,Y,Y,Y,Y,Y,,Y,Y,Y,Y,Y,Y,Y,Y,,Y,,Y,Y,Y,,,,,,,,,"AM3+, FM2, FM2+, LGA 1151 (Coffee Lake), LGA 1151 (Kaby Lake), LGA 1151 (Skylake), LGA 1200, LGA 2011-V3, TR4, sTRX4,","AM3+, AM4, FM2, FM2+, LGA 1151 (Coffee Lake), LGA 1151 (Kaby Lake), LGA 1151 (Skylake), LGA 1200, LGA 2011-V3, LGA 2066, LGA 2566, TR4, sTRX4, LGA 3647-V1, LGA 3647-V3, LGA 4189, LGA 4926, SP3r1, SP3r2, SP6,",117,240.0,2.0,0.33,,,,Prefabs/CoolingSystems/LiquidCoolers/Cryorig/Cryorig_A40U_Radiator,Cryorig A40 Ultimate
CPU Cooler - Liquid,Cryorig,A80,,Y,130,43,26,20,1.0,,,Liquid Cooler,,130.0,,Y,Y,Y,Y,Y,Y,,Y,Y,Y,Y,Y,Y,Y,Y,,Y,,Y,Y,Y,,,,,,,,,"AM3+, FM2, FM2+, LGA 1151 (Coffee Lake), LGA 1151 (Kaby Lake), LGA 1151 (Skylake), LGA 1200, LGA 2011-V3, TR4, sTRX4,","AM3+, AM4, FM2, FM2+, LGA 1151 (Coffee Lake), LGA 1151 (Kaby Lake), LGA 1151 (Skylake), LGA 1200, LGA 2011-V3, LGA 2066, LGA 2566, TR4, sTRX4, LGA 3647-V1, LGA 3647-V3, LGA 4189, LGA 4926, SP3r1, SP3r2, SP6,",117,280.0,2.0,0.269,,,,Prefabs/CoolingSystems/LiquidCoolers/Cryorig/Cryorig_A80_Radiator,Cryorig A80
CPU Cooler - Liquid,EVGA,CLC 120,,Y,60,20,15,1,1.0,,RGB,Liquid Cooler,,70.0,Y,Y,Y,Y,Y,Y,Y,Y,Y,Y,Y,Y,Y,Y,Y,Y,,Y,,Y,Y,Y,,,,,,,,,"AM3+, AM4, FM2, FM2+, LGA 1151 (Coffee Lake), LGA 1151 (Kaby Lake), LGA 1151 (Skylake), LGA 1200, LGA 2011-V3, LGA 2066, TR4, sTRX4,","AM3+, AM4, FM2, FM2+, LGA 1151 (Coffee Lake), LGA 1151 (Kaby Lake), LGA 1151 (Skylake), LGA 1200, LGA 2011-V3, LGA 2066, LGA 2566, TR4, sTRX4, LGA 3647-V1, LGA 3647-V3, LGA 4189, LGA 4926, SP3r1, SP3r2, SP6,",40,120.0,1.0,0.279,,,,Prefabs/CoolingSystems/LiquidCoolers/EVGA/EVGA_CLC_120_Radiator,EVGA CLC 120
CPU Cooler - Liquid,EVGA,CLC 240,,Y,120,40,15,15,1.0,,RGB,Liquid Cooler,,110.0,Y,Y,Y,Y,Y,Y,Y,Y,Y,Y,Y,Y,Y,Y,Y,Y,,Y,,Y,Y,Y,,,,,,,,,"AM3+, AM4, FM2, FM2+, LGA 1151 (Coffee Lake), LGA 1151 (Kaby Lake), LGA 1151 (Skylake), LGA 1200, LGA 2011-V3, LGA 2066, TR4, sTRX4,","AM3+, AM4, FM2, FM2+, LGA 1151 (Coffee Lake), LGA 1151 (Kaby Lake), LGA 1151 (Skylake), LGA 1200, LGA 2011-V3, LGA 2066, LGA 2566, TR4, sTRX4, LGA 3647-V1, LGA 3647-V3, LGA 4189, LGA 4926, SP3r1, SP3r2, SP6,",40,240.0,2.0,0.299,,,,Prefabs/CoolingSystems/LiquidCoolers/EVGA/EVGA_CLC_240_Radiator,EVGA CLC 240
CPU Cooler - Liquid,EVGA,CLC 280,,Y,140,47,15,35,1.0,,RGB,Liquid Cooler,,130.0,Y,Y,Y,Y,Y,Y,Y,Y,Y,Y,Y,Y,Y,Y,Y,Y,,Y,,Y,Y,Y,,,,,,,,,"AM3+, AM4, FM2, FM2+, LGA 1151 (Coffee Lake), LGA 1151 (Kaby Lake), LGA 1151 (Skylake), LGA 1200, LGA 2011-V3, LGA 2066, TR4, sTRX4,","AM3+, AM4, FM2, FM2+, LGA 1151 (Coffee Lake), LGA 1151 (Kaby Lake), LGA 1151 (Skylake), LGA 1200, LGA 2011-V3, LGA 2066, LGA 2566, TR4, sTRX4, LGA 3647-V1, LGA 3647-V3, LGA 4189, LGA 4926, SP3r1, SP3r2, SP6,",40,280.0,2.0,0.353,,,,Prefabs/CoolingSystems/LiquidCoolers/EVGA/EVGA_CLC_280_Radiator,EVGA CLC 280
CPU Cooler - Liquid,EVGA,CLC 360,,Y,160,53,15,35,1.15,,RGB,Liquid Cooler,,140.0,Y,Y,Y,Y,Y,Y,,Y,Y,Y,Y,Y,,,,,,,,,,,,,,,,,,,"AM3+, AM4, FM2, FM2+, LGA 1151 (Coffee Lake), LGA 1151 (Kaby Lake), LGA 1151 (Skylake), LGA 1200, LGA 2011-V3, LGA 2066, TR4,","AM3+, AM4, FM2, FM2+, LGA 1151 (Coffee Lake), LGA 1151 (Kaby Lake), LGA 1151 (Skylake), LGA 1200, LGA 2011-V3, LGA 2066, TR4,",40,360.0,3.0,0.353,4.04,,,v1_15_0/Prefabs/CoolerSystems/Liquid Coolers/EVGA/LC_EVGA_CLC_360mm_All_In_One_RGB_LED_CPU_Liquid_Cooler,EVGA CLC 360
CPU Cooler - Liquid,Fractal Design,Celsius S24,,Y,145,48,27,1,1.0,,,Liquid Cooler,,110.0,Y,Y,Y,Y,Y,Y,Y,Y,Y,Y,Y,Y,Y,Y,Y,Y,,Y,,Y,Y,Y,,,,,,,,,"AM3+, AM4, FM2, FM2+, LGA 1151 (Coffee Lake), LGA 1151 (Kaby Lake), LGA 1151 (Skylake), LGA 1200, LGA 2011-V3, LGA 2066, TR4, sTRX4,","AM3+, AM4, FM2, FM2+, LGA 1151 (Coffee Lake), LGA 1151 (Kaby Lake), LGA 1151 (Skylake), LGA 1200, LGA 2011-V3, LGA 2066, LGA 2566, TR4, sTRX4, LGA 3647-V1, LGA 3647-V3, LGA 4189, LGA 4926, SP3r1, SP3r2, SP6,",38,240.0,2.0,0.275,,,,Prefabs/CoolingSystems/LiquidCoolers/Fractal Design/Fractal_Design_Celsius_S24,Fractal Design Celsius S24
CPU Cooler - Liquid,Fractal Design,Celsius S36,,Y,190,63,27,1,1.0,,,Liquid Cooler,,150.0,Y,Y,Y,Y,Y,Y,Y,Y,Y,Y,Y,Y,Y,Y,Y,Y,,Y,,Y,Y,Y,,,,,,,,,"AM3+, AM4, FM2, FM2+, LGA 1151 (Coffee Lake), LGA 1151 (Kaby Lake), LGA 1151 (Skylake), LGA 1200, LGA 2011-V3, LGA 2066, TR4, sTRX4,","AM3+, AM4, FM2, FM2+, LGA 1151 (Coffee Lake), LGA 1151 (Kaby Lake), LGA 1151 (Skylake), LGA 1200, LGA 2011-V3, LGA 2066, LGA 2566, TR4, sTRX4, LGA 3647-V1, LGA 3647-V3, LGA 4189, LGA 4926, SP3r1, SP3r2, SP6,",38,360.0,3.0,0.269,,,,Prefabs/CoolingSystems/LiquidCoolers/Fractal Design/Fractal_Design_Celsius_S36,Fractal Design Celsius S36
CPU Cooler - Liquid,Fractal Design,Celsius+ S24 Dynamic,,Y,130,43,27,20,1.12,,RGB,Liquid Cooler,,110.0,Y,Y,Y,Y,Y,,,Y,Y,Y,Y,Y,Y,Y,Y,Y,,Y,,Y,Y,Y,,,,,,,,,"AM3+, AM4, FM2, FM2+, LGA 1151 (Coffee Lake), LGA 1151 (Kaby Lake), LGA 1151 (Skylake), LGA 1200, LGA 2011-V3, LGA 2066,","AM3+, AM4, FM2, FM2+, LGA 1151 (Coffee Lake), LGA 1151 (Kaby Lake), LGA 1151 (Skylake), LGA 1200, LGA 2011-V3, LGA 2066, LGA 2566, TR4, sTRX4, LGA 3647-V1, LGA 3647-V3, LGA 4189, LGA 4926, SP3r1, SP3r2, SP6,",45,240.0,2.0,0.3,2.3,,,v1_12_0/Prefabs/CoolingSystems/LiquidCoolers/Fractal Design/LC_Fractal_Design_Celsius_S24_Dynamic,Fractal Design Celsius+ S24 Dynamic
CPU Cooler - Liquid,Fractal Design,Celsius+ S24 Prisma,,Y,165,55,27,40,1.12,,RGB,Liquid Cooler,,110.0,Y,Y,Y,Y,Y,,,Y,Y,Y,Y,Y,Y,Y,Y,Y,,Y,,Y,Y,Y,,,,,,,,,"AM3+, AM4, FM2, FM2+, LGA 1151 (Coffee Lake), LGA 1151 (Kaby Lake), LGA 1151 (Skylake), LGA 1200, LGA 2011-V3, LGA 2066,","AM3+, AM4, FM2, FM2+, LGA 1151 (Coffee Lake), LGA 1151 (Kaby Lake), LGA 1151 (Skylake), LGA 1200, LGA 2011-V3, LGA 2066, LGA 2566, TR4, sTRX4, LGA 3647-V1, LGA 3647-V3, LGA 4189, LGA 4926, SP3r1, SP3r2, SP6,",45,240.0,2.0,0.3,2.78,,,v1_12_0/Prefabs/CoolingSystems/LiquidCoolers/Fractal Design/LC_Fractal_Design_Celsius_S24_Prisma,Fractal Design Celsius+ S24 Prisma
CPU Cooler - Liquid,Fractal Design,Celsius+ S28 Dynamic,,Y,160,53,27,20,1.12,,RGB,Liquid Cooler,,120.0,Y,Y,Y,Y,Y,,,Y,Y,Y,Y,Y,Y,Y,Y,Y,,Y,,Y,Y,Y,,,,,,,,,"AM3+, AM4, FM2, FM2+, LGA 1151 (Coffee Lake), LGA 1151 (Kaby Lake), LGA 1151 (Skylake), LGA 1200, LGA 2011-V3, LGA 2066,","AM3+, AM4, FM2, FM2+, LGA 1151 (Coffee Lake), LGA 1151 (Kaby Lake), LGA 1151 (Skylake), LGA 1200, LGA 2011-V3, LGA 2066, LGA 2566, TR4, sTRX4, LGA 3647-V1, LGA 3647-V3, LGA 4189, LGA 4926, SP3r1, SP3r2, SP6,",45,280.0,2.0,0.3,1.95,,,v1_12_0/Prefabs/CoolingSystems/LiquidCoolers/Fractal Design/LC_Fractal_Design_Celsius_S28_Dynamic,Fractal Design Celsius+ S28 Dynamic
CPU Cooler - Liquid,Fractal Design,Celsius+ S28 Prisma,,Y,190,63,27,40,1.12,,RGB,Liquid Cooler,,120.0,Y,Y,Y,Y,Y,,,Y,Y,Y,Y,Y,Y,Y,Y,Y,,Y,,Y,Y,Y,,,,,,,,,"AM3+, AM4, FM2, FM2+, LGA 1151 (Coffee Lake), LGA 1151 (Kaby Lake), LGA 1151 (Skylake), LGA 1200, LGA 2011-V3, LGA 2066,","AM3+, AM4, FM2, FM2+, LGA 1151 (Coffee Lake), LGA 1151 (Kaby Lake), LGA 1151 (Skylake), LGA 1200, LGA 2011-V3, LGA 2066, LGA 2566, TR4, sTRX4, LGA 3647-V1, LGA 3647-V3, LGA 4189, LGA 4926, SP3r1, SP3r2, SP6,",45,280.0,2.0,0.3,2.38,,,v1_12_0/Prefabs/CoolingSystems/LiquidCoolers/Fractal Design/LC_Fractal_Design_Celsius_S28_Prisma,Fractal Design Celsius+ S28 Prisma
CPU Cooler - Liquid,Fractal Design,Celsius+ S36 Dynamic,,Y,170,57,27,20,1.12,,RGB,Liquid Cooler,,130.0,Y,Y,Y,Y,Y,,,Y,Y,Y,Y,Y,Y,Y,Y,Y,,Y,,Y,Y,Y,,,,,,,,,"AM3+, AM4, FM2, FM2+, LGA 1151 (Coffee Lake), LGA 1151 (Kaby Lake), LGA 1151 (Skylake), LGA 1200, LGA 2011-V3, LGA 2066,","AM3+, AM4, FM2, FM2+, LGA 1151 (Coffee Lake), LGA 1151 (Kaby Lake), LGA 1151 (Skylake), LGA 1200, LGA 2011-V3, LGA 2066, LGA 2566, TR4, sTRX4, LGA 3647-V1, LGA 3647-V3, LGA 4189, LGA 4926, SP3r1, SP3r2, SP6,",45,360.0,3.0,0.3,2.3,,,v1_12_0/Prefabs/CoolingSystems/LiquidCoolers/Fractal Design/LC_Fractal_Design_Celsius_S36_Dynamic,Fractal Design Celsius+ S36 Dynamic
CPU Cooler - Liquid,Fractal Design,Celsius+ S36 Prisma,,Y,215,72,27,40,1.12,,RGB,Liquid Cooler,,130.0,Y,Y,Y,Y,Y,,,Y,Y,Y,Y,Y,Y,Y,Y,Y,,Y,,Y,Y,Y,,,,,,,,,"AM3+, AM4, FM2, FM2+, LGA 1151 (Coffee Lake), LGA 1151 (Kaby Lake), LGA 1151 (Skylake), LGA 1200, LGA 2011-V3, LGA 2066,","AM3+, AM4, FM2, FM2+, LGA 1151 (Coffee Lake), LGA 1151 (Kaby Lake), LGA 1151 (Skylake), LGA 1200, LGA 2011-V3, LGA 2066, LGA 2566, TR4, sTRX4, LGA 3647-V1, LGA 3647-V3, LGA 4189, LGA 4926, SP3r1, SP3r2, SP6,",45,360.0,3.0,0.3,2.78,,,v1_12_0/Prefabs/CoolingSystems/LiquidCoolers/Fractal Design/LC_Fractal_Design_Celsius_S36_Prisma,Fractal Design Celsius+ S36 Prisma
CPU Cooler - Liquid,G.SKILL,ENKI 240 AIO,,Y,160,53,34,50,1.14,,RGB,Liquid Cooler,,105.0,Y,Y,Y,Y,Y,,,Y,Y,Y,Y,Y,Y,,,,,,,,,,,,,,,,,,"AM3+, AM4, FM2, FM2+, LGA 1151 (Coffee Lake), LGA 1151 (Kaby Lake), LGA 1151 (Skylake), LGA 1200, LGA 2011-V3, LGA 2066,","AM3+, AM4, FM2, FM2+, LGA 1151 (Coffee Lake), LGA 1151 (Kaby Lake), LGA 1151 (Skylake), LGA 1200, LGA 2011-V3, LGA 2066, LGA 2566,",39,240.0,2.0,0.269,1.86,,,v1_14_0/Prefabs/CoolingSystems/Liquid Coolers/GSkill/LC_GSKILL_ENKI_240,G.SKILL ENKI 240 AIO
CPU Cooler - Liquid,G.SKILL,ENKI 280 AIO,,Y,180,60,34,50,1.14,,RGB,Liquid Cooler,,130.0,Y,Y,Y,Y,Y,,,Y,Y,Y,Y,Y,,,,,,,,,,,,,,,,,,,"AM3+, AM4, FM2, FM2+, LGA 1151 (Coffee Lake), LGA 1151 (Kaby Lake), LGA 1151 (Skylake), LGA 1200, LGA 2011-V3, LGA 2066,","AM3+, AM4, FM2, FM2+, LGA 1151 (Coffee Lake), LGA 1151 (Kaby Lake), LGA 1151 (Skylake), LGA 1200, LGA 2011-V3, LGA 2066,",39,280.0,2.0,0.269,3.5,,,v1_14_0/Prefabs/CoolingSystems/Liquid Coolers/GSkill/LC_GSKILL_ENKI_280,G.SKILL ENKI 280 AIO
CPU Cooler - Liquid,G.SKILL,ENKI 360 AIO,,Y,200,67,34,50,1.14,,RGB,Liquid Cooler,,145.0,Y,Y,Y,Y,Y,,,Y,Y,Y,Y,Y,,,,,,,,,,,,,,,,,,,"AM3+, AM4, FM2, FM2+, LGA 1151 (Coffee Lake), LGA 1151 (Kaby Lake), LGA 1151 (Skylake), LGA 1200, LGA 2011-V3, LGA 2066,","AM3+, AM4, FM2, FM2+, LGA 1151 (Coffee Lake), LGA 1151 (Kaby Lake), LGA 1151 (Skylake), LGA 1200, LGA 2011-V3, LGA 2066,",39,360.0,3.0,0.269,1.86,,,v1_14_0/Prefabs/CoolingSystems/Liquid Coolers/GSkill/LC_GSKILL_ENKI_360,G.SKILL ENKI 360 AIO
CPU Cooler - Liquid,GamerStorm,Captain 120 EX Chilled RGB,Y,Y,265,40,27,30,,,RGB,Liquid Cooler,,120.0,Y,Y,Y,Y,Y,Y,Y,Y,Y,Y,Y,Y,Y,Y,Y,Y,,Y,Y,Y,Y,Y,,,,,,,,,,"LGA 1151 (Coffee Lake), LGA 1151 (Kaby Lake), LGA 1151 (Skylake), TR4, LGA 2066, LGA 2566, AM4, sTRX4, LGA 2011-V3, FM2+, FM2, LGA 1200, AM3+, SP3r1, SP3r2, SP6, LGA 3647-V1, LGA 3647-V3, LGA 4189, LGA 4926, LGA 5903,",85,120.0,1.0,0.3,,,,Prefabs/CoolingSystems/LiquidCoolers/Deepcool/LC_Deepcool_Captain_120_Black,GamerStorm Captain 120 EX Chilled RGB
CPU Cooler - Liquid,GamerStorm,Captain 120 EX RGB,,Y,120,40,24,30,1.0,,RGB,Liquid Cooler,,70.0,Y,Y,Y,Y,Y,,,Y,Y,Y,Y,Y,Y,Y,Y,Y,,Y,,,,,,,,,,,,,"AM3+, AM4, FM2, FM2+, LGA 1151 (Coffee Lake), LGA 1151 (Kaby Lake), LGA 1151 (Skylake), LGA 1200, LGA 2011-V3, LGA 2066,","AM3+, AM4, FM2, FM2+, LGA 1151 (Coffee Lake), LGA 1151 (Kaby Lake), LGA 1151 (Skylake), LGA 1200, LGA 2011-V3, LGA 2066, LGA 2566, LGA 3647-V1, LGA 3647-V3, LGA 4189, LGA 4926,",85,120.0,1.0,0.263,,,,Prefabs/CoolingSystems/LiquidCoolers/Deepcool/LC_Deepcool_Captain_120_Black,GamerStorm Captain 120 EX RGB
CPU Cooler - Liquid,GamerStorm,Captain 240 EX Chilled WHITE RGB,Y,Y,365,85,27,40,,,RGB,Liquid Cooler,,225.0,Y,Y,Y,Y,Y,Y,Y,Y,Y,Y,Y,Y,Y,Y,Y,Y,,Y,Y,Y,Y,Y,,,,,,,,,,"LGA 1151 (Coffee Lake), LGA 1151 (Kaby Lake), LGA 1151 (Skylake), TR4, LGA 2066, LGA 2566, AM4, sTRX4, LGA 2011-V3, FM2+, FM2, LGA 1200, AM3+, SP3r1, SP3r2, SP6, LGA 3647-V1, LGA 3647-V3, LGA 4189, LGA 4926, LGA 5903,",85,240.0,2.0,0.35,,,,Prefabs/CoolingSystems/LiquidCoolers/Deepcool/LC_Deepcool_Captain_240_White,GamerStorm Captain 240 EX Chilled WHITE RGB
CPU Cooler - Liquid,GamerStorm,Captain 240 EX WHITE RGB,,Y,140,47,24,40,1.0,,RGB,Liquid Cooler,,105.0,Y,Y,Y,Y,Y,,,Y,Y,Y,Y,Y,Y,Y,Y,Y,,Y,,Y,Y,Y,,,,,,,,,"AM3+, AM4, FM2, FM2+, LGA 1151 (Coffee Lake), LGA 1151 (Kaby Lake), LGA 1151 (Skylake), LGA 1200, LGA 2011-V3, LGA 2066,","AM3+, AM4, FM2, FM2+, LGA 1151 (Coffee Lake), LGA 1151 (Kaby Lake), LGA 1151 (Skylake), LGA 1200, LGA 2011-V3, LGA 2066, LGA 2566, TR4, sTRX4, LGA 3647-V1, LGA 3647-V3, LGA 4189, LGA 4926, SP3r1, SP3r2, SP6,",85,240.0,2.0,0.259,,,,Prefabs/CoolingSystems/LiquidCoolers/Deepcool/LC_Deepcool_Captain_240_White,GamerStorm Captain 240 EX WHITE RGB
CPU Cooler - Liquid,GamerStorm,Captain 360 EX Chilled WHITE RGB,Y,Y,465,125,27,50,,,RGB,Liquid Cooler,,285.0,Y,Y,Y,Y,Y,Y,Y,Y,Y,Y,Y,Y,Y,Y,Y,Y,,Y,Y,Y,Y,Y,,,,,,,,,,"LGA 1151 (Coffee Lake), LGA 1151 (Kaby Lake), LGA 1151 (Skylake), TR4, LGA 2066, LGA 2566, AM4, sTRX4, LGA 2011-V3, FM2+, FM2, LGA 1200, AM3+, SP3r1, SP3r2, SP6, LGA 3647-V1, LGA 3647-V3, LGA 4189, LGA 4926, LGA 5903,",85,360.0,3.0,0.36,,,,Prefabs/CoolingSystems/LiquidCoolers/Deepcool/Deepcool_Captain_360,GamerStorm Captain 360 EX Chilled WHITE RGB
CPU Cooler - Liquid,GamerStorm,Captain 360 EX WHITE RGB,,Y,160,53,24,50,1.0,,RGB,Liquid Cooler,,145.0,Y,Y,Y,Y,Y,,,Y,Y,Y,Y,Y,Y,Y,Y,Y,,Y,,Y,Y,Y,,,,,,,,,"AM3+, AM4, FM2, FM2+, LGA 1151 (Coffee Lake), LGA 1151 (Kaby Lake), LGA 1151 (Skylake), LGA 1200, LGA 2011-V3, LGA 2066,","AM3+, AM4, FM2, FM2+, LGA 1151 (Coffee Lake), LGA 1151 (Kaby Lake), LGA 1151 (Skylake), LGA 1200, LGA 2011-V3, LGA 2066, LGA 2566, TR4, sTRX4, LGA 3647-V1, LGA 3647-V3, LGA 4189, LGA 4926, LGA 3647-V3, LGA 4189, LGA 4926, SP3r1, SP3r2, SP6,",85,360.0,3.0,0.269,,,,Prefabs/CoolingSystems/LiquidCoolers/Deepcool/Deepcool_Captain_360,GamerStorm Captain 360 EX WHITE RGB
CPU Cooler - Liquid,GamerStorm,Castle 240 RGB,,Y,160,53,24,10,1.0,,RGB,Liquid Cooler,,110.0,Y,Y,Y,Y,Y,Y,Y,Y,Y,Y,Y,Y,Y,Y,Y,Y,,Y,,Y,Y,Y,,,,,,,,,"AM3+, AM4, FM2, FM2+, LGA 1151 (Coffee Lake), LGA 1151 (Kaby Lake), LGA 1151 (Skylake), LGA 1200, LGA 2011-V3, LGA 2066, TR4, sTRX4,","AM3+, AM4, FM2, FM2+, LGA 1151 (Coffee Lake), LGA 1151 (Kaby Lake), LGA 1151 (Skylake), LGA 1200, LGA 2011-V3, LGA 2066, LGA 2566, TR4, sTRX4, LGA 3647-V1, LGA 3647-V3, LGA 4189, LGA 4926, SP3r1, SP3r2, SP6,",71,240.0,2.0,0.275,,,,Prefabs/CoolingSystems/LiquidCoolers/Deepcool/Deepcool_Castle_240_RGB,GamerStorm Castle 240 RGB
CPU Cooler - Liquid,GamerStorm,Castle 280 RGB,,Y,170,57,24,20,1.0,,RGB,Liquid Cooler,,130.0,Y,Y,Y,Y,Y,Y,Y,Y,Y,Y,Y,Y,Y,Y,Y,Y,,Y,,Y,Y,Y,,,,,,,,,"AM3+, AM4, FM2, FM2+, LGA 1151 (Coffee Lake), LGA 1151 (Kaby Lake), LGA 1151 (Skylake), LGA 1200, LGA 2011-V3, LGA 2066, TR4, sTRX4,","AM3+, AM4, FM2, FM2+, LGA 1151 (Coffee Lake), LGA 1151 (Kaby Lake), LGA 1151 (Skylake), LGA 1200, LGA 2011-V3, LGA 2066, LGA 2566, TR4, sTRX4, LGA 3647-V1, LGA 3647-V3, LGA 4189, LGA 4926, SP3r1, SP3r2, SP6,",71,280.0,2.0,0.265,,,,Prefabs/CoolingSystems/LiquidCoolers/Deepcool/Deepcool_Castle_280_RGB,GamerStorm Castle 280 RGB
CPU Cooler - Liquid,InWin,BR36,,Y,190,63,30,1,1.14,,RGB,Liquid Cooler,,140.0,Y,Y,Y,Y,Y,Y,Y,Y,Y,Y,Y,Y,Y,,,,,,,Y,Y,Y,,,,,,,,,"AM3+, AM4, FM2, FM2+, LGA 1151 (Coffee Lake), LGA 1151 (Kaby Lake), LGA 1151 (Skylake), LGA 1200, LGA 2011-V3, LGA 2066, TR4, sTRX4,","AM3+, AM4, FM2, FM2+, LGA 1151 (Coffee Lake), LGA 1151 (Kaby Lake), LGA 1151 (Skylake), LGA 1200, LGA 2011-V3, LGA 2066, LGA 2566, TR4, sTRX4, SP3r1, SP3r2, SP6,",65,360.0,3.0,0.27,2.3,,,v1_14_0/Prefabs/CoolingSystems/Liquid Coolers/InWin/LC_InWin_BR36,InWin BR36
CPU Cooler - Liquid,InWin,SR24 CRYO,Y,Y,699,376,36,1,,,RGB,Liquid Cooler,,300.0,Y,Y,Y,Y,Y,Y,Y,Y,Y,Y,Y,Y,Y,Y,Y,Y,,Y,Y,Y,Y,Y,,,,,,,,,,"LGA 1151 (Coffee Lake), LGA 1151 (Kaby Lake), LGA 1151 (Skylake), TR4, LGA 2066, LGA 2566, AM4, sTRX4, LGA 2011-V3, FM2+, FM2, LGA 1200, AM3+, SP3r1, SP3r2, SP6, LGA 3647-V1, LGA 3647-V3, LGA 4189, LGA 4926, LGA 5903,",100,240.0,2.0,0.27,,,,v1_11_0/Prefabs/CoolingSystems/LiquidCoolers/InWin/LC_InWin_SR24_Pro_AIO,InWin SR24 CRYO
CPU Cooler - Liquid,InWin,SR24 PRO,,Y,130,43,30,1,1.11,,RGB,Liquid Cooler,,115.0,Y,Y,Y,Y,Y,Y,Y,Y,Y,Y,Y,Y,Y,,,,,,,Y,Y,Y,,,,,,,,,"AM3+, AM4, FM2, FM2+, LGA 1151 (Coffee Lake), LGA 1151 (Kaby Lake), LGA 1151 (Skylake), LGA 1200, LGA 2011-V3, LGA 2066, TR4, sTRX4,","AM3+, AM4, FM2, FM2+, LGA 1151 (Coffee Lake), LGA 1151 (Kaby Lake), LGA 1151 (Skylake), LGA 1200, LGA 2011-V3, LGA 2066, LGA 2566, TR4, sTRX4, SP3r1, SP3r2, SP6,",100,240.0,2.0,0.27,,,,v1_11_0/Prefabs/CoolingSystems/LiquidCoolers/InWin/LC_InWin_SR24_Pro_AIO,InWin SR24 PRO
CPU Cooler - Liquid,InWin,SR36 CRYO,Y,Y,999,676,36,1,,,RGB,Liquid Cooler,,535.0,Y,Y,Y,Y,Y,Y,Y,Y,Y,Y,Y,Y,Y,Y,Y,Y,,Y,Y,Y,Y,Y,,,,,,,,,,"LGA 1151 (Coffee Lake), LGA 1151 (Kaby Lake), LGA 1151 (Skylake), TR4, LGA 2066, LGA 2566, AM4, sTRX4, LGA 2011-V3, FM2+, FM2, LGA 1200, AM3+, SP3r1, SP3r2, SP6, LGA 3647-V1, LGA 3647-V3, LGA 4189, LGA 4926, LGA 5903,",100,360.0,3.0,0.27,,,,v1_11_0/Prefabs/CoolingSystems/LiquidCoolers/InWin/LC_Inwin_SR36_Pro_AIO,InWin SR36 CRYO
CPU Cooler - Liquid,InWin,SR36 PRO,,Y,160,53,30,1,1.11,,RGB,Liquid Cooler,,150.0,Y,Y,Y,Y,Y,Y,Y,Y,Y,Y,Y,Y,Y,,,,,,,Y,Y,Y,,,,,,,,,"AM3+, AM4, FM2, FM2+, LGA 1151 (Coffee Lake), LGA 1151 (Kaby Lake), LGA 1151 (Skylake), LGA 1200, LGA 2011-V3, LGA 2066, TR4, sTRX4,","AM3+, AM4, FM2, FM2+, LGA 1151 (Coffee Lake), LGA 1151 (Kaby Lake), LGA 1151 (Skylake), LGA 1200, LGA 2011-V3, LGA 2066, LGA 2566, TR4, sTRX4, SP3r1, SP3r2, SP6,",100,360.0,3.0,0.27,,,,v1_11_0/Prefabs/CoolingSystems/LiquidCoolers/InWin/LC_Inwin_SR36_Pro_AIO,InWin SR36 PRO
CPU Cooler - Liquid,MSI,MAG Coreliquid 240R,,Y,110,37,24,1,1.10.5,,RGB,Liquid Cooler,,110.0,Y,Y,Y,Y,Y,Y,Y,Y,Y,Y,Y,Y,,,,,,,,Y,Y,Y,,,,,,,,,"AM3+, AM4, FM2, FM2+, LGA 1151 (Coffee Lake), LGA 1151 (Kaby Lake), LGA 1151 (Skylake), LGA 1200, LGA 2011-V3, LGA 2066, TR4, sTRX4,","AM3+, AM4, FM2, FM2+, LGA 1151 (Coffee Lake), LGA 1151 (Kaby Lake), LGA 1151 (Skylake), LGA 1200, LGA 2011-V3, LGA 2066, TR4, sTRX4, SP3r1, SP3r2, SP6,",48,240.0,2.0,0.269,,,,v1_10_0/Prefabs/CoolingSystems/LiquidCoolers/MSI/LC_MSI_MAG_CoreLiquid_240R,MSI MAG Coreliquid 240R
CPU Cooler - Liquid,MSI,MAG Coreliquid 360R,,Y,140,47,24,1,1.10.5,,RGB,Liquid Cooler,,150.0,Y,Y,Y,Y,Y,Y,Y,Y,Y,Y,Y,Y,,,,,,,,Y,Y,Y,,,,,,,,,"AM3+, AM4, FM2, FM2+, LGA 1151 (Coffee Lake), LGA 1151 (Kaby Lake), LGA 1151 (Skylake), LGA 1200, LGA 2011-V3, LGA 2066, TR4, sTRX4,","AM3+, AM4, FM2, FM2+, LGA 1151 (Coffee Lake), LGA 1151 (Kaby Lake), LGA 1151 (Skylake), LGA 1200, LGA 2011-V3, LGA 2066, TR4, sTRX4, SP3r1, SP3r2, SP6,",48,360.0,3.0,0.269,,,,v1_10_0/Prefabs/CoolingSystems/LiquidCoolers/MSI/LC_MSI_MAG_CoreLiquid_360R,MSI MAG Coreliquid 360R
CPU Cooler - Liquid,NZXT,Kraken M22,,Y,100,33,9,1,1.0,,RGB,Liquid Cooler,,75.0,Y,Y,Y,Y,Y,,,Y,Y,Y,Y,Y,Y,Y,Y,Y,,Y,,,,,,,,,,,,,"AM3+, AM4, FM2, FM2+, LGA 1151 (Coffee Lake), LGA 1151 (Kaby Lake), LGA 1151 (Skylake), LGA 1200, LGA 2011-V3, LGA 2066,","AM3+, AM4, FM2, FM2+, LGA 1151 (Coffee Lake), LGA 1151 (Kaby Lake), LGA 1151 (Skylake), LGA 1200, LGA 2011-V3, LGA 2066, LGA 2566, LGA 3647-V1, LGA 3647-V3, LGA 4189, LGA 4926,",48,120.0,1.0,0.287,,,Y,Prefabs/CoolingSystems/LiquidCoolers/NZXT/NZXT_Kraken_M22_Radiator,NZXT Kraken M22
CPU Cooler - Liquid,NZXT,Kraken X42,,Y,130,43,9,1,1.0,,RGB,Liquid Cooler,,90.0,Y,Y,Y,Y,Y,Y,Y,Y,Y,Y,Y,Y,Y,Y,Y,Y,,Y,,Y,Y,Y,,,,,,,,,"AM3+, AM4, FM2, FM2+, LGA 1151 (Coffee Lake), LGA 1151 (Kaby Lake), LGA 1151 (Skylake), LGA 1200, LGA 2011-V3, LGA 2066, TR4, sTRX4,","AM3+, AM4, FM2, FM2+, LGA 1151 (Coffee Lake), LGA 1151 (Kaby Lake), LGA 1151 (Skylake), LGA 1200, LGA 2011-V3, LGA 2066, LGA 2566, TR4, sTRX4, LGA 3647-V1, LGA 3647-V3, LGA 4189, LGA 4926, SP3r1, SP3r2, SP6,",53,140.0,1.0,0.273,2.71,,Y,Prefabs/CoolingSystems/LiquidCoolers/NZXT/NZXT_Kraken_X42_Radiator,NZXT Kraken X42
CPU Cooler - Liquid,NZXT,Kraken X52,,Y,150,50,9,25,1.0,,RGB,Liquid Cooler,,110.0,Y,Y,Y,Y,Y,Y,Y,Y,Y,Y,Y,Y,Y,Y,Y,Y,,Y,,Y,Y,Y,,,,,,,,,"AM3+, AM4, FM2, FM2+, LGA 1151 (Coffee Lake), LGA 1151 (Kaby Lake), LGA 1151 (Skylake), LGA 1200, LGA 2011-V3, LGA 2066, TR4, sTRX4,","AM3+, AM4, FM2, FM2+, LGA 1151 (Coffee Lake), LGA 1151 (Kaby Lake), LGA 1151 (Skylake), LGA 1200, LGA 2011-V3, LGA 2066, LGA 2566, TR4, sTRX4, LGA 3647-V1, LGA 3647-V3, LGA 4189, LGA 4926, SP3r1, SP3r2, SP6,",53,240.0,2.0,0.273,2.93,,,Prefabs/CoolingSystems/LiquidCoolers/NZXT/NZXT_Kraken_X52_Radiator,NZXT Kraken X52
CPU Cooler - Liquid,NZXT,Kraken X53,,Y,150,50,12,70,1.10,PC,RGB,Liquid Cooler,,110.0,Y,Y,Y,Y,Y,Y,Y,Y,Y,Y,Y,Y,Y,Y,Y,Y,,Y,,Y,Y,Y,,,,,,,,,"AM3+, AM4, FM2, FM2+, LGA 1151 (Coffee Lake), LGA 1151 (Kaby Lake), LGA 1151 (Skylake), LGA 1200, LGA 2011-V3, LGA 2066, TR4, sTRX4,","AM3+, AM4, FM2, FM2+, LGA 1151 (Coffee Lake), LGA 1151 (Kaby Lake), LGA 1151 (Skylake), LGA 1200, LGA 2011-V3, LGA 2066, LGA 2566, TR4, sTRX4, LGA 3647-V1, LGA 3647-V3, LGA 4189, LGA 4926, SP3r1, SP3r2, SP6,",52,240.0,2.0,0.294,,,,v1_10_0/Prefabs/CoolingSystems/LiquidCoolers/NZXT/LC_NZXT_Kraken_X53,NZXT Kraken X53
CPU Cooler - Liquid,NZXT,Kraken X62,,Y,160,53,10,30,1.0,,RGB,Liquid Cooler,,130.0,Y,Y,Y,Y,Y,Y,Y,Y,Y,Y,Y,Y,Y,Y,Y,Y,,Y,,Y,Y,Y,,,,,,,,,"AM3+, AM4, FM2, FM2+, LGA 1151 (Coffee Lake), LGA 1151 (Kaby Lake), LGA 1151 (Skylake), LGA 1200, LGA 2011-V3, LGA 2066, TR4, sTRX4,","AM3+, AM4, FM2, FM2+, LGA 1151 (Coffee Lake), LGA 1151 (Kaby Lake), LGA 1151 (Skylake), LGA 1200, LGA 2011-V3, LGA 2066, LGA 2566, TR4, sTRX4, LGA 3647-V1, LGA 3647-V3, LGA 4189, LGA 4926, SP3r1, SP3r2, SP6,",53,280.0,2.0,0.268,2.71,,,Prefabs/CoolingSystems/LiquidCoolers/NZXT/NZXT_Kraken_X62_Radiator,NZXT Kraken X62
CPU Cooler - Liquid,NZXT,Kraken X63,,Y,170,57,12,70,1.10,PC,RGB,Liquid Cooler,,130.0,Y,Y,Y,Y,Y,Y,Y,Y,Y,Y,Y,Y,Y,Y,Y,Y,,Y,,Y,Y,Y,,,,,,,,,"AM3+, AM4, FM2, FM2+, LGA 1151 (Coffee Lake), LGA 1151 (Kaby Lake), LGA 1151 (Skylake), LGA 1200, LGA 2011-V3, LGA 2066, TR4, sTRX4,","AM3+, AM4, FM2, FM2+, LGA 1151 (Coffee Lake), LGA 1151 (Kaby Lake), LGA 1151 (Skylake), LGA 1200, LGA 2011-V3, LGA 2066, LGA 2566, TR4, sTRX4, LGA 3647-V1, LGA 3647-V3, LGA 4189, LGA 4926, SP3r1, SP3r2, SP6,",52,280.0,2.0,0.296,,,,v1_10_0/Prefabs/CoolingSystems/LiquidCoolers/NZXT/LC_NZXT_Kraken_X63,NZXT Kraken X63
CPU Cooler - Liquid,NZXT,Kraken X72,,Y,200,67,10,50,1.0,,RGB,Liquid Cooler,,150.0,Y,Y,Y,Y,Y,Y,Y,Y,Y,Y,Y,Y,Y,Y,Y,Y,,Y,,Y,Y,Y,,,,,,,,,"AM3+, AM4, FM2, FM2+, LGA 1151 (Coffee Lake), LGA 1151 (Kaby Lake), LGA 1151 (Skylake), LGA 1200, LGA 2011-V3, LGA 2066, TR4, sTRX4,","AM3+, AM4, FM2, FM2+, LGA 1151 (Coffee Lake), LGA 1151 (Kaby Lake), LGA 1151 (Skylake), LGA 1200, LGA 2011-V3, LGA 2066, LGA 2566, TR4, sTRX4, LGA 3647-V1, LGA 3647-V3, LGA 4189, LGA 4926, SP3r1, SP3r2, SP6,",53,360.0,3.0,0.263,,,Y,Prefabs/CoolingSystems/LiquidCoolers/NZXT/NZXT_Kraken_X72_Radiator,NZXT Kraken X72
CPU Cooler - Liquid,NZXT,Kraken X73,,Y,210,70,12,70,1.10,PC,RGB,Liquid Cooler,,150.0,Y,Y,Y,Y,Y,Y,Y,Y,Y,Y,Y,Y,Y,Y,Y,Y,,Y,,Y,Y,Y,,,,,,,,,"AM3+, AM4, FM2, FM2+, LGA 1151 (Coffee Lake), LGA 1151 (Kaby Lake), LGA 1151 (Skylake), LGA 1200, LGA 2011-V3, LGA 2066, TR4, sTRX4,","AM3+, AM4, FM2, FM2+, LGA 1151 (Coffee Lake), LGA 1151 (Kaby Lake), LGA 1151 (Skylake), LGA 1200, LGA 2011-V3, LGA 2066, LGA 2566, TR4, sTRX4, LGA 3647-V1, LGA 3647-V3, LGA 4189, LGA 4926, SP3r1, SP3r2, SP6,",52,360.0,3.0,0.294,,,,v1_10_0/Prefabs/CoolingSystems/LiquidCoolers/NZXT/LC_NZXT_Kraken_X73,NZXT Kraken X73
CPU Cooler - Liquid,NZXT,Kraken Z63,,Y,250,83,12,40,1.7,PC,PurpleBlue,Liquid Cooler,,130.0,Y,Y,Y,Y,Y,Y,Y,Y,Y,Y,Y,Y,Y,Y,Y,Y,,Y,,Y,Y,Y,,,,,,,,,"AM3+, AM4, FM2, FM2+, LGA 1151 (Coffee Lake), LGA 1151 (Kaby Lake), LGA 1151 (Skylake), LGA 1200, LGA 2011-V3, LGA 2066, TR4, sTRX4,","AM3+, AM4, FM2, FM2+, LGA 1151 (Coffee Lake), LGA 1151 (Kaby Lake), LGA 1151 (Skylake), LGA 1200, LGA 2011-V3, LGA 2066, LGA 2566, TR4, sTRX4, LGA 3647-V1, LGA 3647-V3, LGA 4189, LGA 4926, SP3r1, SP3r2, SP6,",52,280.0,2.0,0.29,,,,v1_7_0/Prefabs/CoolingSystems/LiquidCoolers/NZXT/LC_NZXT_Kraken_Z63,NZXT Kraken Z63
CPU Cooler - Liquid,NZXT,Kraken Z63 Chilled,Y,Y,435,135,14,40,,PC,RGB,Liquid Cooler,,250.0,Y,Y,Y,Y,Y,Y,Y,Y,Y,Y,Y,Y,Y,Y,Y,Y,,Y,Y,Y,Y,Y,,,,,,,,,,"LGA 1151 (Coffee Lake), LGA 1151 (Kaby Lake), LGA 1151 (Skylake), TR4, LGA 2066, LGA 2566, AM4, sTRX4, LGA 2011-V3, FM2+, FM2, LGA 1200, AM3+, SP3r1, SP3r2, SP6, LGA 3647-V1, LGA 3647-V3, LGA 4189, LGA 4926, LGA 5903,",52,280.0,2.0,0.33,,,,v1_7_0/Prefabs/CoolingSystems/LiquidCoolers/NZXT/LC_NZXT_Kraken_Z63,NZXT Kraken Z63 Chilled
CPU Cooler - Liquid,NZXT,Kraken Z73,,Y,310,103,12,40,1.7,PC,PurpleBlue,Liquid Cooler,,150.0,Y,Y,Y,Y,Y,Y,Y,Y,Y,Y,Y,Y,Y,Y,Y,Y,,Y,,Y,Y,Y,,,,,,,,,"AM3+, AM4, FM2, FM2+, LGA 1151 (Coffee Lake), LGA 1151 (Kaby Lake), LGA 1151 (Skylake), LGA 1200, LGA 2011-V3, LGA 2066, TR4, sTRX4,","AM3+, AM4, FM2, FM2+, LGA 1151 (Coffee Lake), LGA 1151 (Kaby Lake), LGA 1151 (Skylake), LGA 1200, LGA 2011-V3, LGA 2066, LGA 2566, TR4, sTRX4, LGA 3647-V1, LGA 3647-V3, LGA 4189, LGA 4926, SP3r1, SP3r2, SP6,",52,360.0,3.0,0.255,,,,v1_7_0/Prefabs/CoolingSystems/LiquidCoolers/NZXT/LC_NZXT_Kraken_Z73,NZXT Kraken Z73
CPU Cooler - Liquid,NZXT,Kraken Z73 Chilled,Y,Y,565,143,14,85,,PC,RGB,Liquid Cooler,,315.0,Y,Y,Y,Y,Y,Y,Y,Y,Y,Y,Y,Y,Y,Y,Y,Y,,Y,Y,Y,Y,Y,,,,,,,,,,"LGA 1151 (Coffee Lake), LGA 1151 (Kaby Lake), LGA 1151 (Skylake), TR4, LGA 2066, LGA 2566, AM4, sTRX4, LGA 2011-V3, FM2+, FM2, LGA 1200, AM3+, SP3r1, SP3r2, SP6, LGA 3647-V1, LGA 3647-V3, LGA 4189, LGA 4926, LGA 5903,",52,360.0,3.0,0.29,,,,v1_7_0/Prefabs/CoolingSystems/LiquidCoolers/NZXT/LC_NZXT_Kraken_Z73,NZXT Kraken Z73 Chilled
CPU Cooler - Liquid,Raijintek,Chilled ORCUS 120 RBW,Y,Y,235,47,30,15,,PC,RGB,Liquid Cooler,,175.0,Y,Y,Y,Y,Y,Y,Y,Y,Y,Y,Y,Y,Y,Y,Y,Y,,Y,Y,Y,Y,Y,,,,,,,,,,"LGA 1151 (Coffee Lake), LGA 1151 (Kaby Lake), LGA 1151 (Skylake), TR4, LGA 2066, LGA 2566, AM4, sTRX4, LGA 2011-V3, FM2+, FM2, LGA 1200, AM3+, SP3r1, SP3r2, SP6, LGA 3647-V1, LGA 3647-V3, LGA 4189, LGA 4926, LGA 5903,",120,120.0,1.0,0.49,,,,Prefabs/CoolingSystems/LiquidCoolers/Raijintek/LC_Raijintek_Orcus_120,Raijintek Chilled ORCUS 120 RBW
CPU Cooler - Liquid,Raijintek,Chilled ORCUS 140 RBW,Y,Y,270,90,31,35,,PC,RGB,Liquid Cooler,,200.0,Y,Y,Y,Y,Y,Y,Y,Y,Y,Y,Y,Y,Y,Y,Y,Y,,Y,Y,Y,Y,Y,,,,,,,,,,"LGA 1151 (Coffee Lake), LGA 1151 (Kaby Lake), LGA 1151 (Skylake), TR4, LGA 2066, LGA 2566, AM4, sTRX4, LGA 2011-V3, FM2+, FM2, LGA 1200, AM3+, SP3r1, SP3r2, SP6, LGA 3647-V1, LGA 3647-V3, LGA 4189, LGA 4926, LGA 5903,",138,140.0,1.0,0.51,,,,Prefabs/CoolingSystems/LiquidCoolers/Raijintek/LC_Raijintek_Orcus_140,Raijintek Chilled ORCUS 140 RBW
CPU Cooler - Liquid,Raijintek,Chilled ORCUS 240,Y,Y,210,85,26,25,,,RGB,Liquid Cooler,,205.0,Y,Y,Y,Y,Y,Y,Y,Y,Y,Y,Y,Y,Y,Y,Y,Y,,Y,Y,Y,Y,Y,,,,,,,,,,"LGA 1151 (Coffee Lake), LGA 1151 (Kaby Lake), LGA 1151 (Skylake), TR4, LGA 2066, LGA 2566, AM4, sTRX4, LGA 2011-V3, FM2+, FM2, LGA 1200, AM3+, SP3r1, SP3r2, SP6, LGA 3647-V1, LGA 3647-V3, LGA 4189, LGA 4926, LGA 5903,",33,240.0,2.0,0.5,,,,Prefabs/CoolingSystems/LiquidCoolers/Raijintek/Raijintek_Orcus_240,Raijintek Chilled ORCUS 240
CPU Cooler - Liquid,Raijintek,Chilled ORCUS 280 RBW,Y,Y,365,165,30,45,,PC,RGB,Liquid Cooler,,250.0,Y,Y,Y,Y,Y,Y,Y,Y,Y,Y,Y,Y,Y,Y,Y,Y,,Y,Y,Y,Y,Y,,,,,,,,,,"LGA 1151 (Coffee Lake), LGA 1151 (Kaby Lake), LGA 1151 (Skylake), TR4, LGA 2066, LGA 2566, AM4, sTRX4, LGA 2011-V3, FM2+, FM2, LGA 1200, AM3+, SP3r1, SP3r2, SP6, LGA 3647-V1, LGA 3647-V3, LGA 4189, LGA 4926, LGA 5903,",138,280.0,2.0,0.51,,,,Prefabs/CoolingSystems/LiquidCoolers/Raijintek/LC_Raijintek_Orcus_280,Raijintek Chilled ORCUS 280 RBW
CPU Cooler - Liquid,Raijintek,Chilled ORCUS 360 RBW,Y,Y,425,195,30,65,,PC,RGB,Liquid Cooler,,315.0,Y,Y,Y,Y,Y,Y,Y,Y,Y,Y,Y,Y,Y,Y,Y,Y,,Y,Y,Y,Y,Y,,,,,,,,,,"LGA 1151 (Coffee Lake), LGA 1151 (Kaby Lake), LGA 1151 (Skylake), TR4, LGA 2066, LGA 2566, AM4, sTRX4, LGA 2011-V3, FM2+, FM2, LGA 1200, AM3+, SP3r1, SP3r2, SP6, LGA 3647-V1, LGA 3647-V3, LGA 4189, LGA 4926, LGA 5903,",120,360.0,3.0,0.49,,,,Prefabs/CoolingSystems/LiquidCoolers/Raijintek/LC_Raijintek_Orcus_360,Raijintek Chilled ORCUS 360 RBW
CPU Cooler - Liquid,Raijintek,EOS 240,,Y,100,33,27,1,1.8,PC,RGB,Liquid Cooler,,95.0,Y,Y,Y,Y,Y,,,Y,Y,Y,Y,Y,Y,,,,,,,,,,,,,,,,,,"AM3+, AM4, FM2, FM2+, LGA 1151 (Coffee Lake), LGA 1151 (Kaby Lake), LGA 1151 (Skylake), LGA 1200, LGA 2011-V3, LGA 2066,","AM3+, AM4, FM2, FM2+, LGA 1151 (Coffee Lake), LGA 1151 (Kaby Lake), LGA 1151 (Skylake), LGA 1200, LGA 2011-V3, LGA 2066, LGA 2566,",120,240.0,2.0,0.296,,,,v1_8_0/Prefabs/CoolingSystems/LiquidCoolers/Raijintek/LC_Raijintek_EOS_240,Raijintek EOS 240
CPU Cooler - Liquid,Raijintek,EOS 240 RBW,,Y,110,37,27,1,1.14,PC,RGB,Liquid Cooler,,95.0,Y,Y,Y,Y,Y,,,Y,Y,Y,Y,Y,Y,,,,,,,,,,,,,,,,,,"AM3+, AM4, FM2, FM2+, LGA 1151 (Coffee Lake), LGA 1151 (Kaby Lake), LGA 1151 (Skylake), LGA 1200, LGA 2011-V3, LGA 2066,","AM3+, AM4, FM2, FM2+, LGA 1151 (Coffee Lake), LGA 1151 (Kaby Lake), LGA 1151 (Skylake), LGA 1200, LGA 2011-V3, LGA 2066, LGA 2566,",120,240.0,2.0,0.296,,,,v1_14_0/Prefabs/CoolingSystems/Liquid Coolers/RAIJINTEK/LC_RAIJINTEK_EOS_240_RBW,Raijintek EOS 240 RBW
CPU Cooler - Liquid,Raijintek,EOS 360,,Y,140,47,27,1,1.8,PC,RGB,Liquid Cooler,,130.0,Y,Y,Y,Y,Y,,,Y,Y,Y,Y,Y,Y,,,,,,,,,,,,,,,,,,"AM3+, AM4, FM2, FM2+, LGA 1151 (Coffee Lake), LGA 1151 (Kaby Lake), LGA 1151 (Skylake), LGA 1200, LGA 2011-V3, LGA 2066,","AM3+, AM4, FM2, FM2+, LGA 1151 (Coffee Lake), LGA 1151 (Kaby Lake), LGA 1151 (Skylake), LGA 1200, LGA 2011-V3, LGA 2066, LGA 2566,",120,360.0,3.0,0.296,,,,v1_8_0/Prefabs/CoolingSystems/LiquidCoolers/Raijintek/LC_Raijintek_EOS_360,Raijintek EOS 360
CPU Cooler - Liquid,Raijintek,EOS 360 RBW,,Y,150,50,27,1,1.14,PC,RGB,Liquid Cooler,,130.0,Y,Y,Y,Y,Y,,,Y,Y,Y,Y,Y,Y,,,,,,,,,,,,,,,,,,"AM3+, AM4, FM2, FM2+, LGA 1151 (Coffee Lake), LGA 1151 (Kaby Lake), LGA 1151 (Skylake), LGA 1200, LGA 2011-V3, LGA 2066,","AM3+, AM4, FM2, FM2+, LGA 1151 (Coffee Lake), LGA 1151 (Kaby Lake), LGA 1151 (Skylake), LGA 1200, LGA 2011-V3, LGA 2066, LGA 2566,",120,360.0,3.0,0.296,,,,v1_14_0/Prefabs/CoolingSystems/Liquid Coolers/RAIJINTEK/LC_RAIJINTEK_EOS_360_RBW,Raijintek EOS 360 RBW
CPU Cooler - Liquid,Raijintek,ORCUS 120 RBW,,Y,140,47,29,60,1.3,PC,RGB,Liquid Cooler,,90.0,Y,Y,Y,Y,Y,,,Y,Y,Y,Y,Y,Y,,,,,,,,,,,,,,,,,,"AM3+, AM4, FM2, FM2+, LGA 1151 (Coffee Lake), LGA 1151 (Kaby Lake), LGA 1151 (Skylake), LGA 1200, LGA 2011-V3, LGA 2066,","AM3+, AM4, FM2, FM2+, LGA 1151 (Coffee Lake), LGA 1151 (Kaby Lake), LGA 1151 (Skylake), LGA 1200, LGA 2011-V3, LGA 2066, LGA 2566,",120,120.0,1.0,0.467,,,,Prefabs/CoolingSystems/LiquidCoolers/Raijintek/LC_Raijintek_Orcus_120,Raijintek ORCUS 120 RBW
CPU Cooler - Liquid,Raijintek,ORCUS 140 RBW,,Y,150,50,29,60,1.3,PC,RGB,Liquid Cooler,,75.0,Y,Y,Y,Y,Y,,,Y,Y,Y,Y,Y,Y,,,,,,,,,,,,,,,,,,"AM3+, AM4, FM2, FM2+, LGA 1151 (Coffee Lake), LGA 1151 (Kaby Lake), LGA 1151 (Skylake), LGA 1200, LGA 2011-V3, LGA 2066,","AM3+, AM4, FM2, FM2+, LGA 1151 (Coffee Lake), LGA 1151 (Kaby Lake), LGA 1151 (Skylake), LGA 1200, LGA 2011-V3, LGA 2066, LGA 2566,",138,140.0,1.0,0.481,,,,Prefabs/CoolingSystems/LiquidCoolers/Raijintek/LC_Raijintek_Orcus_140,Raijintek ORCUS 140 RBW
CPU Cooler - Liquid,Raijintek,ORCUS 240,,Y,104,35,24,50,1.0,,RGB,Liquid Cooler,,110.0,Y,Y,Y,Y,Y,,,Y,Y,Y,Y,Y,Y,Y,Y,Y,,Y,,,,,,,,,,,,,"AM3+, AM4, FM2, FM2+, LGA 1151 (Coffee Lake), LGA 1151 (Kaby Lake), LGA 1151 (Skylake), LGA 1200, LGA 2011-V3, LGA 2066,","AM3+, AM4, FM2, FM2+, LGA 1151 (Coffee Lake), LGA 1151 (Kaby Lake), LGA 1151 (Skylake), LGA 1200, LGA 2011-V3, LGA 2066, LGA 2566, LGA 3647-V1, LGA 3647-V3, LGA 4189, LGA 4926,",33,240.0,2.0,0.468,,,,Prefabs/CoolingSystems/LiquidCoolers/Raijintek/Raijintek_Orcus_240,Raijintek ORCUS 240
CPU Cooler - Liquid,Raijintek,ORCUS 280 RBW,,Y,170,57,29,60,1.3,PC,RGB,Liquid Cooler,,110.0,Y,Y,Y,Y,Y,,,Y,Y,Y,Y,Y,Y,,,,,,,,,,,,,,,,,,"AM3+, AM4, FM2, FM2+, LGA 1151 (Coffee Lake), LGA 1151 (Kaby Lake), LGA 1151 (Skylake), LGA 1200, LGA 2011-V3, LGA 2066,","AM3+, AM4, FM2, FM2+, LGA 1151 (Coffee Lake), LGA 1151 (Kaby Lake), LGA 1151 (Skylake), LGA 1200, LGA 2011-V3, LGA 2066, LGA 2566,",138,280.0,2.0,0.487,,,,Prefabs/CoolingSystems/LiquidCoolers/Raijintek/LC_Raijintek_Orcus_280,Raijintek ORCUS 280 RBW
CPU Cooler - Liquid,Raijintek,ORCUS 360 RBW,,Y,200,67,29,60,1.3,PC,RGB,Liquid Cooler,,130.0,Y,Y,Y,Y,Y,,,Y,Y,Y,Y,Y,Y,,,,,,,,,,,,,,,,,,"AM3+, AM4, FM2, FM2+, LGA 1151 (Coffee Lake), LGA 1151 (Kaby Lake), LGA 1151 (Skylake), LGA 1200, LGA 2011-V3, LGA 2066,","AM3+, AM4, FM2, FM2+, LGA 1151 (Coffee Lake), LGA 1151 (Kaby Lake), LGA 1151 (Skylake), LGA 1200, LGA 2011-V3, LGA 2066, LGA 2566,",120,360.0,3.0,0.466,,,,Prefabs/CoolingSystems/LiquidCoolers/Raijintek/LC_Raijintek_Orcus_360,Raijintek ORCUS 360 RBW
CPU Cooler - Liquid,SilverStone,PF120-ARGB,,Y,120,40,25,30,1.6,,RGB,Liquid Cooler,,70.0,Y,Y,Y,Y,Y,,,Y,Y,Y,Y,Y,Y,,,,,,,,,,,,,,,,,,"AM3+, AM4, FM2, FM2+, LGA 1151 (Coffee Lake), LGA 1151 (Kaby Lake), LGA 1151 (Skylake), LGA 1200, LGA 2011-V3, LGA 2066,","AM3+, AM4, FM2, FM2+, LGA 1151 (Coffee Lake), LGA 1151 (Kaby Lake), LGA 1151 (Skylake), LGA 1200, LGA 2011-V3, LGA 2066, LGA 2566,",40,120.0,1.0,0.269,,,,Prefabs/CoolingSystems/LiquidCoolers/SilverStone/LC_SilverStone_PF_120_ARGB,SilverStone PF120-ARGB
CPU Cooler - Liquid,SilverStone,PF240-ARGB,,Y,150,50,25,30,1.6,,RGB,Liquid Cooler,,105.0,Y,Y,Y,Y,Y,,,Y,Y,Y,Y,Y,Y,,,,,,,,,,,,,,,,,,"AM3+, AM4, FM2, FM2+, LGA 1151 (Coffee Lake), LGA 1151 (Kaby Lake), LGA 1151 (Skylake), LGA 1200, LGA 2011-V3, LGA 2066,","AM3+, AM4, FM2, FM2+, LGA 1151 (Coffee Lake), LGA 1151 (Kaby Lake), LGA 1151 (Skylake), LGA 1200, LGA 2011-V3, LGA 2066, LGA 2566,",40,240.0,2.0,0.269,,,,Prefabs/CoolingSystems/LiquidCoolers/SilverStone/LC_SilverStone_PF_240_ARGB,SilverStone PF240-ARGB
CPU Cooler - Liquid,SilverStone,PF240W-ARGB,,Y,100,33,25,30,1.15,,RGB,Liquid Cooler,,105.0,Y,Y,Y,Y,Y,,,Y,Y,Y,Y,Y,,,,,,,,,,,,,,,,,,,"AM3+, AM4, FM2, FM2+, LGA 1151 (Coffee Lake), LGA 1151 (Kaby Lake), LGA 1151 (Skylake), LGA 1200, LGA 2011-V3, LGA 2066,","AM3+, AM4, FM2, FM2+, LGA 1151 (Coffee Lake), LGA 1151 (Kaby Lake), LGA 1151 (Skylake), LGA 1200, LGA 2011-V3, LGA 2066,",40,240.0,2.0,0.269,,,,v1_15_0/Prefabs/CoolerSystems/Liquid Coolers/SilverStone/LC_SilverStone_PF_240_ARGB_MS_white,SilverStone PF240W-ARGB
CPU Cooler - Liquid,SilverStone,PF360-ARGB,,Y,180,60,25,30,1.6,,RGB,Liquid Cooler,,145.0,Y,Y,Y,Y,Y,,,Y,Y,Y,Y,Y,Y,,,,,,,,,,,,,,,,,,"AM3+, AM4, FM2, FM2+, LGA 1151 (Coffee Lake), LGA 1151 (Kaby Lake), LGA 1151 (Skylake), LGA 1200, LGA 2011-V3, LGA 2066,","AM3+, AM4, FM2, FM2+, LGA 1151 (Coffee Lake), LGA 1151 (Kaby Lake), LGA 1151 (Skylake), LGA 1200, LGA 2011-V3, LGA 2066, LGA 2566,",40,360.0,3.0,0.269,,,,Prefabs/CoolingSystems/LiquidCoolers/SilverStone/LC_SilverStone_PF_360_ARGB,SilverStone PF360-ARGB
CPU Cooler - Liquid,SilverStone,PF360W-ARGB,,Y,130,43,25,30,1.15,,RGB,Liquid Cooler,,145.0,Y,Y,Y,Y,Y,,,Y,Y,Y,Y,Y,,,,,,,,,,,,,,,,,,,"AM3+, AM4, FM2, FM2+, LGA 1151 (Coffee Lake), LGA 1151 (Kaby Lake), LGA 1151 (Skylake), LGA 1200, LGA 2011-V3, LGA 2066,","AM3+, AM4, FM2, FM2+, LGA 1151 (Coffee Lake), LGA 1151 (Kaby Lake), LGA 1151 (Skylake), LGA 1200, LGA 2011-V3, LGA 2066,",40,360.0,3.0,0.269,,,,v1_15_0/Prefabs/CoolerSystems/Liquid Coolers/SilverStone/LC_SilverStone_PF_360_ARGB_MS_white,SilverStone PF360W-ARGB
CPU Cooler - Liquid,SilverStone,TD02-LITE,,Y,85,28,25,10,1.0,,,Liquid Cooler,,110.0,Y,Y,Y,Y,Y,,,Y,Y,Y,Y,Y,Y,,,,,,,,,,,,,,,,,,"AM3+, AM4, FM2, FM2+, LGA 1151 (Coffee Lake), LGA 1151 (Kaby Lake), LGA 1151 (Skylake), LGA 1200, LGA 2011-V3, LGA 2066,","AM3+, AM4, FM2, FM2+, LGA 1151 (Coffee Lake), LGA 1151 (Kaby Lake), LGA 1151 (Skylake), LGA 1200, LGA 2011-V3, LGA 2066, LGA 2566,",38,240.0,2.0,0.289,,,,Prefabs/CoolingSystems/LiquidCoolers/SilverStone/Heatsink_TD02-Lite,SilverStone TD02-LITE
CPU Cooler - Liquid,SilverStone,TD02-SLIM,,Y,75,25,25,1,1.0,,,Liquid Cooler,,105.0,Y,Y,Y,Y,Y,,,Y,Y,Y,Y,Y,Y,,,,,,,,,,,,,,,,,,"AM3+, AM4, FM2, FM2+, LGA 1151 (Coffee Lake), LGA 1151 (Kaby Lake), LGA 1151 (Skylake), LGA 1200, LGA 2011-V3, LGA 2066,","AM3+, AM4, FM2, FM2+, LGA 1151 (Coffee Lake), LGA 1151 (Kaby Lake), LGA 1151 (Skylake), LGA 1200, LGA 2011-V3, LGA 2066, LGA 2566,",40,240.0,2.0,0.191,,,,Prefabs/CoolingSystems/LiquidCoolers/SilverStone/Heatsink_TD02-E_Slim,SilverStone TD02-SLIM
CPU Cooler - Liquid,SilverStone,TD03-LITE,,Y,70,23,25,30,1.0,,,Liquid Cooler,,70.0,Y,Y,Y,Y,Y,,,Y,Y,Y,Y,Y,Y,,,,,,,,,,,,,,,,,,"AM3+, AM4, FM2, FM2+, LGA 1151 (Coffee Lake), LGA 1151 (Kaby Lake), LGA 1151 (Skylake), LGA 1200, LGA 2011-V3, LGA 2066,","AM3+, AM4, FM2, FM2+, LGA 1151 (Coffee Lake), LGA 1151 (Kaby Lake), LGA 1151 (Skylake), LGA 1200, LGA 2011-V3, LGA 2066, LGA 2566,",38,120.0,1.0,0.288,,,,Prefabs/CoolingSystems/LiquidCoolers/SilverStone/Heatsink_TD03_LITE,SilverStone TD03-LITE
CPU Cooler - Liquid,SilverStone,TD03-SLIM,,Y,70,23,25,20,1.0,,,Liquid Cooler,,67.0,Y,Y,Y,Y,Y,,,Y,Y,Y,Y,Y,Y,,,,,,,,,,,,,,,,,,"AM3+, AM4, FM2, FM2+, LGA 1151 (Coffee Lake), LGA 1151 (Kaby Lake), LGA 1151 (Skylake), LGA 1200, LGA 2011-V3, LGA 2066,","AM3+, AM4, FM2, FM2+, LGA 1151 (Coffee Lake), LGA 1151 (Kaby Lake), LGA 1151 (Skylake), LGA 1200, LGA 2011-V3, LGA 2066, LGA 2566,",40,120.0,1.0,0.191,,,,Prefabs/CoolingSystems/LiquidCoolers/SilverStone/Heatsink_TD03-SLIM,SilverStone TD03-SLIM
CPU Cooler - Liquid,Thermaltake,TH240 ARGB Sync,,Y,100,33,31,1,1.15,,RGB,Liquid Cooler,,105.0,Y,Y,Y,Y,Y,,,Y,Y,Y,Y,Y,,,,,,,,,,,,,,,,,,,"AM3+, AM4, FM2, FM2+, LGA 1151 (Coffee Lake), LGA 1151 (Kaby Lake), LGA 1151 (Skylake), LGA 1200, LGA 2011-V3, LGA 2066,","AM3+, AM4, FM2, FM2+, LGA 1151 (Coffee Lake), LGA 1151 (Kaby Lake), LGA 1151 (Skylake), LGA 1200, LGA 2011-V3, LGA 2066,",40,240.0,2.0,0.269,1.31,,,v1_15_0/Prefabs/CoolerSystems/Liquid Coolers/Thermaltake/LC_Thermaltake_TH240_ARGB_Sync_AIO,Thermaltake TH240 ARGB Sync
CPU Cooler - Liquid,Thermaltake,TH240 ARGB Sync Snow Edition,,Y,100,33,31,1,1.15,,RGB,Liquid Cooler,,105.0,Y,Y,Y,Y,Y,,,Y,Y,Y,Y,Y,,,,,,,,,,,,,,,,,,,"AM3+, AM4, FM2, FM2+, LGA 1151 (Coffee Lake), LGA 1151 (Kaby Lake), LGA 1151 (Skylake), LGA 1200, LGA 2011-V3, LGA 2066,","AM3+, AM4, FM2, FM2+, LGA 1151 (Coffee Lake), LGA 1151 (Kaby Lake), LGA 1151 (Skylake), LGA 1200, LGA 2011-V3, LGA 2066,",40,240.0,2.0,0.269,1.31,,,v1_15_0/Prefabs/CoolerSystems/Liquid Coolers/Thermaltake/LC_Thermaltake_TH240_ARGB_Sync_AIO_White,Thermaltake TH240 ARGB Sync Snow Edition
CPU Cooler - Liquid,Thermaltake,TH360 ARGB Sync Snow Edition,,Y,130,43,31,1,1.15,,RGB,Liquid Cooler,,145.0,Y,Y,Y,Y,Y,,,Y,Y,Y,Y,Y,,,,,,,,,,,,,,,,,,,"AM3+, AM4, FM2, FM2+, LGA 1151 (Coffee Lake), LGA 1151 (Kaby Lake), LGA 1151 (Skylake), LGA 1200, LGA 2011-V3, LGA 2066,","AM3+, AM4, FM2, FM2+, LGA 1151 (Coffee Lake), LGA 1151 (Kaby Lake), LGA 1151 (Skylake), LGA 1200, LGA 2011-V3, LGA 2066,",40,360.0,3.0,0.269,1.31,,,v1_15_0/Prefabs/CoolerSystems/Liquid Coolers/Thermaltake/LC_Thermaltake_TH360_ARGB_Sync_AIO_Snow,Thermaltake TH360 ARGB Sync Snow Edition
