Part Type,Manufacturer,Series,Part Name,HEM,In Shop,Part Ranking Score,Price,Sell Price,Level,Level %,Steam Version,Platform Lock,Frequency,Cores,Socket,Wattage,Can Overclock,Thermal Throttling,Voltage,Basic CPU Score,Score to value ratio,Default Memory Speed,% increase,Overclock Basic CPU Score,Overclock CPU score increase,Multiplier Step,Number of dies,Max Memory Channels,OC Base Voltage,OC Base Freq,CoreClockMultiplier,MemChannelsMultiplier,MemClockMultiplier,FinalAdjustment,DLC2 Random Jobs,Asset Path,Full Part Name
CPU,AMD,AMD Athlon,Athlon 200GE,Y,Y,792,55,7,3,1,,,3200,2,AM4,35,Y,95,1.25,2362,21.0,2666,16.2,2718,13.6,0.25,1.0,2,1.6,3600,0.00103,0.40477,0.000346,2.90125,,Prefabs/CPU/AMD/Ryzen_3_QuadCore_1200,AMD Athlon 200GE
CPU,AMD,AMD Athlon,Athlon 220GE,Y,Y,831,65,20,3,50,,,3400,2,AM4,35,Y,95,1.35,2479,10.8,3200,2.4,11765,1.0,0.25,2.0,2,1.6,3700,0.00103,0.40477,0.000346,2.90125,,Prefabs/CPU/AMD/Ryzen_3_QuadCore_1200,AMD Athlon 220GE
CPU,AMD,AMD Athlon,Athlon 240GE,Y,Y,842,75,20,3,75,,,3500,2,AM4,35,Y,95,1.35,2510,10.8,3200,2.4,11765,1.0,0.25,2.0,2,1.6,4000,0.00103,0.40477,0.000346,2.90125,,Prefabs/CPU/AMD/Ryzen_3_QuadCore_1200,AMD Athlon 240GE
CPU,AMD,AMD Athlon,Athlon 3000G,Y,Y,878,85,7,4,1,,,3500,2,AM4,35,Y,95,1.25,2617,21.0,2933,16.2,2718,13.6,0.25,1.0,2,1.6,4200,0.00103,0.40477,0.0005,2.90125,,Prefabs/CPU/AMD/Ryzen_3_QuadCore_1200,AMD Athlon 3000G
CPU,AMD,AMD Athlon,Athlon 3000GE,Y,Y,888,115,50,32,1,,,3600,2,AM4,35,Y,95,1.25,2647,21.0,2933,16.2,2718,13.6,0.25,1.0,2,1.6,4200,0.00103,0.40477,0.0005,2.90125,,Prefabs/CPU/AMD/Ryzen_3_QuadCore_1200,AMD Athlon 3000GE
CPU,AMD,AMD Athlon,Athlon 3000GEX,Y,Y,929,145,85,32,65,,,4000,2,AM4,65,Y,95,1.25,2770,21.0,2933,16.2,2718,13.6,0.25,1.0,2,1.6,4600,0.00103,0.40477,0.0005,2.90125,,Prefabs/CPU/AMD/Ryzen_3_QuadCore_1200,AMD Athlon 3000GEX
CPU,AMD,AMD EPYC 7001,EPYC 7251,Y,Y,2186,600,225,18,1,,,2900,8,SP3r1,120,Y,95,1.35,6516,12.0,2666,2.9,9711,2.25,0.25,2.0,4,1.65,3500,0.008827,4.868455,0.005949,-39.0637,,Prefabs/CPU/AMD/Ryzen_ThreadRipper_SixteenCore_1950X,AMD EPYC 7251
CPU,AMD,AMD EPYC 7001,EPYC 7261,Y,Y,2303,785,287,18,45,,,2900,8,SP3r1,155,Y,95,1.35,6864,12.0,2666,2.9,9711,2.0,0.25,2.0,4,1.65,3850,0.010827,4.868455,0.006049,-43.9637,,Prefabs/CPU/AMD/Ryzen_ThreadRipper_SixteenCore_1950X,AMD EPYC 7261
CPU,AMD,AMD EPYC 7001,EPYC 7281,Y,Y,2903,1050,365,19,15,,,2700,16,SP3r1,155,Y,95,1.35,8652,12.0,2666,2.9,9711,1.55,0.25,2.0,4,1.65,3400,0.009827,4.868455,0.005549,-31.7637,,Prefabs/CPU/AMD/Ryzen_ThreadRipper_SixteenCore_1950X,AMD EPYC 7281
CPU,AMD,AMD EPYC 7001,EPYC 7301,Y,Y,3026,1350,550,19,35,,,2700,16,SP3r1,170,Y,95,1.35,9020,12.0,2666,2.9,9711,1.55,0.25,2.0,4,1.65,3700,0.012827,4.868455,0.006349,-40.7637,,Prefabs/CPU/AMD/Ryzen_ThreadRipper_SixteenCore_1950X,AMD EPYC 7301
CPU,AMD,AMD EPYC 7001,EPYC 7351,Y,Y,3504,1650,750,19,85,,,2900,16,SP3r1,170,Y,95,1.35,10442,12.0,2666,2.9,9711,1.65,0.25,2.0,4,1.65,3650,0.013827,4.868455,0.006749,-42.5237,,Prefabs/CPU/AMD/Ryzen_ThreadRipper_SixteenCore_1950X,AMD EPYC 7351
CPU,AMD,AMD EPYC 7001,EPYC 7371,Y,Y,3708,2100,850,20,35,,,3800,16,SP3r1,180,Y,95,1.35,11051,12.0,2666,2.9,9711,1.35,0.25,2.0,4,1.65,4250,0.013827,4.868455,0.007349,-54.5237,,Prefabs/CPU/AMD/Ryzen_ThreadRipper_SixteenCore_1950X,AMD EPYC 7371
CPU,AMD,AMD EPYC 7001,EPYC 7401,Y,Y,4075,2450,1050,20,85,,,3000,24,SP3r1,170,Y,95,1.35,12145,12.0,2666,2.9,9711,2.75,0.25,2.0,4,1.65,3700,0.012827,4.868455,0.006949,-35.7237,,Prefabs/CPU/AMD/Ryzen_ThreadRipper_SixteenCore_1950X,AMD EPYC 7401
CPU,AMD,AMD EPYC 7001,EPYC 7451,Y,Y,4264,3000,1350,21,35,,,3200,24,SP3r1,180,Y,95,1.35,12708,12.0,2666,2.9,9711,2.75,0.25,2.0,4,1.65,3950,0.012827,4.868455,0.006949,-36.4007,,Prefabs/CPU/AMD/Ryzen_ThreadRipper_SixteenCore_1950X,AMD EPYC 7451
CPU,AMD,AMD EPYC 7001,EPYC 7501,Y,Y,4628,3750,1650,21,85,,,3000,32,SP3r1,170,Y,95,1.35,13794,12.0,2666,2.9,9711,2.0,0.25,2.0,4,1.65,3800,0.013827,4.868455,0.007249,-33.9907,,Prefabs/CPU/AMD/Ryzen_ThreadRipper_SixteenCore_1950X,AMD EPYC 7501
CPU,AMD,AMD EPYC 7001,EPYC 7551,Y,Y,4750,4200,1900,22,45,,,3000,32,SP3r1,180,Y,95,1.35,14155,12.0,2666,2.9,9711,1.9,0.25,2.0,4,1.65,4100,0.014827,4.868455,0.007449,-36.3107,,Prefabs/CPU/AMD/Ryzen_ThreadRipper_SixteenCore_1950X,AMD EPYC 7551
CPU,AMD,AMD EPYC 7001,EPYC 7601,Y,Y,5102,5000,2400,23,15,,,3200,32,SP3r1,180,Y,95,1.35,15205,12.0,2666,2.9,9711,1.85,0.25,2.0,4,1.65,4000,0.016827,4.868455,0.008449,-44.82107,,Prefabs/CPU/AMD/Ryzen_ThreadRipper_SixteenCore_1950X,AMD EPYC 7601
CPU,AMD,AMD EPYC 7001 (2P),EPYC 7251 (2P),Y,Y,2927,1200,525,19,1,,,2900,16,SP3r1 (2P),240,Y,95,1.35,8723,12.0,2666,2.9,9711,2.25,0.25,2.0,4,1.65,3200,0.008827,4.868455,0.005949,-31.660341919463086,,Prefabs/CPU/AMD/Ryzen_ThreadRipper_SixteenCore_1950X,AMD EPYC 7251 (2P)
CPU,AMD,AMD EPYC 7001 (2P),EPYC 7261 (2P),Y,Y,3083,1570,715,19,45,,,2900,16,SP3r1 (2P),310,Y,95,1.35,9188,12.0,2666,2.9,9711,2.0,0.25,4.0,4,1.65,3400,0.010827,4.868455,0.006049,-36.16318353020134,,Prefabs/CPU/AMD/Ryzen_ThreadRipper_SixteenCore_1950X,AMD EPYC 7261 (2P)
CPU,AMD,AMD EPYC 7001 (2P),EPYC 7281 (2P),Y,Y,3886,2100,885,20,25,,,2700,16,SP3r1 (2P),310,Y,95,1.35,11582,12.0,2666,2.9,9711,1.55,0.25,4.0,4,1.65,3300,0.009827,4.868455,0.005549,-21.931226483221476,,Prefabs/CPU/AMD/Ryzen_ThreadRipper_SixteenCore_1950X,AMD EPYC 7281 (2P)
CPU,AMD,AMD EPYC 7001 (2P),EPYC 7301 (2P),Y,Y,3026,2700,1250,20,35,,,2700,32,SP3r1 (2P),340,Y,95,1.35,9020,12.0,2666,2.9,9711,1.55,0.25,4.0,4,1.65,3400,0.012827,4.868455,0.006349,-40.7637,,Prefabs/CPU/AMD/Ryzen_ThreadRipper_SixteenCore_1950X,AMD EPYC 7301 (2P)
CPU,AMD,AMD EPYC 7001 (2P),EPYC 7351 (2P),Y,Y,3504,3300,1550,20,85,,,2900,32,SP3r1 (2P),340,Y,95,1.35,10442,12.0,2666,2.9,9711,1.65,0.25,4.0,4,1.65,3500,0.013827,4.868455,0.006749,-42.5237,,Prefabs/CPU/AMD/Ryzen_ThreadRipper_SixteenCore_1950X,AMD EPYC 7351 (2P)
CPU,AMD,AMD EPYC 7001 (2P),EPYC 7371 (2P),Y,Y,4964,4200,1950,21,35,,,3800,32,SP3r1 (2P),360,Y,95,1.35,14794,12.0,2666,2.9,9711,1.35,0.25,4.0,4,1.65,4200,0.013827,4.868455,0.007349,-41.961202993288595,,Prefabs/CPU/AMD/Ryzen_ThreadRipper_SixteenCore_1950X,AMD EPYC 7371 (2P)
CPU,AMD,AMD EPYC 7001 (2P),EPYC 7401 (2P),Y,Y,5456,5000,2650,21,85,,,3000,48,SP3r1 (2P),340,Y,95,1.35,16258,12.0,2666,2.9,9711,2.75,0.25,4.0,4,1.65,3400,0.012827,4.868455,0.006949,-21.920451315436246,,Prefabs/CPU/AMD/Ryzen_ThreadRipper_SixteenCore_1950X,AMD EPYC 7401 (2P)
CPU,AMD,AMD EPYC 7001 (2P),EPYC 7451 (2P),Y,Y,5709,6000,3000,22,35,,,3200,48,SP3r1 (2P),360,Y,95,1.35,17013,12.0,2666,2.9,9711,2.75,0.25,4.0,4,1.65,3600,0.012827,4.868455,0.006949,-21.955649973154358,,Prefabs/CPU/AMD/Ryzen_ThreadRipper_SixteenCore_1950X,AMD EPYC 7451 (2P)
CPU,AMD,AMD EPYC 7001 (2P),EPYC 7501 (2P),Y,Y,6196,7500,4200,22,85,,,3000,64,SP3r1 (2P),340,Y,95,1.35,18467,12.0,2666,2.9,9711,2.0,0.25,4.0,4,1.65,3500,0.013827,4.868455,0.007249,-18.31085534228188,,Prefabs/CPU/AMD/Ryzen_ThreadRipper_SixteenCore_1950X,AMD EPYC 7501 (2P)
CPU,AMD,AMD EPYC 7001 (2P),EPYC 7551 (2P),Y,Y,6359,8400,4900,23,45,,,3000,64,SP3r1 (2P),360,Y,95,1.35,18949,12.0,2666,2.9,9711,1.9,0.25,4.0,4,1.65,3700,0.014827,4.868455,0.007449,-20.223249973154363,,Prefabs/CPU/AMD/Ryzen_ThreadRipper_SixteenCore_1950X,AMD EPYC 7551 (2P)
CPU,AMD,AMD EPYC 7001 (2P),EPYC 7601 (2P),Y,Y,5102,10000,5700,24,15,,,3200,64,SP3r1 (2P),360,Y,95,1.35,15205,12.0,2666,2.9,9711,1.85,0.25,4.0,4,1.65,3800,0.016827,4.868455,0.008449,-44.82107,,Prefabs/CPU/AMD/Ryzen_ThreadRipper_SixteenCore_1950X,AMD EPYC 7601 (2P)
CPU,AMD,AMD EPYC 7002,EPYC 7252,Y,Y,2618,800,350,24,25,,,3200,8,SP3r2,120,Y,95,1.35,7802,12.0,2666,2.9,9711,2.0,0.25,2.0,4,1.75,3600,0.011827,4.868445,0.006949,-49.6637,,Prefabs/CPU/AMD/Ryzen_ThreadRipper_SixteenCore_1950X,AMD EPYC 7252
CPU,AMD,AMD EPYC 7002,EPYC 7262,Y,Y,2850,950,450,24,45,,,3400,8,SP3r2,155,Y,97,1.35,8493,22.8,3466,2.4,8701,2.15,0.25,1.0,2,1.55,3900,0.011743,4.868445,0.007349,-46.6337,,Prefabs/CPU/AMD/Ryzen_ThreadRipper_TwelveCore_1920X,AMD EPYC 7262
CPU,AMD,AMD EPYC 7002,EPYC 7272,Y,Y,3000,1250,650,24,75,,,3200,12,SP3r2,120,Y,97,1.35,8940,22.8,3466,2.4,8701,2.15,0.25,2.0,2,1.55,3900,0.012327,4.868445,0.007349,-44.6537,,Prefabs/CPU/AMD/Ryzen_ThreadRipper_TwelveCore_1920X,AMD EPYC 7272
CPU,AMD,AMD EPYC 7002,EPYC 7282,Y,Y,3758,1500,750,24,95,,,3200,16,SP3r2,120,Y,95,1.35,11199,14.6,2666,1.0,9193,2.5,0.25,2.0,4,1.85,3800,0.011327,4.868445,0.006949,-36.6637,,Prefabs/CPU/AMD/Ryzen_ThreadRipper_EightCore_2920X,AMD EPYC 7282
CPU,AMD,AMD EPYC 7002,EPYC 7302,Y,Y,4011,1900,850,25,75,,,3300,16,SP3r2,155,Y,95,1.35,11954,12.0,2666,2.9,9711,2.3,0.25,2.0,4,1.65,3950,0.014327,4.868445,0.006949,-45.1637,,Prefabs/CPU/AMD/Ryzen_ThreadRipper_SixteenCore_1950X,AMD EPYC 7302
CPU,AMD,AMD EPYC 7002,EPYC 7352,Y,Y,4768,2650,1200,26,50,,,3200,24,SP3r2,155,Y,95,1.35,14209,12.0,2666,2.9,9711,1.75,0.25,2.0,4,1.65,3750,0.014327,4.868445,0.006949,-36.1637,,Prefabs/CPU/AMD/Ryzen_ThreadRipper_SixteenCore_1950X,AMD EPYC 7352
CPU,AMD,AMD EPYC 7002,EPYC 7402,Y,Y,5036,3350,1750,26,95,,,3350,24,SP3r2,180,Y,95,1.35,15008,12.0,2666,2.9,9711,2.45,0.25,2.0,4,1.65,4100,0.014327,4.868445,0.007149,-36.1637,,Prefabs/CPU/AMD/Ryzen_ThreadRipper_SixteenCore_1950X,AMD EPYC 7402
CPU,AMD,AMD EPYC 7002,EPYC 7452,Y,Y,6039,4000,1550,27,20,,,3350,32,SP3r2,155,Y,95,1.35,17998,14.6,2666,1.0,21341,2.35,0.25,2.0,4,1.85,3800,0.016327,4.868445,0.007649,-34.1637,,Prefabs/CPU/AMD/Ryzen_ThreadRipper_EightCore_2990WX,AMD EPYC 7452
CPU,AMD,AMD EPYC 7002,EPYC 7502,Y,Y,6354,4650,2100,27,35,,,3350,32,SP3r2,180,Y,95,1.35,18937,14.6,2666,1.0,21341,2.5,0.25,2.0,4,1.85,4100,0.017327,4.868445,0.007949,-35.1637,,Prefabs/CPU/AMD/Ryzen_ThreadRipper_EightCore_2990WX,AMD EPYC 7502
CPU,AMD,AMD EPYC 7002,EPYC 7532,Y,Y,6651,5300,2700,27,85,,,3300,32,SP3r2,200,Y,95,1.35,19820,14.6,2666,1.0,21341,2.55,0.25,2.0,4,1.85,4200,0.018327,4.868445,0.009949,-39.9637,,Prefabs/CPU/AMD/Ryzen_ThreadRipper_EightCore_2990WX,AMD EPYC 7532
CPU,AMD,AMD EPYC 7002,EPYC 7542,Y,Y,7028,5700,2750,28,45,,,3400,32,SP3r2,225,Y,95,1.35,20944,14.6,2666,1.0,21341,2.55,0.25,2.0,4,1.85,4300,0.018327,4.868445,0.012049,-43.6237,,Prefabs/CPU/AMD/Ryzen_ThreadRipper_EightCore_2990WX,AMD EPYC 7542
CPU,AMD,AMD EPYC 7002,EPYC 7552,Y,Y,8215,6500,3273,28,95,,,3300,48,SP3r2,200,Y,95,1.25,24481,11.0,2666,1.0,27231,2.3,1.0,2.0,4,1.85,4000,0.015327,4.868445,0.012049,-20.0237,,Prefabs/CPU/AMD/Ryzen_ThreadRipper_EightCore_2990WX,AMD EPYC 7552
CPU,AMD,AMD EPYC 7002,EPYC 7642,Y,Y,8857,7200,3850,29,55,,,3300,48,SP3r2,225,Y,95,1.25,26394,11.0,2666,1.0,27231,2.5,1.0,2.0,4,1.85,4300,0.016327,4.868445,0.012649,-18.5037,,Prefabs/CPU/AMD/Ryzen_ThreadRipper_EightCore_2990WX,AMD EPYC 7642
CPU,AMD,AMD EPYC 7002,EPYC 7662,Y,Y,11084,9500,4531,29,95,,,3300,64,SP3r2,225,Y,95,1.3,33033,11.0,2666,1.0,27231,1.45,1.0,2.0,4,1.85,3800,0.018327,4.868445,0.015049,-9.2237,,Prefabs/CPU/AMD/Ryzen_ThreadRipper_EightCore_2990WX,AMD EPYC 7662
CPU,AMD,AMD EPYC 7002,EPYC 7702,Y,Y,12077,10000,5250,30,75,,,3350,64,SP3r2,200,Y,95,1.3,35991,11.0,2666,1.0,27231,2.35,1.0,2.0,4,1.85,4000,0.018927,4.868445,0.015049,-2.2237,,Prefabs/CPU/AMD/Ryzen_ThreadRipper_EightCore_2990WX,AMD EPYC 7702
CPU,AMD,AMD EPYC 7002,EPYC 7742,Y,Y,12516,11500,6100,31,35,,,3400,64,SP3r2,225,Y,95,1.3,37300,11.0,2666,1.0,27231,3.0,1.0,2.0,4,1.85,4500,0.018927,4.868445,0.015049,1.2237,,Prefabs/CPU/AMD/Ryzen_ThreadRipper_EightCore_2990WX,AMD EPYC 7742
CPU,AMD,AMD EPYC 7002,EPYC 7H12,Y,Y,13077,13750,7431,32,25,,,3300,64,SP3r2,280,Y,95,1.35,38971,11.0,2666,3.5,27231,2.9,1.0,2.0,4,1.85,4350,0.020927,4.868445,0.015049,2.121653785234905,,Prefabs/CPU/AMD/Ryzen_ThreadRipper_EightCore_2990WX,AMD EPYC 7H12
CPU,AMD,AMD EPYC 7002,EPYC 7X12,Y,Y,13849,14550,7931,33,45,,,3700,64,SP3r2,380,Y,95,1.4,41270,11.0,2666,4.5,27231,2.9,0.25,2.0,4,1.85,4450,0.035634,8.990303,0.023858,-92.9201,,Prefabs/CPU/AMD/Ryzen_ThreadRipper_EightCore_2990WX,AMD EPYC 7X12
CPU,AMD,AMD EPYC 7002 (2P),EPYC 7252 (2P),Y,Y,3505,1600,700,25,25,,,3200,16,SP3r2 (2P),240,Y,95,1.35,10445,12.0,2666,2.9,9711,2.0,0.25,4.0,4,1.75,3500,0.011827,4.868445,0.006949,-40.795878429530205,,Prefabs/CPU/AMD/Ryzen_ThreadRipper_SixteenCore_1950X,AMD EPYC 7252 (2P)
CPU,AMD,AMD EPYC 7002 (2P),EPYC 7272 (2P),Y,Y,4016,2500,1300,25,75,,,3200,24,SP3r2 (2P),240,Y,97,1.35,11968,22.8,3466,2.4,8701,2.15,0.25,4.0,2,1.55,3700,0.012327,4.868445,0.007349,-34.493850174496636,,Prefabs/CPU/AMD/Ryzen_ThreadRipper_TwelveCore_1920X,AMD EPYC 7272 (2P)
CPU,AMD,AMD EPYC 7002 (2P),EPYC 7282 (2P),Y,Y,5031,3000,1750,25,95,,,3200,32,SP3r2 (2P),240,Y,95,1.35,14992,14.6,2666,1.0,9193,2.5,0.25,4.0,4,1.85,3600,0.011327,4.868445,0.006949,-23.93413346308725,,Prefabs/CPU/AMD/Ryzen_ThreadRipper_EightCore_2920X,AMD EPYC 7282 (2P)
CPU,AMD,AMD EPYC 7002 (2P),EPYC 7302 (2P),Y,Y,5370,3800,2250,26,75,,,3300,32,SP3r2 (2P),310,Y,95,1.35,16004,12.0,2666,2.9,9711,2.3,0.25,4.0,4,1.65,3800,0.014327,4.868445,0.006949,-31.57421601342282,,Prefabs/CPU/AMD/Ryzen_ThreadRipper_SixteenCore_1950X,AMD EPYC 7302 (2P)
CPU,AMD,AMD EPYC 7002 (2P),EPYC 7352 (2P),Y,Y,6383,5300,2850,27,50,,,3200,48,SP3r2 (2P),310,Y,95,1.35,19023,12.0,2666,2.9,9711,1.75,0.25,4.0,4,1.65,3600,0.014327,4.868445,0.006949,-20.010643530201335,,Prefabs/CPU/AMD/Ryzen_ThreadRipper_SixteenCore_1950X,AMD EPYC 7352 (2P)
CPU,AMD,AMD EPYC 7002 (2P),EPYC 7402 (2P),Y,Y,6742,6700,4200,27,95,,,3350,48,SP3r2 (2P),360,Y,95,1.35,20092,12.0,2666,2.9,9711,2.45,0.25,4.0,4,1.65,3700,0.014327,4.868445,0.007149,-19.105645208053687,,Prefabs/CPU/AMD/Ryzen_ThreadRipper_SixteenCore_1950X,AMD EPYC 7402 (2P)
CPU,AMD,AMD EPYC 7002 (2P),EPYC 7452 (2P),Y,Y,8085,8000,5500,28,20,,,3350,64,SP3r2 (2P),310,Y,95,1.35,24095,14.6,2666,1.0,21341,2.35,0.25,4.0,4,1.85,3700,0.016327,4.868445,0.007649,-13.705759302013423,,Prefabs/CPU/AMD/Ryzen_ThreadRipper_EightCore_2990WX,AMD EPYC 7452 (2P)
CPU,AMD,AMD EPYC 7002 (2P),EPYC 7502 (2P),Y,Y,8507,9300,6700,28,35,,,3350,64,SP3r2 (2P),360,Y,95,1.35,25352,14.6,2666,1.0,21341,2.5,0.25,4.0,4,1.85,3800,0.017327,4.868445,0.007949,-13.63743849664429,,Prefabs/CPU/AMD/Ryzen_ThreadRipper_EightCore_2990WX,AMD EPYC 7502 (2P)
CPU,AMD,AMD EPYC 7002 (2P),EPYC 7532 (2P),Y,Y,8904,10600,7300,28,85,,,3300,64,SP3r2 (2P),400,Y,95,1.35,26535,14.6,2666,1.0,21341,2.55,0.25,6.0,4,1.85,3900,0.018327,4.868445,0.009949,-17.433289838926175,,Prefabs/CPU/AMD/Ryzen_ThreadRipper_EightCore_2990WX,AMD EPYC 7532 (2P)
CPU,AMD,AMD EPYC 7002 (2P),EPYC 7542 (2P),Y,Y,9409,11400,7850,29,45,,,3400,64,SP3r2 (2P),450,Y,95,1.35,28039,14.6,2666,1.0,21341,2.55,0.25,6.0,4,1.85,4000,0.018327,4.868445,0.012049,-19.817609973154365,,Prefabs/CPU/AMD/Ryzen_ThreadRipper_EightCore_2990WX,AMD EPYC 7542 (2P)
CPU,AMD,AMD EPYC 7002 (2P),EPYC 7552 (2P),Y,Y,10998,13000,8650,29,95,,,3300,96,SP3r2 (2P),400,Y,95,1.25,32775,11.0,2666,1.0,27231,2.3,1.0,6.0,4,1.85,3800,0.015327,4.868445,0.012049,7.8077074765100605,,Prefabs/CPU/AMD/Ryzen_ThreadRipper_EightCore_2990WX,AMD EPYC 7552 (2P)
CPU,AMD,AMD EPYC 7002 (2P),EPYC 7642 (2P),Y,Y,11857,14400,9125,30,55,,,3300,96,SP3r2 (2P),450,Y,95,1.25,35335,11.0,2666,1.0,27231,2.5,1.0,6.0,4,1.85,3800,0.016327,4.868445,0.012649,11.502067208053674,,Prefabs/CPU/AMD/Ryzen_ThreadRipper_EightCore_2990WX,AMD EPYC 7642 (2P)
CPU,AMD,AMD EPYC 7002 (2P),EPYC 7662 (2P),Y,Y,14840,19000,14250,30,95,,,3300,128,SP3r2 (2P),450,Y,95,1.3,44224,11.0,2666,1.0,27231,1.45,1.0,6.0,4,1.85,3600,0.018327,4.868445,0.015049,28.32917056375839,,Prefabs/CPU/AMD/Ryzen_ThreadRipper_EightCore_2990WX,AMD EPYC 7662 (2P)
CPU,AMD,AMD EPYC 7002 (2P),EPYC 7702 (2P),Y,Y,16169,20000,15345,31,75,,,3350,128,SP3r2 (2P),400,Y,95,1.3,48183,11.0,2666,1.0,27231,2.35,1.0,6.0,4,1.85,3800,0.018927,4.868445,0.015049,38.69141116778521,,Prefabs/CPU/AMD/Ryzen_ThreadRipper_EightCore_2990WX,AMD EPYC 7702 (2P)
CPU,AMD,AMD EPYC 7002 (2P),EPYC 7742 (2P),Y,Y,16757,23000,18255,32,35,,,3400,128,SP3r2 (2P),450,Y,95,1.3,49937,11.0,2666,1.0,27231,3.0,1.0,6.0,4,1.85,4000,0.018927,4.868445,0.015049,43.62761150335569,,Prefabs/CPU/AMD/Ryzen_ThreadRipper_EightCore_2990WX,AMD EPYC 7742 (2P)
CPU,AMD,AMD EPYC 7002 (2P),EPYC 7H12 (2P),Y,Y,17508,27500,22500,32,75,,,3300,128,SP3r2 (2P),560,Y,95,1.35,52174,11.0,2666,3.5,27231,2.9,1.0,6.0,4,1.85,4100,0.020927,4.868445,0.018049,38.42902291275168,,Prefabs/CPU/AMD/Ryzen_ThreadRipper_EightCore_2990WX,AMD EPYC 7H12 (2P)
CPU,AMD,AMD EPYC 7002 (2P),EPYC 7X12 (2P),Y,Y,18540,29100,24650,33,75,,,3700,128,SP3r2 (2P),760,Y,95,1.4,55252,11.0,2666,4.5,27231,2.9,0.25,6.0,4,1.85,4200,0.035634,8.990303,0.023858,-46.00304402684563,,Prefabs/CPU/AMD/Ryzen_ThreadRipper_EightCore_2990WX,AMD EPYC 7X12 (2P)
CPU,AMD,AMD EPYC 7003,EPYC 7313,Y,Y,4850,3050,1250,35,1,,,3700,16,SP3r2,155,Y,95,1.25,14454,11.0,2666,4.5,27231,2.9,0.25,2.0,4,1.85,4200,0.018634,8.090303,0.013858,-89.7472722147651,,Prefabs/CPU/AMD/Ryzen_ThreadRipper_EightCore_2990WX,AMD EPYC 7313
CPU,AMD,AMD EPYC 7003,EPYC 7343,Y,Y,5150,3650,1850,35,35,,,3900,16,SP3r2,190,Y,95,1.25,15347,11.0,2666,4.5,27231,2.9,0.25,2.0,4,1.85,4400,0.018634,8.090303,0.013858,-90.47736080536913,,Prefabs/CPU/AMD/Ryzen_ThreadRipper_EightCore_2990WX,AMD EPYC 7343
CPU,AMD,AMD EPYC 7003,EPYC 7413,Y,Y,5850,3850,2065,35,85,,,3600,24,SP3r2,180,Y,95,1.25,17433,11.0,2666,4.5,27231,2.9,0.25,2.0,4,1.85,4200,0.018634,8.090303,0.013858,-77.88816751677851,,Prefabs/CPU/AMD/Ryzen_ThreadRipper_EightCore_2990WX,AMD EPYC 7413
CPU,AMD,AMD EPYC 7003,EPYC 7443,Y,Y,6264,4450,2715,36,25,,,4000,24,SP3r2,200,Y,95,1.25,18668,11.0,2666,4.5,27231,2.9,0.25,2.0,4,1.85,4400,0.018634,8.090303,0.015858,-86.5275500671141,,Prefabs/CPU/AMD/Ryzen_ThreadRipper_EightCore_2990WX,AMD EPYC 7443
CPU,AMD,AMD EPYC 7003,EPYC 7513,Y,Y,7350,6000,4235,36,65,,,3650,32,SP3r2,200,Y,95,1.25,21904,11.0,2666,4.5,27231,2.9,0.25,2.0,4,1.85,4300,0.021634,8.090303,0.015858,-80.09755,,Prefabs/CPU/AMD/Ryzen_ThreadRipper_EightCore_2990WX,AMD EPYC 7513
CPU,AMD,AMD EPYC 7003,EPYC 7543,Y,Y,7525,6350,4585,36,85,,,3700,32,SP3r2,225,Y,95,1.25,22426,11.0,2666,4.5,27231,2.9,0.25,2.0,4,1.85,4500,0.022634,8.090303,0.015858,-83.12755,,Prefabs/CPU/AMD/Ryzen_ThreadRipper_EightCore_2990WX,AMD EPYC 7543
CPU,AMD,AMD EPYC 7003,EPYC 7643,Y,Y,9950,9150,7785,37,15,,,3600,48,SP3r2,225,Y,95,1.25,29652,11.0,2666,4.5,27231,2.9,0.25,2.0,4,1.85,4300,0.028634,8.090303,0.015858,-78.21755,,Prefabs/CPU/AMD/Ryzen_ThreadRipper_EightCore_2990WX,AMD EPYC 7643
CPU,AMD,AMD EPYC 7003,EPYC 7713,Y,Y,13550,14850,11785,37,45,,,3675,64,SP3r2,225,Y,95,1.25,40379,11.0,2666,4.5,27231,2.9,0.25,2.0,4,1.85,4500,0.030634,8.090303,0.015858,-51.71755,,Prefabs/CPU/AMD/Ryzen_ThreadRipper_EightCore_2990WX,AMD EPYC 7713
CPU,AMD,AMD EPYC 7003,EPYC 7763,Y,Y,14148,16550,14185,37,85,,,3500,64,SP3r2,280,Y,95,1.25,42161,11.0,2666,4.5,27231,2.9,0.25,2.0,4,1.85,4600,0.031634,8.090303,0.018799,-51.71755,,Prefabs/CPU/AMD/Ryzen_ThreadRipper_EightCore_2990WX,AMD EPYC 7763
CPU,AMD,AMD EPYC 7003 (2P),EPYC 7313 (2P),Y,Y,6493,6100,2515,36,1,,,3700,32,SP3r2 (2P),310,Y,95,1.25,19351,11.0,2666,4.5,27231,2.9,0.25,4.0,4,1.85,4000,0.018634,8.090303,0.013858,-73.31619838926176,,Prefabs/CPU/AMD/Ryzen_ThreadRipper_EightCore_2990WX,AMD EPYC 7313 (2P)
CPU,AMD,AMD EPYC 7003 (2P),EPYC 7343 (2P),Y,Y,6894,6300,3750,36,35,,,3900,32,SP3r2 (2P),380,Y,95,1.25,20546,11.0,2666,4.5,27231,2.9,0.25,4.0,4,1.85,4200,0.018634,8.090303,0.013858,-73.03293127516778,,Prefabs/CPU/AMD/Ryzen_ThreadRipper_EightCore_2990WX,AMD EPYC 7343 (2P)
CPU,AMD,AMD EPYC 7003 (2P),EPYC 7413 (2P),Y,Y,7831,7700,4265,36,85,,,3600,48,SP3r2 (2P),360,Y,95,1.25,23338,11.0,2666,4.5,27231,2.9,0.25,4.0,4,1.85,4000,0.018634,8.090303,0.013858,-58.07024805369129,,Prefabs/CPU/AMD/Ryzen_ThreadRipper_EightCore_2990WX,AMD EPYC 7413 (2P)
CPU,AMD,AMD EPYC 7003 (2P),EPYC 7443 (2P),Y,Y,8386,4450,2715,37,25,,,4000,48,SP3r2 (2P),400,Y,95,1.25,24992,11.0,2666,4.5,27231,2.9,0.25,4.0,4,1.85,4200,0.018634,8.090303,0.015858,-65.30886818791947,,Prefabs/CPU/AMD/Ryzen_ThreadRipper_EightCore_2990WX,AMD EPYC 7443 (2P)
CPU,AMD,AMD EPYC 7003 (2P),EPYC 7513 (2P),Y,Y,9840,12000,8470,37,65,,,3650,64,SP3r2 (2P),400,Y,95,1.25,29324,11.0,2666,4.5,27231,2.9,0.25,4.0,4,1.85,4100,0.021634,8.090303,0.015858,-55.196699731543625,,Prefabs/CPU/AMD/Ryzen_ThreadRipper_EightCore_2990WX,AMD EPYC 7513 (2P)
CPU,AMD,AMD EPYC 7003 (2P),EPYC 7543 (2P),Y,Y,10074,12700,9170,37,85,,,3700,64,SP3r2 (2P),450,Y,95,1.25,30022,11.0,2666,4.5,27231,2.9,0.25,4.0,4,1.85,4300,0.022634,8.090303,0.015858,-57.636117852348995,,Prefabs/CPU/AMD/Ryzen_ThreadRipper_EightCore_2990WX,AMD EPYC 7543 (2P)
CPU,AMD,AMD EPYC 7003 (2P),EPYC 7643 (2P),Y,Y,13321,18300,15185,38,15,,,3600,96,SP3r2 (2P),450,Y,95,1.25,39698,11.0,2666,4.5,27231,2.9,0.25,4.0,4,1.85,4100,0.028634,8.090303,0.015858,-44.50627489932885,,Prefabs/CPU/AMD/Ryzen_ThreadRipper_EightCore_2990WX,AMD EPYC 7643 (2P)
CPU,AMD,AMD EPYC 7003 (2P),EPYC 7713 (2P),Y,Y,18140,29700,23570,38,45,,,3675,128,SP3r2 (2P),450,Y,95,1.25,54059,11.0,2666,4.5,27231,2.9,0.25,4.0,4,1.85,4300,0.030634,8.090303,0.015858,-5.812549731543648,,Prefabs/CPU/AMD/Ryzen_ThreadRipper_EightCore_2990WX,AMD EPYC 7713 (2P)
CPU,AMD,AMD EPYC 7003 (2P),EPYC 7763 (2P),Y,Y,18941,33100,28370,38,85,,,3500,128,SP3r2 (2P),560,Y,95,1.25,56445,11.0,2666,4.5,27231,2.9,0.25,4.0,4,1.85,4400,0.031634,8.090303,0.018799,-3.7855943221476522,,Prefabs/CPU/AMD/Ryzen_ThreadRipper_EightCore_2990WX,AMD EPYC 7763 (2P)
CPU,AMD,AMD EPYC 9002,EPYC 9702,Y,Y,7300,8650,5235,29,35,,,4000,32,SP6,265,Y,95,1.35,21756,11.0,2666,3.5,27231,2.9,0.5,4.0,4,1.865,4700,0.015927,4.468445,0.010049,-35.3637,,v1_8_0/Prefabs/CPU/AMD/Ryzen_ThreadRipper_3960X,AMD EPYC 9702
CPU,AMD,AMD EPYC 9002,EPYC 9732,Y,Y,7460,9300,5835,29,45,,,4100,32,SP6,285,Y,95,1.35,22231,11.0,2666,3.5,27231,2.9,0.5,4.0,4,1.865,4800,0.016927,4.468445,0.010049,-39.464442859060405,,v1_8_0/Prefabs/CPU/AMD/Ryzen_ThreadRipper_3960X,AMD EPYC 9732
CPU,AMD,AMD EPYC 9002,EPYC 9742,Y,Y,7629,9850,6265,29,95,,,4200,32,SP6,300,Y,95,1.35,22734,11.0,2666,3.5,27231,2.9,0.5,4.0,4,1.865,5000,0.018927,4.468445,0.010049,-47.86586769127516,,v1_8_0/Prefabs/CPU/AMD/Ryzen_ThreadRipper_3960X,AMD EPYC 9742
CPU,AMD,AMD EPYC 9002,EPYC 9762,Y,Y,9004,10500,6565,30,15,,,4000,48,SP6,350,Y,95,1.35,26832,11.0,2666,3.5,27231,2.9,0.5,4.0,4,1.865,4600,0.016927,4.468445,0.010049,-22.328789838926177,,v1_8_0/Prefabs/CPU/AMD/Ryzen_ThreadRipper_3960X,AMD EPYC 9762
CPU,AMD,AMD EPYC 9002,EPYC 9782,Y,Y,9342,11350,6885,30,75,,,4200,48,SP6,385,Y,95,1.35,27840,11.0,2666,3.5,27231,2.9,0.5,4.0,4,1.865,4600,0.019927,4.468445,0.010049,-34.931639503355704,,v1_8_0/Prefabs/CPU/AMD/Ryzen_ThreadRipper_3960X,AMD EPYC 9782
CPU,AMD,AMD EPYC 9002,EPYC 9832,Y,Y,10104,11750,7085,30,35,,,4000,56,SP6,395,Y,95,1.35,30109,11.0,2666,3.5,27231,2.9,0.5,4.0,4,1.865,4700,0.019927,4.468445,0.011049,-25.998145543624158,,v1_8_0/Prefabs/CPU/AMD/Ryzen_ThreadRipper_3960X,AMD EPYC 9832
CPU,AMD,AMD EPYC 9002,EPYC 9852,Y,Y,10502,12350,7385,30,85,,,4200,56,SP6,425,Y,95,1.35,31297,11.0,2666,3.5,27231,2.9,0.5,4.0,4,1.865,4800,0.019927,4.468445,0.011049,-25.998145543624158,,v1_8_0/Prefabs/CPU/AMD/Ryzen_ThreadRipper_3960X,AMD EPYC 9852
CPU,AMD,AMD EPYC 9002,EPYC 9872,Y,Y,12304,13500,7985,30,95,,,4000,64,SP6,455,Y,95,1.35,36666,11.0,2666,3.5,27231,2.9,0.5,4.0,4,1.865,4600,0.022927,4.468445,0.011049,-15.998145543624158,,v1_8_0/Prefabs/CPU/AMD/Ryzen_ThreadRipper_3970X,AMD EPYC 9872
CPU,AMD,AMD EPYC 9002,EPYC 9902,Y,Y,12647,14250,8585,31,35,,,4150,64,SP6,470,Y,95,1.4,37690,11.0,2666,3.5,27231,2.9,0.5,4.0,4,1.93,5000,0.022927,4.468445,0.011049,-15.998145543624158,,v1_8_0/Prefabs/CPU/AMD/Ryzen_ThreadRipper_3970X,AMD EPYC 9902
CPU,AMD,AMD EPYC 9002,EPYC 9932,Y,Y,13106,15500,8985,31,75,,,4350,64,SP6,490,Y,95,1.4,39057,11.0,2666,3.5,27231,2.9,0.5,4.0,4,1.93,5000,0.023927,4.468445,0.011049,-20.34910561073826,,v1_8_0/Prefabs/CPU/AMD/Ryzen_ThreadRipper_3970X,AMD EPYC 9932
CPU,AMD,AMD EPYC 9002,EPYC 9952,Y,Y,14338,17500,11285,32,35,,,4000,68,SP6,525,Y,95,1.4,42729,11.0,2666,3.5,27231,2.9,0.5,4.0,4,1.93,4900,0.024927,4.468445,0.011449,-4.718907959731549,,v1_8_0/Prefabs/CPU/AMD/Ryzen_ThreadRipper_3970X,AMD EPYC 9952
CPU,AMD,AMD EPYC 9002,EPYC 9972,Y,Y,14712,19650,13985,32,75,,,4150,68,SP6,575,Y,95,1.4,43842,11.0,2666,3.5,27231,2.9,0.5,4.0,4,1.93,5100,0.026127,4.468445,0.011449,-9.69970292617452,,v1_8_0/Prefabs/CPU/AMD/Ryzen_ThreadRipper_3970X,AMD EPYC 9972
CPU,AMD,AMD EPYC 9002,EPYC 9982,Y,Y,15278,22500,15645,32,95,,,3900,72,SP6,540,Y,95,1.4,45531,11.0,2666,3.5,27231,2.9,0.5,4.0,4,1.93,5300,0.028127,4.468445,0.011449,-5.303523395973169,,v1_8_0/Prefabs/CPU/AMD/Ryzen_ThreadRipper_3990X,AMD EPYC 9982
CPU,AMD,AMD EPYC 9002,EPYC 9992,Y,Y,15560,23650,15989,33,25,,,4000,72,SP6,565,Y,95,1.4,46369,11.0,2666,3.5,27231,2.9,0.5,4.0,4,1.93,5400,0.028127,4.468445,0.011449,-5.303523395973169,,v1_8_0/Prefabs/CPU/AMD/Ryzen_ThreadRipper_3990X,AMD EPYC 9992
CPU,AMD,AMD EPYC 9002,EPYC 9H12,Y,Y,16160,25850,17489,33,65,,,4000,72,SP6,595,Y,95,1.4,48157,11.0,2666,3.5,27231,2.9,0.5,4.0,4,1.96,5600,0.030127,4.438445,0.010449,-4.518142859060411,,v1_8_0/Prefabs/CPU/AMD/Ryzen_ThreadRipper_3990X,AMD EPYC 9H12
CPU,AMD,AMD EPYC 9002 (2P),EPYC 9702 (2P),Y,Y,9773,17300,13235,30,35,,,4000,64,SP6 (2P),530,Y,95,1.35,29125,11.0,2666,3.5,27231,2.9,0.5,8.0,4,1.865,4400,0.015927,4.468445,0.010049,-10.634158966442946,,v1_8_0/Prefabs/CPU/AMD/Ryzen_ThreadRipper_3960X,AMD EPYC 9702 (2P)
CPU,AMD,AMD EPYC 9002 (2P),EPYC 9732 (2P),Y,Y,9987,18600,14835,30,45,,,4100,64,SP6 (2P),570,Y,95,1.35,29761,11.0,2666,3.5,27231,2.9,0.5,8.0,4,1.865,4500,0.016927,4.468445,0.010049,-14.192630778523487,,v1_8_0/Prefabs/CPU/AMD/Ryzen_ThreadRipper_3960X,AMD EPYC 9732 (2P)
CPU,AMD,AMD EPYC 9002 (2P),EPYC 9742 (2P),Y,Y,10213,19700,15965,30,95,,,4200,64,SP6 (2P),600,Y,95,1.35,30436,11.0,2666,3.5,27231,2.9,0.5,8.0,4,1.865,4700,0.018927,4.468445,0.010049,-22.023585812080533,,v1_8_0/Prefabs/CPU/AMD/Ryzen_ThreadRipper_3960X,AMD EPYC 9742 (2P)
CPU,AMD,AMD EPYC 9002 (2P),EPYC 9762 (2P),Y,Y,12054,21000,17565,31,15,,,4000,96,SP6 (2P),700,Y,95,1.35,35922,11.0,2666,3.5,27231,2.9,0.5,8.0,4,1.865,4300,0.016927,4.468445,0.010049,8.171210161073827,,v1_8_0/Prefabs/CPU/AMD/Ryzen_ThreadRipper_3960X,AMD EPYC 9762 (2P)
CPU,AMD,AMD EPYC 9002 (2P),EPYC 9782 (2P),Y,Y,12507,22700,18885,31,75,,,4200,96,SP6 (2P),770,Y,95,1.35,37272,11.0,2666,3.5,27231,2.9,0.5,8.0,4,1.865,4500,0.019927,4.468445,0.010049,-3.283988496644291,,v1_8_0/Prefabs/CPU/AMD/Ryzen_ThreadRipper_3960X,AMD EPYC 9782 (2P)
CPU,AMD,AMD EPYC 9002 (2P),EPYC 9832 (2P),Y,Y,13526,23500,19385,31,35,,,4000,112,SP6 (2P),790,Y,95,1.35,40309,11.0,2666,3.5,27231,2.9,0.5,8.0,4,1.865,4600,0.019927,4.468445,0.011049,8.226686671140946,,v1_8_0/Prefabs/CPU/AMD/Ryzen_ThreadRipper_3960X,AMD EPYC 9832 (2P)
CPU,AMD,AMD EPYC 9002 (2P),EPYC 9852 (2P),Y,Y,14060,24700,20885,31,85,,,4200,112,SP6 (2P),850,Y,95,1.35,41900,11.0,2666,3.5,27231,2.9,0.5,8.0,4,1.865,4700,0.019927,4.468445,0.011049,9.580212845637583,,v1_8_0/Prefabs/CPU/AMD/Ryzen_ThreadRipper_3960X,AMD EPYC 9852 (2P)
CPU,AMD,AMD EPYC 9002 (2P),EPYC 9872 (2P),Y,Y,16472,27000,23985,31,95,,,4000,128,SP6 (2P),910,Y,95,1.35,49087,11.0,2666,3.5,27231,2.9,0.5,8.0,4,1.865,4600,0.022927,4.468445,0.011049,25.68641821476509,,v1_8_0/Prefabs/CPU/AMD/Ryzen_ThreadRipper_3970X,AMD EPYC 9872 (2P)
CPU,AMD,AMD EPYC 9002 (2P),EPYC 9902 (2P),Y,Y,16932,28500,24785,32,35,,,4150,128,SP6 (2P),940,Y,95,1.4,50459,11.0,2666,3.5,27231,2.9,0.5,8.0,4,1.93,4600,0.022927,4.468445,0.011049,26.84803935570472,,v1_8_0/Prefabs/CPU/AMD/Ryzen_ThreadRipper_3970X,AMD EPYC 9902 (2P)
CPU,AMD,AMD EPYC 9002 (2P),EPYC 9932 (2P),Y,Y,17546,31000,27455,32,75,,,4350,128,SP6 (2P),980,Y,95,1.4,52289,11.0,2666,3.5,27231,2.9,0.5,8.0,4,1.93,4700,0.023927,4.468445,0.011049,24.05357895302013,,v1_8_0/Prefabs/CPU/AMD/Ryzen_ThreadRipper_3970X,AMD EPYC 9932 (2P)
CPU,AMD,AMD EPYC 9002 (2P),EPYC 9952 (2P),Y,Y,19196,35000,30550,33,35,,,4000,136,SP6 (2P),1050,Y,95,1.4,57205,11.0,2666,3.5,27231,2.9,0.5,8.0,4,1.93,4800,0.024927,4.468445,0.011449,43.858273248322156,,v1_8_0/Prefabs/CPU/AMD/Ryzen_ThreadRipper_3970X,AMD EPYC 9952 (2P)
CPU,AMD,AMD EPYC 9002 (2P),EPYC 9972 (2P),Y,Y,19696,39300,33500,33,75,,,4150,136,SP6 (2P),1150,Y,95,1.4,58695,11.0,2666,3.5,27231,2.9,0.5,8.0,4,1.93,4900,0.026127,4.468445,0.011449,40.139223248322146,,v1_8_0/Prefabs/CPU/AMD/Ryzen_ThreadRipper_3970X,AMD EPYC 9972 (2P)
CPU,AMD,AMD EPYC 9002 (2P),EPYC 9982 (2P),Y,Y,20455,45000,39500,33,95,,,3900,144,SP6 (2P),1080,Y,95,1.4,60956,11.0,2666,3.5,27231,2.9,0.5,8.0,4,1.93,4900,0.028127,4.468445,0.011449,46.458221570469796,,v1_8_0/Prefabs/CPU/AMD/Ryzen_ThreadRipper_3990X,AMD EPYC 9982 (2P)
CPU,AMD,AMD EPYC 9002 (2P),EPYC 9992 (2P),Y,Y,20831,47300,41500,33,96,,,4000,144,SP6 (2P),1130,Y,95,1.4,62078,11.0,2666,3.5,27231,2.9,0.5,8.0,4,1.93,5000,0.028127,4.468445,0.011449,47.410622241610746,,v1_8_0/Prefabs/CPU/AMD/Ryzen_ThreadRipper_3990X,AMD EPYC 9992 (2P)
CPU,AMD,AMD EPYC 9002 (2P),EPYC 9H12 (2P),Y,Y,21634,51700,46500,33,98,,,4000,144,SP6 (2P),1190,Y,95,1.4,64472,11.0,2666,3.5,27231,2.9,0.5,8.0,4,1.96,5200,0.030127,4.438445,0.010449,50.23017928859059,,v1_8_0/Prefabs/CPU/AMD/Ryzen_ThreadRipper_3990X,AMD EPYC 9H12 (2P)
CPU,AMD,AMD EPYC 9003,EPYC 9763,Y,Y,9550,10950,7565,36,50,,,4400,48,SP6,375,Y,95,1.35,28461,11.0,2666,3.5,27231,2.9,0.5,4.0,4,1.865,4900,0.032927,4.468445,0.021049,-123.36250259060401,,v1_8_0/Prefabs/CPU/AMD/Ryzen_ThreadRipper_3990X,AMD EPYC 9763
CPU,AMD,AMD EPYC 9003,EPYC 9783,Y,Y,9815,11850,8365,37,1,,,4600,48,SP6,390,Y,95,1.35,29249,11.0,2666,3.5,27231,2.9,0.5,4.0,4,1.865,5000,0.034927,4.468445,0.021049,-136.50250259060402,,v1_8_0/Prefabs/CPU/AMD/Ryzen_ThreadRipper_3990X,AMD EPYC 9783
CPU,AMD,AMD EPYC 9003,EPYC 9833,Y,Y,10762,12950,9125,37,35,,,4300,56,SP6,415,Y,95,1.35,32073,11.0,2666,3.5,27231,2.9,0.5,4.0,4,1.865,4800,0.010927,4.668445,0.024049,-22.145050912751685,,v1_8_0/Prefabs/CPU/AMD/Ryzen_ThreadRipper_3990X,AMD EPYC 9833
CPU,AMD,AMD EPYC 9003,EPYC 9853,Y,Y,11315,13315,9455,37,65,,,4500,56,SP6,445,Y,95,1.35,33720,11.0,2666,3.5,27231,2.9,0.5,4.0,4,1.865,4900,0.032927,4.668445,0.024049,-117.802502590604,,v1_8_0/Prefabs/CPU/AMD/Ryzen_ThreadRipper_3990X,AMD EPYC 9853
CPU,AMD,AMD EPYC 9003,EPYC 9873,Y,Y,13542,14515,9455,38,15,,,4400,64,SP6,515,Y,95,1.35,40355,11.0,2666,3.5,27231,2.9,0.5,6.0,4,1.865,4900,0.034927,4.668445,0.025049,-103.712502590604,,v1_8_0/Prefabs/CPU/AMD/Ryzen_ThreadRipper_3990X,AMD EPYC 9873
CPU,AMD,AMD EPYC 9003,EPYC 9903,Y,Y,13885,15215,10155,38,35,,,4650,64,SP6,555,Y,95,1.35,41378,11.0,2666,3.5,27231,2.9,0.5,6.0,4,1.865,5000,0.062927,4.668445,0.026049,-241.8786150067114,,v1_8_0/Prefabs/CPU/AMD/Ryzen_ThreadRipper_3990X,AMD EPYC 9903
CPU,AMD,AMD EPYC 9003,EPYC 9933,Y,Y,14114,16250,11025,38,65,,,4750,64,SP6,565,Y,95,1.35,42061,11.0,2666,3.5,27231,2.9,0.5,6.0,4,1.865,5000,0.120927,4.668445,0.028049,-526.7080129932887,,v1_8_0/Prefabs/CPU/AMD/Ryzen_ThreadRipper_3990X,AMD EPYC 9933
CPU,AMD,AMD EPYC 9003,EPYC 9953,Y,Y,16683,26450,21475,38,95,,,4200,72,SP6,550,Y,95,1.35,49717,11.0,2666,3.5,27231,2.9,0.5,6.0,4,1.865,4700,0.043927,4.668445,0.031049,-119.10801299328855,,v1_8_0/Prefabs/CPU/AMD/Ryzen_ThreadRipper_3990X,AMD EPYC 9953
CPU,AMD,AMD EPYC 9003,EPYC 9973,Y,Y,17163,27250,22135,39,35,,,4350,72,SP6,585,Y,95,1.35,51146,11.0,2666,3.5,27231,2.9,0.5,6.0,4,1.865,4800,0.043927,4.668445,0.032549,-124.89763581208055,,v1_8_0/Prefabs/CPU/AMD/Ryzen_ThreadRipper_3990X,AMD EPYC 9973
CPU,AMD,AMD EPYC 9003,EPYC 9983,Y,Y,17755,28750,23685,39,65,,,4000,74,SP6,620,Y,95,1.35,52912,11.0,2666,3.5,27231,2.9,0.5,8.0,4,1.865,5100,0.046927,4.668445,0.035549,-123.59763581208055,,v1_8_0/Prefabs/CPU/AMD/Ryzen_ThreadRipper_3990X,AMD EPYC 9983
CPU,AMD,AMD EPYC 9003,EPYC 9993,Y,Y,18335,29900,24935,39,95,,,4150,76,SP6,655,Y,95,1.35,54639,11.0,2666,3.5,27231,2.9,0.5,8.0,4,1.865,5300,0.050927,4.668445,0.038549,-149.43763581208054,,v1_8_0/Prefabs/CPU/AMD/Ryzen_ThreadRipper_3990X,AMD EPYC 9993
CPU,AMD,AMD EPYC 9003 (2P),EPYC 9763 (2P),Y,Y,12786,21900,15130,37,50,,,4400,96,SP6 (2P),750,Y,95,1.35,38103,11.0,2666,3.5,27231,2.9,0.5,8.0,4,1.865,4600,0.032927,4.468445,0.021049,-91.00679789261744,,v1_8_0/Prefabs/CPU/AMD/Ryzen_ThreadRipper_3990X,AMD EPYC 9763 (2P)
CPU,AMD,AMD EPYC 9003 (2P),EPYC 9783 (2P),Y,Y,13140,23700,16730,38,1,,,4600,96,SP6 (2P),780,Y,95,1.35,39158,11.0,2666,3.5,27231,2.9,0.5,8.0,4,1.865,4800,0.034927,4.468445,0.021049,-103.2519294362416,,v1_8_0/Prefabs/CPU/AMD/Ryzen_ThreadRipper_3990X,AMD EPYC 9783 (2P)
CPU,AMD,AMD EPYC 9003 (2P),EPYC 9833 (2P),Y,Y,10762,25900,9125,38,35,,,4300,112,SP6 (2P),830,Y,95,1.35,32073,11.0,2666,3.5,27231,2.9,0.5,8.0,4,1.865,4600,0.010927,4.668445,0.024049,-22.145050912751685,,v1_8_0/Prefabs/CPU/AMD/Ryzen_ThreadRipper_3990X,AMD EPYC 9833 (2P)
CPU,AMD,AMD EPYC 9003 (2P),EPYC 9853 (2P),Y,Y,15148,26630,18910,38,65,,,4500,112,SP6 (2P),890,Y,95,1.35,45143,11.0,2666,3.5,27231,2.9,0.5,8.0,4,1.865,4700,0.032927,4.668445,0.024049,-79.46998111409397,,v1_8_0/Prefabs/CPU/AMD/Ryzen_ThreadRipper_3990X,AMD EPYC 9853 (2P)
CPU,AMD,AMD EPYC 9003 (2P),EPYC 9873 (2P),Y,Y,18129,29030,18910,39,15,,,4400,128,SP6 (2P),1030,Y,95,1.35,54027,11.0,2666,3.5,27231,2.9,0.5,12.0,4,1.865,4700,0.034927,4.668445,0.025049,-57.83455628187918,,v1_8_0/Prefabs/CPU/AMD/Ryzen_ThreadRipper_3990X,AMD EPYC 9873 (2P)
CPU,AMD,AMD EPYC 9003 (2P),EPYC 9903 (2P),Y,Y,13885,30430,20310,39,35,,,4650,128,SP6 (2P),1110,Y,95,1.35,41378,11.0,2666,3.5,27231,2.9,0.5,12.0,4,1.865,4800,0.062927,4.668445,0.026049,-241.8786150067114,,v1_8_0/Prefabs/CPU/AMD/Ryzen_ThreadRipper_3990X,AMD EPYC 9903 (2P)
CPU,AMD,AMD EPYC 9003 (2P),EPYC 9933 (2P),Y,Y,14114,32500,22050,39,65,,,4750,128,SP6 (2P),1130,Y,95,1.35,42061,11.0,2666,3.5,27231,2.9,0.5,12.0,4,1.865,4800,0.120927,4.668445,0.028049,-526.7080129932887,,v1_8_0/Prefabs/CPU/AMD/Ryzen_ThreadRipper_3990X,AMD EPYC 9933 (2P)
CPU,AMD,AMD EPYC 9003 (2P),EPYC 9953 (2P),Y,Y,22335,52900,42950,39,95,,,4200,144,SP6 (2P),1100,Y,95,1.35,66561,11.0,2666,3.5,27231,2.9,0.5,12.0,4,1.865,4500,0.043927,4.668445,0.031049,-62.584753597315434,,v1_8_0/Prefabs/CPU/AMD/Ryzen_ThreadRipper_3990X,AMD EPYC 9953 (2P)
CPU,AMD,AMD EPYC 9003 (2P),EPYC 9973 (2P),Y,Y,22977,54500,44270,40,35,,,4350,144,SP6 (2P),1170,Y,95,1.35,68474,11.0,2666,3.5,27231,2.9,0.5,12.0,4,1.865,4600,0.043927,4.668445,0.032549,-66.75334051006712,,v1_8_0/Prefabs/CPU/AMD/Ryzen_ThreadRipper_3990X,AMD EPYC 9973 (2P)
CPU,AMD,AMD EPYC 9003 (2P),EPYC 9983 (2P),Y,Y,23771,57500,47370,40,65,,,4000,148,SP6 (2P),1240,Y,95,1.35,70838,11.0,2666,3.5,27231,2.9,0.5,16.0,4,1.865,4900,0.046927,4.668445,0.035549,-63.44400460402685,,v1_8_0/Prefabs/CPU/AMD/Ryzen_ThreadRipper_3990X,AMD EPYC 9983 (2P)
CPU,AMD,AMD EPYC 9003 (2P),EPYC 9993 (2P),Y,Y,24546,59800,49870,40,95,,,4150,152,SP6 (2P),1310,Y,95,1.35,73150,11.0,2666,3.5,27231,2.9,0.5,16.0,4,1.865,5100,0.050927,4.668445,0.038549,-87.32266534228188,,v1_8_0/Prefabs/CPU/AMD/Ryzen_ThreadRipper_3990X,AMD EPYC 9993 (2P)
CPU,AMD,AMD Ryzen 3,Ryzen 3 Quad Core 1200,,Y,988,140,47,3,1,1.0,,3400,4,AM4,65,Y,95,1.25,2945,21.0,2666,16.2,3318,12.67,0.25,1.0,2,1.55,3950,0.002275,0.504442,0.000944,-1.37615,,Prefabs/CPU/AMD/Ryzen_3_QuadCore_1200,AMD Ryzen 3 Quad Core 1200
CPU,AMD,AMD Ryzen 3,Ryzen 3 Quad Core 1300X,,Y,1058,150,50,3,25,1.0,,3700,4,AM4,65,Y,95,1.3,3153,21.0,2666,8.1,3337,5.84,0.25,1.0,2,1.55,4000,0.002055,0.524845,0.000823,-0.26347,,Prefabs/CPU/AMD/Ryzen_3_QuadCore_1300X,AMD Ryzen 3 Quad Core 1300X
CPU,AMD,AMD Ryzen 3,Ryzen 3 Quad Core 3100,,Y,1621,280,93,32,1,1.9,PC,3900,4,AM4,65,Y,95,1.2,4831,17.3,3200,7.7,4903,1.49,0.25,1.0,2,1.55,4200,0.000816,1.136183,0.001336,6.481559,,v1_9_0/Prefabs/CPU/AMD/CPU_Ryzen_3_QuadCore_3100,AMD Ryzen 3 Quad Core 3100
CPU,AMD,AMD Ryzen 3,Ryzen 3 Quad Core 3300X,,Y,1653,290,97,32,10,1.9,PC,4300,4,AM4,65,Y,95,1.2,4928,17.0,3200,5.8,4989,1.24,0.25,1.0,2,1.55,4550,0.000816,1.136183,0.001336,6.481559,,v1_9_0/Prefabs/CPU/AMD/CPU_Ryzen_3_QuadCore_3300X,AMD Ryzen 3 Quad Core 3300X
CPU,AMD,AMD Ryzen 5,Ryzen 5 Quad Core 1400,,Y,1247,170,57,3,1,1.0,,3400,4,AM4,65,Y,95,1.3,3716,21.9,2666,17.6,4150,11.68,0.25,1.0,2,1.55,4000,0.002428,0.904389,0.00109,-0.49809,,Prefabs/CPU/AMD/Ryzen_5_QuadCore_1400,AMD Ryzen 5 Quad Core 1400
CPU,AMD,AMD Ryzen 5,Ryzen 5 Quad Core 1500X,,Y,1320,190,63,3,50,1.0,,3700,4,AM4,65,Y,95,1.3,3933,20.7,2666,8.1,4150,5.52,0.25,1.0,2,1.55,4000,0.002428,0.904389,0.00109,-0.49809,,Prefabs/CPU/AMD/Ryzen_5_QuadCore_1500X,AMD Ryzen 5 Quad Core 1500X
CPU,AMD,AMD Ryzen 5,Ryzen 5 Six Core 1600,,Y,1865,260,87,7,1,1.0,,3600,6,AM4,65,Y,95,1.3,5558,21.4,2666,11.1,6116,10.04,0.25,1.0,2,1.55,4000,0.004675,1.510679,0.001496,-5.18546,,Prefabs/CPU/AMD/Ryzen_5_SixCore_1600,AMD Ryzen 5 Six Core 1600
CPU,AMD,AMD Ryzen 5,Ryzen 5 Six Core 1600X,,Y,1984,270,90,7,20,1.0,,4000,6,AM4,95,Y,95,1.3,5914,21.9,2666,2.5,5960,0.78,0.25,1.0,2,1.55,4100,0.001528,1.906138,0.001981,4.643223,,Prefabs/CPU/AMD/Ryzen_5_SixCore_1600X,AMD Ryzen 5 Six Core 1600X
CPU,AMD,AMD Ryzen 5,Ryzen 5 Six Core 2600,,Y,2092,290,97,18,1,1.0,,3900,6,AM4,65,Y,95,1.3,6235,21.5,2933,7.7,6366,2.1,0.25,1.0,2,1.55,4200,0.001467,1.908192,0.001312,7.539382,,Prefabs/CPU/AMD/Ryzen_5_SixCore_2600,AMD Ryzen 5 Six Core 2600
CPU,AMD,AMD Ryzen 5,Ryzen 5 Six Core 2600X,,Y,2143,300,100,18,33,1.0,,4250,6,AM4,95,Y,95,1.3,6388,21.3,2933,1.2,6410,0.34,0.25,1.0,2,1.55,4300,0.001467,1.908192,0.001312,7.539382,,Prefabs/CPU/AMD/Ryzen_5_SixCore_2600x,AMD Ryzen 5 Six Core 2600X
CPU,AMD,AMD Ryzen 5,Ryzen 5 Six Core 3600,,Y,2376,200,67,30,1,1.5,PC,4200,6,AM4,65,Y,95,1.35,7082,35.4,3200,2.4,7199,1.65,0.25,1.0,2,1.55,4300,0.003915,1.488886,0.001876,-1.65615,,Prefabs/CPU/AMD/Ryzen_5_QuadCore_3600,AMD Ryzen 5 Six Core 3600
CPU,AMD,AMD Ryzen 5,Ryzen 5 Six Core 3600X,,Y,2455,250,83,30,1,1.5,PC,4400,6,AM4,95,Y,95,1.35,7316,29.3,3200,1.1,7374,0.79,0.25,1.0,2,1.55,4450,0.003915,1.488886,0.001876,-1.65615,,Prefabs/CPU/AMD/Ryzen_5_QuadCore_3600X,AMD Ryzen 5 Six Core 3600X
CPU,AMD,AMD Ryzen 5,Ryzen 5 Six Core 3600XT,,Y,2459,400,133,32,30,1.9,PC,4500,6,AM4,95,Y,95,1.25,7330,18.3,3200,4.4,7447,1.6,0.25,1.0,2,1.55,4700,0.001968,2.040162,0.001955,5.407231,,v1_9_0/Prefabs/CPU/AMD/CPU_Ryzen_5_SixCore_3600XT,AMD Ryzen 5 Six Core 3600XT
CPU,AMD,AMD Ryzen 5,Ryzen 5 Six Core 5600X,,Y,2699,500,167,33,50,1.11,PC,4600,6,AM4,65,Y,100,1.35,8044,16.1,3200,3.3,8238,2.41,0.25,1.0,2,1.85,4750,0.00434,2.997384,0.001527,-3.85118,,v1_11_0/Prefabs/CPU/AMD/CPU_AMD_Ryzen_5_5600X,AMD Ryzen 5 Six Core 5600X
CPU,AMD,AMD Ryzen 7,Ryzen 7 Eight Core 1700,,Y,2569,350,117,7,1,1.0,,3700,8,AM4,65,Y,95,1.35,7658,21.9,2666,8.1,8052,5.14,0.25,1.0,2,1.55,4000,0.004404,3.292705,0.00258,-4.05899,,Prefabs/CPU/AMD/Ryzen_7_EightCore_1700,AMD Ryzen 7 Eight Core 1700
CPU,AMD,AMD Ryzen 7,Ryzen 7 Eight Core 1700X,,Y,2653,360,120,7,50,1.0,,3800,8,AM4,95,Y,95,1.35,7905,22.0,2666,5.3,8191,3.62,0.25,1.0,2,1.55,4000,0.004788,3.388378,0.002495,-5.09264,,Prefabs/CPU/AMD/Ryzen_7_EightCore_1700X,AMD Ryzen 7 Eight Core 1700X
CPU,AMD,AMD Ryzen 7,Ryzen 7 Eight Core 1800X,,Y,2742,370,123,7,80,1.0,,4000,8,AM4,95,Y,95,1.35,8173,22.1,2666,4.4,8393,2.69,0.25,1.0,2,1.6,4175,0.004223,3.73659,0.002741,-4.2461,,Prefabs/CPU/AMD/Ryzen_7_EightCore_1800X,AMD Ryzen 7 Eight Core 1800X
CPU,AMD,AMD Ryzen 7,Ryzen 7 Eight Core 2700,,Y,2907,380,127,18,1,1.0,,4100,8,AM4,65,Y,95,1.35,8664,22.8,2933,2.4,8701,0.43,0.25,1.0,2,1.55,4200,0.001259,3.121079,0.002813,9.420477,,Prefabs/CPU/AMD/Ryzen_7_EightCore_2700,AMD Ryzen 7 Eight Core 2700
CPU,AMD,AMD Ryzen 7,Ryzen 7 Eight Core 2700X,,Y,2938,390,130,18,66,1.0,,4350,8,AM4,105,Y,95,1.35,8758,22.5,2933,1.1,8776,0.21,0.25,1.0,2,1.55,4400,0.001259,3.121079,0.002813,9.420477,,Prefabs/CPU/AMD/Ryzen_7_EightCore_2700x,AMD Ryzen 7 Eight Core 2700X
CPU,AMD,AMD Ryzen 7,Ryzen 7 Eight Core 3700X,,Y,3307,330,110,30,20,1.5,PC,4400,8,AM4,65,Y,95,1.35,9855,29.9,3200,1.6,9945,0.91,0.25,1.0,2,1.55,4470,0.00427,3.125211,0.002264,0.790435,,Prefabs/CPU/AMD/Ryzen_7_EightCore_3700X,AMD Ryzen 7 Eight Core 3700X
CPU,AMD,AMD Ryzen 7,Ryzen 7 Eight Core 3800X,,Y,3350,400,133,30,40,1.5,PC,4500,8,AM4,105,Y,95,1.35,9983,25.0,3200,1.6,10072,0.89,0.25,1.0,2,1.55,4570,0.00427,3.125211,0.002264,0.790435,,Prefabs/CPU/AMD/Ryzen_7_EightCore_3800X,AMD Ryzen 7 Eight Core 3800X
CPU,AMD,AMD Ryzen 7,Ryzen 7 Eight Core 3800XT,,Y,3428,650,217,32,50,1.9,PC,4700,8,AM4,105,Y,100,1.35,10216,15.7,3200,2.1,10287,0.69,0.25,1.0,2,1.55,4800,0.002375,3.376156,0.002605,8.032853,,v1_9_0/Prefabs/CPU/AMD/CPU_Ryzen_7_EightCore_3800XT,AMD Ryzen 7 Eight Core 3800XT
CPU,AMD,AMD Ryzen 7,Ryzen 7 Eight Core 5800X,,Y,3756,750,250,33,50,1.11,PC,4700,8,AM4,105,Y,100,1.35,11193,14.9,3200,3.2,11295,0.91,0.25,1.0,2,1.85,4850,0.002264,5.554834,0.003082,5.95047,,v1_11_0/Prefabs/CPU/AMD/CPU_AMD_Ryzen_7_5800X,AMD Ryzen 7 Eight Core 5800X
CPU,AMD,AMD Ryzen 9,Ryzen 9 Sixteen Core 3950X,,Y,4109,900,300,30,80,1.6,PC,4700,16,AM4,105,Y,100,1.35,12245,13.6,3200,1.1,12259,0.11,0.25,1.0,2,1.55,4750,0.000913,6.050261,0.005673,6.5477360000000004,,Prefabs/CPU/AMD/Ryzen_9_ SixteenCore3950X,AMD Ryzen 9 Sixteen Core 3950X
CPU,AMD,AMD Ryzen 9,Ryzen 9 Sixteen Core 5950X,,Y,4664,1100,367,33,30,1.9.5,PC,4900,16,AM4,105,Y,100,1.35,13900,12.6,3200,1.0,13922,0.16,0.25,1.0,2,1.85,4950,0.001457,10.6221,0.00598,-0.87348,,v1_9_0/Prefabs/CPU/AMD/CPU_Ryzen_9_5950X,AMD Ryzen 9 Sixteen Core 5950X
CPU,AMD,AMD Ryzen 9,Ryzen 9 Twelve Core 3900X,,Y,4102,700,233,30,60,1.5,PC,4600,12,AM4,105,Y,100,1.35,12225,17.5,3200,1.1,12287,0.51,0.25,1.0,2,1.55,4650,0.004123,6.668931,0.005531,-8.97618,,Prefabs/CPU/AMD/Ryzen_9_TwelveCore_3900X,AMD Ryzen 9 Twelve Core 3900X
CPU,AMD,AMD Ryzen 9,Ryzen 9 Twelve Core 3900XT,,Y,3993,1000,333,32,70,1.9,PC,4700,12,AM4,105,Y,100,1.35,11900,11.9,3200,2.1,11900,0.0,0.25,1.0,2,1.55,4800,1.82e-05,6.860246,0.00548,8.591062,,v1_9_0/Prefabs/CPU/AMD/CPU_Ryzen_9_TwelveCore_3900XT,AMD Ryzen 9 Twelve Core 3900XT
CPU,AMD,AMD Ryzen 9,Ryzen 9 Twelve Core 5900X,,Y,4381,1000,333,33,1,1.9.5,PC,4800,12,AM4,105,Y,100,1.35,13057,13.1,3200,1.0,13073,0.12,0.25,1.0,2,1.85,4850,0.001072,7.714274,0.004702,8.196178,,v1_9_0/Prefabs/CPU/AMD/CPU_Ryzen_9_5900X,AMD Ryzen 9 Twelve Core 5900X
CPU,AMD,AMD Ryzen Threadripper,Ryzen Threadripper 2920X,,Y,3422,775,258,28,20,1.0,,4300,12,TR4,180,Y,95,1.35,10198,13.2,2933,2.3,10202,0.04,0.25,2.7,4,1.55,4400,0.00013,1.92343,0.00468,12.24331,Exclude,Prefabs/CPU/AMD/Ryzen_ThreadRipper_EightCore_2920X,AMD Ryzen Threadripper 2920X
CPU,AMD,AMD Ryzen Threadripper,Ryzen Threadripper 2950X,,Y,3423,850,283,28,1,1.0,,4400,16,TR4,180,Y,95,1.35,10202,12.0,2933,2.3,10206,0.04,0.25,2.7,4,1.55,4500,0.00013,1.92343,0.00468,12.24331,Exclude,Prefabs/CPU/AMD/Ryzen_ThreadRipper_EightCore_2950X,AMD Ryzen Threadripper 2950X
CPU,AMD,AMD Ryzen Threadripper,Ryzen Threadripper 2970WX,,Y,2526,1000,333,28,40,1.0,,4200,24,TR4,250,Y,95,1.35,7528,7.5,2933,2.4,7557,0.39,0.25,2.7,4,1.55,4300,0.001,0.919709,0.001872,11.89291,Exclude,Prefabs/CPU/AMD/Ryzen_ThreadRipper_EightCore_2970WX,AMD Ryzen Threadripper 2970WX
CPU,AMD,AMD Ryzen Threadripper,Ryzen Threadripper 2990WX,,Y,3909,1100,367,28,60,1.0,,4200,32,TR4,250,Y,95,1.35,11649,10.6,2933,2.4,11765,1.0,0.25,2.7,4,1.55,4300,0.00388,0.215054,0.00222,15.42505,Exclude,Prefabs/CPU/AMD/Ryzen_ThreadRipper_EightCore_2990WX,AMD Ryzen Threadripper 2990WX
CPU,AMD,AMD Ryzen Threadripper,Ryzen Threadripper 3960X,,Y,4032,1400,467,31,1,1.8,PC,4500,24,sTRX4,280,Y,95,1.35,12017,8.6,3200,1.1,12074,0.47,0.25,2.7,4,1.55,4550,0.003832,2.259872,0.008126,-11.9601,Exclude,v1_8_0/Prefabs/CPU/AMD/Ryzen_ThreadRipper_3960X,AMD Ryzen Threadripper 3960X
CPU,AMD,AMD Ryzen Threadripper,Ryzen Threadripper 3970X,,Y,3724,2000,667,31,30,1.8,PC,4400,32,sTRX4,280,Y,95,1.35,11099,5.5,3200,3.4,11346,2.23,0.25,2.7,4,1.55,4550,0.005529,2.26,0.006308,-16.3069,Exclude,v1_8_0/Prefabs/CPU/AMD/Ryzen_ThreadRipper_3970X,AMD Ryzen Threadripper 3970X
CPU,AMD,AMD Ryzen Threadripper,Ryzen Threadripper 3990X,,Y,3595,3990,1330,31,75,1.8,PC,4300,64,sTRX4,280,Y,95,1.35,10713,2.7,3200,2.3,10847,1.25,0.25,2.7,4,1.55,4400,0.004492,3.459974,0.006017,-16.4578,Exclude,v1_8_0/Prefabs/CPU/AMD/Ryzen_ThreadRipper_3990X,AMD Ryzen Threadripper 3990X
CPU,AMD,AMD Ryzen Threadripper,Ryzen Threadripper Eight Core 1900X,,Y,2691,550,183,22,1,1.0,,4000,8,TR4,180,Y,95,1.35,8020,14.6,2666,2.5,8193,2.16,0.25,2.7,4,1.55,4100,0.005827,1.868445,0.003449,-13.0637,Exclude,Prefabs/CPU/AMD/Ryzen_ThreadRipper_EightCore_1900X,AMD Ryzen Threadripper Eight Core 1900X
CPU,AMD,AMD Ryzen Threadripper,Ryzen Threadripper Sixteen Core 1950X,,Y,3222,800,267,22,80,1.0,,4000,16,TR4,180,Y,95,1.35,9602,12.0,2666,2.5,9711,1.14,0.25,2.7,4,1.55,4100,0.003667,4.334733,0.005344,-14.0314,Exclude,Prefabs/CPU/AMD/Ryzen_ThreadRipper_SixteenCore_1950X,AMD Ryzen Threadripper Sixteen Core 1950X
CPU,AMD,AMD Ryzen Threadripper,Ryzen Threadripper Twelve Core 1920X,,Y,3071,650,217,22,40,1.0,,4000,12,TR4,180,Y,95,1.35,9152,14.1,2666,3.8,9227,0.82,0.25,2.7,4,1.55,4150,0.00167,3.985663,0.00483,-4.78467,Exclude,Prefabs/CPU/AMD/Ryzen_ThreadRipper_TwelveCore_1920X,AMD Ryzen Threadripper Twelve Core 1920X
CPU,Ampere,Ampere Altra M Series,Altra Max M112-26,Y,Y,6581,6250,5750,36,25,,,2600,112,LGA 4926,165,Y,100,1.25,19614,19.7,3200,16.7,5768,17.09,1.0,2.0,4,1.7,4600,0.011692,4.878704,0.006093,-3.592824053691274,,Prefabs/Generic/CPU,Ampere Altra Max M112-26
CPU,Ampere,Ampere Altra M Series,Altra Max M112-26 (2P),Y,Y,9214,12500,11500,37,25,,,2600,224,LGA 4926 (2P),330,Y,100,1.25,27459,19.7,3200,16.7,5768,17.09,1.0,4.0,4,1.7,4400,0.011692,4.878704,0.006093,22.734692724832218,,Prefabs/Generic/CPU,Ampere Altra Max M112-26 (2P)
CPU,Ampere,Ampere Altra M Series,Altra Max M112-28,Y,Y,6702,6500,6000,36,55,,,2800,112,LGA 4926,200,Y,100,1.25,19974,19.7,3200,16.7,5768,17.09,1.0,2.0,4,1.7,4800,0.011509,4.878704,0.006093,-4.210770362416113,,Prefabs/Generic/CPU,Ampere Altra Max M112-28
CPU,Ampere,Ampere Altra M Series,Altra Max M112-28 (2P),Y,Y,9383,13000,12000,37,55,,,2800,224,LGA 4926 (2P),400,Y,100,1.25,27963,19.7,3200,16.7,5768,17.09,1.0,4.0,4,1.7,4600,0.011509,4.878704,0.006093,22.599967892617446,,Prefabs/Generic/CPU,Ampere Altra Max M112-28 (2P)
CPU,Ampere,Ampere Altra M Series,Altra Max M112-30,Y,Y,6829,6750,6250,36,90,,,3000,112,LGA 4926,230,Y,100,1.25,20352,19.7,3200,16.7,5768,17.09,1.0,2.0,4,1.7,5000,0.011677,4.878704,0.006093,-5.748113986577188,,Prefabs/Generic/CPU,Ampere Altra Max M112-30
CPU,Ampere,Ampere Altra M Series,Altra Max M112-30 (2P),Y,Y,9561,13500,12500,37,90,,,3000,224,LGA 4926 (2P),460,Y,100,1.25,28492,19.7,3200,16.7,5768,17.09,1.0,4.0,4,1.7,4800,0.011677,4.878704,0.006093,21.570006818791942,,Prefabs/Generic/CPU,Ampere Altra Max M112-30 (2P)
CPU,Ampere,Ampere Altra M Series,Altra Max M128-26,Y,Y,7533,7250,6750,37,25,,,2600,128,LGA 4926,175,Y,100,1.25,22448,19.7,3200,16.7,5768,17.09,1.0,2.0,4,1.7,4700,0.015558,4.878704,0.007255,-7.849401234899329,,Prefabs/Generic/CPU,Ampere Altra Max M128-26
CPU,Ampere,Ampere Altra M Series,Altra Max M128-26 (2P),Y,Y,10546,14500,13500,38,25,,,2600,256,LGA 4926 (2P),350,Y,100,1.25,31427,19.7,3200,16.7,5768,17.09,1.0,4.0,4,1.7,4500,0.015558,4.878704,0.007255,22.278786684563748,,Prefabs/Generic/CPU,Ampere Altra Max M128-26 (2P)
CPU,Ampere,Ampere Altra M Series,Altra Max M128-28,Y,Y,7684,7500,7000,37,50,,,2800,128,LGA 4926,220,Y,100,1.25,22899,19.7,3200,16.7,5768,17.09,1.0,2.0,4,1.7,4900,0.01575,4.878704,0.007255,-9.988534120805372,,Prefabs/Generic/CPU,Ampere Altra Max M128-28
CPU,Ampere,Ampere Altra M Series,Altra Max M128-28 (2P),Y,Y,10757,15000,14000,38,50,,,2800,256,LGA 4926 (2P),440,Y,100,1.25,32058,19.7,3200,16.7,5768,17.09,1.0,4.0,4,1.7,4700,0.01575,4.878704,0.007255,20.748378630872473,,Prefabs/Generic/CPU,Ampere Altra Max M128-28 (2P)
CPU,Ampere,Ampere Altra M Series,Altra Max M128-30,Y,Y,7808,7850,7415,37,85,,,3000,128,LGA 4926,240,Y,100,1.25,23268,19.7,3200,16.7,5768,17.09,1.0,2.0,4,1.7,5100,0.01632,4.878704,0.007255,-13.610279087248319,,Prefabs/Generic/CPU,Ampere Altra Max M128-30
CPU,Ampere,Ampere Altra M Series,Altra Max M128-30 (2P),Y,Y,10931,15700,14830,38,85,,,3000,256,LGA 4926 (2P),480,Y,100,1.25,32575,19.7,3200,16.7,5768,17.09,1.0,4.0,4,1.7,4900,0.01632,4.878704,0.007255,17.621935677852328,,Prefabs/Generic/CPU,Ampere Altra Max M128-30 (2P)
CPU,Ampere,Ampere Altra M Series,Altra Max M96-26,Y,Y,5511,5000,4450,35,1,,,2600,96,LGA 4926,155,Y,100,1.25,16423,19.7,3200,16.7,5768,17.09,1.0,2.0,4,1.7,4500,0.007528,4.878704,0.005093,-0.2744777449664433,,Prefabs/Generic/CPU,Ampere Altra Max M96-26
CPU,Ampere,Ampere Altra M Series,Altra Max M96-26 (2P),Y,Y,7715,10000,8900,36,1,,,2600,192,LGA 4926 (2P),310,Y,100,1.25,22992,19.7,3200,16.7,5768,17.09,1.0,4.0,4,1.7,4300,0.007528,4.878704,0.005093,21.769817557046977,,Prefabs/Generic/CPU,Ampere Altra Max M96-26 (2P)
CPU,Ampere,Ampere Altra M Series,Altra Max M96-28,Y,Y,5688,5250,4700,35,35,,,2800,96,LGA 4926,175,Y,100,1.25,16953,19.7,3200,16.7,5768,17.09,1.0,2.0,4,1.7,4700,0.007595,4.878704,0.005093,-0.18915425503356076,,Prefabs/Generic/CPU,Ampere Altra Max M96-28
CPU,Ampere,Ampere Altra M Series,Altra Max M96-28 (2P),Y,Y,7964,10500,9400,36,35,,,2800,192,LGA 4926 (2P),350,Y,100,1.25,23734,19.7,3200,16.7,5768,17.09,1.0,4.0,4,1.7,4500,0.007595,4.878704,0.005093,22.566550442953,,Prefabs/Generic/CPU,Ampere Altra Max M96-28 (2P)
CPU,Ampere,Ampere Altra M Series,Altra Max M96-30,Y,Y,5808,5500,4950,35,70,,,3000,96,LGA 4926,210,Y,100,1.25,17308,19.7,3200,16.7,5768,17.09,1.0,2.0,4,1.7,4800,0.007464,4.878704,0.005093,-0.122832322147646,,Prefabs/Generic/CPU,Ampere Altra Max M96-30
CPU,Ampere,Ampere Altra M Series,Altra Max M96-30 (2P),Y,Y,8131,11000,9900,36,70,,,3000,192,LGA 4926,420,Y,100,1.25,24231,19.7,3200,16.7,5768,17.09,1.0,4.0,4,1.7,4600,0.007464,4.878704,0.005093,23.108335677852338,,Prefabs/Generic/CPU,Ampere Altra Max M96-30 (2P)
CPU,Ampere,Ampere Altra M Series,Altra Max M96-32,Y,Y,5926,5750,5200,35,95,,,3200,96,LGA 4926,210,Y,100,1.25,17660,19.7,3200,16.7,5768,17.09,1.0,2.0,4,1.7,4900,0.008755,4.878704,0.005093,-4.56667103355705,,Prefabs/Generic/CPU,Ampere Altra Max M96-32
CPU,Ampere,Ampere Altra M Series,Altra Max M96-32 (2P),Y,Y,8296,11500,10400,36,95,,,3200,192,LGA 4926 (2P),420,Y,100,1.25,24724,19.7,3200,16.7,5768,17.09,1.0,4.0,4,1.7,4700,0.008755,4.878704,0.005093,19.13802695302013,,Prefabs/Generic/CPU,Ampere Altra Max M96-32 (2P)
CPU,Ampere,Ampere Altra Q Series,Altra Q32-17,Y,Y,2655,1950,1550,27,1,,,1700,32,LGA 4926,45,Y,100,1.25,7914,19.7,2666,16.7,5768,17.09,1.0,2.0,4,1.6,2500,0.018741,4.878704,0.003393,-33.863207020134226,,Prefabs/Generic/CPU,Ampere Altra Q32-17
CPU,Ampere,Ampere Altra Q Series,Altra Q32-17 (2P),Y,Y,3717,3900,3100,28,1,,,1700,64,LGA 4926 (2P),90,Y,100,1.25,11079,19.7,2666,16.7,5768,17.09,1.0,4.0,4,1.6,2300,0.018741,4.878704,0.003393,-23.240388228187925,,Prefabs/Generic/CPU,Ampere Altra Q32-17 (2P)
CPU,Ampere,Ampere Altra Q Series,Altra Q48-22,Y,Y,3195,2650,2150,27,85,,,2200,48,LGA 4926,85,Y,100,1.25,9523,19.7,2666,16.7,5768,17.09,1.0,2.0,4,1.6,2800,0.021765,4.878704,0.003393,-44.48717816107383,,Prefabs/Generic/CPU,Ampere Altra Q48-22
CPU,Ampere,Ampere Altra Q Series,Altra Q48-22 (2P),Y,Y,4473,5300,4300,28,85,,,2200,96,LGA 4926 (2P),170,Y,100,1.25,13332,19.7,2666,16.7,5768,17.09,1.0,4.0,4,1.6,2600,0.021765,4.878704,0.003393,-31.704627825503362,,Prefabs/Generic/CPU,Ampere Altra Q48-22 (2P)
CPU,Ampere,Ampere Altra Q Series,Altra Q64-24,Y,Y,3885,3250,2650,28,35,,,2400,64,LGA 4926,95,Y,100,1.25,11580,19.7,2666,16.7,5768,17.09,1.0,2.0,4,1.6,3000,0.018745,4.878704,0.003393,-34.68949359731543,,Prefabs/Generic/CPU,Ampere Altra Q64-24
CPU,Ampere,Ampere Altra Q Series,Altra Q64-24 (2P),Y,Y,5440,6500,5300,29,35,,,2400,128,LGA 4926 (2P),190,Y,100,1.25,16211,19.7,2666,16.7,5768,17.09,1.0,4.0,4,1.6,2800,0.018745,4.878704,0.003393,-19.145869436241615,,Prefabs/Generic/CPU,Ampere Altra Q64-24 (2P)
CPU,Ampere,Ampere Altra Q Series,Altra Q64-26,Y,Y,4013,3500,2900,28,95,,,2600,64,LGA 4926,125,Y,100,1.25,11961,19.7,2666,16.7,5768,17.09,1.0,2.0,4,1.6,3200,0.020105,4.878704,0.003393,-40.69597010738255,,Prefabs/Generic/CPU,Ampere Altra Q64-26
CPU,Ampere,Ampere Altra Q Series,Altra Q64-26 (2P),Y,Y,5619,7000,5800,29,95,,,2600,128,LGA 4926 (2P),250,Y,100,1.25,16745,19.7,2666,16.7,5768,17.09,1.0,4.0,4,1.6,3000,0.020105,4.878704,0.003393,-24.640936550335578,,Prefabs/Generic/CPU,Ampere Altra Q64-26 (2P)
CPU,Ampere,Ampere Altra Q Series,Altra Q64-33,Y,Y,4395,3850,3250,29,95,,,3300,64,LGA 4926,220,Y,100,1.25,13099,19.7,2666,16.7,5768,17.09,1.0,2.0,4,1.6,4000,0.020395,4.878704,0.003393,-51.904389570469796,,Prefabs/Generic/CPU,Ampere Altra Q64-33
CPU,Ampere,Ampere Altra Q Series,Altra Q64-33 (2P),Y,Y,6153,7700,6500,30,95,,,3300,128,LGA 4926 (2P),440,Y,100,1.25,18338,19.7,2666,16.7,5768,17.09,1.0,4.0,4,1.6,3800,0.020395,4.878704,0.003393,-34.32512782550336,,Prefabs/Generic/CPU,Ampere Altra Q64-33 (2P)
CPU,Ampere,Ampere Altra Q Series,Altra Q72-30,Y,Y,4811,4000,3400,30,25,,,3000,72,LGA 4926,195,Y,100,1.25,14337,19.7,2666,16.7,5768,17.09,1.0,2.0,4,1.6,4000,0.012571,4.878704,0.003393,-18.16281574496644,,Prefabs/Generic/CPU,Ampere Altra Q72-30
CPU,Ampere,Ampere Altra Q Series,Altra Q72-30 (2P),Y,Y,6735,8000,6800,31,25,,,3000,144,LGA 4926 (2P),390,Y,100,1.25,20071,19.7,2666,16.7,5768,17.09,1.0,4.0,4,1.6,3800,0.012571,4.878704,0.003393,1.081479557046979,,Prefabs/Generic/CPU,Ampere Altra Q72-30 (2P)
CPU,Ampere,Ampere Altra Q Series,Altra Q80-23,Y,Y,5061,4250,3650,30,85,,,2300,80,LGA 4926,150,Y,100,1.25,15082,19.7,2666,16.7,5768,17.09,1.0,2.0,4,1.6,4100,0.007458,4.878704,0.004093,3.0305842550335615,,Prefabs/Generic/CPU,Ampere Altra Q80-23
CPU,Ampere,Ampere Altra Q Series,Altra Q80-23 (2P),Y,Y,7085,8500,7300,31,85,,,2300,160,LGA 4926 (2P),300,Y,100,1.25,21114,19.7,2666,16.7,5768,17.09,1.0,4.0,4,1.6,3900,0.007458,4.878704,0.004093,23.27487955704698,,Prefabs/Generic/CPU,Ampere Altra Q80-23 (2P)
CPU,Ampere,Ampere Altra Q Series,Altra Q80-26,Y,Y,5144,4500,3800,31,25,,,2600,80,LGA 4926,175,Y,100,1.25,15331,19.7,2666,16.7,5768,17.09,1.0,2.0,4,1.6,4200,0.008854,4.878704,0.004093,-2.000845275167789,,Prefabs/Generic/CPU,Ampere Altra Q80-26
CPU,Ampere,Ampere Altra Q Series,Altra Q80-26 (2P),Y,Y,7202,9000,7600,32,25,,,2600,160,LGA 4926 (2P),350,Y,100,1.25,21463,19.7,2666,16.7,5768,17.09,1.0,4.0,4,1.6,4000,0.008854,4.878704,0.004093,18.577678214765093,,Prefabs/Generic/CPU,Ampere Altra Q80-26 (2P)
CPU,Ampere,Ampere Altra Q Series,Altra Q80-30,Y,Y,5419,4850,4150,31,85,,,3000,80,LGA 4926,210,Y,100,1.25,16150,19.7,2666,16.7,5768,17.09,1.0,2.0,4,1.6,4400,0.01008,4.878704,0.004093,-6.472123127516779,,Prefabs/Generic/CPU,Ampere Altra Q80-30
CPU,Ampere,Ampere Altra Q Series,Altra Q80-30 (2P),Y,Y,7587,9700,8300,32,85,,,3000,160,LGA 4926 (2P),420,Y,100,1.25,22610,19.7,2666,16.7,5768,17.09,1.0,4.0,4,1.6,4200,0.01008,4.878704,0.004093,15.205729221476512,,Prefabs/Generic/CPU,Ampere Altra Q80-30 (2P)
CPU,Ampere,Ampere Altra Q Series,Altra Q80-33,Y,Y,5743,5100,4550,32,35,,,3300,80,LGA 4926,250,Y,100,1.25,17116,19.7,2666,16.7,5768,17.09,1.0,2.0,4,1.6,4600,0.00991,4.878704,0.004093,-5.6935123892617465,,Prefabs/Generic/CPU,Ampere Altra Q80-33
CPU,Ampere,Ampere Altra Q Series,Altra Q80-33 (2P),Y,Y,8041,10200,9100,33,35,,,3300,160,LGA 4926 (2P),500,Y,100,1.25,23962,19.7,2666,16.7,5768,17.09,1.0,4.0,4,1.6,4400,0.00991,4.878704,0.004093,17.280984255033545,,Prefabs/Generic/CPU,Ampere Altra Q80-33 (2P)
CPU,Intel,Intel Celeron,Celeron G3900,,Y,295,45,15,1,1,1.0,,2800,2,LGA 1151 (Skylake),51,,100,1.1,879,19.5,2133,0.0,879,0.0,0.0,1.0,2,1.6,2800,0.006022,0.318855,0.000614,-15.8576,,Prefabs/CPU/Intel/CPU_Intel_Celeron,Intel Celeron G3900
CPU,Intel,Intel Celeron,Celeron G3930,,Y,483,40,13,5,1,1.0,,2900,2,LGA 1151 (Kaby Lake),51,,100,1.0,1440,36.0,2133,0.0,1440,0.0,0.0,1.0,2,1.55,2900,0.00055,0.163871,0.000266,2.345235,,Prefabs/CPU/Intel/CPU_Intel_Celeron,Intel Celeron G3930
CPU,Intel,Intel Celeron,Celeron G3950,,Y,489,60,20,5,20,1.0,,3000,2,LGA 1151 (Kaby Lake),51,,100,1.0,1457,24.3,2133,0.0,1457,0.0,0.0,1.0,2,1.55,3000,0.00055,0.163871,0.000266,2.345235,,Prefabs/CPU/Intel/CPU_Intel_Celeron,Intel Celeron G3950
CPU,Intel,Intel Celeron,Celeron G5900,,Y,335,50,17,32,1,1.9,PC,3400,2,LGA 1200,58,,100,1.0,1000,20.0,2666,0.0,1000,0.0,0.0,1.0,2,1.6,3400,0.0002456,0.413108,0.002032,-3.72012,,Prefabs/CPU/Intel/CPU_Intel_Celeron,Intel Celeron G5900
CPU,Intel,Intel Celeron,Celeron G5920,,Y,338,55,18,32,1,1.9,PC,3500,2,LGA 1200,58,,100,1.0,1008,18.3,2666,0.0,1008,0.0,0.0,1.0,2,1.6,3500,0.0002456,0.413108,0.002032,-3.72012,,Prefabs/CPU/Intel/CPU_Intel_Celeron,Intel Celeron G5920
CPU,Intel,Intel Core i3,Core i3-10100,,Y,1664,250,83,32,1,1.9,PC,4300,4,LGA 1200,65,,100,1.1,4960,19.8,2666,0.0,4960,0.0,0.0,1.0,2,1.6,4300,0.00347,2.068054,0.000897,-4.80376,,Prefabs/CPU/Intel/CPU_Intel_Core_i3,Intel Core i3-10100
CPU,Intel,Intel Core i3,Core i3-10300,,Y,1699,280,93,32,1,1.9,PC,4400,4,LGA 1200,65,,100,1.1,5063,18.1,2666,0.0,5063,0.0,0.0,1.0,2,1.6,4400,0.00347,2.068054,0.000897,-4.80376,,Prefabs/CPU/Intel/CPU_Intel_Core_i3,Intel Core i3-10300
CPU,Intel,Intel Core i3,Core i3-10320,,Y,1768,310,103,32,1,1.9,PC,4600,4,LGA 1200,65,,100,1.1,5270,17.0,2666,0.0,5270,0.0,0.0,1.0,2,1.6,4600,0.00347,2.068054,0.000897,-4.80376,,Prefabs/CPU/Intel/CPU_Intel_Core_i3,Intel Core i3-10320
CPU,Intel,Intel Core i3,Core i3-6100,,Y,792,105,35,2,1,1.0,,3700,2,LGA 1151 (Skylake),51,,100,1.2,2362,22.5,2133,0.0,2362,0.0,0.0,1.0,2,1.7,3700,0.00094,0.40477,0.000346,2.90125,,Prefabs/CPU/Intel/CPU_Intel_Core_i3,Intel Core i3-6100
CPU,Intel,Intel Core i3,Core i3-6100T,,Y,745,90,30,2,1,1.0,,3200,2,LGA 1151 (Skylake),35,,100,1.2,2222,24.7,2133,0.0,2222,0.0,0.0,1.0,2,1.7,3200,0.00094,0.40477,0.000346,2.90125,,Prefabs/CPU/Intel/CPU_Intel_Core_i3,Intel Core i3-6100T
CPU,Intel,Intel Core i3,Core i3-6300,,Y,802,110,37,2,1,1.0,,3800,2,LGA 1151 (Skylake),51,,100,1.2,2390,21.7,2133,0.0,2390,0.0,0.0,1.0,2,1.7,3800,0.00094,0.40477,0.000346,2.90125,,Prefabs/CPU/Intel/CPU_Intel_Core_i3,Intel Core i3-6300
CPU,Intel,Intel Core i3,Core i3-6300T,Y,Y,755,90,37,2,25,,,3300,2,LGA 1151 (Skylake),35,,100,1.2,2250,21.7,2133,0.0,2390,0.0,0.0,1.0,2,1.7,3800,0.00094,0.40477,0.000346,2.90125,,Prefabs/CPU/Intel/CPU_Intel_Core_i3,Intel Core i3-6300T
CPU,Intel,Intel Core i3,Core i3-6320,,Y,811,115,38,2,1,1.0,,3900,2,LGA 1151 (Skylake),51,,100,1.2,2418,21.0,2133,0.0,2418,0.0,0.0,1.0,2,1.7,3900,0.00094,0.40477,0.000346,2.90125,,Prefabs/CPU/Intel/CPU_Intel_Core_i3,Intel Core i3-6320
CPU,Intel,Intel Core i3,Core i3-7100,,Y,833,120,40,12,1,1.0,,3900,2,LGA 1151 (Kaby Lake),51,,100,1.2,2483,20.7,2400,0.0,2483,0.0,0.0,1.0,2,1.7,3900,0.001814,0.494913,0.000509,-0.9511,,Prefabs/CPU/Intel/CPU_Intel_Core_i3,Intel Core i3-7100
CPU,Intel,Intel Core i3,Core i3-7100T,Y,Y,742,100,43,12,15,,,3400,2,LGA 1151 (Kaby Lake),35,,100,1.2,2213,20.7,2400,0.0,2483,0.0,0.0,1.0,2,1.7,3900,0.001814,0.494913,0.000509,-0.9511,,Prefabs/CPU/Intel/CPU_Intel_Core_i3,Intel Core i3-7100T
CPU,Intel,Intel Core i3,Core i3-7300,,Y,851,125,42,12,1,1.0,,4000,2,LGA 1151 (Kaby Lake),51,,100,1.2,2537,20.3,2400,0.0,2537,0.0,0.0,1.0,2,1.7,4000,0.001814,0.494913,0.000509,-0.9511,,Prefabs/CPU/Intel/CPU_Intel_Core_i3,Intel Core i3-7300
CPU,Intel,Intel Core i3,Core i3-7300T,Y,Y,760,105,32,12,25,,,3500,2,LGA 1151 (Kaby Lake),35,,100,1.2,2267,20.3,2400,0.0,2537,0.0,0.0,1.0,2,1.7,4000,0.001814,0.494913,0.000509,-0.9511,,Prefabs/CPU/Intel/CPU_Intel_Core_i3,Intel Core i3-7300T
CPU,Intel,Intel Core i3,Core i3-7320,,Y,869,130,43,12,10,1.0,,4100,2,LGA 1151 (Kaby Lake),51,,100,1.2,2591,19.9,2400,0.0,2591,0.0,0.0,1.0,2,1.7,4100,0.001814,0.494913,0.000509,-0.9511,,Prefabs/CPU/Intel/CPU_Intel_Core_i3,Intel Core i3-7320
CPU,Intel,Intel Core i3,Core i3-7350K,,Y,887,135,45,13,1,1.0,,4200,2,LGA 1151 (Kaby Lake),60,Y,100,1.2,2645,19.6,2400,16.7,3024,14.33,1.0,1.0,2,1.55,4900,0.001814,0.494913,0.000509,-0.9511,,Prefabs/CPU/Intel/CPU_Intel_Core_i3,Intel Core i3-7350K
CPU,Intel,Intel Core i3,Core i3-8100,,Y,1202,170,57,15,1,1.0,,3600,4,LGA 1151 (Coffee Lake),65,,100,1.15,3583,21.1,2400,0.0,3583,0.0,0.0,1.0,2,1.65,3600,0.002553,0.782394,0.000508,0.049671,,Prefabs/CPU/Intel/CPU_Intel_Core_i3,Intel Core i3-8100
CPU,Intel,Intel Core i3,Core i3-8100T,Y,Y,1074,150,47,15,15,,,3100,4,LGA 1151 (Coffee Lake),35,,100,1.15,3202,21.1,2400,0.0,3583,0.0,0.0,1.0,2,1.65,3600,0.002553,0.782394,0.000508,0.049671,,Prefabs/CPU/Intel/CPU_Intel_Core_i3,Intel Core i3-8100T
CPU,Intel,Intel Core i3,Core i3-8350K,,Y,1304,195,65,15,1,1.0,,4000,4,LGA 1151 (Coffee Lake),91,Y,100,1.2,3887,19.9,2400,25.0,4648,19.58,1.0,1.0,2,1.55,5000,0.002553,0.782394,0.000508,0.049671,,Prefabs/CPU/Intel/CPU_Intel_Core_i3,Intel Core i3-8350K
CPU,Intel,Intel Core i5,Core i5-10400,,Y,2422,350,117,32,20,1.9,PC,4300,6,LGA 1200,65,,100,1.1,7218,20.6,2666,0.0,7218,0.0,0.0,1.0,2,1.6,4300,0.004088,3.456004,0.001699,-4.79795,,Prefabs/CPU/Intel/CPU_Intel_Core_i5,Intel Core i5-10400
CPU,Intel,Intel Core i5,Core i5-10500,,Y,2503,390,130,32,20,1.9,PC,4500,6,LGA 1200,65,,100,1.2,7461,19.1,2666,0.0,7461,0.0,0.0,1.0,2,1.6,4500,0.004088,3.456004,0.001699,-4.79795,,Prefabs/CPU/Intel/CPU_Intel_Core_i5,Intel Core i5-10500
CPU,Intel,Intel Core i5,Core i5-10600,,Y,2626,430,143,32,40,1.9,PC,4800,6,LGA 1200,65,,100,1.2,7827,18.2,2666,0.0,7827,0.0,0.0,1.0,2,1.65,4800,0.004088,3.456004,0.001699,-4.79795,,Prefabs/CPU/Intel/CPU_Intel_Core_i5,Intel Core i5-10600
CPU,Intel,Intel Core i5,Core i5-10600K,,Y,2626,440,147,32,40,1.9,PC,4800,6,LGA 1200,95,Y,100,1.25,7827,17.8,2666,4.2,8070,3.1,1.0,1.0,2,1.65,5000,0.004088,3.456004,0.001699,-4.79795,,Prefabs/CPU/Intel/CPU_Intel_Core_i5,Intel Core i5-10600K
CPU,Intel,Intel Core i5,Core i5-11400,,Y,2749,500,167,34,1,1.12,,4400,6,LGA 1200,65,,100,1.35,8193,16.4,3200,0.0,8193,0.0,0.0,1.0,2,1.85,4400,0.005091,5.748322,0.002166,-13.332,,v1_12_0/Prefabs/CPU/Intel/CPU_Intel_Core_i5-11400,Intel Core i5-11400
CPU,Intel,Intel Core i5,Core i5-11400F,,Y,2749,500,167,34,1,1.12,,4400,6,LGA 1200,65,,100,1.35,8193,16.4,3200,0.0,8193,0.0,0.0,1.0,2,1.85,4400,0.005091,5.748322,0.002166,-13.332,,v1_12_0/Prefabs/CPU/Intel/CPU_Intel_Core_i5-11400F,Intel Core i5-11400F
CPU,Intel,Intel Core i5,Core i5-11500,,Y,2851,550,183,34,1,1.12,,4600,6,LGA 1200,65,,100,1.35,8497,15.4,3200,0.0,8497,0.0,0.0,1.0,2,1.85,4600,0.005091,5.748322,0.002166,-13.332,,v1_12_0/Prefabs/CPU/Intel/CPU_Intel_Core_i5-11500,Intel Core i5-11500
CPU,Intel,Intel Core i5,Core i5-11600,,Y,2953,600,200,34,1,1.12,,4800,6,LGA 1200,65,,100,1.35,8800,14.7,3200,0.0,8800,0.0,0.0,1.0,2,1.85,4800,0.005091,5.748322,0.002166,-13.332,,v1_12_0/Prefabs/CPU/Intel/CPU_Intel_Core_i5-11600,Intel Core i5-11600
CPU,Intel,Intel Core i5,Core i5-11600K,,Y,3004,700,233,34,1,1.12,,4900,6,LGA 1200,125,Y,100,1.35,8952,12.8,3200,2.0,9104,1.7,0.25,1.0,2,1.85,5000,0.005091,5.748322,0.002166,-13.332,,v1_12_0/Prefabs/CPU/Intel/CPU_Intel_Core_i5-11600K,Intel Core i5-11600K
CPU,Intel,Intel Core i5,Core i5-11600KF,,Y,3004,700,233,34,1,1.12,,4900,6,LGA 1200,125,Y,100,1.35,8952,12.8,3200,3.1,9180,2.55,0.25,1.0,2,1.85,5050,0.005091,5.748322,0.002166,-13.332,,v1_12_0/Prefabs/CPU/Intel/CPU_Intel_Core_i5-11600KF,Intel Core i5-11600KF
CPU,Intel,Intel Core i5,Core i5-11720X,Y,Y,3306,800,425,33,1,,,4600,6,LGA 2566,150,Y,100,1.35,9853,7.4,4800,2.1,11888,0.05,1.0,2.0,4,1.75,5000,0.013206,4.014958,0.007794,-81.15487361073826,,Prefabs/CPU/Intel/CPU_Intel_Core_i5X,Intel Core i5-11720X
CPU,Intel,Intel Core i5,Core i5-11760X,Y,Y,3576,950,575,33,35,,,4600,8,LGA 2566,160,Y,100,1.35,10658,7.4,4800,2.1,11888,0.05,1.0,2.0,4,1.75,5000,0.013356,4.014958,0.007994,-80.10353132885905,,Prefabs/CPU/Intel/CPU_Intel_Core_i5X,Intel Core i5-11760X
CPU,Intel,Intel Core i5,Core i5-6400,,Y,1079,155,52,2,1,1.0,,3300,4,LGA 1151 (Skylake),65,,100,1.25,3216,20.7,2133,0.0,3216,0.0,0.0,1.0,2,1.75,3300,0.002468,0.959185,0.00121,-1.85001,,Prefabs/CPU/Intel/CPU_Intel_Core_i5,Intel Core i5-6400
CPU,Intel,Intel Core i5,Core i5-6400T,Y,Y,955,155,52,2,1,,,2800,4,LGA 1151 (Skylake),35,,100,1.2,2848,20.7,2133,0.0,3216,0.0,0.0,1.0,2,1.75,3300,0.002468,0.959185,0.00121,-1.85001,,Prefabs/CPU/Intel/CPU_Intel_Core_i5,Intel Core i5-6400T
CPU,Intel,Intel Core i5,Core i5-6500,,Y,1153,165,55,2,1,1.0,,3600,4,LGA 1151 (Skylake),65,,100,1.25,3437,20.8,2133,0.0,3437,0.0,0.0,1.0,2,1.75,3600,0.002468,0.959185,0.00121,-1.85001,,Prefabs/CPU/Intel/CPU_Intel_Core_i5,Intel Core i5-6500
CPU,Intel,Intel Core i5,Core i5-6500T,Y,Y,1030,145,45,2,15,,,3100,4,LGA 1151 (Skylake),35,,100,1.2,3069,20.8,2133,0.0,3437,0.0,0.0,1.0,2,1.75,3100,0.002468,0.959185,0.00121,-1.85001,,Prefabs/CPU/Intel/CPU_Intel_Core_i5,Intel Core i5-6500T
CPU,Intel,Intel Core i5,Core i5-6600,,Y,1227,175,58,2,1,1.0,,3900,4,LGA 1151 (Skylake),65,,100,1.25,3657,20.9,2133,0.0,3657,0.0,0.0,1.0,2,1.75,3900,0.002468,0.959185,0.00121,-1.85001,,Prefabs/CPU/Intel/CPU_Intel_Core_i5,Intel Core i5-6600
CPU,Intel,Intel Core i5,Core i5-6600K,,Y,1227,180,60,2,1,1.0,,3900,4,LGA 1151 (Skylake),91,Y,100,1.25,3657,20.3,2133,20.5,4246,16.11,1.0,1.0,2,1.55,4700,0.002468,0.959185,0.00121,-1.85001,,Prefabs/CPU/Intel/CPU_Intel_Core_i5,Intel Core i5-6600K
CPU,Intel,Intel Core i5,Core i5-6600T,Y,Y,1128,155,58,2,25,,,3500,4,LGA 1151 (Skylake),35,,100,1.2,3363,20.9,2133,0.0,3657,0.0,0.0,1.0,2,1.75,3900,0.002468,0.959185,0.00121,-1.85001,,Prefabs/CPU/Intel/CPU_Intel_Core_i5,Intel Core i5-6600T
CPU,Intel,Intel Core i5,Core i5-7400,,Y,1214,170,57,12,1,1.0,,3500,4,LGA 1151 (Kaby Lake),65,,100,1.2,3620,21.3,2400,0.0,3620,0.0,0.0,1.0,2,1.7,3500,0.001886,1.278305,0.001309,-0.14993,,Prefabs/CPU/Intel/CPU_Intel_Core_i5,Intel Core i5-7400
CPU,Intel,Intel Core i5,Core i5-7400T,Y,Y,1120,150,57,12,20,,,3000,4,LGA 1151 (Kaby Lake),35,,100,1.2,3339,21.3,2400,0.0,3620,0.0,0.0,1.0,2,1.7,3500,0.001886,1.278305,0.001309,-0.14993,,Prefabs/CPU/Intel/CPU_Intel_Core_i5,Intel Core i5-7400T
CPU,Intel,Intel Core i5,Core i5-7500,,Y,1271,180,60,12,30,1.0,,3800,4,LGA 1151 (Kaby Lake),65,,100,1.2,3789,21.1,2400,0.0,3789,0.0,0.0,1.0,2,1.7,3800,0.001886,1.278305,0.001309,-0.14993,,Prefabs/CPU/Intel/CPU_Intel_Core_i5,Intel Core i5-7500
CPU,Intel,Intel Core i5,Core i5-7500T,Y,Y,1177,160,45,12,45,,,3300,4,LGA 1151 (Kaby Lake),35,,100,1.2,3508,21.1,2400,0.0,3789,0.0,0.0,1.0,2,1.7,3800,0.001886,1.278305,0.001309,-0.14993,,Prefabs/CPU/Intel/CPU_Intel_Core_i5,Intel Core i5-7500T
CPU,Intel,Intel Core i5,Core i5-7600,,Y,1328,190,63,12,40,1.0,,4100,4,LGA 1151 (Kaby Lake),65,,100,1.2,3957,20.8,2400,0.0,3957,0.0,0.0,1.0,2,1.7,4100,0.001886,1.278305,0.001309,-0.14993,,Prefabs/CPU/Intel/CPU_Intel_Core_i5,Intel Core i5-7600
CPU,Intel,Intel Core i5,Core i5-7600K,,Y,1346,200,67,13,30,1.0,,4200,4,LGA 1151 (Kaby Lake),91,Y,100,1.2,4013,20.1,2400,19.0,4463,11.21,1.0,1.0,2,1.55,5000,0.001886,1.278305,0.001309,-0.14993,,Prefabs/CPU/Intel/CPU_Intel_Core_i5,Intel Core i5-7600K
CPU,Intel,Intel Core i5,Core i5-7600T,Y,Y,1252,175,55,12,50,,,3700,4,LGA 1151 (Kaby Lake),35,,100,1.2,3732,20.8,2400,0.0,3957,0.0,0.0,1.0,2,1.7,4100,0.001886,1.278305,0.001309,-0.14993,,Prefabs/CPU/Intel/CPU_Intel_Core_i5,Intel Core i5-7600T
CPU,Intel,Intel Core i5,Core i5-7640X,,Y,1400,195,65,24,1,1.0,,4300,4,LGA 2066,112,Y,100,1.35,4173,21.4,2666,18.6,4623,10.78,1.0,2.0,2,1.75,5100,0.001886,1.278305,0.001309,-0.14993,,Prefabs/CPU/Intel/CPU_Intel_Core_i5X,Intel Core i5-7640X
CPU,Intel,Intel Core i5,Core i5-8400,,Y,1828,250,83,15,20,1.0,,4000,6,LGA 1151 (Coffee Lake),65,,100,1.25,5449,21.8,2666,0.0,5449,0.0,0.0,1.0,2,1.75,4000,0.003415,2.332593,0.001356,-3.65234,,Prefabs/CPU/Intel/CPU_Intel_Core_i5,Intel Core i5-8400
CPU,Intel,Intel Core i5,Core i5-8400T,Y,Y,1589,225,73,15,35,,,3300,6,LGA 1151 (Coffee Lake),35,,100,1.25,4737,21.8,2666,0.0,10000,0.0,0.0,1.0,2,1.75,4000,0.003415,2.332593,0.001356,-3.65234,,Prefabs/CPU/Intel/CPU_Intel_Core_i5,Intel Core i5-8400T
CPU,Intel,Intel Core i5,Core i5-8600K,,Y,1931,280,93,15,40,1.0,,4300,6,LGA 1151 (Coffee Lake),95,Y,100,1.3,5755,20.6,2666,16.3,6467,12.37,1.0,1.0,2,1.55,5000,0.003415,2.332593,0.001356,-3.65234,,Prefabs/CPU/Intel/CPU_Intel_Core_i5,Intel Core i5-8600K
CPU,Intel,Intel Core i5,Core i5-9600,Y,Y,1969,285,90,20,1,,,4600,6,LGA 1151 (Coffee Lake),65,,100,1.3,5868,19.6,2666,0.0,10000,0.0,0.0,1.0,2,1.75,5200,0.002697,2.631136,0.001162,-1.07205,,Prefabs/CPU/Intel/CPU_Intel_Core_i5,Intel Core i5-9600
CPU,Intel,Intel Core i5,Core i5-9600K,,Y,1969,300,100,20,1,1.0,,4600,6,LGA 1151 (Coffee Lake),95,Y,100,1.35,5868,19.6,2666,13.0,6351,8.23,1.0,1.0,2,1.75,5200,0.002697,2.631136,0.001162,-1.07205,,Prefabs/CPU/Intel/CPU_Intel_Core_i5,Intel Core i5-9600K
CPU,Intel,Intel Core i5,Core i5-9600T,Y,Y,1780,260,65,20,25,,,3900,6,LGA 1151 (Coffee Lake),35,,100,1.3,5306,19.6,2666,0.0,10000,0.0,0.0,1.0,2,1.75,5200,0.002697,2.631136,0.001162,-1.07205,,Prefabs/CPU/Intel/CPU_Intel_Core_i5,Intel Core i5-9600T
CPU,Intel,Intel Core i7,Core i7-10700,,Y,3613,600,200,32,60,1.9,PC,4800,8,LGA 1200,65,,100,1.25,10769,17.9,2933,0.0,10769,0.0,0.0,1.0,2,1.7,4800,0.00547,6.944405,0.00279,-12.1882,,Prefabs/CPU/Intel/CPU_Intel_Core_i7,Intel Core i7-10700
CPU,Intel,Intel Core i7,Core i7-10700K,,Y,3778,630,210,32,60,1.9,PC,5100,8,LGA 1200,95,Y,100,1.3,11258,17.9,2933,1.0,11340,0.73,1.0,1.0,2,1.7,5150,0.00547,6.944405,0.00279,-12.1882,,Prefabs/CPU/Intel/CPU_Intel_Core_i7,Intel Core i7-10700K
CPU,Intel,Intel Core i7,Core i7-11700,,Y,3799,950,317,34,20,1.12,,4900,8,LGA 1200,65,,100,1.35,11322,11.9,3200,0.0,11322,0.0,0.0,1.0,2,1.85,4900,0.006518,14.03,0.003605,-33.54,,v1_12_0/Prefabs/CPU/Intel/CPU_Intel_Core_i7-11700,Intel Core i7-11700
CPU,Intel,Intel Core i7,Core i7-11700K,,Y,3864,1000,333,34,20,1.12,,5000,8,LGA 1200,125,Y,100,1.35,11516,11.5,3200,1.0,11613,0.84,0.25,1.0,2,1.85,5050,0.006518,14.03,0.003605,-33.54,,v1_12_0/Prefabs/CPU/Intel/CPU_Intel_Core_i7-11700K,Intel Core i7-11700K
CPU,Intel,Intel Core i7,Core i7-11700KF,,Y,3864,1000,333,34,20,1.12,,5000,8,LGA 1200,125,Y,100,1.35,11516,11.5,3200,2.0,11710,1.68,0.25,1.0,2,1.85,5100,0.006518,14.03,0.003605,-33.54,,v1_12_0/Prefabs/CPU/Intel/CPU_Intel_Core_i7-11700KF,Intel Core i7-11700KF
CPU,Intel,Intel Core i7,Core i7-11820X,Y,Y,3713,1100,735,33,85,,,4600,10,LGA 2566,165,Y,100,1.35,11066,7.4,4800,2.1,11888,0.05,1.0,2.0,4,1.75,5000,0.013445,4.015058,0.008094,-79.62084810738256,,Prefabs/CPU/Intel/CPU_Intel_Core_i7X,Intel Core i7-11820X
CPU,Intel,Intel Core i7,Core i7-11860X,Y,Y,3844,1250,885,34,25,,,4600,12,LGA 2566,165,Y,100,1.35,11457,7.4,4800,2.1,11888,0.05,1.0,2.0,4,1.75,5100,0.014045,4.015758,0.009294,-86.8315675704698,,Prefabs/CPU/Intel/CPU_Intel_Core_i7X,Intel Core i7-11860X
CPU,Intel,Intel Core i7,Core i7-6700,,Y,1572,240,80,2,1,1.0,,4000,4,LGA 1151 (Skylake),65,,100,1.25,4685,19.5,2133,0.0,4685,0.0,0.0,1.0,2,1.75,4000,0.00404,1.678704,0.001113,-6.16898,,Prefabs/CPU/Intel/CPU_Intel_Core_i7,Intel Core i7-6700
CPU,Intel,Intel Core i7,Core i7-6700K,,Y,1653,250,83,2,1,1.0,,4200,4,LGA 1151 (Skylake),91,Y,100,1.25,4926,19.7,2133,16.7,5768,17.09,1.0,1.0,2,1.6,4900,0.00404,1.678704,0.001113,-6.16898,,Prefabs/CPU/Intel/CPU_Intel_Core_i7,Intel Core i7-6700K
CPU,Intel,Intel Core i7,Core i7-6700T,Y,Y,1410,220,61,2,15,,,3600,4,LGA 1151 (Skylake),35,,100,1.25,4203,19.5,2133,0.0,4685,0.0,0.0,1.0,2,1.75,4000,0.00404,1.678704,0.001113,-6.16898,,Prefabs/CPU/Intel/CPU_Intel_Core_i7,Intel Core i7-6700T
CPU,Intel,Intel Core i7,Core i7-7700,,Y,1703,260,87,12,60,1.0,,4200,4,LGA 1151 (Kaby Lake),65,,100,1.25,5076,19.5,2400,0.0,5076,0.0,0.0,1.0,2,1.75,4200,0.003356,1.378,0.001,-2.215,,Prefabs/CPU/Intel/CPU_Intel_Core_i7,Intel Core i7-7700
CPU,Intel,Intel Core i7,Core i7-7700K,,Y,1804,270,90,13,60,1.0,,4500,4,LGA 1151 (Kaby Lake),91,Y,100,1.25,5376,19.9,2400,8.9,5776,7.44,1.0,1.0,2,1.6,4900,0.003356,1.378,0.001,-2.215,,Prefabs/CPU/Intel/CPU_Intel_Core_i7,Intel Core i7-7700K
CPU,Intel,Intel Core i7,Core i7-7700T,Y,Y,1569,235,74,12,55,,,3800,4,LGA 1151 (Kaby Lake),35,,100,1.25,4676,19.5,2400,0.0,5076,0.0,0.0,1.0,2,1.75,4200,0.003356,1.378,0.001,-2.215,,Prefabs/CPU/Intel/CPU_Intel_Core_i7,Intel Core i7-7700T
CPU,Intel,Intel Core i7,Core i7-7740X,,Y,1803,265,88,24,1,1.0,,4500,4,LGA 2066,112,Y,100,1.35,5374,20.3,2666,13.3,6106,13.62,1.0,2.0,2,1.75,5100,0.004094,1.918283,0.001084,-7.11382,,Prefabs/CPU/Intel/CPU_Intel_Core_i7X,Intel Core i7-7740X
CPU,Intel,Intel Core i7,Core i7-7800X,,Y,2268,320,107,26,1,1.0,,4000,6,LGA 2066,140,Y,100,1.35,6760,21.1,2666,2.5,6886,1.86,1.0,2.0,4,1.75,4100,0.004223,0.59329,0.001318,-0.09262,,Prefabs/CPU/Intel/CPU_Intel_Core_i7X,Intel Core i7-7800X
CPU,Intel,Intel Core i7,Core i7-7820X,,Y,3206,700,233,26,1,1.0,,4300,8,LGA 2066,140,Y,100,1.35,9556,13.7,2666,2.3,9695,1.45,1.0,2.0,4,1.75,4400,0.004677,1.499261,0.002558,-0.86007,,Prefabs/CPU/Intel/CPU_Intel_Core_i7X,Intel Core i7-7820X
CPU,Intel,Intel Core i7,Core i7-8086K,,Y,2856,450,150,20,1,1.0,,5000,6,LGA 1151 (Coffee Lake),95,Y,100,1.35,8512,18.9,2666,4.0,8834,3.78,1.0,1.0,2,1.8,5200,0.005409,4.643015,0.001959,-12.9898,,Prefabs/CPU/Intel/CPU_Intel_Core_i7,Intel Core i7-8086K
CPU,Intel,Intel Core i7,Core i7-8700,,Y,2640,360,120,15,60,1.0,,4600,6,LGA 1151 (Coffee Lake),65,,100,1.35,7867,21.9,2666,0.0,7867,0.0,0.0,1.0,2,1.85,4600,0.005409,4.643015,0.001959,-12.9898,,Prefabs/CPU/Intel/CPU_Intel_Core_i7,Intel Core i7-8700
CPU,Intel,Intel Core i7,Core i7-8700K,,Y,2694,400,133,15,80,1.0,,4700,6,LGA 1151 (Coffee Lake),95,Y,100,1.35,8028,20.1,2666,6.4,8512,6.03,1.0,1.0,2,1.6,5000,0.005409,4.643015,0.001959,-12.9898,,Prefabs/CPU/Intel/CPU_Intel_Core_i7,Intel Core i7-8700K
CPU,Intel,Intel Core i7,Core i7-8700T,Y,Y,2315,335,120,15,80,,,4000,6,LGA 1151 (Coffee Lake),35,,100,1.25,6900,21.9,2666,0.0,10000,0.0,0.0,1.0,2,1.85,4600,0.005409,4.643015,0.001959,-12.9898,,Prefabs/CPU/Intel/CPU_Intel_Core_i7,Intel Core i7-8700T
CPU,Intel,Intel Core i7,Core i7-9700K,,Y,2698,420,140,20,30,1.0,,4900,8,LGA 1151 (Coffee Lake),95,Y,100,1.35,8040,19.1,2666,8.2,8567,6.55,1.0,1.0,2,1.75,5300,0.004427,4.645202,0.002606,-10.95,,Prefabs/CPU/Intel/CPU_Intel_Core_i7,Intel Core i7-9700K
CPU,Intel,Intel Core i7,Core i7-9800X,,Y,3253,500,167,29,1,1.2,,4400,8,LGA 2066,165,Y,100,1.35,9695,19.4,2666,2.3,9834,1.43,1.0,2.0,4,1.75,4500,0.004677,1.499261,0.002558,-0.86007,,Prefabs/CPU/Intel/CPU_Intel_Core_i7X,Intel Core i7-9800X
CPU,Intel,Intel Core i9,Core i9-10900,,Y,4432,950,317,32,80,1.9,PC,5200,10,LGA 1200,65,,100,1.3,13209,13.9,2933,0.0,13209,0.0,0.0,1.0,2,1.75,5200,0.005652,11.57727,0.004724,-22.0717,,Prefabs/CPU/Intel/CPU_Intel_Core_i9,Intel Core i9-10900
CPU,Intel,Intel Core i9,Core i9-10900K,,Y,4489,1000,333,32,80,1.9,PC,5300,10,LGA 1200,125,Y,100,1.35,13378,13.4,2933,0.9,13462,0.63,1.0,1.0,2,1.75,5350,0.005652,11.57727,0.004724,-22.0717,,Prefabs/CPU/Intel/CPU_Intel_Core_i9,Intel Core i9-10900K
CPU,Intel,Intel Core i9,Core i9-10900K Enthusiast Edition,Y,Y,5005,1350,950,32,95,,PC,5800,10,LGA 1200,215,Y,105,1.35,14915,13.4,2933,1.8,13462,1.63,1.0,2.0,2,1.75,6300,0.006052,11.57727,0.005724,-24.9917,,Prefabs/CPU/Intel/CPU_Intel_Core_i9,Intel Core i9-10900K Enthusiast Edition
CPU,Intel,Intel Core i9,Core i9-10900X,,Y,3737,1000,333,31,1,1.8,,4700,10,LGA 2066,165,Y,100,1.35,11136,11.1,2933,2.1,11140,0.04,1.0,2.0,4,1.75,4800,0.000135,1.043,0.005027,17.82015,,Prefabs/CPU/Intel/CPU_Intel_Core_i9X,Intel Core i9-10900X
CPU,Intel,Intel Core i9,Core i9-10920X,,Y,3855,1200,400,31,15,1.8,,4800,12,LGA 2066,165,Y,100,1.35,11489,9.6,2933,2.1,11566,0.67,1.0,2.0,4,1.75,4900,0.002584,2.629461,0.004931,1.171027,,Prefabs/CPU/Intel/CPU_Intel_Core_i9X,Intel Core i9-10920X
CPU,Intel,Intel Core i9,Core i9-10940X,,Y,3987,1600,533,31,60,1.8,,4800,14,LGA 2066,165,Y,100,1.35,11882,7.4,2933,2.1,11888,0.05,1.0,2.0,4,1.75,4900,0.000206,3.014958,0.005794,9.831498,,Prefabs/CPU/Intel/CPU_Intel_Core_i9X,Intel Core i9-10940X
CPU,Intel,Intel Core i9,Core i9-10980XE Extreme Edition,,Y,4326,1200,400,34,80,1.14,,4800,18,LGA 2066,165,Y,100,1.35,12893,10.7,2933,2.1,13079,1.44,1.0,2.0,4,1.85,4900,0.006234,3.990303,0.005258,-18.0401,,Prefabs/CPU/Intel/CPU_Intel_Core_i9X,Intel Core i9-10980XE Extreme Edition
CPU,Intel,Intel Core i9,Core i9-10990XE,Y,Y,5026,2735,1450,30,95,,,5000,22,LGA 2066,380,Y,100,1.35,14979,17.6,2666,2.8,11316,2.0,1.0,3.0,4,1.8,5550,0.008674,3.557259,0.004726,-19.9319,,Prefabs/CPU/Intel/CPU_Intel_Core_i9X,Intel Core i9-10990XE
CPU,Intel,Intel Core i9,Core i9-11900,,Y,4154,1150,383,34,50,1.12,,5200,8,LGA 1200,65,,100,1.35,12380,10.8,3200,0.0,12380,0.0,0.0,1.0,2,1.85,5200,0.004559,12.91,0.003981,-20.72,,v1_12_0/Prefabs/CPU/Intel/CPU_Intel_Core_i9-11900,Intel Core i9-11900
CPU,Intel,Intel Core i9,Core i9-11900K,,Y,4200,1200,400,34,50,1.12,,5300,8,LGA 1200,125,Y,100,1.35,12516,10.4,3200,1.3,12611,0.76,0.25,1.0,2,1.85,5370,0.004559,12.91,0.003981,-20.72,,v1_12_0/Prefabs/CPU/Intel/CPU_Intel_Core_i9-11900K,Intel Core i9-11900K
CPU,Intel,Intel Core i9,Core i9-11900KF,,Y,4200,1200,400,34,50,1.12,,5300,8,LGA 1200,125,Y,100,1.35,12516,10.4,3200,1.9,12652,1.09,0.25,1.0,2,1.85,5400,0.004559,12.91,0.003981,-20.72,,v1_12_0/Prefabs/CPU/Intel/CPU_Intel_Core_i9-11900KF,Intel Core i9-11900KF
CPU,Intel,Intel Core i9,Core i9-11900X,Y,Y,3962,1500,1035,34,65,,,4800,14,LGA 2566,185,Y,100,1.35,11807,7.4,4800,2.1,11888,0.05,1.0,2.0,4,1.75,5200,0.014045,4.016058,0.009694,-90.39062663087248,,Prefabs/CPU/Intel/CPU_Intel_Core_i9X,Intel Core i9-11900X
CPU,Intel,Intel Core i9,Core i9-11920X,Y,Y,4283,1850,1385,35,1,,,4800,18,LGA 2566,205,Y,100,1.35,12764,7.4,4800,2.1,11888,0.05,1.0,2.0,4,1.75,5200,0.014445,4.016358,0.009894,-90.05706153020134,,Prefabs/CPU/Intel/CPU_Intel_Core_i9X,Intel Core i9-11920X
CPU,Intel,Intel Core i9,Core i9-11940X,Y,Y,4481,2300,1885,35,55,,,4800,22,LGA 2566,235,Y,100,1.35,13355,7.4,4800,2.1,11888,0.05,1.0,3.0,4,1.75,5300,0.014445,4.016358,0.009894,-88.07719575838925,,Prefabs/CPU/Intel/CPU_Intel_Core_i9X,Intel Core i9-11940X
CPU,Intel,Intel Core i9,Core i9-11960X,Y,Y,4738,2750,2325,36,1,,,4700,26,LGA 2566,265,Y,100,1.35,14121,7.4,4800,2.1,11888,0.05,1.0,4.0,4,1.75,5300,0.015245,4.016358,0.011594,-95.97887025503357,,Prefabs/CPU/Intel/CPU_Intel_Core_i9X,Intel Core i9-11960X
CPU,Intel,Intel Core i9,Core i9-11980XE,Y,Y,5014,3350,2825,36,45,,,4700,30,LGA 2566,295,Y,100,1.35,14942,7.4,4800,2.1,11888,0.05,1.0,5.0,4,1.75,5300,0.016545,4.016358,0.013994,-110.85719240268456,,Prefabs/CPU/Intel/CPU_Intel_Core_i9X,Intel Core i9-11980XE
CPU,Intel,Intel Core i9,Core i9-11990XE,Y,Y,5522,3999,3485,37,1,,,5000,36,LGA 2566,500,Y,105,1.35,16455,7.4,4800,2.1,11888,0.05,1.0,6.0,4,1.75,5700,0.021545,4.216358,0.017594,-153.8201554899329,,Prefabs/CPU/Intel/CPU_Intel_Core_i9X,Intel Core i9-11990XE
CPU,Intel,Intel Core i9,Core i9-7900X,,Y,3565,900,300,26,50,1.0,,4500,10,LGA 2066,140,Y,100,1.35,10626,11.8,2666,2.2,10710,0.79,1.0,2.0,4,1.75,4600,0.002835,2.227028,0.004214,2.758815,,Prefabs/CPU/Intel/CPU_Intel_Core_i9X,Intel Core i9-7900X
CPU,Intel,Intel Core i9,Core i9-7920X,,Y,3606,920,307,26,62,1.0,,4300,12,LGA 2066,140,Y,100,1.35,10746,11.7,2666,2.3,10899,1.42,1.0,2.0,4,1.75,4400,0.005134,3.494896,0.00458,-12.2038,,Prefabs/CPU/Intel/CPU_Intel_Core_i9X,Intel Core i9-7920X
CPU,Intel,Intel Core i9,Core i9-7940X,,Y,3719,940,313,26,74,1.0,,4300,14,LGA 2066,165,Y,100,1.35,11084,11.8,2666,2.3,11342,2.33,1.0,2.0,4,1.75,4400,0.008674,3.557259,0.004726,-26.9319,,Prefabs/CPU/Intel/CPU_Intel_Core_i9X,Intel Core i9-7940X
CPU,Intel,Intel Core i9,Core i9-7960X,,Y,3821,1000,333,26,86,1.0,,4200,16,LGA 2066,165,Y,100,1.35,11388,11.4,2666,2.4,11556,1.48,1.0,2.0,4,1.75,4300,0.005643,3.864359,0.004518,-12.9861,,Prefabs/CPU/Intel/CPU_Intel_Core_i9X,Intel Core i9-7960X
CPU,Intel,Intel Core i9,Core i9-7980XE,,Y,3812,1200,400,26,94,1.0,,4200,18,LGA 2066,165,Y,100,1.35,11360,9.5,2666,2.4,11546,1.64,1.0,2.0,4,1.75,4300,0.006234,3.990303,0.005258,-18.0401,,Prefabs/CPU/Intel/CPU_Intel_Core_i9X,Intel Core i9-7980XE
CPU,Intel,Intel Core i9,Core i9-9820X,,Y,3428,580,193,29,20,1.2,,4200,10,LGA 2066,165,Y,100,1.35,10215,17.6,2666,2.4,10316,0.99,1.0,2.0,4,1.75,4300,0.00337,1.206831,0.002361,9.005914,,Prefabs/CPU/Intel/CPU_Intel_Core_i9X,Intel Core i9-9820X
CPU,Intel,Intel Core i9,Core i9-9900,Y,Y,3425,690,220,20,35,,,4800,8,LGA 1151 (Coffee Lake),65,,100,1.35,10208,14.6,2666,3.0,10862,2.15,0.0,1.0,2,1.75,5150,0.005127,8.040937,0.002073,-11.962,,Prefabs/CPU/Intel/CPU_Intel_Core_i9,Intel Core i9-9900
CPU,Intel,Intel Core i9,Core i9-9900K,,Y,3568,730,243,20,60,1.0,,5000,8,LGA 1151 (Coffee Lake),95,Y,100,1.35,10633,14.6,2666,3.0,10862,2.15,1.0,1.0,2,1.75,5150,0.005127,8.240937,0.002073,-11.962,,Prefabs/CPU/Intel/CPU_Intel_Core_i9,Intel Core i9-9900K
CPU,Intel,Intel Core i9,Core i9-9900KS,,Y,3568,800,267,20,90,1.8,,5000,8,LGA 1151 (Coffee Lake),127,Y,100,1.35,10633,13.3,2666,6.0,11091,4.31,1.0,1.0,2,1.8,5300,0.005127,8.240937,0.002073,-11.962,,Prefabs/CPU/Intel/CPU_Intel_Core_i9,Intel Core i9-9900KS
CPU,Intel,Intel Core i9,Core i9-9900T,Y,Y,3220,660,220,20,45,,,4400,8,LGA 1151 (Coffee Lake),35,,100,1.35,9597,14.6,2666,0.0,10000,0.0,0.0,1.0,2,1.75,5150,0.005127,8.040937,0.002073,-11.962,,Prefabs/CPU/Intel/CPU_Intel_Core_i9,Intel Core i9-9900T
CPU,Intel,Intel Core i9,Core i9-9900X,,Y,3537,660,220,29,1,1.2,,4400,10,LGA 2066,165,Y,100,1.35,10541,16.0,2666,2.3,10626,0.81,1.0,2.0,4,1.75,4500,0.002835,2.227028,0.004214,2.758815,,Prefabs/CPU/Intel/CPU_Intel_Core_i9X,Intel Core i9-9900X
CPU,Intel,Intel Core i9,Core i9-9920X,,Y,3657,950,317,29,20,1.2,,4400,12,LGA 2066,165,Y,100,1.35,10899,11.5,2666,2.3,11052,1.4,1.0,2.0,4,1.75,4500,0.005134,3.494896,0.00458,-12.2038,,Prefabs/CPU/Intel/CPU_Intel_Core_i9X,Intel Core i9-9920X
CPU,Intel,Intel Core i9,Core i9-9940X,,Y,3806,1050,350,29,40,1.2,,4400,14,LGA 2066,165,Y,100,1.35,11342,10.8,2666,2.3,11601,2.28,1.0,2.0,4,1.75,4500,0.008674,3.557259,0.004726,-26.9319,,Prefabs/CPU/Intel/CPU_Intel_Core_i9X,Intel Core i9-9940X
CPU,Intel,Intel Core i9,Core i9-9960X,,Y,3934,1150,383,29,60,1.2,,4400,16,LGA 2066,165,Y,100,1.35,11724,10.2,2666,2.3,11893,1.44,1.0,2.0,4,1.75,4500,0.005643,3.864359,0.004518,-12.9861,,Prefabs/CPU/Intel/CPU_Intel_Core_i9X,Intel Core i9-9960X
CPU,Intel,Intel Core i9,Core i9-9980XE,,Y,3936,1300,433,29,80,1.2,,4400,18,LGA 2066,165,Y,100,1.35,11731,9.0,2666,2.3,11917,1.59,1.0,2.0,4,1.75,4500,0.006234,3.990303,0.005258,-18.0401,,Prefabs/CPU/Intel/CPU_Intel_Core_i9X,Intel Core i9-9980XE
CPU,Intel,Intel Core i9,Core i9-9990XE,Y,Y,4413,2250,1455,30,75,,,5100,14,LGA 2066,255,Y,100,1.45,13151,9.0,2666,3.0,11917,1.89,1.0,3.0,4,1.8,5300,0.008674,3.557259,0.004726,-26.9319,,Prefabs/CPU/Intel/CPU_Intel_Core_i9X,Intel Core i9-9990XE
CPU,Intel,Intel Pentium,Pentium G4400,,Y,541,65,22,1,1,1.0,,3300,2,LGA 1151 (Skylake),54,,100,1.1,1613,24.8,2133,0.0,1613,0.0,0.0,1.0,2,1.6,3300,0.001651,0.183595,0.000402,-1.25985,,Prefabs/CPU/Intel/CPU_Intel_Pentium,Intel Pentium G4400
CPU,Intel,Intel Pentium,Pentium G4500,,Y,574,75,25,1,1,1.0,,3500,2,LGA 1151 (Skylake),51,,100,1.1,1711,22.8,2133,0.0,1711,0.0,0.0,1.0,2,1.6,3500,0.001651,0.183595,0.000402,-1.25985,,Prefabs/CPU/Intel/CPU_Intel_Pentium,Intel Pentium G4500
CPU,Intel,Intel Pentium,Pentium G4520,,Y,590,90,30,1,1,1.0,,3600,2,LGA 1151 (Skylake),51,,100,1.1,1760,19.6,2133,0.0,1760,0.0,0.0,1.0,2,1.6,3600,0.001651,0.183595,0.000402,-1.25985,,Prefabs/CPU/Intel/CPU_Intel_Pentium,Intel Pentium G4520
CPU,Intel,Intel Pentium,Pentium G4560,,Y,758,90,30,5,1,1.0,,3500,2,LGA 1151 (Kaby Lake),54,,100,1.1,2259,25.1,2400,0.0,2259,0.0,0.0,1.0,2,1.6,3500,0.002539,0.315911,0.00024,-2.5118,,Prefabs/CPU/Intel/CPU_Intel_Pentium,Intel Pentium G4560
CPU,Intel,Intel Pentium,Pentium G4600,,Y,783,90,30,5,40,1.0,,3600,2,LGA 1151 (Kaby Lake),51,,100,1.1,2335,25.9,2400,0.0,2335,0.0,0.0,1.0,2,1.6,3600,0.002539,0.315911,0.00024,-2.5118,,Prefabs/CPU/Intel/CPU_Intel_Pentium,Intel Pentium G4600
CPU,Intel,Intel Pentium,Pentium G4620,,Y,809,115,38,5,60,1.0,,3700,2,LGA 1151 (Kaby Lake),51,,100,1.1,2410,21.0,2400,0.0,2410,0.0,0.0,1.0,2,1.6,3700,0.002539,0.315911,0.00024,-2.5118,,Prefabs/CPU/Intel/CPU_Intel_Pentium,Intel Pentium G4620
CPU,Intel,Intel Pentium,Pentium G6400,,Y,858,120,40,32,20,1.9,PC,4000,2,LGA 1200,58,,100,1.1,2556,21.3,2666,0.0,2556,0.0,0.0,1.0,2,1.6,4000,0.00165,0.733028,0.000127,0.175671,,Prefabs/CPU/Intel/CPU_Intel_Pentium,Intel Pentium G6400
CPU,Intel,Intel Pentium,Pentium G6500,,Y,874,130,43,32,20,1.9,PC,4100,2,LGA 1200,58,,100,1.1,2606,20.0,2666,0.0,2606,0.0,0.0,1.0,2,1.6,4100,0.00165,0.733028,0.000127,0.175671,,Prefabs/CPU/Intel/CPU_Intel_Pentium,Intel Pentium G6500
CPU,Intel,Intel Pentium,Pentium G6600,,Y,891,140,47,32,20,1.9,PC,4200,2,LGA 1200,58,,100,1.1,2655,19.0,2666,0.0,2655,0.0,0.0,1.0,2,1.6,4200,0.00165,0.733028,0.000127,0.175671,,Prefabs/CPU/Intel/CPU_Intel_Pentium,Intel Pentium G6600
CPU,Intel,Intel Xeon E 2200,Xeon E-2244G,Y,Y,1547,272,85,20,70,,,4800,4,LGA 1151 (Coffee Lake),71,Y,105,1.1,4612,19.7,2400,16.7,6568,17.15,1.0,1.0,2,1.6,5600,0.002633,0.782398,0.00051,0.049871,,Prefabs/Generic/CPU,Intel Xeon E-2244G
CPU,Intel,Intel Xeon E 2200,Xeon E-2286G,Y,Y,2088,450,164,20,15,,,4800,6,LGA 1151 (Coffee Lake),95,Y,105,1.1,6223,19.7,2400,16.7,6568,17.15,1.0,1.0,2,1.6,5500,0.002897,2.631136,0.001162,-1.07205,,Prefabs/Generic/CPU,Intel Xeon E-2286G
CPU,Intel,Intel Xeon E 2200,Xeon E-2288G,Y,Y,3265,539,274,20,25,,,4900,8,LGA 1151 (Coffee Lake),95,Y,105,1.1,9731,19.7,2400,16.7,6568,17.15,1.0,1.0,2,1.6,5400,0.004727,8.240937,0.002073,-11.962,,Prefabs/Generic/CPU,Intel Xeon E-2288G
CPU,Intel,Intel Xeon E3 1200,Xeon E3-1225 v5,Y,Y,1388,215,83,5,35,,,3700,4,LGA 1151 (Skylake),80,Y,105,1.1,4137,19.7,2400,16.7,6568,17.15,1.0,1.0,2,1.5,4100,0.004175,1.510679,0.001501,-8.18546,,Prefabs/Generic/CPU,Intel Xeon E3-1225 v5
CPU,Intel,Intel Xeon E3 1200,Xeon E3-1270 v6,Y,Y,2216,339,100,12,50,,,4200,4,LGA 1151 (Kaby Lake),72,Y,105,1.1,6606,19.7,2400,16.7,6568,17.15,1.0,1.0,2,1.5,4700,0.00555,1.720679,0.001501,-8.18546,,Prefabs/Generic/CPU,Intel Xeon E3-1270 v6
CPU,Intel,Intel Xeon E3 1200,Xeon E3-1275 v5,Y,Y,1905,350,136,5,85,,,4000,4,LGA 1151 (Skylake),80,Y,105,1.1,5679,19.7,2400,16.7,6568,17.15,1.0,1.0,2,1.5,4600,0.00505,1.720679,0.001501,-8.18546,,Prefabs/Generic/CPU,Intel Xeon E3-1275 v5
CPU,Intel,Intel Xeon E3 1200,Xeon E3-1285 v6,Y,Y,2473,450,245,13,10,,,4500,4,LGA 1151 (Kaby Lake),72,Y,105,1.1,7370,19.7,2400,16.7,6568,17.15,1.0,1.0,2,1.5,4700,0.00575,1.720679,0.001501,-8.18546,,Prefabs/Generic/CPU,Intel Xeon E3-1285 v6
CPU,Intel,Intel Xeon Phi 7200,Xeon Phi 7210,Y,,3234,2800,1075,14,1,,,1500,64,LGA 3647-V1,215,Y,95,1.35,9638,17.6,2993,3.0,10316,3.4,1.0,4.0,4,1.6,2450,0.026667,4.334733,0.005344,-40.9914,,Prefabs/Generic/CPU,Intel Xeon Phi 7210
CPU,Intel,Intel Xeon Phi 7200,Xeon Phi 7210F,Y,,3334,3150,1075,14,75,,,1500,64,LGA 3647-V1,230,Y,95,1.35,9936,17.6,2993,3.0,10316,3.0,1.0,4.0,4,1.6,3000,0.029667,4.334733,0.005344,-44.4914,,Prefabs/Generic/CPU,Intel Xeon Phi 7210F
CPU,Intel,Intel Xeon Phi 7200,Xeon Phi 7230,Y,,3434,2250,1275,15,35,,,1500,64,LGA 3647-V1,215,Y,95,1.35,10234,17.6,2993,3.0,10316,3.4,1.0,4.0,4,1.6,2700,0.028667,4.334733,0.005344,-41.9914,,Prefabs/Generic/CPU,Intel Xeon Phi 7230
CPU,Intel,Intel Xeon Phi 7200,Xeon Phi 7230F,Y,,3534,3550,1375,15,85,,,1500,64,LGA 3647-V1,230,Y,100,1.35,10532,17.6,2993,3.0,10316,4.0,1.0,4.0,4,1.6,3100,0.031667,4.334733,0.005344,-45.4914,,Prefabs/Generic/CPU,Intel Xeon Phi 7230F
CPU,Intel,Intel Xeon Phi 7200,Xeon Phi 7235,Y,,3387,3675,1475,16,25,,,1400,64,LGA 3647-V1,250,Y,95,1.35,10095,17.6,2993,3.0,10316,5.0,4.0,2.0,4,1.6,3600,0.033667,4.334733,0.005344,-46.5914,,Prefabs/Generic/CPU,Intel Xeon Phi 7235
CPU,Intel,Intel Xeon Phi 7200,Xeon Phi 7250,Y,,4046,3900,1715,16,65,,,1600,68,LGA 3647-V1,215,Y,95,1.35,12059,17.6,2993,3.0,10316,3.25,1.0,4.0,4,1.6,2900,0.031667,4.334733,0.005344,-43.5314,,Prefabs/Generic/CPU,Intel Xeon Phi 7250
CPU,Intel,Intel Xeon Phi 7200,Xeon Phi 7250F,Y,,4266,4250,1915,17,5,,,1600,68,LGA 3647-V1,230,Y,100,1.35,12715,17.6,2993,3.0,10316,3.75,1.0,4.0,4,1.6,3300,0.035667,4.334733,0.005344,-47.7314,,Prefabs/Generic/CPU,Intel Xeon Phi 7250F
CPU,Intel,Intel Xeon Phi 7200,Xeon Phi 7285,Y,,4093,4450,2115,17,30,,,1400,68,LGA 3647-V1,250,Y,95,1.35,12198,17.6,2993,3.0,10316,4.0,1.0,4.0,4,1.6,3600,0.038667,4.334733,0.005344,-46.5314,,Prefabs/Generic/CPU,Intel Xeon Phi 7285
CPU,Intel,Intel Xeon Phi 7200,Xeon Phi 7290,Y,,4847,4850,2215,18,35,,,1700,72,LGA 3647-V1,245,Y,95,1.35,14445,17.6,2993,3.0,10316,3.5,1.0,4.0,4,1.6,3000,0.032667,4.334733,0.005344,-40.3914,,Prefabs/Generic/CPU,Intel Xeon Phi 7290
CPU,Intel,Intel Xeon Phi 7200,Xeon Phi 7290F,Y,,4985,5250,2415,18,85,,,1700,72,LGA 3647-V1,260,Y,100,1.35,14857,17.6,2993,3.0,10316,3.75,1.0,4.0,4,1.6,3300,0.035667,4.334733,0.005344,-44.1114,,Prefabs/Generic/CPU,Intel Xeon Phi 7290F
CPU,Intel,Intel Xeon Phi 7200,Xeon Phi 7295,Y,,4976,5625,2815,19,25,,,1600,72,LGA 3647-V1,320,Y,95,1.35,14831,17.6,2993,3.0,10316,4.15,1.0,4.0,4,1.6,3600,0.037667,4.334733,0.005344,-43.8314,,Prefabs/Generic/CPU,Intel Xeon Phi 7295
CPU,Intel,Intel Xeon Phi 7300,Xeon Phi 7310,Y,,4670,5200,2915,22,25,,,2100,68,LGA 3647-V1,245,Y,95,1.35,13917,17.6,2993,3.0,10316,3.45,1.0,4.0,4,1.6,3800,0.031667,4.334733,0.005344,-53.1314,,Prefabs/Generic/CPU,Intel Xeon Phi 7310
CPU,Intel,Intel Xeon Phi 7300,Xeon Phi 7310F,Y,,4846,5950,3115,22,65,,,2200,68,LGA 3647-V1,260,Y,100,1.35,14443,17.6,2993,3.0,10316,4.0,1.0,4.0,4,1.6,3700,0.036667,4.334733,0.005344,-65.5314,,Prefabs/Generic/CPU,Intel Xeon Phi 7310F
CPU,Intel,Intel Xeon Phi 7300,Xeon Phi 7330,Y,,5083,6550,3515,23,35,,,2300,72,LGA 3647-V1,285,Y,95,1.35,15149,17.6,2993,3.0,10316,3.65,1.0,4.0,4,1.6,4100,0.033667,4.334733,0.005344,-59.9314,,Prefabs/Generic/CPU,Intel Xeon Phi 7330
CPU,Intel,Intel Xeon Phi 7300,Xeon Phi 7330F,Y,,5370,7250,3715,23,95,,,2400,72,LGA 3647-V1,300,Y,100,1.35,16003,17.6,2993,3.0,10316,4.15,1.0,4.0,4,1.6,3900,0.038667,4.334733,0.005344,-72.4314,,Prefabs/Generic/CPU,Intel Xeon Phi 7330F
CPU,Intel,Intel Xeon Phi 7300,Xeon Phi 7350,Y,,5650,7850,3715,24,45,,,2400,74,LGA 3647-V1,320,Y,95,1.35,16837,17.6,2993,3.0,10316,3.85,1.0,6.0,4,1.6,3700,0.035667,4.334733,0.005344,-62.4314,,Prefabs/Generic/CPU,Intel Xeon Phi 7350
CPU,Intel,Intel Xeon Phi 7300,Xeon Phi 7350F,Y,,5992,8450,3915,24,45,,,2500,74,LGA 3647-V1,335,Y,100,1.35,17859,17.6,2993,3.0,10316,4.55,1.0,6.0,4,1.6,3900,0.039667,4.334733,0.005344,-72.5714,,Prefabs/Generic/CPU,Intel Xeon Phi 7350F
CPU,Intel,Intel Xeon Phi 7300,Xeon Phi 7390,Y,,6302,9250,4215,25,45,,,2500,76,LGA 3647-V1,350,Y,95,1.35,18782,17.6,2993,3.0,10316,3.85,1.0,6.0,4,1.6,3900,0.037867,4.334733,0.005344,-64.9714,,Prefabs/Generic/CPU,Intel Xeon Phi 7390
CPU,Intel,Intel Xeon Phi 7300,Xeon Phi 7390F,Y,,6449,9900,4615,25,45,,,2600,76,LGA 3647-V1,365,Y,100,1.35,19219,17.6,2993,3.0,10316,4.55,1.0,6.0,4,1.6,4200,0.040667,4.334733,0.005344,-74.5714,,Prefabs/Generic/CPU,Intel Xeon Phi 7390F
CPU,Intel,Intel Xeon Phi 7300,Xeon Phi 7395,Y,,6579,11100,5215,25,95,,,2600,76,LGA 3647-V1,380,Y,95,1.35,19607,17.6,2993,3.0,10316,4.35,1.0,6.0,4,1.6,4000,0.041667,4.334733,0.005344,-75.8714,,Prefabs/Generic/CPU,Intel Xeon Phi 7395
CPU,Intel,Intel Xeon Phi 7300,Xeon Phi 7395F,Y,,6880,12000,5915,26,35,,,2700,76,LGA 3647-V1,395,Y,100,1.55,20505,17.6,3200,3.0,10316,5.35,1.0,6.0,4,1.7,4300,0.047667,4.334733,0.005344,-94.3314,,Prefabs/Generic/CPU,Intel Xeon Phi 7395F
CPU,Intel,Intel Xeon Phi 7300,Xeon Phi 7395FX,Y,,7770,13500,6515,26,95,,,3000,78,LGA 3647-V1,465,Y,100,1.55,23157,17.6,3200,3.0,10316,5.35,1.0,6.0,4,1.7,4900,0.050667,4.334733,0.005844,-110.3314,,Prefabs/Generic/CPU,Intel Xeon Phi 7395FX
CPU,Intel,Intel Xeon W 1200,Xeon W-1250,Y,Y,2693,490,215,32,20,,PC,4400,6,LGA 1200,80,Y,100,1.15,8025,20.6,2666,2.5,7218,2.5,1.0,1.0,2,1.65,4800,0.006088,3.456004,0.001699,-11.29795,,Prefabs/Generic/CPU,Intel Xeon W-1250
CPU,Intel,Intel Xeon W 1200,Xeon W-1250P,Y,Y,2753,535,275,32,20,,PC,4500,6,LGA 1200,125,Y,100,1.2,8206,20.6,2666,2.5,7218,2.5,1.0,1.0,2,1.65,4900,0.008088,3.456004,0.001699,-20.29795,,Prefabs/Generic/CPU,Intel Xeon W-1250P
CPU,Intel,Intel Xeon W 1200,Xeon W-1270,Y,Y,3848,685,315,32,70,,PC,5000,8,LGA 1200,80,Y,100,1.15,11469,20.6,2666,2.5,7218,2.5,1.0,1.0,2,1.65,5200,0.02547,6.944405,0.00279,-110.1882,,Prefabs/Generic/CPU,Intel Xeon W-1270
CPU,Intel,Intel Xeon W 1200,Xeon W-1270P,Y,Y,4083,745,355,32,70,,PC,5100,8,LGA 1200,125,Y,100,1.2,12169,20.6,2666,2.5,7218,2.5,1.0,1.0,2,1.65,5400,0.04547,6.944405,0.00279,-212.3882,,Prefabs/Generic/CPU,Intel Xeon W-1270P
CPU,Intel,Intel Xeon W 1200,Xeon W-1290,Y,Y,4580,1150,485,32,90,,PC,5100,10,LGA 1200,80,Y,100,1.15,13649,20.6,2666,2.5,7218,2.5,1.0,1.0,2,1.65,5400,0.008652,11.57727,0.004724,-34.0717,,Prefabs/Generic/CPU,Intel Xeon W-1290
CPU,Intel,Intel Xeon W 1200,Xeon W-1290P,Y,Y,4666,1235,535,32,90,,PC,5200,10,LGA 1200,125,Y,100,1.2,13906,20.6,2666,2.5,7218,2.5,1.0,1.0,2,1.65,5600,0.011652,11.57727,0.004724,-49.6717,,Prefabs/Generic/CPU,Intel Xeon W-1290P
CPU,Intel,Intel Xeon W 2100,Xeon W-2102,Y,Y,1392,255,125,25,15,,,2900,4,LGA 2066,120,Y,95,1.35,4148,21.4,2666,18.6,4623,13.78,1.0,2.0,4,1.75,5400,0.005886,1.278305,0.001309,-11.74993,,Prefabs/Generic/CPU,Intel Xeon W-2102
CPU,Intel,Intel Xeon W 2100,Xeon W-2104,Y,Y,1448,275,125,25,15,,,3200,4,LGA 2066,120,Y,95,1.35,4317,21.4,2666,18.6,4623,14.78,1.0,2.0,4,1.75,5700,0.007886,1.278305,0.001309,-19.34993,,Prefabs/Generic/CPU,Intel Xeon W-2104
CPU,Intel,Intel Xeon W 2100,Xeon W-2123,Y,Y,1945,345,185,25,45,,,3900,4,LGA 2066,120,Y,95,1.35,5798,21.4,2666,18.6,4623,15.78,1.0,2.0,4,1.75,5500,0.008386,1.278305,0.001309,-21.84993,,Prefabs/Generic/CPU,Intel Xeon W-2123
CPU,Intel,Intel Xeon W 2100,Xeon W-2125,Y,Y,2187,385,215,25,45,,,4500,4,LGA 2066,120,Y,95,1.35,6517,21.4,2666,18.6,4623,18.78,1.0,2.0,4,1.75,5600,0.006694,1.918283,0.001084,-18.81382,,Prefabs/Generic/CPU,Intel Xeon W-2125
CPU,Intel,Intel Xeon W 2100,Xeon W-2133,Y,Y,2226,485,325,27,45,,,3900,6,LGA 2066,140,Y,95,1.35,6635,21.4,2666,18.6,4623,5.78,1.0,2.0,4,1.75,5100,0.007694,1.918283,0.001084,-18.30382,,Prefabs/Generic/CPU,Intel Xeon W-2133
CPU,Intel,Intel Xeon W 2100,Xeon W-2135,Y,Y,2479,545,375,27,45,,,4500,6,LGA 2066,140,Y,95,1.35,7388,21.4,2666,18.6,4623,8.78,1.0,2.0,4,1.75,5000,0.006223,1.918283,0.001084,-13.77382,,Prefabs/Generic/CPU,Intel Xeon W-2135
CPU,Intel,Intel Xeon W 2100,Xeon W-2145,Y,Y,3006,775,435,27,85,,,4500,8,LGA 2066,140,Y,95,1.35,8960,21.4,2666,18.6,4623,5.78,1.0,2.0,4,1.75,4800,0.007677,1.499261,0.002558,-17.29382,,Prefabs/Generic/CPU,Intel Xeon W-2145
CPU,Intel,Intel Xeon W 2100,Xeon W-2155,Y,Y,3565,975,535,28,25,,,4500,10,LGA 2066,140,Y,95,1.35,10624,21.4,2666,18.6,4623,3.78,1.0,2.0,4,1.75,4700,0.006835,2.227028,0.004214,-15.248815,,Prefabs/Generic/CPU,Intel Xeon W-2155
CPU,Intel,Intel Xeon W 2100,Xeon W-2175,Y,Y,3719,1015,635,28,45,,,4300,10,LGA 2066,140,Y,95,1.35,11084,21.4,2666,18.6,4623,5.78,1.0,2.0,4,1.75,4700,0.008674,3.557259,0.004726,-26.9319,,Prefabs/Generic/CPU,Intel Xeon W-2175
CPU,Intel,Intel Xeon W 2100,Xeon W-2195,Y,Y,3744,1550,850,27,45,,,4300,18,LGA 2066,140,Y,95,1.35,11158,9.5,2666,2.4,12946,5.64,0.5,2.0,4,1.75,4600,0.006234,3.990303,0.005258,-19.3401,,Prefabs/Generic/CPU,Intel Xeon W-2195
CPU,Intel,Intel Xeon W 2200,Xeon W-2223,Y,Y,1267,435,225,28,45,,,3900,4,LGA 2066,120,Y,95,1.35,3776,21.4,2666,18.6,4623,14.78,1.0,2.0,4,1.75,5800,0.009386,2.227028,0.001309,-36.32993,,Prefabs/Generic/CPU,Intel Xeon W-2223
CPU,Intel,Intel Xeon W 2200,Xeon W-2225,Y,Y,2328,495,265,28,45,,,4600,4,LGA 2066,105,Y,95,1.35,6937,21.4,2666,18.6,4623,23.78,1.0,2.0,4,1.75,5200,0.008694,1.918283,0.001084,-27.27382,,Prefabs/Generic/CPU,Intel Xeon W-2225
CPU,Intel,Intel Xeon W 2200,Xeon W-2235,Y,Y,2641,565,365,28,90,,,4600,6,LGA 2066,130,Y,95,1.35,7871,21.4,2666,18.6,4623,9.78,1.0,2.0,4,1.75,5400,0.008223,1.918283,0.001084,-21.97382,,Prefabs/Generic/CPU,Intel Xeon W-2235
CPU,Intel,Intel Xeon W 2200,Xeon W-2245,Y,Y,3576,750,485,29,90,,,4500,8,LGA 2066,155,Y,95,1.35,10659,21.4,2666,18.6,4623,8.78,1.0,2.0,4,1.75,5200,0.009677,1.499261,0.002558,-20.59382,,Prefabs/Generic/CPU,Intel Xeon W-2245
CPU,Intel,Intel Xeon W 2200,Xeon W-2255,Y,Y,3580,825,465,29,15,,,4500,10,LGA 2066,165,Y,95,1.35,10668,21.4,2666,18.6,4623,7.78,1.0,2.0,4,1.75,5100,0.008835,1.99928,0.004214,-23.18815,,Prefabs/Generic/CPU,Intel Xeon W-2255
CPU,Intel,Intel Xeon W 2200,Xeon W-2265,Y,Y,3581,1075,585,29,35,,,4600,12,LGA 2066,165,Y,95,1.35,10673,21.4,2666,18.6,4623,6.78,1.0,2.0,4,1.75,5100,0.007134,3.494896,0.00458,-23.18815,,Prefabs/Generic/CPU,Intel Xeon W-2265
CPU,Intel,Intel Xeon W 2200,Xeon W-2275,Y,Y,4079,1185,695,29,45,,,4600,14,LGA 2066,165,Y,95,1.35,12157,21.4,2666,18.6,4623,6.78,1.0,2.0,4,1.75,5000,0.009674,3.557259,0.004726,-30.5319,,Prefabs/Generic/CPU,Intel Xeon W-2275
CPU,Intel,Intel Xeon W 2200,Xeon W-2295,Y,Y,4079,1680,850,29,75,,,4600,18,LGA 2066,165,Y,95,1.35,12157,9.5,2666,2.4,12946,7.64,0.5,2.0,4,1.75,4900,0.007234,3.990303,0.005258,-22.4601,,Prefabs/Generic/CPU,Intel Xeon W-2295
CPU,Intel,Xeon Bronze 3100,Xeon Bronze 3104,Y,Y,1192,450,239,15,1,,,1700,6,LGA 3647-V3,85,Y,100,1.25,3555,19.7,2133,16.7,5768,17.09,1.0,2.0,4,1.6,2400,0.01346,2.678704,0.004513,-31.293514798657714,,Prefabs/Generic/CPU,Intel Xeon Bronze 3104
CPU,Intel,Xeon Bronze 3100,Xeon Bronze 3106,Y,Y,1325,530,307,15,35,,,1700,8,LGA 3647-V3,85,Y,100,1.25,3950,19.7,2133,16.7,5768,17.09,1.0,2.0,4,1.6,2300,0.01446,2.678704,0.004513,-31.66801144295302,,Prefabs/Generic/CPU,Intel Xeon Bronze 3106
CPU,Intel,Xeon Bronze 3100 (2P),Xeon Bronze 3104 (2P),Y,Y,1810,900,478,16,1,,,1700,12,LGA 3647-V3 (2P),170,Y,100,1.25,5396,19.7,2133,16.7,5768,17.09,1.0,4.0,4,1.6,2200,0.01346,2.678704,0.004513,-25.114018154362412,,Prefabs/Generic/CPU,Intel Xeon Bronze 3104 (2P)
CPU,Intel,Xeon Bronze 3100 (2P),Xeon Bronze 3106 (2P),Y,Y,2012,1060,614,16,35,,,1700,16,LGA 3647-V3 (2P),170,Y,100,1.25,5996,19.7,2133,16.7,5768,17.09,1.0,4.0,4,1.6,2100,0.01446,2.678704,0.004513,-24.801904060402684,,Prefabs/Generic/CPU,Intel Xeon Bronze 3106 (2P)
CPU,Intel,Xeon Bronze 3200,Xeon Bronze 3204,Y,Y,1301,500,290,26,1,,,1900,6,LGA 3647-V3,85,Y,100,1.25,3877,19.7,2133,16.7,5768,17.09,1.0,2.0,4,1.65,2500,0.01666,3.678704,0.005513,-45.114622181208055,,Prefabs/Generic/CPU,Intel Xeon Bronze 3204
CPU,Intel,Xeon Bronze 3200 (2P),Xeon Bronze 3204 (2P),Y,Y,1974,1000,580,27,1,,,1900,12,LGA 3647-V3 (2P),170,Y,100,1.25,5885,19.7,2133,16.7,5768,17.09,1.0,4.0,4,1.65,2300,0.01666,3.678704,0.005513,-38.378763120805374,,Prefabs/Generic/CPU,Intel Xeon Bronze 3204 (2P)
CPU,Intel,Xeon Gold 5100,Xeon Gold 5115,Y,Y,2763,1325,884,16,95,,,3200,10,LGA 3647-V3,85,Y,100,1.25,8235,19.7,2133,16.7,5768,17.09,1.0,2.0,4,1.6,4000,0.01048,3.678704,0.005013,-31.30931681208054,,Prefabs/Generic/CPU,Intel Xeon Gold 5115
CPU,Intel,Xeon Gold 5100,Xeon Gold 5117,Y,Y,3134,1650,1201,16,95,,,2800,14,LGA 3647-V3,105,Y,100,1.25,9341,19.7,2133,16.7,5768,17.09,1.0,2.0,4,1.6,3600,0.010705,3.678704,0.005113,-24.245851711409394,,Prefabs/Generic/CPU,Intel Xeon Gold 5117
CPU,Intel,Xeon Gold 5100,Xeon Gold 5118,Y,Y,2974,1450,1000,17,50,,,3200,12,LGA 3647-V3,105,Y,100,1.25,8864,19.7,2133,16.7,5768,17.09,1.0,2.0,4,1.6,3900,0.012799,3.678704,0.005213,-37.042622852349,,Prefabs/Generic/CPU,Intel Xeon Gold 5118
CPU,Intel,Xeon Gold 5100,Xeon Gold 5120,Y,Y,3372,1869,1431,17,85,,,3200,14,LGA 3647-V3,105,Y,100,1.25,10051,19.7,2133,16.7,5768,17.09,1.0,2.0,4,1.6,3800,0.014106,3.678704,0.005113,-37.03185708053691,,Prefabs/Generic/CPU,Intel Xeon Gold 5120
CPU,Intel,Xeon Gold 5100,Xeon Gold 5122,Y,Y,2654,1200,807,17,95,,,3700,14,LGA 3647-V3,105,Y,100,1.25,7909,19.7,2133,16.7,5768,17.09,1.0,2.0,4,1.6,5200,0.009925,3.678704,0.005113,-35.80307654362416,,Prefabs/Generic/CPU,Intel Xeon Gold 5122
CPU,Intel,Xeon Gold 5100 (2P),Xeon Gold 5115 (2P),Y,Y,4194,2650,1768,17,95,,,3200,20,LGA 3647-V3 (2P),170,Y,100,1.25,12500,19.7,2133,16.7,5768,17.09,1.0,4.0,4,1.6,3800,0.01048,3.678704,0.005013,-16.99478661073826,,Prefabs/Generic/CPU,Intel Xeon Gold 5115 (2P)
CPU,Intel,Xeon Gold 5100 (2P),Xeon Gold 5117 (2P),Y,Y,4758,3300,2402,17,95,,,2800,28,LGA 3647-V3 (2P),210,Y,100,1.25,14179,19.7,2133,16.7,5768,17.09,1.0,4.0,4,1.6,3400,0.010705,3.678704,0.005113,-8.012167147651004,,Prefabs/Generic/CPU,Intel Xeon Gold 5117 (2P)
CPU,Intel,Xeon Gold 5100 (2P),Xeon Gold 5118 (2P),Y,Y,4515,2900,2000,18,50,,,3200,24,LGA 3647-V3 (2P),210,Y,100,1.25,13455,19.7,2133,16.7,5768,17.09,1.0,4.0,4,1.6,3700,0.012799,3.678704,0.005213,-21.638085939597318,,Prefabs/Generic/CPU,Intel Xeon Gold 5118 (2P)
CPU,Intel,Xeon Gold 5100 (2P),Xeon Gold 5120 (2P),Y,Y,5119,3738,2862,18,85,,,3200,28,LGA 3647-V3 (2P),210,Y,100,1.25,15257,19.7,2133,16.7,5768,17.09,1.0,4.0,4,1.6,3600,0.014106,3.678704,0.005113,-19.560655738255036,,Prefabs/Generic/CPU,Intel Xeon Gold 5120 (2P)
CPU,Intel,Xeon Gold 5100 (2P),Xeon Gold 5122 (2P),Y,Y,4028,2400,1614,18,95,,,3700,28,LGA 3647-V3 (2P),210,Y,100,1.25,12005,19.7,2133,16.7,5768,17.09,1.0,4.0,4,1.6,5000,0.009925,3.678704,0.005113,-22.055217483221476,,Prefabs/Generic/CPU,Intel Xeon Gold 5122 (2P)
CPU,Intel,Xeon Gold 5100 (4P),Xeon Gold 5115 (4P),Y,Y,5986,5300,3536,18,95,,,3200,40,LGA 3647-V3 (4P),340,Y,100,1.25,17838,19.7,2133,16.7,5768,17.09,0.0,8.0,4,1.6,3200,0.01048,3.678704,0.005013,0.9177201006711382,,Prefabs/Generic/CPU,Intel Xeon Gold 5115 (4P)
CPU,Intel,Xeon Gold 5100 (4P),Xeon Gold 5117 (4P),Y,Y,6790,6600,4804,18,95,,,2800,56,LGA 3647-V3 (4P),420,Y,100,1.25,20234,19.7,2133,16.7,5768,17.09,0.0,8.0,4,1.6,2800,0.010705,3.678704,0.005113,12.306075134228191,,Prefabs/Generic/CPU,Intel Xeon Gold 5117 (4P)
CPU,Intel,Xeon Gold 5100 (4P),Xeon Gold 5118 (4P),Y,Y,6443,5800,4000,19,50,,,3200,48,LGA 3647-V3 (4P),420,Y,100,1.25,19201,19.7,2133,16.7,5768,17.09,0.0,8.0,4,1.6,3200,0.012799,3.678704,0.005213,-2.357398691275172,,Prefabs/Generic/CPU,Intel Xeon Gold 5118 (4P)
CPU,Intel,Xeon Gold 5100 (4P),Xeon Gold 5120 (4P),Y,Y,7306,7476,5724,19,85,,,3200,56,LGA 3647-V3 (4P),420,Y,100,1.25,21772,19.7,2133,16.7,5768,17.09,0.0,8.0,4,1.6,3200,0.014106,3.678704,0.005113,2.3019556711409326,,Prefabs/Generic/CPU,Intel Xeon Gold 5120 (4P)
CPU,Intel,Xeon Gold 5100 (4P),Xeon Gold 5122 (4P),Y,Y,5749,4800,3228,19,95,,,3700,56,LGA 3647-V3 (4P),420,Y,100,1.25,17132,19.7,2133,16.7,5768,17.09,0.0,8.0,4,1.6,3700,0.009925,3.678704,0.005113,-4.851815469798657,,Prefabs/Generic/CPU,Intel Xeon Gold 5122 (4P)
CPU,Intel,Xeon Gold 5200,Xeon Gold 5215,Y,Y,3246,1450,1187,28,1,,,3400,10,LGA 3647-V3,85,Y,100,1.25,9674,19.7,2933,16.7,5768,17.09,1.0,2.0,4,1.65,4100,0.030917,4.578704,0.005513,-107.13580204697986,,Prefabs/Generic/CPU,Intel Xeon Gold 5215
CPU,Intel,Xeon Gold 5200,Xeon Gold 5217,Y,Y,3028,1355,1062,28,30,,,3400,8,LGA 3647-V3,115,Y,100,1.25,9025,19.7,2933,16.7,5768,17.09,1.0,2.0,4,1.65,4500,0.020213,4.578704,0.005655,-73.33989610067114,,Prefabs/Generic/CPU,Intel Xeon Gold 5217
CPU,Intel,Xeon Gold 5200,Xeon Gold 5218,Y,Y,4575,1675,1382,28,65,,,3900,16,LGA 3647-V3,125,Y,100,1.25,13634,19.7,2933,16.7,5768,17.09,1.0,2.0,4,1.65,4200,0.03727,4.578704,0.005655,-134.502253147651,,Prefabs/Generic/CPU,Intel Xeon Gold 5218
CPU,Intel,Xeon Gold 5200,Xeon Gold 5220,Y,Y,4848,1994,1701,28,90,,,3900,18,LGA 3647-V3,125,Y,100,1.25,14448,19.7,2933,16.7,5768,17.09,1.0,2.0,4,1.65,4100,0.04224,4.778704,0.006255,-153.7135095234899,,Prefabs/Generic/CPU,Intel Xeon Gold 5220
CPU,Intel,Xeon Gold 5200,Xeon Gold 5222,Y,Y,2689,1345,1051,29,25,,,3900,4,LGA 3647-V3,105,Y,100,1.25,8013,19.7,2933,16.7,5768,17.09,1.0,2.0,4,1.65,5300,0.021803,4.778704,0.006255,-95.59981355033558,,Prefabs/Generic/CPU,Intel Xeon Gold 5222
CPU,Intel,Xeon Gold 5200 (2P),Xeon Gold 5215 (2P),Y,Y,4927,2900,2374,29,1,,,3400,20,LGA 3647-V3 (2P),170,Y,100,1.25,14685,19.7,2933,16.7,5768,17.09,1.0,4.0,4,1.65,3900,0.030917,4.578704,0.005513,-90.32327855704698,,Prefabs/Generic/CPU,Intel Xeon Gold 5215 (2P)
CPU,Intel,Xeon Gold 5200 (2P),Xeon Gold 5217 (2P),Y,Y,4597,2710,2124,29,30,,,3400,16,LGA 3647-V3 (2P),230,Y,100,1.25,13699,19.7,2933,16.7,5768,17.09,1.0,4.0,4,1.65,4300,0.020213,4.578704,0.005655,-57.652144422818786,,Prefabs/Generic/CPU,Intel Xeon Gold 5217 (2P)
CPU,Intel,Xeon Gold 5200 (2P),Xeon Gold 5218 (2P),Y,Y,6945,3350,2764,29,65,,,3900,32,LGA 3647-V3 (2P),250,Y,100,1.25,20696,19.7,2933,16.7,5768,17.09,1.0,4.0,4,1.65,4000,0.03727,4.578704,0.005655,-110.8028840201342,,Prefabs/Generic/CPU,Intel Xeon Gold 5218 (2P)
CPU,Intel,Xeon Gold 5200 (2P),Xeon Gold 5220 (2P),Y,Y,7359,3988,3402,29,90,,,3900,36,LGA 3647-V3 (2P),250,Y,100,1.25,21932,19.7,2933,16.7,5768,17.09,1.0,4.0,4,1.65,3900,0.04224,4.778704,0.006255,-128.5992007986577,,Prefabs/Generic/CPU,Intel Xeon Gold 5220 (2P)
CPU,Intel,Xeon Gold 5200 (2P),Xeon Gold 5222 (2P),Y,Y,4081,2690,2102,30,25,,,3900,8,LGA 3647-V3 (2P),210,Y,100,1.25,12163,19.7,2933,16.7,5768,17.09,1.0,4.0,4,1.65,5100,0.021803,4.778704,0.006255,-81.67453167114094,,Prefabs/Generic/CPU,Intel Xeon Gold 5222 (2P)
CPU,Intel,Xeon Gold 5200 (4P),Xeon Gold 5215 (4P),Y,Y,7032,5800,4748,30,1,,,3400,40,LGA 3647-V3 (4P),340,Y,100,1.25,20955,19.7,2933,16.7,5768,17.09,0.0,8.0,4,1.65,3400,0.030917,4.578704,0.005513,-69.28070540268459,,Prefabs/Generic/CPU,Intel Xeon Gold 5215 (4P)
CPU,Intel,Xeon Gold 5200 (4P),Xeon Gold 5217 (4P),Y,Y,6560,5420,4248,30,30,,,3400,32,LGA 3647-V3 (4P),460,Y,100,1.25,19549,19.7,2933,16.7,5768,17.09,0.0,8.0,4,1.65,3400,0.020213,4.578704,0.005655,-38.021255161073825,,Prefabs/Generic/CPU,Intel Xeon Gold 5217 (4P)
CPU,Intel,Xeon Gold 5200 (4P),Xeon Gold 5218 (4P),Y,Y,9910,6700,5528,30,65,,,3900,64,LGA 3647-V3 (4P),500,Y,100,1.25,29533,19.7,2933,16.7,5768,17.09,0.0,8.0,4,1.65,3900,0.03727,4.578704,0.005655,-81.14664643624161,,Prefabs/Generic/CPU,Intel Xeon Gold 5218 (4P)
CPU,Intel,Xeon Gold 5200 (4P),Xeon Gold 5220 (4P),Y,Y,10502,7976,6804,30,90,,,3900,72,LGA 3647-V3 (4P),500,Y,100,1.25,31297,19.7,2933,16.7,5768,17.09,0.0,8.0,4,1.65,3900,0.04224,4.778704,0.006255,-97.1723766375839,,Prefabs/Generic/CPU,Intel Xeon Gold 5220 (4P)
CPU,Intel,Xeon Gold 5200 (4P),Xeon Gold 5222 (4P),Y,Y,5824,5380,4204,31,25,,,3900,16,LGA 3647-V3 (4P),420,Y,100,1.25,17357,19.7,2933,16.7,5768,17.09,0.0,8.0,4,1.65,3900,0.021803,4.778704,0.006255,-64.2449122080537,,Prefabs/Generic/CPU,Intel Xeon Gold 5222 (4P)
CPU,Intel,Xeon Gold 5300,Xeon Gold 5315Y,Y,Y,4437,1799,1388,36,5,,,3600,8,LGA 4189,150,Y,100,1.25,13223,19.7,2933,16.7,5768,17.09,1.0,2.0,4,1.75,4600,0.018223,6.578704,0.017333,-98.38282177852349,,Prefabs/Generic/CPU,Intel Xeon Gold 5315Y
CPU,Intel,Xeon Gold 5300,Xeon Gold 5317,Y,Y,4833,1999,1588,36,30,,,3600,12,LGA 4189,150,Y,100,1.25,14403,19.7,2933,16.7,5768,17.09,1.0,2.0,4,1.75,4600,0.016725,6.578704,0.017333,-89.03029023489933,,Prefabs/Generic/CPU,Intel Xeon Gold 5317
CPU,Intel,Xeon Gold 5300,Xeon Gold 5318Y,Y,Y,5158,3699,3261,36,55,,,3400,24,LGA 4189,165,Y,100,1.25,15372,19.7,2933,16.7,5768,17.09,1.0,2.0,4,1.75,4400,0.019835,6.578704,0.017333,-93.00761238255033,,Prefabs/Generic/CPU,Intel Xeon Gold 5318Y
CPU,Intel,Xeon Gold 5300,Xeon Gold 5320,Y,Y,5387,3899,3461,36,80,,,3400,26,LGA 4189,185,Y,100,1.25,16054,19.7,2933,16.7,5768,17.09,1.0,2.0,4,1.75,4400,0.020068,6.578704,0.017333,-91.51122177852349,,Prefabs/Generic/CPU,Intel Xeon Gold 5320
CPU,Intel,Xeon Gold 5300 (2P),Xeon Gold 5315Y (2P),Y,Y,6735,3598,2776,37,5,,,3600,16,LGA 4189 (2P),300,Y,100,1.25,20072,19.7,2933,16.7,5768,17.09,1.0,4.0,4,1.75,4400,0.018223,6.578704,0.017333,-75.39787546979866,,Prefabs/Generic/CPU,Intel Xeon Gold 5315Y (2P)
CPU,Intel,Xeon Gold 5300 (2P),Xeon Gold 5317 (2P),Y,Y,7336,3998,3176,37,30,,,3600,24,LGA 4189 (2P),300,Y,100,1.25,21863,19.7,2933,16.7,5768,17.09,1.0,4.0,4,1.75,4400,0.016725,6.578704,0.017333,-63.994202986577186,,Prefabs/Generic/CPU,Intel Xeon Gold 5317 (2P)
CPU,Intel,Xeon Gold 5300 (2P),Xeon Gold 5318Y (2P),Y,Y,7830,7398,6522,37,55,,,3400,48,LGA 4189 (2P),330,Y,100,1.25,23334,19.7,2933,16.7,5768,17.09,1.0,4.0,4,1.75,4200,0.019835,6.578704,0.017333,-66.28715600671141,,Prefabs/Generic/CPU,Intel Xeon Gold 5318Y (2P)
CPU,Intel,Xeon Gold 5300 (2P),Xeon Gold 5320 (2P),Y,Y,8177,7798,6922,37,80,,,3400,52,LGA 4189 (2P),370,Y,100,1.25,24369,19.7,2933,16.7,5768,17.09,1.0,4.0,4,1.75,4200,0.020068,6.578704,0.017333,-63.605275469798656,,Prefabs/Generic/CPU,Intel Xeon Gold 5320 (2P)
CPU,Intel,Xeon Gold 6100,Xeon Gold 6126,Y,Y,3335,1850,1337,18,15,,,3700,12,LGA 3647-V3,125,Y,100,1.25,9939,19.7,2133,16.7,5768,17.09,1.0,2.0,4,1.6,4300,0.016757,3.878704,0.005513,-55.92259600671141,,Prefabs/Generic/CPU,Intel Xeon Gold 6126
CPU,Intel,Xeon Gold 6100,Xeon Gold 6128,Y,Y,2955,1550,1037,18,30,,,3700,6,LGA 3647-V3,115,Y,100,1.25,8807,19.7,2133,16.7,5768,17.09,1.0,2.0,4,1.6,5100,0.009457,3.878704,0.005683,-33.073863724832215,,Prefabs/Generic/CPU,Intel Xeon Gold 6128
CPU,Intel,Xeon Gold 6100,Xeon Gold 6130,Y,Y,3541,2250,1737,18,55,,,3700,16,LGA 3647-V3,125,Y,100,1.25,10555,19.7,2133,16.7,5768,17.09,1.0,2.0,4,1.6,3900,0.028537,3.878704,0.005893,-98.25202191275166,,Prefabs/Generic/CPU,Intel Xeon Gold 6130
CPU,Intel,Xeon Gold 6100,Xeon Gold 6132,Y,Y,3385,2150,1637,18,75,,,3700,14,LGA 3647-V3,140,Y,100,1.25,10090,19.7,2133,16.7,5768,17.09,1.0,2.0,4,1.6,4200,0.01641,3.878704,0.006093,-55.36912459731545,,Prefabs/Generic/CPU,Intel Xeon Gold 6132
CPU,Intel,Xeon Gold 6100,Xeon Gold 6134,Y,Y,3385,1885,1325,18,95,,,3700,8,LGA 3647-V3,130,Y,100,1.25,10090,19.7,2133,16.7,5768,17.09,1.0,2.0,4,1.6,4900,0.00653,3.878704,0.006093,-18.81312459731544,,Prefabs/Generic/CPU,Intel Xeon Gold 6134
CPU,Intel,Xeon Gold 6100,Xeon Gold 6136,Y,Y,3415,2150,1605,19,25,,,3700,12,LGA 3647-V3,150,Y,100,1.25,10177,19.7,2133,16.7,5768,17.09,1.0,2.0,4,1.6,4700,0.010667,3.878704,0.006193,-34.04137828859061,,Prefabs/Generic/CPU,Intel Xeon Gold 6136
CPU,Intel,Xeon Gold 6100,Xeon Gold 6138,Y,Y,3885,2550,2005,19,55,,,3700,12,LGA 3647-V3,125,Y,100,1.25,11578,19.7,2133,16.7,5768,17.09,1.0,2.0,4,1.6,3900,0.023767,3.878704,0.006493,-78.44658030201343,,Prefabs/Generic/CPU,Intel Xeon Gold 6138
CPU,Intel,Xeon Gold 6100,Xeon Gold 6140,Y,Y,3655,2300,1975,19,90,,,3700,18,LGA 3647-V3,140,Y,100,1.25,10892,19.7,2133,16.7,5768,17.09,1.0,2.0,4,1.6,4100,0.022505,3.878704,0.006493,-76.07919372483222,,Prefabs/Generic/CPU,Intel Xeon Gold 6140
CPU,Intel,Xeon Gold 6100,Xeon Gold 6142,Y,Y,3755,2375,2015,20,25,,,3700,16,LGA 3647-V3,150,Y,100,1.25,11190,19.7,2133,16.7,5768,17.09,1.0,2.0,4,1.6,4200,0.0178505,3.878704,0.006493,-57.85754372483221,,Prefabs/Generic/CPU,Intel Xeon Gold 6142
CPU,Intel,Xeon Gold 6100,Xeon Gold 6144,Y,Y,3382,1999,1655,20,45,,,4200,8,LGA 3647-V3,150,Y,100,1.25,10081,19.7,2133,16.7,5768,17.09,1.0,2.0,4,1.6,4900,0.014489,3.878704,0.006693,-56.815925939597314,,Prefabs/Generic/CPU,Intel Xeon Gold 6144
CPU,Intel,Xeon Gold 6100,Xeon Gold 6146,Y,Y,3735,2350,1955,20,70,,,4200,12,LGA 3647-V3,165,Y,100,1.25,11131,19.7,2133,16.7,5768,17.09,1.0,2.0,4,1.6,4600,0.022569,3.878704,0.006693,-87.22508030201342,,Prefabs/Generic/CPU,Intel Xeon Gold 6146
CPU,Intel,Xeon Gold 6100,Xeon Gold 6148,Y,Y,3965,2750,2355,20,95,,,3700,20,LGA 3647-V3,150,Y,100,1.25,11817,19.7,2133,16.7,5768,17.09,1.0,2.0,4,1.6,4100,0.01537,3.878704,0.006693,-47.00226687919463,,Prefabs/Generic/CPU,Intel Xeon Gold 6148
CPU,Intel,Xeon Gold 6100,Xeon Gold 6150,Y,Y,4165,2450,2025,21,25,,,3700,18,LGA 3647-V3,165,Y,100,1.25,12412,19.7,2133,16.7,5768,17.09,1.0,2.0,4,1.6,4300,0.008799,3.878704,0.006893,-21.122878288590606,,Prefabs/Generic/CPU,Intel Xeon Gold 6150
CPU,Intel,Xeon Gold 6100,Xeon Gold 6152,Y,Y,4463,2885,2455,21,60,,,3700,22,LGA 3647-V3,140,Y,100,1.25,13300,19.7,2133,16.7,5768,17.09,1.0,2.0,4,1.6,4000,0.013989,3.878704,0.006893,-37.34601251677852,,Prefabs/Generic/CPU,Intel Xeon Gold 6152
CPU,Intel,Xeon Gold 6100,Xeon Gold 6154,Y,Y,4235,2595,2155,21,85,,,3700,18,LGA 3647-V3,200,Y,100,1.25,12623,19.7,2133,16.7,5768,17.09,1.0,2.0,4,1.6,4400,0.010415,3.878704,0.006893,-26.394024597315436,,Prefabs/Generic/CPU,Intel Xeon Gold 6154
CPU,Intel,Xeon Gold 6100,Xeon Gold 6161,Y,Y,4565,2899,2459,22,1,,,3000,22,LGA 3647-V3,165,Y,100,1.25,13606,19.7,2133,16.7,5768,17.09,1.0,2.0,4,1.6,3600,0.00864,3.878704,0.006893,-10.479866879194631,,Prefabs/Generic/CPU,Intel Xeon Gold 6161
CPU,Intel,Xeon Gold 6100 (2P),Xeon Gold 6126 (2P),Y,Y,5062,3700,2674,19,15,,,3700,24,LGA 3647-V3 (2P),250,Y,100,1.25,15087,19.7,2133,16.7,5768,17.09,1.0,4.0,4,1.6,4100,0.016757,3.878704,0.005513,-38.64607922818792,,Prefabs/Generic/CPU,Intel Xeon Gold 6126 (2P)
CPU,Intel,Xeon Gold 6100 (2P),Xeon Gold 6126 (2P),Y,Y,5062,3700,2674,19,15,,,3700,24,LGA 3647-V3 (2P),250,Y,100,1.25,15087,19.7,2133,16.7,5768,17.09,1.0,4.0,4,1.6,4100,0.016757,3.878704,0.005513,-38.64607922818792,,Prefabs/Generic/CPU,Intel Xeon Gold 6126 (2P)
CPU,Intel,Xeon Gold 6100 (2P),Xeon Gold 6128 (2P),Y,Y,4486,3100,2074,19,30,,,3700,12,LGA 3647-V3 (2P),230,Y,100,1.25,13369,19.7,2133,16.7,5768,17.09,1.0,4.0,4,1.6,4900,0.009457,3.878704,0.005683,-17.765051644295305,,Prefabs/Generic/CPU,Intel Xeon Gold 6128 (2P)
CPU,Intel,Xeon Gold 6100 (2P),Xeon Gold 6128 (2P),Y,Y,4486,3100,2074,19,30,,,3700,12,LGA 3647-V3 (2P),230,Y,100,1.25,13369,19.7,2133,16.7,5768,17.09,1.0,4.0,4,1.6,4900,0.009457,3.878704,0.005683,-17.765051644295305,,Prefabs/Generic/CPU,Intel Xeon Gold 6128 (2P)
CPU,Intel,Xeon Gold 6100 (2P),Xeon Gold 6130 (2P),Y,Y,5376,4500,3474,19,55,,,3700,32,LGA 3647-V3 (2P),250,Y,100,1.25,16022,19.7,2133,16.7,5768,17.09,1.0,4.0,4,1.6,3700,0.028537,3.878704,0.005893,-79.90474003355705,,Prefabs/Generic/CPU,Intel Xeon Gold 6130 (2P)
CPU,Intel,Xeon Gold 6100 (2P),Xeon Gold 6130 (2P),Y,Y,5376,4500,3474,19,55,,,3700,32,LGA 3647-V3 (2P),250,Y,100,1.25,16022,19.7,2133,16.7,5768,17.09,1.0,4.0,4,1.6,3700,0.028537,3.878704,0.005893,-79.90474003355705,,Prefabs/Generic/CPU,Intel Xeon Gold 6130 (2P)
CPU,Intel,Xeon Gold 6100 (2P),Xeon Gold 6132 (2P),Y,Y,5139,4300,3274,19,75,,,3700,28,LGA 3647-V3 (2P),280,Y,100,1.25,15316,19.7,2133,16.7,5768,17.09,1.0,4.0,4,1.6,4000,0.01641,3.878704,0.006093,-37.83013130872483,,Prefabs/Generic/CPU,Intel Xeon Gold 6132 (2P)
CPU,Intel,Xeon Gold 6100 (2P),Xeon Gold 6132 (2P),Y,Y,5139,4300,3274,19,75,,,3700,28,LGA 3647-V3 (2P),280,Y,100,1.25,15316,19.7,2133,16.7,5768,17.09,1.0,4.0,4,1.6,4000,0.01641,3.878704,0.006093,-37.83013130872483,,Prefabs/Generic/CPU,Intel Xeon Gold 6132 (2P)
CPU,Intel,Xeon Gold 6100 (2P),Xeon Gold 6134 (2P),Y,Y,5139,3770,2650,19,95,,,3700,16,LGA 3647-V3 (2P),260,Y,100,1.25,15316,19.7,2133,16.7,5768,17.09,1.0,4.0,4,1.6,4700,0.00653,3.878704,0.006093,-1.2741313087248294,,Prefabs/Generic/CPU,Intel Xeon Gold 6134 (2P)
CPU,Intel,Xeon Gold 6100 (2P),Xeon Gold 6134 (2P),Y,Y,5139,3770,2650,19,95,,,3700,16,LGA 3647-V3 (2P),260,Y,100,1.25,15316,19.7,2133,16.7,5768,17.09,1.0,4.0,4,1.6,4700,0.00653,3.878704,0.006093,-1.2741313087248294,,Prefabs/Generic/CPU,Intel Xeon Gold 6134 (2P)
CPU,Intel,Xeon Gold 6100 (2P),Xeon Gold 6136 (2P),Y,Y,5184,4300,3210,20,25,,,3700,24,LGA 3647-V3 (2P),300,Y,100,1.25,15448,19.7,2133,16.7,5768,17.09,1.0,4.0,4,1.6,4500,0.010667,3.878704,0.006193,-16.35115681208054,,Prefabs/Generic/CPU,Intel Xeon Gold 6136 (2P)
CPU,Intel,Xeon Gold 6100 (2P),Xeon Gold 6136 (2P),Y,Y,5184,4300,3210,20,25,,,3700,24,LGA 3647-V3 (2P),300,Y,100,1.25,15448,19.7,2133,16.7,5768,17.09,1.0,4.0,4,1.6,4500,0.010667,3.878704,0.006193,-16.35115681208054,,Prefabs/Generic/CPU,Intel Xeon Gold 6136 (2P)
CPU,Intel,Xeon Gold 6100 (2P),Xeon Gold 6138 (2P),Y,Y,5897,5100,4010,20,55,,,3700,24,LGA 3647-V3 (2P),250,Y,100,1.25,17575,19.7,2133,16.7,5768,17.09,1.0,4.0,4,1.6,3700,0.023767,3.878704,0.006493,-58.32441922818792,,Prefabs/Generic/CPU,Intel Xeon Gold 6138 (2P)
CPU,Intel,Xeon Gold 6100 (2P),Xeon Gold 6138 (2P),Y,Y,5897,5100,4010,20,55,,,3700,24,LGA 3647-V3 (2P),250,Y,100,1.25,17575,19.7,2133,16.7,5768,17.09,1.0,4.0,4,1.6,3700,0.023767,3.878704,0.006493,-58.32441922818792,,Prefabs/Generic/CPU,Intel Xeon Gold 6138 (2P)
CPU,Intel,Xeon Gold 6100 (2P),Xeon Gold 6140 (2P),Y,Y,5548,4600,3950,20,90,,,3700,36,LGA 3647-V3 (2P),280,Y,100,1.25,16534,19.7,2133,16.7,5768,17.09,1.0,4.0,4,1.6,3900,0.022505,3.878704,0.006493,-57.14947560402685,,Prefabs/Generic/CPU,Intel Xeon Gold 6140 (2P)
CPU,Intel,Xeon Gold 6100 (2P),Xeon Gold 6140 (2P),Y,Y,5548,4600,3950,20,90,,,3700,36,LGA 3647-V3 (2P),280,Y,100,1.25,16534,19.7,2133,16.7,5768,17.09,1.0,4.0,4,1.6,3900,0.022505,3.878704,0.006493,-57.14947560402685,,Prefabs/Generic/CPU,Intel Xeon Gold 6140 (2P)
CPU,Intel,Xeon Gold 6100 (2P),Xeon Gold 6142 (2P),Y,Y,5700,4750,4030,21,25,,,3700,32,LGA 3647-V3 (2P),300,Y,100,1.25,16986,19.7,2133,16.7,5768,17.09,1.0,4.0,4,1.6,4000,0.0178505,3.878704,0.006493,-38.40982560402683,,Prefabs/Generic/CPU,Intel Xeon Gold 6142 (2P)
CPU,Intel,Xeon Gold 6100 (2P),Xeon Gold 6142 (2P),Y,Y,5700,4750,4030,21,25,,,3700,32,LGA 3647-V3 (2P),300,Y,100,1.25,16986,19.7,2133,16.7,5768,17.09,1.0,4.0,4,1.6,4000,0.0178505,3.878704,0.006493,-38.40982560402683,,Prefabs/Generic/CPU,Intel Xeon Gold 6142 (2P)
CPU,Intel,Xeon Gold 6100 (2P),Xeon Gold 6144 (2P),Y,Y,5135,3998,3310,21,45,,,4200,16,LGA 3647-V3 (2P),300,Y,100,1.25,15302,19.7,2133,16.7,5768,17.09,1.0,4.0,4,1.6,4700,0.014489,3.878704,0.006693,-39.29257694630872,,Prefabs/Generic/CPU,Intel Xeon Gold 6144 (2P)
CPU,Intel,Xeon Gold 6100 (2P),Xeon Gold 6144 (2P),Y,Y,5135,3998,3310,21,45,,,4200,16,LGA 3647-V3 (2P),300,Y,100,1.25,15302,19.7,2133,16.7,5768,17.09,1.0,4.0,4,1.6,4700,0.014489,3.878704,0.006693,-39.29257694630872,,Prefabs/Generic/CPU,Intel Xeon Gold 6144 (2P)
CPU,Intel,Xeon Gold 6100 (2P),Xeon Gold 6146 (2P),Y,Y,5670,4700,3910,21,70,,,4200,24,LGA 3647-V3 (2P),330,Y,100,1.25,16896,19.7,2133,16.7,5768,17.09,1.0,4.0,4,1.6,4400,0.022569,3.878704,0.006693,-67.87991922818792,,Prefabs/Generic/CPU,Intel Xeon Gold 6146 (2P)
CPU,Intel,Xeon Gold 6100 (2P),Xeon Gold 6146 (2P),Y,Y,5670,4700,3910,21,70,,,4200,24,LGA 3647-V3 (2P),330,Y,100,1.25,16896,19.7,2133,16.7,5768,17.09,1.0,4.0,4,1.6,4400,0.022569,3.878704,0.006693,-67.87991922818792,,Prefabs/Generic/CPU,Intel Xeon Gold 6146 (2P)
CPU,Intel,Xeon Gold 6100 (2P),Xeon Gold 6148 (2P),Y,Y,6019,5500,4710,21,95,,,3700,40,LGA 3647-V3 (2P),300,Y,100,1.25,17938,19.7,2133,16.7,5768,17.09,1.0,4.0,4,1.6,3900,0.01537,3.878704,0.006693,-26.464662852348987,,Prefabs/Generic/CPU,Intel Xeon Gold 6148 (2P)
CPU,Intel,Xeon Gold 6100 (2P),Xeon Gold 6148 (2P),Y,Y,6019,5500,4710,21,95,,,3700,40,LGA 3647-V3 (2P),300,Y,100,1.25,17938,19.7,2133,16.7,5768,17.09,1.0,4.0,4,1.6,3900,0.01537,3.878704,0.006693,-26.464662852348987,,Prefabs/Generic/CPU,Intel Xeon Gold 6148 (2P)
CPU,Intel,Xeon Gold 6100 (2P),Xeon Gold 6150 (2P),Y,Y,6322,4900,4050,22,25,,,3700,36,LGA 3647-V3 (2P),330,Y,100,1.25,18841,19.7,2133,16.7,5768,17.09,1.0,4.0,4,1.6,4100,0.008799,3.878704,0.006893,0.4523431879194675,,Prefabs/Generic/CPU,Intel Xeon Gold 6150 (2P)
CPU,Intel,Xeon Gold 6100 (2P),Xeon Gold 6150 (2P),Y,Y,6322,4900,4050,22,25,,,3700,36,LGA 3647-V3 (2P),330,Y,100,1.25,18841,19.7,2133,16.7,5768,17.09,1.0,4.0,4,1.6,4100,0.008799,3.878704,0.006893,0.4523431879194675,,Prefabs/Generic/CPU,Intel Xeon Gold 6150 (2P)
CPU,Intel,Xeon Gold 6100 (2P),Xeon Gold 6152 (2P),Y,Y,6774,5770,4910,22,60,,,3700,44,LGA 3647-V3 (2P),280,Y,100,1.25,20189,19.7,2133,16.7,5768,17.09,1.0,4.0,4,1.6,3800,0.013989,3.878704,0.006893,-14.227220570469783,,Prefabs/Generic/CPU,Intel Xeon Gold 6152 (2P)
CPU,Intel,Xeon Gold 6100 (2P),Xeon Gold 6152 (2P),Y,Y,6774,5770,4910,22,60,,,3700,44,LGA 3647-V3 (2P),280,Y,100,1.25,20189,19.7,2133,16.7,5768,17.09,1.0,4.0,4,1.6,3800,0.013989,3.878704,0.006893,-14.227220570469783,,Prefabs/Generic/CPU,Intel Xeon Gold 6152 (2P)
CPU,Intel,Xeon Gold 6100 (2P),Xeon Gold 6154 (2P),Y,Y,6430,5190,4310,22,85,,,3700,36,LGA 3647-V3 (2P),400,Y,100,1.25,19161,19.7,2133,16.7,5768,17.09,1.0,4.0,4,1.6,4200,0.010415,3.878704,0.006893,-4.452031308724827,,Prefabs/Generic/CPU,Intel Xeon Gold 6154 (2P)
CPU,Intel,Xeon Gold 6100 (2P),Xeon Gold 6154 (2P),Y,Y,6430,5190,4310,22,85,,,3700,36,LGA 3647-V3 (2P),400,Y,100,1.25,19161,19.7,2133,16.7,5768,17.09,1.0,4.0,4,1.6,4200,0.010415,3.878704,0.006893,-4.452031308724827,,Prefabs/Generic/CPU,Intel Xeon Gold 6154 (2P)
CPU,Intel,Xeon Gold 6100 (2P),Xeon Gold 6161 (2P),Y,Y,6930,5798,4918,23,1,,,3000,44,LGA 3647-V3 (2P),330,Y,100,1.25,20653,19.7,2133,16.7,5768,17.09,1.0,4.0,4,1.6,3400,0.00864,3.878704,0.006893,13.170831107382554,,Prefabs/Generic/CPU,Intel Xeon Gold 6161 (2P)
CPU,Intel,Xeon Gold 6100 (2P),Xeon Gold 6161 (2P),Y,Y,6930,5798,4918,23,1,,,3000,44,LGA 3647-V3 (2P),330,Y,100,1.25,20653,19.7,2133,16.7,5768,17.09,1.0,4.0,4,1.6,3400,0.00864,3.878704,0.006893,13.170831107382554,,Prefabs/Generic/CPU,Intel Xeon Gold 6161 (2P)
CPU,Intel,Xeon Gold 6200,Xeon Gold 6226,Y,Y,3585,2000,1675,29,50,,,3700,12,LGA 3647-V3,125,Y,100,1.25,10684,19.7,2933,16.7,5768,17.09,1.0,2.0,4,1.65,4400,0.013431,4.778704,0.006655,-52.4762820067114,,Prefabs/Generic/CPU,Intel Xeon Gold 6226
CPU,Intel,Xeon Gold 6200,Xeon Gold 6230,Y,Y,4025,2750,2425,29,75,,,3900,20,LGA 3647-V3,125,Y,100,1.25,11997,19.7,2933,16.7,5768,17.09,1.0,2.0,4,1.65,4200,0.027731,4.778704,0.006655,-106.52644173825503,,Prefabs/Generic/CPU,Intel Xeon Gold 6230
CPU,Intel,Xeon Gold 6200,Xeon Gold 6234,Y,Y,3444,2250,1925,30,1,,,4000,8,LGA 3647-V3,130,Y,100,1.25,10266,19.7,2933,16.7,5768,17.09,1.0,2.0,4,1.65,5200,0.007931,4.778704,0.006655,-35.908266570469806,,Prefabs/Generic/CPU,Intel Xeon Gold 6234
CPU,Intel,Xeon Gold 6200,Xeon Gold 6238,Y,Y,4834,3159,2681,30,25,,,3700,22,LGA 3647-V3,140,Y,100,1.25,14408,19.7,2933,16.7,5768,17.09,1.0,2.0,4,1.65,4000,0.000491,4.778704,0.007055,6.725162288590607,,Prefabs/Generic/CPU,Intel Xeon Gold 6238
CPU,Intel,Xeon Gold 6200,Xeon Gold 6240,Y,Y,3865,2500,2025,30,65,,,3900,18,LGA 3647-V3,150,Y,100,1.25,11518,19.7,2933,16.7,5768,17.09,1.0,2.0,4,1.65,4300,0.021241,4.778704,0.007055,-83.99266858389262,,Prefabs/Generic/CPU,Intel Xeon Gold 6240
CPU,Intel,Xeon Gold 6200,Xeon Gold 6242,Y,Y,3915,2350,1875,30,90,,,3900,16,LGA 3647-V3,150,Y,100,1.25,11667,19.7,2933,16.7,5768,17.09,1.0,2.0,4,1.65,4400,0.015995,4.778704,0.007055,-63.03662428859061,,Prefabs/Generic/CPU,Intel Xeon Gold 6242
CPU,Intel,Xeon Gold 6200,Xeon Gold 6244,Y,Y,3550,2150,1675,31,25,,,4400,8,LGA 3647-V3,150,Y,100,1.25,10579,19.7,2933,16.7,5768,17.09,1.0,2.0,4,1.65,5000,0.016816,4.978704,0.007255,-79.68413100000001,,Prefabs/Generic/CPU,Intel Xeon Gold 6244
CPU,Intel,Xeon Gold 6200,Xeon Gold 6246,Y,Y,3884,2480,2005,31,55,,,4400,12,LGA 3647-V3,165,Y,100,1.25,11577,19.7,2933,16.7,5768,17.09,1.0,2.0,4,1.65,4800,0.022426,4.978704,0.007255,-101.0191377114094,,Prefabs/Generic/CPU,Intel Xeon Gold 6246
CPU,Intel,Xeon Gold 6200,Xeon Gold 6248,Y,Y,4665,2900,2425,31,85,,,3900,20,LGA 3647-V3,150,Y,100,1.25,13902,19.7,2933,16.7,5768,17.09,1.0,2.0,4,1.65,4200,0.008366,4.978704,0.007255,-27.16676858389262,,Prefabs/Generic/CPU,Intel Xeon Gold 6248
CPU,Intel,Xeon Gold 6200,Xeon Gold 6252,Y,Y,4953,3250,2775,32,25,,,3900,24,LGA 3647-V3,150,Y,100,1.25,14761,19.7,2933,16.7,5768,17.09,1.0,2.0,4,1.65,4200,0.002516,5.178704,0.007555,-3.152473953020131,,Prefabs/Generic/CPU,Intel Xeon Gold 6252
CPU,Intel,Xeon Gold 6200,Xeon Gold 6254,Y,Y,3985,2850,2375,32,55,,,4000,18,LGA 3647-V3,200,Y,100,1.25,11876,19.7,2933,16.7,5768,17.09,1.0,2.0,4,1.65,4800,0.012206,5.178704,0.007555,-51.8452820067114,,Prefabs/Generic/CPU,Intel Xeon Gold 6254
CPU,Intel,Xeon Gold 6200 (2P),Xeon Gold 6226 (2P),Y,Y,5442,4000,3350,30,50,,,3700,24,LGA 3647-V3 (2P),250,Y,100,1.25,16218,19.7,2933,16.7,5768,17.09,1.0,4.0,4,1.65,4200,0.013431,4.778704,0.006655,-33.90476522818791,,Prefabs/Generic/CPU,Intel Xeon Gold 6226 (2P)
CPU,Intel,Xeon Gold 6200 (2P),Xeon Gold 6226 (2P),Y,Y,5442,4000,3350,30,50,,,3700,24,LGA 3647-V3 (2P),250,Y,100,1.25,16218,19.7,2933,16.7,5768,17.09,1.0,4.0,4,1.65,4200,0.013431,4.778704,0.006655,-33.90476522818791,,Prefabs/Generic/CPU,Intel Xeon Gold 6226 (2P)
CPU,Intel,Xeon Gold 6200 (2P),Xeon Gold 6230 (2P),Y,Y,6111,5500,4850,30,75,,,3900,40,LGA 3647-V3 (2P),250,Y,100,1.25,18211,19.7,2933,16.7,5768,17.09,1.0,4.0,4,1.65,4000,0.027731,4.778704,0.006655,-85.67259610067113,,Prefabs/Generic/CPU,Intel Xeon Gold 6230 (2P)
CPU,Intel,Xeon Gold 6200 (2P),Xeon Gold 6230 (2P),Y,Y,6111,5500,4850,30,75,,,3900,40,LGA 3647-V3 (2P),250,Y,100,1.25,18211,19.7,2933,16.7,5768,17.09,1.0,4.0,4,1.65,4000,0.027731,4.778704,0.006655,-85.67259610067113,,Prefabs/Generic/CPU,Intel Xeon Gold 6230 (2P)
CPU,Intel,Xeon Gold 6200 (2P),Xeon Gold 6234 (2P),Y,Y,5229,4500,3850,31,1,,,4000,16,LGA 3647-V3 (2P),260,Y,100,1.25,15583,19.7,2933,16.7,5768,17.09,1.0,4.0,4,1.65,5000,0.007931,4.778704,0.006655,-18.06334039597316,,Prefabs/Generic/CPU,Intel Xeon Gold 6234 (2P)
CPU,Intel,Xeon Gold 6200 (2P),Xeon Gold 6234 (2P),Y,Y,5229,4500,3850,31,1,,,4000,16,LGA 3647-V3 (2P),260,Y,100,1.25,15583,19.7,2933,16.7,5768,17.09,1.0,4.0,4,1.65,5000,0.007931,4.778704,0.006655,-18.06334039597316,,Prefabs/Generic/CPU,Intel Xeon Gold 6234 (2P)
CPU,Intel,Xeon Gold 6200 (2P),Xeon Gold 6238 (2P),Y,Y,7339,6318,5362,31,25,,,3700,44,LGA 3647-V3 (2P),280,Y,100,1.25,21871,19.7,2933,16.7,5768,17.09,1.0,4.0,4,1.65,3800,0.000491,4.778704,0.007055,31.76994081208054,,Prefabs/Generic/CPU,Intel Xeon Gold 6238 (2P)
CPU,Intel,Xeon Gold 6200 (2P),Xeon Gold 6238 (2P),Y,Y,7339,6318,5362,31,25,,,3700,44,LGA 3647-V3 (2P),280,Y,100,1.25,21871,19.7,2933,16.7,5768,17.09,1.0,4.0,4,1.65,3800,0.000491,4.778704,0.007055,31.76994081208054,,Prefabs/Generic/CPU,Intel Xeon Gold 6238 (2P)
CPU,Intel,Xeon Gold 6200 (2P),Xeon Gold 6240 (2P),Y,Y,5867,5000,4050,31,65,,,3900,36,LGA 3647-V3 (2P),300,Y,100,1.25,17484,19.7,2933,16.7,5768,17.09,1.0,4.0,4,1.65,4100,0.021241,4.778704,0.007055,-63.97480281208053,,Prefabs/Generic/CPU,Intel Xeon Gold 6240 (2P)
CPU,Intel,Xeon Gold 6200 (2P),Xeon Gold 6240 (2P),Y,Y,5867,5000,4050,31,65,,,3900,36,LGA 3647-V3 (2P),300,Y,100,1.25,17484,19.7,2933,16.7,5768,17.09,1.0,4.0,4,1.65,4100,0.021241,4.778704,0.007055,-63.97480281208053,,Prefabs/Generic/CPU,Intel Xeon Gold 6240 (2P)
CPU,Intel,Xeon Gold 6200 (2P),Xeon Gold 6242 (2P),Y,Y,5943,4700,3750,31,90,,,3900,32,LGA 3647-V3 (2P),300,Y,100,1.25,17710,19.7,2933,16.7,5768,17.09,1.0,4.0,4,1.65,4200,0.015995,4.778704,0.007055,-42.75640281208054,,Prefabs/Generic/CPU,Intel Xeon Gold 6242 (2P)
CPU,Intel,Xeon Gold 6200 (2P),Xeon Gold 6242 (2P),Y,Y,5943,4700,3750,31,90,,,3900,32,LGA 3647-V3 (2P),300,Y,100,1.25,17710,19.7,2933,16.7,5768,17.09,1.0,4.0,4,1.65,4200,0.015995,4.778704,0.007055,-42.75640281208054,,Prefabs/Generic/CPU,Intel Xeon Gold 6242 (2P)
CPU,Intel,Xeon Gold 6200 (2P),Xeon Gold 6244 (2P),Y,Y,5388,4300,3350,32,25,,,4400,16,LGA 3647-V3 (2P),300,Y,100,1.25,16058,19.7,2933,16.7,5768,17.09,1.0,4.0,4,1.65,4800,0.016816,4.978704,0.007255,-61.295131,,Prefabs/Generic/CPU,Intel Xeon Gold 6244 (2P)
CPU,Intel,Xeon Gold 6200 (2P),Xeon Gold 6244 (2P),Y,Y,5388,4300,3350,32,25,,,4400,16,LGA 3647-V3 (2P),300,Y,100,1.25,16058,19.7,2933,16.7,5768,17.09,1.0,4.0,4,1.65,4800,0.016816,4.978704,0.007255,-61.295131,,Prefabs/Generic/CPU,Intel Xeon Gold 6244 (2P)
CPU,Intel,Xeon Gold 6200 (2P),Xeon Gold 6246 (2P),Y,Y,5897,4960,4010,32,55,,,4400,24,LGA 3647-V3 (2P),330,Y,100,1.25,17573,19.7,2933,16.7,5768,17.09,1.0,4.0,4,1.65,4600,0.022426,4.978704,0.007255,-80.89535918791947,,Prefabs/Generic/CPU,Intel Xeon Gold 6246 (2P)
CPU,Intel,Xeon Gold 6200 (2P),Xeon Gold 6246 (2P),Y,Y,5897,4960,4010,32,55,,,4400,24,LGA 3647-V3 (2P),330,Y,100,1.25,17573,19.7,2933,16.7,5768,17.09,1.0,4.0,4,1.65,4600,0.022426,4.978704,0.007255,-80.89535918791947,,Prefabs/Generic/CPU,Intel Xeon Gold 6246 (2P)
CPU,Intel,Xeon Gold 6200 (2P),Xeon Gold 6248 (2P),Y,Y,7081,5800,4850,32,85,,,3900,40,LGA 3647-V3 (2P),300,Y,100,1.25,21103,19.7,2933,16.7,5768,17.09,1.0,4.0,4,1.65,4000,0.008366,4.978704,0.007255,-3.0049028120805374,,Prefabs/Generic/CPU,Intel Xeon Gold 6248 (2P)
CPU,Intel,Xeon Gold 6200 (2P),Xeon Gold 6248 (2P),Y,Y,7081,5800,4850,32,85,,,3900,40,LGA 3647-V3 (2P),300,Y,100,1.25,21103,19.7,2933,16.7,5768,17.09,1.0,4.0,4,1.65,4000,0.008366,4.978704,0.007255,-3.0049028120805374,,Prefabs/Generic/CPU,Intel Xeon Gold 6248 (2P)
CPU,Intel,Xeon Gold 6200 (2P),Xeon Gold 6252 (2P),Y,Y,7519,6500,5550,33,25,,,3900,48,LGA 3647-V3 (2P),300,Y,100,1.25,22407,19.7,2933,16.7,5768,17.09,1.0,4.0,4,1.65,4000,0.002516,5.178704,0.007555,22.505908597315443,,Prefabs/Generic/CPU,Intel Xeon Gold 6252 (2P)
CPU,Intel,Xeon Gold 6200 (2P),Xeon Gold 6252 (2P),Y,Y,7519,6500,5550,33,25,,,3900,48,LGA 3647-V3 (2P),300,Y,100,1.25,22407,19.7,2933,16.7,5768,17.09,1.0,4.0,4,1.65,4000,0.002516,5.178704,0.007555,22.505908597315443,,Prefabs/Generic/CPU,Intel Xeon Gold 6252 (2P)
CPU,Intel,Xeon Gold 6200 (2P),Xeon Gold 6254 (2P),Y,Y,6049,5700,4750,33,55,,,4000,36,LGA 3647-V3 (2P),400,Y,100,1.25,18027,19.7,2933,16.7,5768,17.09,1.0,4.0,4,1.65,4600,0.012206,5.178704,0.007555,-31.20176522818792,,Prefabs/Generic/CPU,Intel Xeon Gold 6254 (2P)
CPU,Intel,Xeon Gold 6200 (2P),Xeon Gold 6254 (2P),Y,Y,6049,5700,4750,33,55,,,4000,36,LGA 3647-V3 (2P),400,Y,100,1.25,18027,19.7,2933,16.7,5768,17.09,1.0,4.0,4,1.65,4600,0.012206,5.178704,0.007555,-31.20176522818792,,Prefabs/Generic/CPU,Intel Xeon Gold 6254 (2P)
CPU,Intel,Xeon Gold 6300,Xeon Gold 6326,Y,Y,5005,2399,1955,37,1,,,3500,16,LGA 4189,185,Y,100,1.25,14915,19.7,2933,16.7,5768,17.09,1.0,2.0,4,1.75,4600,0.021111,7.078704,0.017859,-104.5334274295302,,Prefabs/Generic/CPU,Intel Xeon Gold 6326
CPU,Intel,Xeon Gold 6300,Xeon Gold 6334,Y,Y,4654,2199,1785,37,25,,,3700,8,LGA 4189,165,Y,100,1.25,13869,19.7,2933,16.7,5768,17.09,1.0,2.0,4,1.75,4700,0.018907,7.078704,0.017859,-104.11089454362416,,Prefabs/Generic/CPU,Intel Xeon Gold 6334
CPU,Intel,Xeon Gold 6300,Xeon Gold 6338,Y,Y,7127,4399,4085,37,45,,,3200,32,LGA 4189,205,Y,100,1.25,21240,19.7,2933,16.7,5768,17.09,1.0,2.0,4,1.75,4500,0.034265,7.078704,0.017859,-119.0680952147651,,Prefabs/Generic/CPU,Intel Xeon Gold 6338
CPU,Intel,Xeon Gold 6300,Xeon Gold 6342,Y,Y,5297,3999,3635,37,60,,,3500,24,LGA 4189,230,Y,100,1.25,15787,19.7,2933,16.7,5768,17.09,1.0,2.0,4,1.75,4500,0.005123,7.078704,0.018859,-48.58225293288591,,Prefabs/Generic/CPU,Intel Xeon Gold 6342
CPU,Intel,Xeon Gold 6300,Xeon Gold 6348,Y,Y,5622,4199,3865,37,85,,,3500,28,LGA 4189,235,Y,100,1.25,16754,19.7,2933,16.7,5768,17.09,1.0,2.0,4,1.75,4600,0.027543,7.178704,0.018859,-124.20393078523492,,Prefabs/Generic/CPU,Intel Xeon Gold 6348
CPU,Intel,Xeon Gold 6300 (2P),Xeon Gold 6326 (2P),Y,Y,7597,4798,3910,38,1,,,3500,32,LGA 4189 (2P),370,Y,100,1.25,22640,19.7,2933,16.7,5768,17.09,1.0,4.0,4,1.75,4400,0.021111,7.078704,0.017859,-78.60735360402684,,Prefabs/Generic/CPU,Intel Xeon Gold 6326 (2P)
CPU,Intel,Xeon Gold 6300 (2P),Xeon Gold 6334 (2P),Y,Y,7064,4398,3570,38,25,,,3700,16,LGA 4189 (2P),330,Y,100,1.25,21053,19.7,2933,16.7,5768,17.09,1.0,4.0,4,1.75,4500,0.018907,7.078704,0.017859,-80.00303548322147,,Prefabs/Generic/CPU,Intel Xeon Gold 6334 (2P)
CPU,Intel,Xeon Gold 6300 (2P),Xeon Gold 6338 (2P),Y,Y,10819,8798,8170,38,45,,,3200,64,LGA 4189 (2P),410,Y,100,1.25,32242,19.7,2933,16.7,5768,17.09,1.0,4.0,4,1.75,4300,0.034265,7.078704,0.017859,-82.14755830201342,,Prefabs/Generic/CPU,Intel Xeon Gold 6338 (2P)
CPU,Intel,Xeon Gold 6300 (2P),Xeon Gold 6342 (2P),Y,Y,8041,7998,7270,38,60,,,3500,48,LGA 4189 (2P),460,Y,100,1.25,23964,19.7,2933,16.7,5768,17.09,1.0,4.0,4,1.75,4300,0.005123,7.078704,0.018859,-21.140420718120794,,Prefabs/Generic/CPU,Intel Xeon Gold 6342 (2P)
CPU,Intel,Xeon Gold 6300 (2P),Xeon Gold 6348 (2P),Y,Y,8534,8398,7730,38,85,,,3500,56,LGA 4189 (2P),470,Y,100,1.25,25432,19.7,2933,16.7,5768,17.09,1.0,4.0,4,1.75,4400,0.027543,7.178704,0.018859,-95.08456165771813,,Prefabs/Generic/CPU,Intel Xeon Gold 6348 (2P)
CPU,Intel,Xeon Platinum 8100,Xeon Platinum 8124,Y,Y,4445,3500,3029,22,35,,,3500,18,LGA 3647-V3,240,Y,100,1.25,13246,19.7,2133,16.7,5768,17.09,1.0,2.0,4,1.6,5300,0.004341,4.878704,0.007393,-6.024564865771811,,Prefabs/Generic/CPU,Intel Xeon Platinum 8124
CPU,Intel,Xeon Platinum 8100,Xeon Platinum 8153,Y,Y,4012,3350,2875,22,70,,,2800,16,LGA 3647-V3,125,Y,100,1.25,11957,19.7,2133,16.7,5768,17.09,1.0,2.0,4,1.6,4400,0.008184,4.878704,0.007393,-18.0751239261745,,Prefabs/Generic/CPU,Intel Xeon Platinum 8153
CPU,Intel,Xeon Platinum 8100,Xeon Platinum 8156,Y,Y,2850,2650,2100,22,99,,,3700,4,LGA 3647-V3,105,Y,100,1.25,8494,19.7,2133,16.7,5768,17.09,1.0,2.0,4,1.6,5900,0.011233,4.878704,0.007393,-48.33947359060403,,Prefabs/Generic/CPU,Intel Xeon Platinum 8156
CPU,Intel,Xeon Platinum 8100,Xeon Platinum 8158,Y,Y,3816,3000,2450,23,25,,,3700,12,LGA 3647-V3,150,Y,100,1.25,11372,19.7,2133,16.7,5768,17.09,1.0,2.0,4,1.6,5400,0.007803,4.878704,0.007393,-25.99075546979866,,Prefabs/Generic/CPU,Intel Xeon Platinum 8158
CPU,Intel,Xeon Platinum 8100,Xeon Platinum 8160,Y,Y,5248,4250,3700,23,50,,,3700,24,LGA 3647-V3,150,Y,100,1.25,15639,19.7,2133,16.7,5768,17.09,1.0,2.0,4,1.6,4400,0.004293,4.878704,0.007558,0.9630914765100655,,Prefabs/Generic/CPU,Intel Xeon Platinum 8160
CPU,Intel,Xeon Platinum 8100,Xeon Platinum 8163,Y,Y,5565,4650,4100,23,70,,,3100,24,LGA 3647-V3,165,Y,100,1.25,16585,19.7,2133,16.7,5768,17.09,1.0,2.0,4,1.6,4800,0.001268,4.878704,0.007558,16.08753241610739,,Prefabs/Generic/CPU,Intel Xeon Platinum 8163
CPU,Intel,Xeon Platinum 8100,Xeon Platinum 8164,Y,Y,6044,5250,4750,23,90,,,3700,26,LGA 3647-V3,150,Y,100,1.25,18013,19.7,2133,16.7,5768,17.09,1.0,2.0,4,1.6,4300,0.0076154,4.878704,0.007558,-3.3633455704697965,,Prefabs/Generic/CPU,Intel Xeon Platinum 8164
CPU,Intel,Xeon Platinum 8100,Xeon Platinum 8168,Y,Y,5844,4950,4450,24,20,,,3700,24,LGA 3647-V3,205,Y,100,1.25,17418,19.7,2133,16.7,5768,17.09,1.0,2.0,4,1.6,4500,0.0056474,4.878704,0.007658,1.7049544295302006,,Prefabs/Generic/CPU,Intel Xeon Platinum 8168
CPU,Intel,Xeon Platinum 8100,Xeon Platinum 8170,Y,Y,6275,5685,5067,24,50,,,3700,26,LGA 3647-V3,165,Y,100,1.25,18702,19.7,2133,16.7,5768,17.09,1.0,2.0,4,1.6,4400,0.0042194,4.878704,0.007858,10.870679261744971,,Prefabs/Generic/CPU,Intel Xeon Platinum 8170
CPU,Intel,Xeon Platinum 8100,Xeon Platinum 8175,Y,Y,5795,5150,4570,24,85,,,3100,26,LGA 3647-V3,240,Y,100,1.25,17270,19.7,2133,16.7,5768,17.09,1.0,2.0,4,1.6,4800,0.003327,4.878704,0.008358,10.296890134228185,,Prefabs/Generic/CPU,Intel Xeon Platinum 8175
CPU,Intel,Xeon Platinum 8100,Xeon Platinum 8176,Y,Y,6576,5995,5386,25,1,,,3800,28,LGA 3647-V3,165,Y,100,1.25,19599,19.7,2133,16.7,5768,17.09,1.0,2.0,4,1.6,4400,0.001811,4.878704,0.008558,21.11762637583893,,Prefabs/Generic/CPU,Intel Xeon Platinum 8176
CPU,Intel,Xeon Platinum 8100,Xeon Platinum 8180,Y,Y,6735,6450,5886,25,35,,,3800,28,LGA 3647-V3,205,Y,100,1.25,20071,19.7,2133,16.7,5768,17.09,1.0,2.0,4,1.6,4800,0.00561,4.978704,0.008888,7.161428993288592,,Prefabs/Generic/CPU,Intel Xeon Platinum 8180
CPU,Intel,Xeon Platinum 8100 (2P),Xeon Platinum 8124 (2P),Y,Y,6747,7000,6058,23,35,,,3500,36,LGA 3647-V3 (2P),480,Y,100,1.25,20107,19.7,2133,16.7,5768,17.09,1.0,4.0,4,1.6,5100,0.004341,4.878704,0.007393,16.997005604026846,,Prefabs/Generic/CPU,Intel Xeon Platinum 8124 (2P)
CPU,Intel,Xeon Platinum 8100 (2P),Xeon Platinum 8153 (2P),Y,Y,6090,6700,5750,23,70,,,2800,32,LGA 3647-V3 (2P),250,Y,100,1.25,18150,19.7,2133,16.7,5768,17.09,1.0,4.0,4,1.6,4200,0.008184,4.878704,0.007393,2.709191510067104,,Prefabs/Generic/CPU,Intel Xeon Platinum 8153 (2P)
CPU,Intel,Xeon Platinum 8100 (2P),Xeon Platinum 8156 (2P),Y,Y,4326,5300,4200,23,99,,,3700,8,LGA 3647-V3 (2P),210,Y,100,1.25,12893,19.7,2133,16.7,5768,17.09,1.0,4.0,4,1.6,5700,0.011233,4.878704,0.007393,-33.57809104026846,,Prefabs/Generic/CPU,Intel Xeon Platinum 8156 (2P)
CPU,Intel,Xeon Platinum 8100 (2P),Xeon Platinum 8158 (2P),Y,Y,5792,6000,4900,24,25,,,3700,24,LGA 3647-V3 (2P),300,Y,100,1.25,17262,19.7,2133,16.7,5768,17.09,1.0,4.0,4,1.6,5200,0.007803,4.878704,0.007393,-6.226674932885903,,Prefabs/Generic/CPU,Intel Xeon Platinum 8158 (2P)
CPU,Intel,Xeon Platinum 8100 (2P),Xeon Platinum 8160 (2P),Y,Y,7966,8500,7400,24,50,,,3700,48,LGA 3647-V3 (2P),300,Y,100,1.25,23740,19.7,2133,16.7,5768,17.09,1.0,4.0,4,1.6,4200,0.004293,4.878704,0.007558,28.144306241610746,,Prefabs/Generic/CPU,Intel Xeon Platinum 8160 (2P)
CPU,Intel,Xeon Platinum 8100 (2P),Xeon Platinum 8163 (2P),Y,Y,8448,9300,8200,24,70,,,3100,48,LGA 3647-V3 (2P),330,Y,100,1.25,25176,19.7,2133,16.7,5768,17.09,1.0,4.0,4,1.6,4600,0.001268,4.878704,0.007558,44.91649214765101,,Prefabs/Generic/CPU,Intel Xeon Platinum 8163 (2P)
CPU,Intel,Xeon Platinum 8100 (2P),Xeon Platinum 8164 (2P),Y,Y,9175,10500,9500,24,90,,,3700,52,LGA 3647-V3 (2P),300,Y,100,1.25,27343,19.7,2133,16.7,5768,17.09,1.0,4.0,4,1.6,4100,0.0076154,4.878704,0.007558,27.944486644295306,,Prefabs/Generic/CPU,Intel Xeon Platinum 8164 (2P)
CPU,Intel,Xeon Platinum 8100 (2P),Xeon Platinum 8168 (2P),Y,Y,8872,9900,8900,25,20,,,3700,48,LGA 3647-V3 (2P),410,Y,100,1.25,26440,19.7,2133,16.7,5768,17.09,1.0,4.0,4,1.6,4300,0.0056474,4.878704,0.007658,31.981880604026856,,Prefabs/Generic/CPU,Intel Xeon Platinum 8168 (2P)
CPU,Intel,Xeon Platinum 8100 (2P),Xeon Platinum 8170 (2P),Y,Y,9526,11370,10134,25,50,,,3700,52,LGA 3647-V3 (2P),330,Y,100,1.25,28389,19.7,2133,16.7,5768,17.09,1.0,4.0,4,1.6,4200,0.0042194,4.878704,0.007858,43.379524899328864,,Prefabs/Generic/CPU,Intel Xeon Platinum 8170 (2P)
CPU,Intel,Xeon Platinum 8100 (2P),Xeon Platinum 8175 (2P),Y,Y,8797,10300,9140,25,85,,,3100,52,LGA 3647-V3 (2P),480,Y,100,1.25,26215,19.7,2133,16.7,5768,17.09,1.0,4.0,4,1.6,4600,0.003327,4.878704,0.008358,40.3165545637584,,Prefabs/Generic/CPU,Intel Xeon Platinum 8175 (2P)
CPU,Intel,Xeon Platinum 8100 (2P),Xeon Platinum 8176 (2P),Y,Y,9983,11990,10772,26,1,,,3800,56,LGA 3647-V3 (2P),330,Y,100,1.25,29751,19.7,2133,16.7,5768,17.09,1.0,4.0,4,1.6,4200,0.001811,4.878704,0.008558,55.1856867785235,,Prefabs/Generic/CPU,Intel Xeon Platinum 8176 (2P)
CPU,Intel,Xeon Platinum 8100 (2P),Xeon Platinum 8180 (2P),Y,Y,10224,12900,11772,26,35,,,3800,56,LGA 3647-V3 (2P),410,Y,100,1.25,30467,19.7,2133,16.7,5768,17.09,1.0,4.0,4,1.6,4600,0.00561,4.978704,0.008888,42.049945771812084,,Prefabs/Generic/CPU,Intel Xeon Platinum 8180 (2P)
CPU,Intel,Xeon Platinum 8100 (4P),Xeon Platinum 8124 (4P),Y,Y,9628,14000,12116,24,35,,,3500,72,LGA 3647-V3 (4P),960,Y,100,1.25,28693,19.7,2133,16.7,5768,17.09,0.0,8.0,4,1.6,3500,0.004341,4.878704,0.007393,45.80927808724832,,Prefabs/Generic/CPU,Intel Xeon Platinum 8124 (4P)
CPU,Intel,Xeon Platinum 8100 (4P),Xeon Platinum 8153 (4P),Y,Y,8691,13400,11500,24,70,,,2800,64,LGA 3647-V3 (4P),500,Y,100,1.25,25901,19.7,2133,16.7,5768,17.09,0.0,8.0,4,1.6,2800,0.008184,4.878704,0.007393,28.717672718120802,,Prefabs/Generic/CPU,Intel Xeon Platinum 8153 (4P)
CPU,Intel,Xeon Platinum 8100 (4P),Xeon Platinum 8156 (4P),Y,Y,6174,10600,8400,24,99,,,3700,16,LGA 3647-V3 (4P),420,Y,100,1.25,18399,19.7,2133,16.7,5768,17.09,0.0,8.0,4,1.6,3700,0.011233,4.878704,0.007393,-15.102215872483225,,Prefabs/Generic/CPU,Intel Xeon Platinum 8156 (4P)
CPU,Intel,Xeon Platinum 8100 (4P),Xeon Platinum 8158 (4P),Y,Y,8266,12000,9800,25,25,,,3700,48,LGA 3647-V3 (4P),600,Y,100,1.25,24634,19.7,2133,16.7,5768,17.09,0.0,8.0,4,1.6,3700,0.007803,4.878704,0.007393,18.509333120805373,,Prefabs/Generic/CPU,Intel Xeon Platinum 8158 (4P)
CPU,Intel,Xeon Platinum 8100 (4P),Xeon Platinum 8160 (4P),Y,Y,11368,17000,14800,25,50,,,3700,96,LGA 3647-V3 (4P),600,Y,100,1.25,33877,19.7,2133,16.7,5768,17.09,0.0,8.0,4,1.6,3700,0.004293,4.878704,0.007558,62.16175523489932,,Prefabs/Generic/CPU,Intel Xeon Platinum 8160 (4P)
CPU,Intel,Xeon Platinum 8100 (4P),Xeon Platinum 8163 (4P),Y,Y,12055,18600,16400,25,70,,,3100,96,LGA 3647-V3 (4P),660,Y,100,1.25,35926,19.7,2133,16.7,5768,17.09,0.0,8.0,4,1.6,3100,0.001268,4.878704,0.007558,80.9916498657718,,Prefabs/Generic/CPU,Intel Xeon Platinum 8163 (4P)
CPU,Intel,Xeon Platinum 8100 (4P),Xeon Platinum 8164 (4P),Y,Y,13093,21000,19000,25,90,,,3700,104,LGA 3647-V3 (4P),600,Y,100,1.25,39019,19.7,2133,16.7,5768,17.09,0.0,8.0,4,1.6,3700,0.0076154,4.878704,0.007558,67.12578395973156,,Prefabs/Generic/CPU,Intel Xeon Platinum 8164 (4P)
CPU,Intel,Xeon Platinum 8100 (4P),Xeon Platinum 8168 (4P),Y,Y,12661,19800,17800,26,20,,,3700,96,LGA 3647-V3 (4P),820,Y,100,1.25,37730,19.7,2133,16.7,5768,17.09,0.0,8.0,4,1.6,3700,0.0056474,4.878704,0.007658,69.86895308724831,,Prefabs/Generic/CPU,Intel Xeon Platinum 8168 (4P)
CPU,Intel,Xeon Platinum 8100 (4P),Xeon Platinum 8170 (4P),Y,Y,13594,22740,20268,26,50,,,3700,104,LGA 3647-V3 (4P),660,Y,100,1.25,40512,19.7,2133,16.7,5768,17.09,0.0,8.0,4,1.6,3700,0.0042194,4.878704,0.007858,84.05951281879194,,Prefabs/Generic/CPU,Intel Xeon Platinum 8170 (4P)
CPU,Intel,Xeon Platinum 8100 (4P),Xeon Platinum 8175 (4P),Y,Y,12553,20600,18280,26,85,,,3100,104,LGA 3647-V3 (4P),960,Y,100,1.25,37410,19.7,2133,16.7,5768,17.09,0.0,8.0,4,1.6,3100,0.003327,4.878704,0.008358,77.8817022147651,,Prefabs/Generic/CPU,Intel Xeon Platinum 8175 (4P)
CPU,Intel,Xeon Platinum 8100 (4P),Xeon Platinum 8176 (4P),Y,Y,14246,23980,21544,27,1,,,3800,112,LGA 3647-V3 (4P),660,Y,100,1.25,42455,19.7,2133,16.7,5768,17.09,0.0,8.0,4,1.6,3800,0.001811,4.878704,0.008558,97.81680020134229,,Prefabs/Generic/CPU,Intel Xeon Platinum 8176 (4P)
CPU,Intel,Xeon Platinum 8100 (4P),Xeon Platinum 8180 (4P),Y,Y,14589,25800,23544,27,35,,,3800,112,LGA 3647-V3 (4P),820,Y,100,1.25,43477,19.7,2133,16.7,5768,17.09,0.0,8.0,4,1.6,3800,0.00561,4.978704,0.008888,85.70773838926172,,Prefabs/Generic/CPU,Intel Xeon Platinum 8180 (4P)
CPU,Intel,Xeon Platinum 8100 (8P),Xeon Platinum 8124 (8P),Y,Y,11513,28000,24232,24,35,,,3500,144,LGA 3647-V3 (8P),1920,Y,100,1.25,34311,19.7,2133,16.7,5768,17.09,0.0,16.0,4,1.6,3500,0.004341,4.878704,0.007393,64.66038077181207,,Prefabs/Generic/CPU,Intel Xeon Platinum 8124 (8P)
CPU,Intel,Xeon Platinum 8100 (8P),Xeon Platinum 8153 (8P),Y,Y,10393,26800,23000,24,70,,,2800,128,LGA 3647-V3 (8P),1000,Y,100,1.25,30972,19.7,2133,16.7,5768,17.09,0.0,16.0,4,1.6,2800,0.008184,4.878704,0.007393,45.73432942953021,,Prefabs/Generic/CPU,Intel Xeon Platinum 8153 (8P)
CPU,Intel,Xeon Platinum 8100 (8P),Xeon Platinum 8156 (8P),Y,Y,7383,21200,16800,24,99,,,3700,32,LGA 3647-V3 (8P),840,Y,100,1.25,22002,19.7,2133,16.7,5768,17.09,0.0,16.0,4,1.6,3700,0.011233,4.878704,0.007393,-3.0139427181208127,,Prefabs/Generic/CPU,Intel Xeon Platinum 8156 (8P)
CPU,Intel,Xeon Platinum 8100 (8P),Xeon Platinum 8158 (8P),Y,Y,9884,24000,19600,25,25,,,3700,96,LGA 3647-V3 (8P),1200,Y,100,1.25,29456,19.7,2133,16.7,5768,17.09,0.0,16.0,4,1.6,3700,0.007803,4.878704,0.007393,34.69344453020134,,Prefabs/Generic/CPU,Intel Xeon Platinum 8158 (8P)
CPU,Intel,Xeon Platinum 8100 (8P),Xeon Platinum 8160 (8P),Y,Y,13593,34000,29600,25,50,,,3700,192,LGA 3647-V3 (8P),1200,Y,100,1.25,40509,19.7,2133,16.7,5768,17.09,0.0,16.0,4,1.6,3700,0.004293,4.878704,0.007558,84.41846630872482,,Prefabs/Generic/CPU,Intel Xeon Platinum 8160 (8P)
CPU,Intel,Xeon Platinum 8100 (8P),Xeon Platinum 8163 (8P),Y,Y,14416,37200,32800,25,70,,,3100,192,LGA 3647-V3 (8P),1320,Y,100,1.25,42960,19.7,2133,16.7,5768,17.09,0.0,16.0,4,1.6,3100,0.001268,4.878704,0.007558,104.59466496644298,,Prefabs/Generic/CPU,Intel Xeon Platinum 8163 (8P)
CPU,Intel,Xeon Platinum 8100 (8P),Xeon Platinum 8164 (8P),Y,Y,15657,42000,38000,25,90,,,3700,208,LGA 3647-V3 (8P),1200,Y,100,1.25,46659,19.7,2133,16.7,5768,17.09,0.0,16.0,4,1.6,3700,0.0076154,4.878704,0.007558,92.76106348993291,,Prefabs/Generic/CPU,Intel Xeon Platinum 8164 (8P)
CPU,Intel,Xeon Platinum 8100 (8P),Xeon Platinum 8168 (8P),Y,Y,15140,39600,35600,26,20,,,3700,192,LGA 3647-V3 (8P),1640,Y,100,1.25,45117,19.7,2133,16.7,5768,17.09,0.0,16.0,4,1.6,3700,0.0056474,4.878704,0.007658,94.65745577181208,,Prefabs/Generic/CPU,Intel Xeon Platinum 8168 (8P)
CPU,Intel,Xeon Platinum 8100 (8P),Xeon Platinum 8170 (8P),Y,Y,16256,45480,40536,26,50,,,3700,208,LGA 3647-V3 (8P),1320,Y,100,1.25,48443,19.7,2133,16.7,5768,17.09,0.0,16.0,4,1.6,3700,0.0042194,4.878704,0.007858,110.675345704698,,Prefabs/Generic/CPU,Intel Xeon Platinum 8170 (8P)
CPU,Intel,Xeon Platinum 8100 (8P),Xeon Platinum 8175 (8P),Y,Y,15011,41200,36560,26,85,,,3100,208,LGA 3647-V3 (8P),1920,Y,100,1.25,44734,19.7,2133,16.7,5768,17.09,0.0,16.0,4,1.6,3100,0.003327,4.878704,0.008358,102.45957805369126,,Prefabs/Generic/CPU,Intel Xeon Platinum 8175 (8P)
CPU,Intel,Xeon Platinum 8100 (8P),Xeon Platinum 8176 (8P),Y,Y,17036,47960,43088,27,1,,,3800,224,LGA 3647-V3 (8P),1320,Y,100,1.25,50767,19.7,2133,16.7,5768,17.09,0.0,16.0,4,1.6,3800,0.001811,4.878704,0.008558,125.70920255033559,,Prefabs/Generic/CPU,Intel Xeon Platinum 8176 (8P)
CPU,Intel,Xeon Platinum 8100 (8P),Xeon Platinum 8180 (8P),Y,Y,17446,51600,47088,27,35,,,3800,224,LGA 3647-V3 (8P),1640,Y,100,1.25,51989,19.7,2133,16.7,5768,17.09,0.0,16.0,4,1.6,3800,0.00561,4.978704,0.008888,114.27186959731543,,Prefabs/Generic/CPU,Intel Xeon Platinum 8180 (8P)
CPU,Intel,Xeon Platinum 8200,Xeon Platinum 8253,Y,Y,4228,3575,3100,32,85,,,4000,16,LGA 3647-V3,125,Y,100,1.25,12600,19.7,2933,16.7,5768,17.09,1.0,2.0,4,1.65,4500,0.017779,5.278704,0.008555,-75.03739610067115,,Prefabs/Generic/CPU,Intel Xeon Platinum 8253
CPU,Intel,Xeon Platinum 8200,Xeon Platinum 8256,Y,Y,3065,2835,2425,33,10,,,3900,4,LGA 3647-V3,105,Y,100,1.25,9135,19.7,2933,16.7,5768,17.09,1.0,2.0,4,1.65,5800,0.012537,5.278704,0.008555,-64.44656858389261,,Prefabs/Generic/CPU,Intel Xeon Platinum 8256
CPU,Intel,Xeon Platinum 8200,Xeon Platinum 8260,Y,Y,5464,4400,3976,33,40,,,3900,24,LGA 3647-V3,165,Y,100,1.25,16285,19.7,2933,16.7,5768,17.09,1.0,2.0,4,1.65,4600,0.003517,5.278704,0.009055,-6.741779993288592,,Prefabs/Generic/CPU,Intel Xeon Platinum 8260
CPU,Intel,Xeon Platinum 8200,Xeon Platinum 8268,Y,Y,6035,4999,4439,33,65,,,3900,24,LGA 3647-V3,205,Y,100,1.25,17986,19.7,2933,16.7,5768,17.09,1.0,2.0,4,1.65,4800,0.003355,5.278704,0.009055,-0.4019263020134254,,Prefabs/Generic/CPU,Intel Xeon Platinum 8268
CPU,Intel,Xeon Platinum 8200,Xeon Platinum 8270,Y,Y,6485,5835,5339,33,90,,,4000,26,LGA 3647-V3,205,Y,100,1.25,19327,19.7,2933,16.7,5768,17.09,1.0,2.0,4,1.65,4700,0.003383,5.378704,0.010055,0.3175736979865853,,Prefabs/Generic/CPU,Intel Xeon Platinum 8270
CPU,Intel,Xeon Platinum 8200,Xeon Platinum 8276,Y,Y,6793,6175,5650,34,15,,,3900,28,LGA 3647-V3,165,Y,100,1.25,20245,19.7,2933,16.7,5768,17.09,1.0,2.0,4,1.65,4900,0.008525,5.378704,0.010055,-16.317389389261745,,Prefabs/Generic/CPU,Intel Xeon Platinum 8276
CPU,Intel,Xeon Platinum 8200,Xeon Platinum 8280,Y,Y,6995,6585,6065,34,40,,,4000,28,LGA 3647-V3,205,Y,100,1.25,20847,19.7,2933,16.7,5768,17.09,1.0,2.0,4,1.65,5100,0.007683,5.578704,0.011055,-15.514755161073822,,Prefabs/Generic/CPU,Intel Xeon Platinum 8280
CPU,Intel,Xeon Platinum 8200,Xeon Platinum 8284,Y,Y,7167,7035,6485,34,65,,,4000,28,LGA 3647-V3,205,Y,100,1.25,21360,19.7,2933,16.7,5768,17.09,1.0,2.0,4,1.65,5300,0.010914,5.878704,0.013655,-35.54307865100671,,Prefabs/Generic/CPU,Intel Xeon Platinum 8284
CPU,Intel,Xeon Platinum 8200 (2P),Xeon Platinum 8253 (2P),Y,Y,6418,7150,6200,33,85,,,4000,32,LGA 3647-V3 (2P),250,Y,100,1.25,19126,19.7,2933,16.7,5768,17.09,1.0,4.0,4,1.65,4300,0.017779,5.278704,0.008555,-53.13873838255034,,Prefabs/Generic/CPU,Intel Xeon Platinum 8253 (2P)
CPU,Intel,Xeon Platinum 8200 (2P),Xeon Platinum 8256 (2P),Y,Y,4653,5670,4850,34,10,,,3900,8,LGA 3647-V3 (2P),210,Y,100,1.25,13866,19.7,2933,16.7,5768,17.09,1.0,4.0,4,1.65,5600,0.012537,5.278704,0.008555,-48.567608852349,,Prefabs/Generic/CPU,Intel Xeon Platinum 8256 (2P)
CPU,Intel,Xeon Platinum 8200 (2P),Xeon Platinum 8260 (2P),Y,Y,8295,8800,7952,34,40,,,3900,48,LGA 3647-V3 (2P),330,Y,100,1.25,24720,19.7,2933,16.7,5768,17.09,1.0,4.0,4,1.65,4400,0.003517,5.278704,0.009055,21.565703228187907,,Prefabs/Generic/CPU,Intel Xeon Platinum 8260 (2P)
CPU,Intel,Xeon Platinum 8200 (2P),Xeon Platinum 8268 (2P),Y,Y,9161,9998,8878,34,65,,,3900,48,LGA 3647-V3 (2P),410,Y,100,1.25,27302,19.7,2933,16.7,5768,17.09,1.0,4.0,4,1.65,4600,0.003355,5.278704,0.009055,30.862328731543606,,Prefabs/Generic/CPU,Intel Xeon Platinum 8268 (2P)
CPU,Intel,Xeon Platinum 8200 (2P),Xeon Platinum 8270 (2P),Y,Y,9845,11670,10678,34,90,,,4000,52,LGA 3647-V3 (2P),410,Y,100,1.25,29338,19.7,2933,16.7,5768,17.09,1.0,4.0,4,1.65,4500,0.003383,5.378704,0.010055,33.91282873154363,,Prefabs/Generic/CPU,Intel Xeon Platinum 8270 (2P)
CPU,Intel,Xeon Platinum 8200 (2P),Xeon Platinum 8276 (2P),Y,Y,10312,12350,11300,35,15,,,3900,56,LGA 3647-V3 (2P),330,Y,100,1.25,30731,19.7,2933,16.7,5768,17.09,1.0,4.0,4,1.65,4700,0.008525,5.378704,0.010055,18.87358376510069,,Prefabs/Generic/CPU,Intel Xeon Platinum 8276 (2P)
CPU,Intel,Xeon Platinum 8200 (2P),Xeon Platinum 8280 (2P),Y,Y,10619,13170,12130,35,40,,,4000,56,LGA 3647-V3 (2P),410,Y,100,1.25,31645,19.7,2933,16.7,5768,17.09,1.0,4.0,4,1.65,4900,0.007683,5.578704,0.011055,20.722647523489925,,Prefabs/Generic/CPU,Intel Xeon Platinum 8280 (2P)
CPU,Intel,Xeon Platinum 8200 (2P),Xeon Platinum 8284 (2P),Y,Y,10880,14070,12970,35,65,,,4000,56,LGA 3647-V3 (2P),410,Y,100,1.25,32424,19.7,2933,16.7,5768,17.09,1.0,4.0,4,1.65,5100,0.010914,5.878704,0.013655,1.586048865771808,,Prefabs/Generic/CPU,Intel Xeon Platinum 8284 (2P)
CPU,Intel,Xeon Platinum 8200 (4P),Xeon Platinum 8253 (4P),Y,Y,9159,14300,12400,34,85,,,4000,64,LGA 3647-V3 (4P),500,Y,100,1.25,27294,19.7,2933,16.7,5768,17.09,0.0,8.0,4,1.65,4000,0.017779,5.278704,0.008555,-25.73162428859061,,Prefabs/Generic/CPU,Intel Xeon Platinum 8253 (4P)
CPU,Intel,Xeon Platinum 8200 (4P),Xeon Platinum 8256 (4P),Y,Y,6640,11340,9700,35,10,,,3900,16,LGA 3647-V3 (4P),420,Y,100,1.25,19788,19.7,2933,16.7,5768,17.09,0.0,8.0,4,1.65,3900,0.012537,5.278704,0.008555,-28.697451134228203,,Prefabs/Generic/CPU,Intel Xeon Platinum 8256 (4P)
CPU,Intel,Xeon Platinum 8200 (4P),Xeon Platinum 8260 (4P),Y,Y,11837,17600,15904,35,40,,,3900,96,LGA 3647-V3 (4P),660,Y,100,1.25,35276,19.7,2933,16.7,5768,17.09,0.0,8.0,4,1.65,3900,0.003517,5.278704,0.009055,56.98831061073823,,Prefabs/Generic/CPU,Intel Xeon Platinum 8260 (4P)
CPU,Intel,Xeon Platinum 8200 (4P),Xeon Platinum 8268 (4P),Y,Y,13074,19996,17756,35,65,,,3900,96,LGA 3647-V3 (4P),820,Y,100,1.25,38961,19.7,2933,16.7,5768,17.09,0.0,8.0,4,1.65,3900,0.003355,5.278704,0.009055,69.98489651677852,,Prefabs/Generic/CPU,Intel Xeon Platinum 8268 (4P)
CPU,Intel,Xeon Platinum 8200 (4P),Xeon Platinum 8270 (4P),Y,Y,14049,23340,21356,35,90,,,4000,104,LGA 3647-V3 (4P),820,Y,100,1.25,41866,19.7,2933,16.7,5768,17.09,0.0,8.0,4,1.65,4000,0.003383,5.378704,0.010055,75.95229651677855,,Prefabs/Generic/CPU,Intel Xeon Platinum 8270 (4P)
CPU,Intel,Xeon Platinum 8200 (4P),Xeon Platinum 8276 (4P),Y,Y,14716,24700,22600,36,15,,,3900,112,LGA 3647-V3 (4P),660,Y,100,1.25,43854,19.7,2933,16.7,5768,17.09,0.0,8.0,4,1.65,3900,0.008525,5.378704,0.010055,62.909855577181204,,Prefabs/Generic/CPU,Intel Xeon Platinum 8276 (4P)
CPU,Intel,Xeon Platinum 8200 (4P),Xeon Platinum 8280 (4P),Y,Y,15153,26340,24260,36,40,,,4000,112,LGA 3647-V3 (4P),820,Y,100,1.25,45158,19.7,2933,16.7,5768,17.09,0.0,8.0,4,1.65,4000,0.007683,5.578704,0.011055,66.06837034228187,,Prefabs/Generic/CPU,Intel Xeon Platinum 8280 (4P)
CPU,Intel,Xeon Platinum 8200 (4P),Xeon Platinum 8284 (4P),Y,Y,15526,28140,25940,36,65,,,4000,112,LGA 3647-V3 (4P),820,Y,100,1.25,46270,19.7,2933,16.7,5768,17.09,0.0,8.0,4,1.65,4000,0.010914,5.878704,0.013655,48.04763275838926,,Prefabs/Generic/CPU,Intel Xeon Platinum 8284 (4P)
CPU,Intel,Xeon Platinum 8200 (8P),Xeon Platinum 8253 (8P),Y,Y,10952,28600,24800,34,85,,,4000,128,LGA 3647-V3 (8P),1000,Y,100,1.25,32637,19.7,2933,16.7,5768,17.09,0.0,16.0,4,1.65,4000,0.017779,5.278704,0.008555,-7.79987932214766,,Prefabs/Generic/CPU,Intel Xeon Platinum 8253 (8P)
CPU,Intel,Xeon Platinum 8200 (8P),Xeon Platinum 8256 (8P),Y,Y,7940,22680,19400,35,10,,,3900,32,LGA 3647-V3 (8P),840,Y,100,1.25,23662,19.7,2933,16.7,5768,17.09,0.0,16.0,4,1.65,3900,0.012537,5.278704,0.008555,-15.696936033557051,,Prefabs/Generic/CPU,Intel Xeon Platinum 8256 (8P)
CPU,Intel,Xeon Platinum 8200 (8P),Xeon Platinum 8260 (8P),Y,Y,14155,35200,31808,35,40,,,3900,192,LGA 3647-V3 (8P),1320,Y,100,1.25,42183,19.7,2933,16.7,5768,17.09,0.0,16.0,4,1.65,3900,0.003517,5.278704,0.009055,80.16437940268455,,Prefabs/Generic/CPU,Intel Xeon Platinum 8260 (8P)
CPU,Intel,Xeon Platinum 8200 (8P),Xeon Platinum 8268 (8P),Y,Y,15633,39992,35512,35,65,,,3900,192,LGA 3647-V3 (8P),1640,Y,100,1.25,46589,19.7,2933,16.7,5768,17.09,0.0,16.0,4,1.65,3900,0.003355,5.278704,0.009055,95.58175087919463,,Prefabs/Generic/CPU,Intel Xeon Platinum 8268 (8P)
CPU,Intel,Xeon Platinum 8200 (8P),Xeon Platinum 8270 (8P),Y,Y,16799,46680,42712,35,90,,,4000,208,LGA 3647-V3 (8P),1640,Y,100,1.25,50062,19.7,2933,16.7,5768,17.09,0.0,16.0,4,1.65,4000,0.003383,5.378704,0.010055,103.45760087919463,,Prefabs/Generic/CPU,Intel Xeon Platinum 8270 (8P)
CPU,Intel,Xeon Platinum 8200 (8P),Xeon Platinum 8276 (8P),Y,Y,17597,49400,45200,36,15,,,3900,224,LGA 3647-V3 (8P),1320,Y,100,1.25,52440,19.7,2933,16.7,5768,17.09,0.0,16.0,4,1.65,3900,0.008525,5.378704,0.010055,91.72161564429531,,Prefabs/Generic/CPU,Intel Xeon Platinum 8276 (8P)
CPU,Intel,Xeon Platinum 8200 (8P),Xeon Platinum 8280 (8P),Y,Y,18120,52680,48520,36,40,,,4000,224,LGA 3647-V3 (8P),1640,Y,100,1.25,53999,19.7,2933,16.7,5768,17.09,0.0,16.0,4,1.65,4000,0.007683,5.578704,0.011055,95.73686933557047,,Prefabs/Generic/CPU,Intel Xeon Platinum 8280 (8P)
CPU,Intel,Xeon Platinum 8200 (8P),Xeon Platinum 8284 (8P),Y,Y,18566,56280,51880,36,65,,,4000,224,LGA 3647-V3 (8P),1640,Y,100,1.25,55328,19.7,2933,16.7,5768,17.09,0.0,16.0,4,1.65,4000,0.010914,5.878704,0.013655,78.44620993959731,,Prefabs/Generic/CPU,Intel Xeon Platinum 8284 (8P)
CPU,Intel,Xeon Platinum 8300,Xeon Platinum 8358,Y,Y,7422,10999,9999,38,1,,,3400,32,LGA 4189,250,Y,100,1.25,22118,19.7,2933,16.7,5768,17.09,1.0,2.0,4,1.75,4800,0.040374,7.778704,0.020859,-155.34103078523492,,Prefabs/Generic/CPU,Intel Xeon Platinum 8358
CPU,Intel,Xeon Platinum 8300,Xeon Platinum 8362,Y,Y,7756,11199,10299,38,35,,,3600,32,LGA 4189,265,Y,100,1.25,23115,19.7,2933,16.7,5768,17.09,1.0,2.0,4,1.75,4900,0.044186,7.878704,0.020859,-174.19674890604028,,Prefabs/Generic/CPU,Intel Xeon Platinum 8362
CPU,Intel,Xeon Platinum 8300,Xeon Platinum 8368,Y,Y,9328,11599,10699,38,75,,,3400,38,LGA 4189,270,Y,100,1.25,27799,19.7,2933,16.7,5768,17.09,1.0,2.0,4,1.75,4600,0.072499,7.978704,0.020859,-246.30227239597315,,Prefabs/Generic/CPU,Intel Xeon Platinum 8368
CPU,Intel,Xeon Platinum 8300,Xeon Platinum 8380,Y,Y,9753,12399,11599,38,95,,,3400,40,LGA 4189,270,Y,100,1.25,29064,19.7,2933,16.7,5768,17.09,1.0,2.0,4,1.75,4600,0.077761,8.278704,0.021859,-264.0844616577181,,Prefabs/Generic/CPU,Intel Xeon Platinum 8380
CPU,Intel,Xeon Platinum 8300 (2P),Xeon Platinum 8358 (2P),Y,Y,11266,21998,19998,39,1,,,3400,64,LGA 4189 (2P),500,Y,100,1.25,33575,19.7,2933,16.7,5768,17.09,1.0,4.0,4,1.75,4600,0.040374,7.778704,0.020859,-116.89766165771812,,Prefabs/Generic/CPU,Intel Xeon Platinum 8358 (2P)
CPU,Intel,Xeon Platinum 8300 (2P),Xeon Platinum 8362 (2P),Y,Y,11774,22398,20598,39,35,,,3600,64,LGA 4189 (2P),530,Y,100,1.25,35088,19.7,2933,16.7,5768,17.09,1.0,4.0,4,1.75,4700,0.044186,7.878704,0.020859,-134.01698380536914,,Prefabs/Generic/CPU,Intel Xeon Platinum 8362 (2P)
CPU,Intel,Xeon Platinum 8300 (2P),Xeon Platinum 8368 (2P),Y,Y,14160,23198,21398,39,75,,,3400,76,LGA 4189 (2P),540,Y,100,1.25,42198,19.7,2933,16.7,5768,17.09,1.0,4.0,4,1.75,4400,0.072499,7.978704,0.020859,-197.98387642281875,,Prefabs/Generic/CPU,Intel Xeon Platinum 8368 (2P)
CPU,Intel,Xeon Platinum 8300 (2P),Xeon Platinum 8380 (2P),Y,Y,14805,24798,23198,39,95,,,3400,80,LGA 4189 (2P),540,Y,100,1.25,44119,19.7,2933,16.7,5768,17.09,1.0,4.0,4,1.75,4400,0.077761,8.278704,0.021859,-213.5638173624161,,Prefabs/Generic/CPU,Intel Xeon Platinum 8380 (2P)
CPU,Intel,Xeon Platinum 9200,Xeon Platinum 9221,Y,Y,7838,16000,13485,28,15,,,3700,32,LGA 5903,250,Y,100,1.35,23359,19.7,2933,16.7,5768,17.09,1.0,3.0,4,1.75,4800,0.023914,5.878704,0.017655,-85.38946925503356,,Prefabs/Generic/CPU,Intel Xeon Platinum 9221
CPU,Intel,Xeon Platinum 9200,Xeon Platinum 9222,Y,Y,7773,17500,14685,28,95,,,3700,32,LGA 5903,250,Y,100,1.35,23166,19.7,2933,16.7,5768,17.09,1.0,3.0,4,1.75,5000,0.034514,5.878704,0.017655,-125.26047596644295,,Prefabs/Generic/CPU,Intel Xeon Platinum 9222
CPU,Intel,Xeon Platinum 9200,Xeon Platinum 9242,Y,Y,8868,20000,17185,29,65,,,3800,48,LGA 5903,350,Y,100,1.35,26428,19.7,2933,16.7,5768,17.09,1.0,4.0,4,1.75,5000,0.043914,5.878704,0.017655,-153.48221153691276,,Prefabs/Generic/CPU,Intel Xeon Platinum 9242
CPU,Intel,Xeon Platinum 9200,Xeon Platinum 9282,Y,Y,9531,24500,21695,30,85,,,3800,56,LGA 5903,400,Y,100,1.35,28404,19.7,2933,16.7,5768,17.09,1.0,4.0,4,1.75,5200,0.057014,5.878704,0.017655,-196.63469475838926,,Prefabs/Generic/CPU,Intel Xeon Platinum 9282
CPU,Intel,Xeon Platinum 9200 (2P),Xeon Platinum 9221 (2P),Y,Y,11898,32000,26970,29,15,,,3700,64,LGA 5903 (2P),500,Y,100,1.35,35458,19.7,2933,16.7,5768,17.09,1.0,6.0,4,1.75,4600,0.023914,5.878704,0.017655,-44.7889256308725,,Prefabs/Generic/CPU,Intel Xeon Platinum 9221 (2P)
CPU,Intel,Xeon Platinum 9200 (2P),Xeon Platinum 9222 (2P),Y,Y,11800,35000,29370,29,95,,,3700,64,LGA 5903 (2P),500,Y,100,1.35,35165,19.7,2933,16.7,5768,17.09,1.0,6.0,4,1.75,4800,0.034514,5.878704,0.017655,-84.99205985906042,,Prefabs/Generic/CPU,Intel Xeon Platinum 9222 (2P)
CPU,Intel,Xeon Platinum 9200 (2P),Xeon Platinum 9242 (2P),Y,Y,13462,40000,34370,30,65,,,3800,96,LGA 5903 (2P),700,Y,100,1.35,40117,19.7,2933,16.7,5768,17.09,1.0,8.0,4,1.75,4800,0.043914,5.878704,0.017655,-107.5469632147651,,Prefabs/Generic/CPU,Intel Xeon Platinum 9242 (2P)
CPU,Intel,Xeon Platinum 9200 (2P),Xeon Platinum 9282 (2P),Y,Y,14468,49000,43390,31,85,,,3800,112,LGA 5903 (2P),800,Y,100,1.35,43117,19.7,2933,16.7,5768,17.09,1.0,8.0,4,1.75,5000,0.057014,5.878704,0.017655,-147.2612987852349,,Prefabs/Generic/CPU,Intel Xeon Platinum 9282 (2P)
CPU,Intel,Xeon Platinum 9300,Xeon Platinum 9321,Y,Y,9155,22350,18365,32,35,,,3900,48,LGA 5903,300,Y,100,1.35,27284,19.7,2933,16.7,5768,17.09,1.0,4.0,4,1.8,5000,0.056777,8.278704,0.030859,-253.49751602013424,,Prefabs/Generic/CPU,Intel Xeon Platinum 9321
CPU,Intel,Xeon Platinum 9300,Xeon Platinum 9322,Y,Y,9295,22350,18365,33,65,,,4000,48,LGA 5903,325,Y,100,1.35,27700,19.7,2933,16.7,5768,17.09,1.0,4.0,4,1.8,5100,0.056777,8.278704,0.030859,-257.7775160201342,,Prefabs/Generic/CPU,Intel Xeon Platinum 9322
CPU,Intel,Xeon Platinum 9300,Xeon Platinum 9342,Y,Y,10088,25500,20585,34,85,,,4000,56,LGA 5903,450,Y,100,1.35,30063,19.7,2933,16.7,5768,17.09,1.0,4.0,4,1.8,4800,0.103977,8.278704,0.030859,-438.64971266442956,,Prefabs/Generic/CPU,Intel Xeon Platinum 9342
CPU,Intel,Xeon Platinum 9300,Xeon Platinum 9382,Y,Y,10492,28650,23735,35,65,,,3800,64,LGA 5903,525,Y,100,1.35,31268,19.7,2933,16.7,5768,17.09,1.0,4.0,4,1.8,4800,0.097699,8.278704,0.030859,-389.9542885033557,,Prefabs/Generic/CPU,Intel Xeon Platinum 9382
CPU,Intel,Xeon Platinum 9300,Xeon Platinum 9384,Y,Y,12080,31500,26535,36,95,,,4100,64,LGA 5903,575,Y,100,1.35,35999,19.7,2933,16.7,5768,17.09,1.0,4.0,4,1.8,5200,0.094229,8.278704,0.033859,-397.95779387248325,,Prefabs/Generic/CPU,Intel Xeon Platinum 9384
CPU,Intel,Xeon Platinum 9300 (2P),Xeon Platinum 9321 (2P),Y,Y,13898,44700,36730,33,35,,,3900,96,LGA 5903 (2P),600,Y,100,1.35,41417,19.7,2933,16.7,5768,17.09,1.0,8.0,4,1.8,4800,0.056777,8.278704,0.030859,-206.07096568456376,,Prefabs/Generic/CPU,Intel Xeon Platinum 9321 (2P)
CPU,Intel,Xeon Platinum 9300 (2P),Xeon Platinum 9322 (2P),Y,Y,14110,44700,36730,34,65,,,4000,96,LGA 5903 (2P),650,Y,100,1.35,42048,19.7,2933,16.7,5768,17.09,1.0,8.0,4,1.8,4900,0.056777,8.278704,0.030859,-209.62957843624162,,Prefabs/Generic/CPU,Intel Xeon Platinum 9322 (2P)
CPU,Intel,Xeon Platinum 9300 (2P),Xeon Platinum 9342 (2P),Y,Y,15313,51000,41170,35,85,,,4000,112,LGA 5903 (2P),900,Y,100,1.35,45635,19.7,2933,16.7,5768,17.09,1.0,8.0,4,1.8,4600,0.103977,8.278704,0.030859,-386.39255159060406,,Prefabs/Generic/CPU,Intel Xeon Platinum 9342 (2P)
CPU,Intel,Xeon Platinum 9300 (2P),Xeon Platinum 9382 (2P),Y,Y,15927,57300,47470,36,65,,,3800,128,LGA 5903 (2P),1050,Y,100,1.35,47464,19.7,2933,16.7,5768,17.09,1.0,8.0,4,1.8,4600,0.097699,8.278704,0.030859,-335.60253011409395,,Prefabs/Generic/CPU,Intel Xeon Platinum 9382 (2P)
CPU,Intel,Xeon Platinum 9300 (2P),Xeon Platinum 9384 (2P),Y,Y,18337,63000,53070,37,95,,,4100,128,LGA 5903 (2P),1150,Y,100,1.35,54646,19.7,2933,16.7,5768,17.09,1.0,8.0,4,1.8,5000,0.094229,8.278704,0.033859,-335.384706624161,,Prefabs/Generic/CPU,Intel Xeon Platinum 9384 (2P)
CPU,Intel,Xeon Silver 4100,Xeon Silver 4108,Y,Y,2255,750,517,15,55,,,3000,8,LGA 3647-V3,85,Y,100,1.25,6721,19.7,2133,16.7,5768,17.09,1.0,2.0,4,1.6,3700,0.01453,2.678704,0.004513,-41.377353724832204,,Prefabs/Generic/CPU,Intel Xeon Silver 4108
CPU,Intel,Xeon Silver 4100,Xeon Silver 4110,Y,Y,2317,825,568,15,85,,,3000,8,LGA 3647-V3,85,Y,100,1.25,6905,19.7,2133,16.7,5768,17.09,1.0,2.0,4,1.6,4000,0.01207,2.678704,0.004513,-33.37990406040268,,Prefabs/Generic/CPU,Intel Xeon Silver 4110
CPU,Intel,Xeon Silver 4100,Xeon Silver 4112,Y,Y,1884,799,528,16,15,,,3000,4,LGA 3647-V3,85,Y,100,1.25,5617,19.7,2133,16.7,5768,17.09,1.0,2.0,4,1.6,4200,0.01197,2.678704,0.005013,-38.46855171140939,,Prefabs/Generic/CPU,Intel Xeon Silver 4112
CPU,Intel,Xeon Silver 4100,Xeon Silver 4114,Y,Y,2453,885,588,16,40,,,3000,10,LGA 3647-V3,85,Y,100,1.25,7312,19.7,2133,16.7,5768,17.09,1.0,2.0,4,1.6,3700,0.01373,2.678704,0.005013,-38.06063224832214,,Prefabs/Generic/CPU,Intel Xeon Silver 4114
CPU,Intel,Xeon Silver 4100,Xeon Silver 4116,Y,Y,2685,945,638,16,75,,,3000,12,LGA 3647-V3,85,Y,100,1.25,8003,19.7,2133,16.7,5768,17.09,1.0,2.0,4,1.6,3600,0.01373,2.678704,0.005013,-35.74063224832214,,Prefabs/Generic/CPU,Intel Xeon Silver 4116
CPU,Intel,Xeon Silver 4100 (2P),Xeon Silver 4108 (2P),Y,Y,3423,1500,1034,16,55,,,3000,16,LGA 3647-V3 (2P),170,Y,100,1.25,10202,19.7,2133,16.7,5768,17.09,1.0,4.0,4,1.6,3500,0.01453,2.678704,0.004513,-29.694541644295295,,Prefabs/Generic/CPU,Intel Xeon Silver 4108 (2P)
CPU,Intel,Xeon Silver 4100 (2P),Xeon Silver 4110 (2P),Y,Y,3517,1650,1136,16,85,,,3000,16,LGA 3647-V3 (2P),170,Y,100,1.25,10481,19.7,2133,16.7,5768,17.09,1.0,4.0,4,1.6,3800,0.01207,2.678704,0.004513,-21.377253053691277,,Prefabs/Generic/CPU,Intel Xeon Silver 4110 (2P)
CPU,Intel,Xeon Silver 4100 (2P),Xeon Silver 4112 (2P),Y,Y,2861,1598,1056,17,15,,,3000,8,LGA 3647-V3 (2P),170,Y,100,1.25,8526,19.7,2133,16.7,5768,17.09,1.0,4.0,4,1.6,4000,0.01197,2.678704,0.005013,-28.704773187919464,,Prefabs/Generic/CPU,Intel Xeon Silver 4112 (2P)
CPU,Intel,Xeon Silver 4100 (2P),Xeon Silver 4114 (2P),Y,Y,3724,1770,1176,17,40,,,3000,20,LGA 3647-V3 (2P),170,Y,100,1.25,11099,19.7,2133,16.7,5768,17.09,1.0,4.0,4,1.6,3500,0.01373,2.678704,0.005013,-25.350511442953014,,Prefabs/Generic/CPU,Intel Xeon Silver 4114 (2P)
CPU,Intel,Xeon Silver 4100 (2P),Xeon Silver 4116 (2P),Y,Y,4076,1890,1276,17,75,,,3000,24,LGA 3647-V3 (2P),170,Y,100,1.25,12148,19.7,2133,16.7,5768,17.09,1.0,4.0,4,1.6,3400,0.01373,2.678704,0.005013,-21.830585268456375,,Prefabs/Generic/CPU,Intel Xeon Silver 4116 (2P)
CPU,Intel,Xeon Silver 4200,Xeon Silver 4208,Y,Y,2727,900,690,26,25,,,3200,8,LGA 3647-V3,85,Y,100,1.25,8128,19.7,2933,16.7,5768,17.09,1.0,2.0,4,1.65,3800,0.00809,3.678704,0.005513,-29.4972772147651,,Prefabs/Generic/CPU,Intel Xeon Silver 4208
CPU,Intel,Xeon Silver 4200,Xeon Silver 4210,Y,Y,2792,975,775,26,50,,,3200,10,LGA 3647-V3,85,Y,100,1.25,8322,19.7,2933,16.7,5768,17.09,1.0,2.0,4,1.65,3800,0.00875,3.678704,0.005513,-30.958270503355706,,Prefabs/Generic/CPU,Intel Xeon Silver 4210
CPU,Intel,Xeon Silver 4200,Xeon Silver 4214,Y,Y,3085,1095,888,26,85,,,3200,12,LGA 3647-V3,85,Y,100,1.25,9195,19.7,2933,16.7,5768,17.09,1.0,2.0,4,1.65,3700,0.00778,3.678704,0.005513,-24.92474030201342,,Prefabs/Generic/CPU,Intel Xeon Silver 4214
CPU,Intel,Xeon Silver 4200,Xeon Silver 4215,Y,Y,2553,999,785,27,25,,,3200,8,LGA 3647-V3,85,Y,100,1.25,7609,19.7,2933,16.7,5768,17.09,1.0,2.0,4,1.65,4000,0.00997,3.678704,0.005513,-37.25488795302014,,Prefabs/Generic/CPU,Intel Xeon Silver 4215
CPU,Intel,Xeon Silver 4200,Xeon Silver 4216,Y,Y,3221,1199,935,27,60,,,3200,16,LGA 3647-V3,100,Y,100,1.25,9599,19.7,2933,16.7,5768,17.09,1.0,2.0,4,1.65,3700,0.028537,3.778704,0.005513,-90.39143560402684,,Prefabs/Generic/CPU,Intel Xeon Silver 4216
CPU,Intel,Xeon Silver 4200 (2P),Xeon Silver 4208 (2P),Y,Y,4140,1800,1380,27,25,,,3200,16,LGA 3647-V3 (2P),170,Y,100,1.25,12338,19.7,2933,16.7,5768,17.09,1.0,4.0,4,1.65,3600,0.00809,3.678704,0.005513,-15.368740302013423,,Prefabs/Generic/CPU,Intel Xeon Silver 4208 (2P)
CPU,Intel,Xeon Silver 4200 (2P),Xeon Silver 4210 (2P),Y,Y,4239,1950,1550,27,50,,,3200,20,LGA 3647-V3 (2P),170,Y,100,1.25,12632,19.7,2933,16.7,5768,17.09,1.0,4.0,4,1.65,3600,0.00875,3.678704,0.005513,-16.492512114093962,,Prefabs/Generic/CPU,Intel Xeon Silver 4210 (2P)
CPU,Intel,Xeon Silver 4200 (2P),Xeon Silver 4214 (2P),Y,Y,4683,2190,1776,27,85,,,3200,24,LGA 3647-V3 (2P),170,Y,100,1.25,13958,19.7,2933,16.7,5768,17.09,1.0,4.0,4,1.65,3500,0.00778,3.678704,0.005513,-8.941485268456374,,Prefabs/Generic/CPU,Intel Xeon Silver 4214 (2P)
CPU,Intel,Xeon Silver 4200 (2P),Xeon Silver 4215 (2P),Y,Y,3875,1998,1570,28,25,,,3200,16,LGA 3647-V3 (2P),170,Y,100,1.25,11550,19.7,2933,16.7,5768,17.09,1.0,4.0,4,1.65,3800,0.00997,3.678704,0.005513,-24.028505402684566,,Prefabs/Generic/CPU,Intel Xeon Silver 4215 (2P)
CPU,Intel,Xeon Silver 4200 (2P),Xeon Silver 4216 (2P),Y,Y,4889,2398,1870,28,60,,,3200,32,LGA 3647-V3 (2P),200,Y,100,1.25,14571,19.7,2933,16.7,5768,17.09,1.0,4.0,4,1.65,3500,0.028537,3.778704,0.005513,-73.70592553691274,,Prefabs/Generic/CPU,Intel Xeon Silver 4216 (2P)
CPU,Intel,Xeon Silver 4300,Xeon Silver 4309Y,Y,Y,4326,1499,988,35,1,,,3600,8,LGA 4189,105,Y,100,1.25,12894,19.7,2933,16.7,5768,17.09,1.0,2.0,4,1.75,4400,0.020004,6.078704,0.017333,-103.89844862416109,,Prefabs/Generic/CPU,Intel Xeon Silver 4309Y
CPU,Intel,Xeon Silver 4300,Xeon Silver 4310,Y,Y,4695,1699,1188,35,35,,,3300,12,LGA 4189,120,Y,100,1.25,13993,19.7,2933,16.7,5768,17.09,1.0,2.0,4,1.75,4200,0.016258,6.078704,0.017333,-81.84752916107382,,Prefabs/Generic/CPU,Intel Xeon Silver 4310
CPU,Intel,Xeon Silver 4300,Xeon Silver 4314,Y,Y,4919,1699,1188,35,55,,,3400,16,LGA 4189,135,Y,100,1.25,14659,19.7,2933,16.7,5768,17.09,1.0,2.0,4,1.75,4300,0.016158,6.078704,0.017333,-80.89842983221476,,Prefabs/Generic/CPU,Intel Xeon Silver 4314
CPU,Intel,Xeon Silver 4300,Xeon Silver 4316,Y,Y,5184,1699,1188,35,80,,,3400,20,LGA 4189,150,Y,100,1.25,15451,19.7,2933,16.7,5768,17.09,1.0,2.0,4,1.75,4400,0.013875,6.078704,0.017333,-70.4785117114094,,Prefabs/Generic/CPU,Intel Xeon Silver 4316
CPU,Intel,Xeon Silver 4300 (2P),Xeon Silver 4309Y (2P),Y,Y,6568,2998,1976,36,1,,,3600,16,LGA 4189 (2P),210,Y,100,1.25,19573,19.7,2933,16.7,5768,17.09,1.0,4.0,4,1.75,4200,0.020004,6.078704,0.017333,-81.48538822147653,,Prefabs/Generic/CPU,Intel Xeon Silver 4309Y (2P)
CPU,Intel,Xeon Silver 4300 (2P),Xeon Silver 4310 (2P),Y,Y,7127,3398,2376,36,35,,,3300,24,LGA 4189 (2P),240,Y,100,1.25,21241,19.7,2933,16.7,5768,17.09,1.0,4.0,4,1.75,4000,0.016258,6.078704,0.017333,-57.52412647651007,,Prefabs/Generic/CPU,Intel Xeon Silver 4310 (2P)
CPU,Intel,Xeon Silver 4300 (2P),Xeon Silver 4314 (2P),Y,Y,7467,3398,2376,36,55,,,3400,32,LGA 4189 (2P),270,Y,100,1.25,22252,19.7,2933,16.7,5768,17.09,1.0,4.0,4,1.75,4100,0.016158,6.078704,0.017333,-55.41734929530201,,Prefabs/Generic/CPU,Intel Xeon Silver 4314 (2P)
CPU,Intel,Xeon Silver 4300 (2P),Xeon Silver 4316 (2P),Y,Y,7870,3398,2376,36,80,,,3400,40,LGA 4189 (2P),300,Y,100,1.25,23454,19.7,2933,16.7,5768,17.09,1.0,4.0,4,1.75,4200,0.013875,6.078704,0.017333,-43.62073318791947,,Prefabs/Generic/CPU,Intel Xeon Silver 4316 (2P)
CPU,Silicon Lottery,AMD Ryzen 7,AMD Ryzen 7 Eight Core 1800X,Y,Y,2901,470,223,7,80,,,4375,8,AM4,161,Y,100,1.4,8645,22.1,2666,4.4,8393,2.69,0.25,3.0,2,1.6,4475,0.004223,3.73659,0.002741,-4.2461,,Prefabs/CPU/AMD/Ryzen_7_EightCore_1800X,Silicon Lottery AMD Ryzen 7 Eight Core 1800X
CPU,Silicon Lottery,AMD Ryzen 7,AMD Ryzen 7 Eight Core 1800X (Delidded),Y,Y,2901,570,323,7,80,,,4375,8,AM4,161,Y,105,1.4,8645,22.1,2666,4.4,8393,2.69,0.25,4.0,2,1.6,4475,0.004223,3.73659,0.002741,-4.2461,,Prefabs/CPU/AMD/Ryzen_7_EightCore_1800X,Silicon Lottery AMD Ryzen 7 Eight Core 1800X (Delidded)
CPU,Silicon Lottery,AMD Ryzen 7,AMD Ryzen 7 Eight Core 2700X,Y,Y,2970,490,230,18,66,,,4600,8,AM4,178,Y,100,1.4,8851,22.5,2933,1.1,8776,0.21,0.25,3.0,2,1.55,4700,0.001259,3.121079,0.002813,9.420477,,Prefabs/CPU/AMD/Ryzen_7_EightCore_2700x,Silicon Lottery AMD Ryzen 7 Eight Core 2700X
CPU,Silicon Lottery,AMD Ryzen 7,AMD Ryzen 7 Eight Core 2700X (Delidded),Y,Y,2970,590,330,18,66,,,4600,8,AM4,178,Y,105,1.4,8851,22.5,2933,1.1,8776,0.21,0.25,4.0,2,1.55,4700,0.001259,3.121079,0.002813,9.420477,,Prefabs/CPU/AMD/Ryzen_7_EightCore_2700x,Silicon Lottery AMD Ryzen 7 Eight Core 2700X (Delidded)
CPU,Silicon Lottery,AMD Ryzen 7,AMD Ryzen 7 Eight Core 3800X,Y,Y,3465,500,233,30,40,,,4770,8,AM4,178,Y,100,1.4,10326,25.0,3200,1.6,10072,0.89,0.25,3.0,2,1.55,4870,0.00427,3.125211,0.002264,0.790435,,Prefabs/CPU/AMD/Ryzen_7_EightCore_3800X,Silicon Lottery AMD Ryzen 7 Eight Core 3800X
CPU,Silicon Lottery,AMD Ryzen 7,AMD Ryzen 7 Eight Core 3800X (Delidded),Y,Y,3465,600,333,30,40,,,4770,8,AM4,178,Y,105,1.4,10326,25.0,3200,1.6,10072,0.89,0.25,4.0,2,1.55,4870,0.00427,3.125211,0.002264,0.790435,,Prefabs/CPU/AMD/Ryzen_7_EightCore_3800X,Silicon Lottery AMD Ryzen 7 Eight Core 3800X (Delidded)
CPU,Silicon Lottery,AMD Ryzen 9,AMD Ryzen 9 Sixteen Core 3950X,Y,Y,4132,1000,400,30,80,,,4950,16,AM4,178,Y,105,1.4,12313,13.6,3200,1.1,12259,0.11,0.25,3.0,2,1.55,5050,0.000913,6.050261,0.005673,6.5477360000000004,,Prefabs/CPU/AMD/Ryzen_9_ SixteenCore3950X,Silicon Lottery AMD Ryzen 9 Sixteen Core 3950X
CPU,Silicon Lottery,AMD Ryzen 9,AMD Ryzen 9 Sixteen Core 3950X (Delidded),Y,Y,4132,1100,500,30,80,,,4950,16,AM4,178,Y,105,1.4,12313,13.6,3200,1.1,12259,0.11,0.25,4.0,2,1.55,5050,0.000913,6.050261,0.005673,6.5477360000000004,,Prefabs/CPU/AMD/Ryzen_9_ SixteenCore3950X,Silicon Lottery AMD Ryzen 9 Sixteen Core 3950X (Delidded)
CPU,Silicon Lottery,AMD Ryzen 9,AMD Ryzen 9 Sixteen Core 5950X,Y,Y,4701,1200,467,33,30,,,5150,16,AM4,178,Y,105,1.4,14009,12.6,3200,1.0,13922,0.16,0.25,3.0,2,1.85,5250,0.001457,10.6221,0.00598,-0.87348,,v1_9_0/Prefabs/CPU/AMD/CPU_Ryzen_9_5950X,Silicon Lottery AMD Ryzen 9 Sixteen Core 5950X
CPU,Silicon Lottery,AMD Ryzen 9,AMD Ryzen 9 Sixteen Core 5950X (Delidded),Y,Y,4701,1300,567,33,30,,,5150,16,AM4,178,Y,105,1.4,14009,12.6,3200,1.0,13922,0.16,0.25,4.0,2,1.85,5250,0.001457,10.6221,0.00598,-0.87348,,v1_9_0/Prefabs/CPU/AMD/CPU_Ryzen_9_5950X,Silicon Lottery AMD Ryzen 9 Sixteen Core 5950X (Delidded)
CPU,Silicon Lottery,AMD Ryzen 9,AMD Ryzen 9 Twelve Core 3900X,Y,Y,4205,800,333,30,60,,,4850,12,AM4,178,Y,105,1.4,12533,17.5,3200,1.1,12287,0.51,0.25,3.0,2,1.55,4950,0.004123,6.668931,0.005531,-8.97618,,Prefabs/CPU/AMD/Ryzen_9_TwelveCore_3900X,Silicon Lottery AMD Ryzen 9 Twelve Core 3900X
CPU,Silicon Lottery,AMD Ryzen 9,AMD Ryzen 9 Twelve Core 3900X (Delidded),Y,Y,4205,900,433,30,60,,,4850,12,AM4,178,Y,105,1.4,12533,17.5,3200,1.1,12287,0.51,0.25,4.0,2,1.55,4950,0.004123,6.668931,0.005531,-8.97618,,Prefabs/CPU/AMD/Ryzen_9_TwelveCore_3900X,Silicon Lottery AMD Ryzen 9 Twelve Core 3900X (Delidded)
CPU,Silicon Lottery,AMD Ryzen 9,AMD Ryzen 9 Twelve Core 5900X,Y,Y,4408,1100,433,33,1,,,5050,12,AM4,178,Y,105,1.4,13137,13.1,3200,1.0,13073,0.12,0.25,3.0,2,1.85,5150,0.001072,7.714274,0.004702,8.196178,,v1_9_0/Prefabs/CPU/AMD/CPU_Ryzen_9_5900X,Silicon Lottery AMD Ryzen 9 Twelve Core 5900X
CPU,Silicon Lottery,AMD Ryzen 9,AMD Ryzen 9 Twelve Core 5900X (Delidded),Y,Y,4408,1200,533,33,1,,,5050,12,AM4,178,Y,105,1.4,13137,13.1,3200,1.0,13073,0.12,0.25,4.0,2,1.85,5150,0.001072,7.714274,0.004702,8.196178,,v1_9_0/Prefabs/CPU/AMD/CPU_Ryzen_9_5900X,Silicon Lottery AMD Ryzen 9 Twelve Core 5900X (Delidded)
CPU,Silicon Lottery,AMD Ryzen Threadripper,AMD Ryzen Threadripper 2970WX,Y,Y,2556,1100,433,28,40,,,4500,24,TR4,425,Y,100,1.4,7617,7.5,2933,2.4,7557,0.39,0.25,4.0,4,1.55,4600,0.001,0.919709,0.001872,11.89291,,Prefabs/CPU/AMD/Ryzen_ThreadRipper_EightCore_2970WX,Silicon Lottery AMD Ryzen Threadripper 2970WX
CPU,Silicon Lottery,AMD Ryzen Threadripper,AMD Ryzen Threadripper 2970WX (Delidded),Y,Y,2556,1200,533,28,40,,,4500,24,TR4,425,Y,105,1.4,7617,7.5,2933,2.4,7557,0.39,0.25,5.0,4,1.55,4600,0.001,0.919709,0.001872,11.89291,,Prefabs/CPU/AMD/Ryzen_ThreadRipper_EightCore_2970WX,Silicon Lottery AMD Ryzen Threadripper 2970WX (Delidded)
CPU,Silicon Lottery,AMD Ryzen Threadripper,AMD Ryzen Threadripper 2990WX,Y,Y,4025,1200,467,28,60,,,4500,32,TR4,425,Y,100,1.4,11996,10.6,2933,2.4,11765,1.0,0.25,4.0,4,1.55,4600,0.00388,0.215054,0.00222,15.42505,,Prefabs/CPU/AMD/Ryzen_ThreadRipper_EightCore_2990WX,Silicon Lottery AMD Ryzen Threadripper 2990WX
CPU,Silicon Lottery,AMD Ryzen Threadripper,AMD Ryzen Threadripper 2990WX (Delidded),Y,Y,4025,1300,567,28,60,,,4500,32,TR4,425,Y,105,1.4,11996,10.6,2933,2.4,11765,1.0,0.25,5.0,4,1.55,4600,0.00388,0.215054,0.00222,15.42505,,Prefabs/CPU/AMD/Ryzen_ThreadRipper_EightCore_2990WX,Silicon Lottery AMD Ryzen Threadripper 2990WX (Delidded)
CPU,Silicon Lottery,AMD Ryzen Threadripper,AMD Ryzen Threadripper 3960X,Y,Y,4128,1500,567,31,1,,,4750,24,sTRX4,476,Y,100,1.4,12302,8.6,3200,1.1,12074,0.47,0.25,4.0,4,1.55,4850,0.003832,2.259872,0.008126,-11.9601,,v1_8_0/Prefabs/CPU/AMD/Ryzen_ThreadRipper_3960X,Silicon Lottery AMD Ryzen Threadripper 3960X
CPU,Silicon Lottery,AMD Ryzen Threadripper,AMD Ryzen Threadripper 3960X (Delidded),Y,Y,4128,1600,667,31,1,,,4750,24,sTRX4,476,Y,105,1.4,12302,8.6,3200,1.1,12074,0.47,0.25,5.0,4,1.55,4850,0.003832,2.259872,0.008126,-11.9601,,v1_8_0/Prefabs/CPU/AMD/Ryzen_ThreadRipper_3960X,Silicon Lottery AMD Ryzen Threadripper 3960X (Delidded)
CPU,Silicon Lottery,AMD Ryzen Threadripper,AMD Ryzen Threadripper 3990X,Y,Y,3729,4090,1430,31,75,,,4600,64,sTRX4,476,Y,100,1.4,11115,2.7,3200,2.3,10847,1.25,0.25,4.0,4,1.55,4700,0.004492,3.459974,0.006017,-16.4578,,v1_8_0/Prefabs/CPU/AMD/Ryzen_ThreadRipper_3990X,Silicon Lottery AMD Ryzen Threadripper 3990X
CPU,Silicon Lottery,AMD Ryzen Threadripper,AMD Ryzen Threadripper 3990X (Delidded),Y,Y,3729,4190,1530,31,75,,,4600,64,sTRX4,476,Y,105,1.4,11115,2.7,3200,2.3,10847,1.25,0.25,5.0,4,1.55,4700,0.004492,3.459974,0.006017,-16.4578,,v1_8_0/Prefabs/CPU/AMD/Ryzen_ThreadRipper_3990X,Silicon Lottery AMD Ryzen Threadripper 3990X (Delidded)
CPU,Silicon Lottery,AMD Ryzen Threadripper,AMD Ryzen Threadripper Sixteen Core 1950X,Y,Y,3332,900,367,22,80,,,4300,16,TR4,306,Y,100,1.4,9930,12.0,2666,2.5,9711,1.14,0.25,4.0,4,1.55,4400,0.003667,4.334733,0.005344,-14.0314,,Prefabs/CPU/AMD/Ryzen_ThreadRipper_SixteenCore_1950X,Silicon Lottery AMD Ryzen Threadripper Sixteen Core 1950X
CPU,Silicon Lottery,AMD Ryzen Threadripper,AMD Ryzen Threadripper Sixteen Core 1950X (Delidded),Y,Y,3332,1000,467,22,80,,,4300,16,TR4,306,Y,105,1.4,9930,12.0,2666,2.5,9711,1.14,0.25,5.0,4,1.55,4400,0.003667,4.334733,0.005344,-14.0314,,Prefabs/CPU/AMD/Ryzen_ThreadRipper_SixteenCore_1950X,Silicon Lottery AMD Ryzen Threadripper Sixteen Core 1950X (Delidded)
CPU,Silicon Lottery,Intel Core i7,Intel Core i7-10700K,Y,Y,3914,730,310,32,60,,,5350,8,LGA 1200,161,Y,105,1.4,11666,17.9,2933,1.0,11340,0.73,1.0,3.0,2,1.7,5450,0.00547,6.944405,0.00279,-12.1882,,Prefabs/CPU/Intel/CPU_Intel_Core_i7,Silicon Lottery Intel Core i7-10700K
CPU,Silicon Lottery,Intel Core i7,Intel Core i7-10700K (Delidded),Y,Y,3914,830,410,32,60,,,5350,8,LGA 1200,161,Y,105,1.4,11666,17.9,2933,1.0,11340,0.73,1.0,4.0,2,1.7,5450,0.00547,6.944405,0.00279,-12.1882,,Prefabs/CPU/Intel/CPU_Intel_Core_i7,Silicon Lottery Intel Core i7-10700K (Delidded)
CPU,Silicon Lottery,Intel Core i7,Intel Core i7-6700K,Y,Y,2016,350,183,2,1,,,5100,4,LGA 1151 (Skylake),154,Y,105,1.4,6009,19.7,2133,16.7,5768,17.09,1.0,3.0,2,1.6,5200,0.00404,1.678704,0.001113,-6.16898,,Prefabs/CPU/Intel/CPU_Intel_Core_i7,Silicon Lottery Intel Core i7-6700K
CPU,Silicon Lottery,Intel Core i7,Intel Core i7-6700K (Delidded),Y,Y,2016,450,283,2,1,,,5100,4,LGA 1151 (Skylake),154,Y,105,1.4,6009,19.7,2133,16.7,5768,17.09,1.0,4.0,2,1.6,5200,0.00404,1.678704,0.001113,-6.16898,,Prefabs/CPU/Intel/CPU_Intel_Core_i7,Silicon Lottery Intel Core i7-6700K (Delidded)
CPU,Silicon Lottery,Intel Core i7,Intel Core i7-7700K,Y,Y,2005,370,190,13,60,,,5100,4,LGA 1151 (Kaby Lake),154,Y,105,1.4,5976,19.9,2400,8.9,5776,7.44,1.0,3.0,2,1.6,5200,0.003356,1.378,0.001,-2.215,,Prefabs/CPU/Intel/CPU_Intel_Core_i7,Silicon Lottery Intel Core i7-7700K
CPU,Silicon Lottery,Intel Core i7,Intel Core i7-7700K (Delidded),Y,Y,2005,470,290,13,60,,,5100,4,LGA 1151 (Kaby Lake),154,Y,105,1.4,5976,19.9,2400,8.9,5776,7.44,1.0,4.0,2,1.6,5200,0.003356,1.378,0.001,-2.215,,Prefabs/CPU/Intel/CPU_Intel_Core_i7,Silicon Lottery Intel Core i7-7700K (Delidded)
CPU,Silicon Lottery,Intel Core i7,Intel Core i7-8086K,Y,Y,3072,550,250,20,1,,,5400,6,LGA 1151 (Coffee Lake),161,Y,105,1.4,9156,18.9,2666,4.0,8834,3.78,1.0,3.0,2,1.8,5500,0.005409,4.643015,0.001959,-12.9898,,Prefabs/CPU/Intel/CPU_Intel_Core_i7,Silicon Lottery Intel Core i7-8086K
CPU,Silicon Lottery,Intel Core i7,Intel Core i7-8086K (Delidded),Y,Y,3072,650,350,20,1,,,5400,6,LGA 1151 (Coffee Lake),161,Y,105,1.4,9156,18.9,2666,4.0,8834,3.78,1.0,4.0,2,1.8,5500,0.005409,4.643015,0.001959,-12.9898,,Prefabs/CPU/Intel/CPU_Intel_Core_i7,Silicon Lottery Intel Core i7-8086K (Delidded)
CPU,Silicon Lottery,Intel Core i7,Intel Core i7-8700K,Y,Y,2964,500,233,15,80,,,5200,6,LGA 1151 (Coffee Lake),161,Y,105,1.4,8834,20.1,2666,6.4,8512,6.03,1.0,3.0,2,1.6,5300,0.005409,4.643015,0.001959,-12.9898,,Prefabs/CPU/Intel/CPU_Intel_Core_i7,Silicon Lottery Intel Core i7-8700K
CPU,Silicon Lottery,Intel Core i7,Intel Core i7-8700K (Delidded),Y,Y,2964,600,333,15,80,,,5200,6,LGA 1151 (Coffee Lake),161,Y,105,1.4,8834,20.1,2666,6.4,8512,6.03,1.0,4.0,2,1.6,5300,0.005409,4.643015,0.001959,-12.9898,,Prefabs/CPU/Intel/CPU_Intel_Core_i7,Silicon Lottery Intel Core i7-8700K (Delidded)
CPU,Silicon Lottery,Intel Core i7,Intel Core i7-9700K,Y,Y,2963,520,240,20,30,,,5500,8,LGA 1151 (Coffee Lake),161,Y,105,1.4,8831,19.1,2666,8.2,8567,6.55,1.0,3.0,2,1.75,5600,0.004427,4.645202,0.002606,-10.95,,Prefabs/CPU/Intel/CPU_Intel_Core_i7,Silicon Lottery Intel Core i7-9700K
CPU,Silicon Lottery,Intel Core i7,Intel Core i7-9700K (Delidded),Y,Y,2963,620,340,20,30,,,5500,8,LGA 1151 (Coffee Lake),161,Y,105,1.4,8831,19.1,2666,8.2,8567,6.55,1.0,4.0,2,1.75,5600,0.004427,4.645202,0.002606,-10.95,,Prefabs/CPU/Intel/CPU_Intel_Core_i7,Silicon Lottery Intel Core i7-9700K (Delidded)
CPU,Silicon Lottery,Intel Core i9,Intel Core i9-10900K,Y,Y,4630,1100,433,32,80,,,5550,10,LGA 1200,212,Y,105,1.4,13799,13.4,2933,0.9,13462,0.63,1.0,3.0,2,1.75,5650,0.005652,11.57727,0.004724,-22.0717,,Prefabs/CPU/Intel/CPU_Intel_Core_i9,Silicon Lottery Intel Core i9-10900K
CPU,Silicon Lottery,Intel Core i9,Intel Core i9-10900K (Delidded),Y,Y,4630,1200,533,32,80,,,5550,10,LGA 1200,212,Y,105,1.4,13799,13.4,2933,0.9,13462,0.63,1.0,4.0,2,1.75,5650,0.005652,11.57727,0.004724,-22.0717,,Prefabs/CPU/Intel/CPU_Intel_Core_i9,Silicon Lottery Intel Core i9-10900K (Delidded)
CPU,Silicon Lottery,Intel Core i9,Intel Core i9-10990XE,Y,Y,5677,2835,1550,30,95,,,5750,22,LGA 2066,646,Y,105,1.4,16918,17.6,2666,2.8,11316,2.0,1.0,5.0,4,1.8,5850,0.008674,3.557259,0.004726,-19.9319,,Prefabs/CPU/Intel/CPU_Intel_Core_i9X,Silicon Lottery Intel Core i9-10990XE
CPU,Silicon Lottery,Intel Core i9,Intel Core i9-10990XE (Delidded),Y,Y,5677,2935,1650,30,95,,,5750,22,LGA 2066,646,Y,105,1.4,16918,17.6,2666,2.8,11316,2.0,1.0,6.0,4,1.8,5850,0.008674,3.557259,0.004726,-19.9319,,Prefabs/CPU/Intel/CPU_Intel_Core_i9X,Silicon Lottery Intel Core i9-10990XE (Delidded)
CPU,Silicon Lottery,Intel Core i9,Intel Core i9-11940X,Y,Y,5492,2400,1985,35,55,,,5500,22,LGA 2566,399,Y,105,1.9,16368,7.4,4800,2.1,11888,0.05,1.0,5.0,4,1.9,5600,0.014445,4.016358,0.009894,-88.07719575838925,,Prefabs/CPU/Intel/CPU_Intel_Core_i9X,Silicon Lottery Intel Core i9-11940X
CPU,Silicon Lottery,Intel Core i9,Intel Core i9-11940X (Delidded),Y,Y,5492,2500,2085,35,55,,,5500,22,LGA 2566,399,Y,105,1.9,16368,7.4,4800,2.1,11888,0.05,1.0,6.0,4,1.9,5600,0.014445,4.016358,0.009894,-88.07719575838925,,Prefabs/CPU/Intel/CPU_Intel_Core_i9X,Silicon Lottery Intel Core i9-11940X (Delidded)
CPU,Silicon Lottery,Intel Core i9,Intel Core i9-11960X,Y,Y,5958,2850,2425,36,1,,,5500,26,LGA 2566,450,Y,105,1.9,17756,7.4,4800,2.1,11888,0.05,1.0,6.0,4,1.9,5600,0.015245,4.016358,0.011594,-95.97887025503357,,Prefabs/CPU/Intel/CPU_Intel_Core_i9X,Silicon Lottery Intel Core i9-11960X
CPU,Silicon Lottery,Intel Core i9,Intel Core i9-11960X (Delidded),Y,Y,5958,2950,2525,36,1,,,5500,26,LGA 2566,450,Y,105,1.9,17756,7.4,4800,2.1,11888,0.05,1.0,7.0,4,1.9,5600,0.015245,4.016358,0.011594,-95.97887025503357,,Prefabs/CPU/Intel/CPU_Intel_Core_i9X,Silicon Lottery Intel Core i9-11960X (Delidded)
CPU,Silicon Lottery,Intel Core i9,Intel Core i9-11980XE,Y,Y,6337,3450,2925,36,45,,,5500,30,LGA 2566,501,Y,105,1.9,18886,7.4,4800,2.1,11888,0.05,1.0,7.0,4,1.9,5600,0.016545,4.016358,0.013994,-110.85719240268456,,Prefabs/CPU/Intel/CPU_Intel_Core_i9X,Silicon Lottery Intel Core i9-11980XE
CPU,Silicon Lottery,Intel Core i9,Intel Core i9-11980XE (Delidded),Y,Y,6337,3550,3025,36,45,,,5500,30,LGA 2566,501,Y,105,1.9,18886,7.4,4800,2.1,11888,0.05,1.0,8.0,4,1.9,5600,0.016545,4.016358,0.013994,-110.85719240268456,,Prefabs/CPU/Intel/CPU_Intel_Core_i9X,Silicon Lottery Intel Core i9-11980XE (Delidded)
CPU,Silicon Lottery,Intel Core i9,Intel Core i9-11990XE,Y,Y,7461,4099,3585,37,1,,,5900,36,LGA 2566,850,Y,100,1.9,22234,7.4,4800,2.1,11888,0.05,1.0,8.0,4,2.0,6000,0.021545,4.216358,0.017594,-153.8201554899329,,Prefabs/CPU/Intel/CPU_Intel_Core_i9X,Silicon Lottery Intel Core i9-11990XE
CPU,Silicon Lottery,Intel Core i9,Intel Core i9-11990XE (Delidded),Y,Y,7461,4199,3685,37,1,,,5900,36,LGA 2566,850,Y,108,1.9,22234,7.4,4800,2.1,11888,0.05,1.0,9.0,4,2.0,6000,0.021545,4.216358,0.017594,-153.8201554899329,,Prefabs/CPU/Intel/CPU_Intel_Core_i9X,Silicon Lottery Intel Core i9-11990XE (Delidded)
CPU,Silicon Lottery,Intel Core i9,Intel Core i9-7980XE,Y,Y,3999,1300,500,26,94,,,4500,18,LGA 2066,280,Y,105,1.4,11917,9.5,2666,2.4,11546,1.64,1.0,4.0,4,1.75,4600,0.006234,3.990303,0.005258,-18.0401,,Prefabs/CPU/Intel/CPU_Intel_Core_i9X,Silicon Lottery Intel Core i9-7980XE
CPU,Silicon Lottery,Intel Core i9,Intel Core i9-7980XE (Delidded),Y,Y,3999,1400,600,26,94,,,4500,18,LGA 2066,280,Y,105,1.4,11917,9.5,2666,2.4,11546,1.64,1.0,5.0,4,1.75,4600,0.006234,3.990303,0.005258,-18.0401,,Prefabs/CPU/Intel/CPU_Intel_Core_i9X,Silicon Lottery Intel Core i9-7980XE (Delidded)
CPU,Silicon Lottery,Intel Core i9,Intel Core i9-9900K,Y,Y,3747,830,343,20,60,,,5350,8,LGA 1151 (Coffee Lake),161,Y,105,1.4,11167,14.6,2666,3.0,10862,2.15,1.0,3.0,2,1.75,5450,0.005127,8.240937,0.002073,-11.962,,Prefabs/CPU/Intel/CPU_Intel_Core_i9,Silicon Lottery Intel Core i9-9900K
CPU,Silicon Lottery,Intel Core i9,Intel Core i9-9900K (Delidded),Y,Y,3747,930,443,20,60,,,5350,8,LGA 1151 (Coffee Lake),161,Y,105,1.4,11167,14.6,2666,3.0,10862,2.15,1.0,4.0,2,1.75,5450,0.005127,8.240937,0.002073,-11.962,,Prefabs/CPU/Intel/CPU_Intel_Core_i9,Silicon Lottery Intel Core i9-9900K (Delidded)
CPU,Silicon Lottery,Intel Core i9,Intel Core i9-9980XE,Y,Y,4123,1400,533,29,80,,,4700,18,LGA 2066,280,Y,105,1.4,12289,9.0,2666,2.3,11917,1.59,1.0,4.0,4,1.75,4800,0.006234,3.990303,0.005258,-18.0401,,Prefabs/CPU/Intel/CPU_Intel_Core_i9X,Silicon Lottery Intel Core i9-9980XE
CPU,Silicon Lottery,Intel Core i9,Intel Core i9-9980XE (Delidded),Y,Y,4123,1500,633,29,80,,,4700,18,LGA 2066,280,Y,105,1.4,12289,9.0,2666,2.3,11917,1.59,1.0,5.0,4,1.75,4800,0.006234,3.990303,0.005258,-18.0401,,Prefabs/CPU/Intel/CPU_Intel_Core_i9X,Silicon Lottery Intel Core i9-9980XE (Delidded)
CPU,Silicon Lottery,Intel Core i9,Intel Core i9-9990XE,Y,Y,4760,2350,1555,30,75,,,5500,14,LGA 2066,433,Y,105,1.4,14185,9.0,2666,3.0,11917,1.89,1.0,5.0,4,1.8,5600,0.008674,3.557259,0.004726,-26.9319,,Prefabs/CPU/Intel/CPU_Intel_Core_i9X,Silicon Lottery Intel Core i9-9990XE
CPU,Silicon Lottery,Intel Core i9,Intel Core i9-9990XE (Delidded),Y,Y,4760,2450,1655,30,75,,,5500,14,LGA 2066,433,Y,105,1.4,14185,9.0,2666,3.0,11917,1.89,1.0,6.0,4,1.8,5600,0.008674,3.557259,0.004726,-26.9319,,Prefabs/CPU/Intel/CPU_Intel_Core_i9X,Silicon Lottery Intel Core i9-9990XE (Delidded)
