Part Type,Chipset Brand,Chipset Series,Chipset,Manufacturer,Part Name,HEM,In Shop,Part Ranking Score,Price,Sell Price,Level,Level %,Steam Version,Platform Lock,Lighting,VRAM (GB),GPU Tuner Min Core Freq,Base Core Freq,OC Base Core Freq,Max Core Freq,GPU Tuner Min Mem Freq,Base Mem Freq,OC Base Mem Freq,Max Mem Freq,Length,Wattage,Multi-GPU,Slot Size,GPU Thermal Throttling,GPU % Power Increase,Power Connectors,Rigid SLI Bridge Model,Score to value ratio,Target STV ratio,Single GPU Graphics Score,Double GPU Graphics Score,Dual GPU performance increase,OC Single GPU score,OC Double GPU score,GT1 Single Core Clock Multiplier,GT1 Single Mem Clock Multiplier,GT1 Single Benchmark Adjustment,GT2 Single Core Clock Multiplier,GT2 Single Mem Clock Multiplier,GT2 Single Benchmark Adjustment,GT1 Dual Core Clock Multiplier,GT1 Dual Mem Clock Multiplier,GT1 Dual Benchmark Adjustment,GT2 Dual Core Clock Multiplier,GT2 Dual Mem Clock Multiplier,GT2 Dual Benchmark Adjustment,Normal GPU max clock,Normal GPU Max mem clock,Boost Multiplier,Score increase,Is AIO,Next Part ID In Combo,Exclude From Random Jobs,DLC2 Random Jobs,Chipset Series Sort,Asset Path,Full Part Name
GPU,NVIDIA GeForce,GTX 700,GeForce GTX 750 Ti,Shean,GeForce GTX 750 Ti GAMER,,Y,756,90,30,1,1,1.0,,,2,770,1085,1290,1400,1000,1350,1525,1700,147,60,,1.5,95,20,,,12.9,13.0,1163,0.0,,1340.0,0.0,0.005024,0.000815,1.012608,0.004279,0.00071,1.081581,0.0,0.0,0.0,0.0,0.0,0.0,,,,,,,,,101,Prefabs/Generic/GPU,Shean GeForce GTX 750 Ti GAMER
GPU,NVIDIA GeForce,GTX 900,GeForce GTX 950,MSI,GeForce GTX 950 GAMING 2G,,Y,1217,140,47,1,1,1.0,,White,2,1132,1316,1400,1500,1326,1663,1850,2000,270,90,SLI,2.0,95,20,8-pin + 6-pin,,13.2,13.0,1846,3717.0,2.013542795232936,1998.0,4206.0,0.007772,0.001791,-1.02847,0.007074,0.001511,-1.35265,0.012103,0.011235,-9.98906,0.01075,0.010384000000000001,-10.4128,,,,,,,,,102,Prefabs/GPU/MSI/MSI_GTX_950G2G,MSI GeForce GTX 950 GAMING 2G
GPU,NVIDIA GeForce,GTX 900,GeForce GTX 960,MSI,GeForce GTX 960 GAMING 100ME,,Y,1451,180,60,1,1,1.0,,Green,2,908,1304,1525,1700,1306,1753,2000,2200,267,120,SLI,2.0,95,20,8-pin + 6-pin,,12.4,12.5,2225,4386.0,1.9712359550561798,2598.0,5144.0,0.007122,0.003506,-0.92227,0.006958,0.002396,-0.52671,0.014258,0.006904,-1.87814,0.012099,0.007006,-3.10231,,,,,,,,,102,Prefabs/GPU/MSI/MSI_GTX_960G100ME,MSI GeForce GTX 960 GAMING 100ME
GPU,NVIDIA GeForce,GTX 900,GeForce GTX 960,MSI,GeForce GTX 960 GAMING 2G,,Y,1451,180,60,1,1,1.0,,White,2,908,1304,1525,1700,1306,1753,2000,2200,267,120,SLI,2.0,95,20,8-pin + 6-pin,,12.4,12.5,2225,4386.0,1.9712359550561798,2598.0,5144.0,0.007122,0.003506,-0.92227,0.006958,0.002396,-0.52671,0.014258,0.006904,-1.87814,0.012099,0.007006,-3.10231,,,,,,,,,102,Prefabs/GPU/MSI/MSI_GTX_960G2G,MSI GeForce GTX 960 GAMING 2G
GPU,NVIDIA GeForce,GTX 900,GeForce GTX 960,MSI,GeForce GTX 960 GAMING 2G LE,,Y,1388,170,57,1,1,1.0,,White,2,732,1216,1525,1700,1306,1753,2000,2200,267,120,SLI,2.0,95,20,8-pin + 6-pin,,12.5,12.5,2123,4197.0,1.9769194536033914,2598.0,5144.0,0.007122,0.003506,-0.92227,0.006958,0.002396,-0.52671,0.014258,0.006904,-1.87814,0.012099,0.007006,-3.10231,,,,,,,,,102,Prefabs/GPU/MSI/MSI_GTX_960G2GLE,MSI GeForce GTX 960 GAMING 2G LE
GPU,NVIDIA GeForce,GTX 900,GeForce GTX 960,MSI,GeForce GTX 960 GAMING 4G,,Y,1451,180,60,1,1,1.0,,White,4,908,1304,1525,1700,1306,1753,2000,2200,267,120,SLI,2.0,95,20,8-pin + 6-pin,,12.4,12.5,2225,4386.0,1.9712359550561798,2598.0,5144.0,0.007122,0.003506,-0.92227,0.006958,0.002396,-0.52671,0.014258,0.006904,-1.87814,0.012099,0.007006,-3.10231,,,,,,,,,102,Prefabs/GPU/MSI/MSI_GTX_960G4G,MSI GeForce GTX 960 GAMING 4G
GPU,NVIDIA GeForce,GTX 900,GeForce GTX 960,MSI,GeForce GTX 960 GAMING 4G LE,,Y,1388,170,57,1,1,1.0,,White,4,732,1216,1525,1700,1306,1753,2000,2200,267,120,SLI,2.0,95,20,8-pin + 6-pin,,12.5,12.5,2123,4197.0,1.9769194536033914,2598.0,5144.0,0.007122,0.003506,-0.92227,0.006958,0.002396,-0.52671,0.014258,0.006904,-1.87814,0.012099,0.007006,-3.10231,,,,,,,,,102,Prefabs/GPU/MSI/MSI_GTX_960G4GLE,MSI GeForce GTX 960 GAMING 4G LE
GPU,NVIDIA GeForce,GTX 900,GeForce GTX 960,MSI,GeForce GTX 960 GAMING LE 100ME,,Y,1388,170,57,1,1,1.0,,White,2,732,1216,1525,1700,1306,1753,2000,2200,267,120,SLI,2.0,95,20,8-pin + 6-pin,,12.5,12.5,2123,4197.0,1.9769194536033914,2598.0,5144.0,0.007122,0.003506,-0.92227,0.006958,0.002396,-0.52671,0.014258,0.006904,-1.87814,0.012099,0.007006,-3.10231,,,,,,,,,102,Prefabs/GPU/MSI/MSI_GTX_960GLE100ME,MSI GeForce GTX 960 GAMING LE 100ME
GPU,NVIDIA GeForce,GTX 900,GeForce GTX 970,MSI,GeForce GTX 970 GAMING 100ME,,Y,2215,280,93,3,70,1.0,,Green,4,806,1253,1525,1700,1306,1753,2000,2200,277,148,SLI,2.0,95,20,8-pin + 6-pin,,12.1,12.0,3377,6546.0,1.9384068700029613,4123.0,7957.0,0.015306,0.002396,-1.22474,0.014656,0.00146,-1.67781,0.033008,0.0,1.78075,0.030307,0.0,-0.83255,,,,,,,,,102,Prefabs/GPU/MSI/MSI_GTX_970G100ME,MSI GeForce GTX 970 GAMING 100ME
GPU,NVIDIA GeForce,GTX 900,GeForce GTX 970,MSI,GeForce GTX 970 GAMING 4G,,Y,2100,265,88,3,35,1.0,,White,4,656,1178,1525,1700,1306,1753,2000,2200,277,148,SLI,2.0,95,20,8-pin + 6-pin,,12.0,12.0,3193,6157.0,1.928280613842781,4123.0,7957.0,0.015306,0.002396,-1.22474,0.014656,0.00146,-1.67781,0.033008,0.0,1.78075,0.030307,0.0,-0.83255,,,,,,,,,102,Prefabs/GPU/MSI/MSI_GTX_970G4G,MSI GeForce GTX 970 GAMING 4G
GPU,NVIDIA GeForce,GTX 900,GeForce GTX 970,MSI,GeForce GTX 970 GAMING 4G Golden Edition,,Y,2255,285,95,3,85,1.0,,White,4,858,1279,1525,1700,1306,1753,2000,2200,277,148,SLI,2.0,95,20,8-pin + 6-pin,,12.1,12.0,3441,6681.0,1.9415867480383608,4123.0,7957.0,0.015306,0.002396,-1.22474,0.014656,0.00146,-1.67781,0.033008,0.0,1.78075,0.030307,0.0,-0.83255,,,,,,,,,102,Prefabs/GPU/MSI/MSI_GTX_970G4G_GoldEdition,MSI GeForce GTX 970 GAMING 4G Golden Edition
GPU,NVIDIA GeForce,GTX 900,GeForce GTX 970,MSI,GeForce GTX 970 GAMING LE 100ME,,Y,2158,275,92,3,1,1.0,,White,4,732,1216,1525,1700,1306,1753,2000,2200,277,148,SLI,2.0,95,20,8-pin + 6-pin,,11.9,12.0,3286,6354.0,1.9336579427875837,4123.0,7957.0,0.015306,0.002396,-1.22474,0.014656,0.00146,-1.67781,0.033008,0.0,1.78075,0.030307,0.0,-0.83255,,,,,,,,,102,Prefabs/GPU/MSI/MSI_GTX_970GLE100ME,MSI GeForce GTX 970 GAMING LE 100ME
GPU,NVIDIA GeForce,GTX 900,GeForce GTX 970,Shean,GeForce GTX 970 GAMER,,Y,2100,265,88,1,1,1.0,,,4,656,1178,1525,1700,1306,1753,2000,2200,147,148,SLI,1.5,95,20,,,12.0,12.0,3193,6157.0,1.928280613842781,4123.0,7957.0,0.015306,0.002396,-1.22474,0.014656,0.00146,-1.67781,0.033008,0.0,1.78075,0.030307,0.0,-0.83255,,,,,,,,,102,Prefabs/Generic/GPU,Shean GeForce GTX 970 GAMER
GPU,NVIDIA GeForce,GTX 900,GeForce GTX 970,Shean,GeForce GTX 970 GAMER XL,,Y,2197,280,93,1,1,1.0,,,4,782,1241,1525,1700,1306,1753,2000,2200,147,148,SLI,1.5,95,20,,,12.0,12.0,3348,6484.0,1.936678614097969,4123.0,7957.0,0.015306,0.002396,-1.22474,0.014656,0.00146,-1.67781,0.033008,0.0,1.78075,0.030307,0.0,-0.83255,,,,,,,,,102,Prefabs/Generic/GPU,Shean GeForce GTX 970 GAMER XL
GPU,NVIDIA GeForce,GTX 900,GeForce GTX 970,ZOTAC,GeForce GTX 970 AMP Extreme,Y,Y,2293,315,110,4,15,,,RGB,4,600,1300,1725,2000,1060,1780,2250,2500,277,185,SLI,2.5,97,25,8-pin + 8-pin,GTX,12.1,12.1,3501,6790.0,1.9815867480383609,4123.0,7957.0,0.015306,0.002396,-1.22474,0.014656,0.00146,-1.67781,0.033008,0.0,1.78075,0.030307,0.0,-0.83255,,,,,,,,,102,Prefabs/GPU/ZOTAC/ZOTAC_GeForce_1070_AmpExtreme,ZOTAC GeForce GTX 970 AMP Extreme
GPU,NVIDIA GeForce,GTX 900,GeForce GTX 980,MSI,GeForce GTX 980 GAMING 4G LE,,Y,2654,350,117,3,1,1.0,,White,4,806,1253,1525,1700,1306,1753,2000,2200,279,165,SLI,2.0,95,20,8-pin + 6-pin,,11.6,11.5,4051,7915.0,1.9538385583806468,4903.0,9633.0,0.019121,0.000676,1.405064,0.018016,0.000474,-0.30466,0.034122,0.007068,-2.88329,0.0327,0.004327,-3.71863,,,,,,,,,102,Prefabs/GPU/MSI/MSI_GTX_980G4GLE,MSI GeForce GTX 980 GAMING 4G LE
GPU,NVIDIA GeForce,GTX 900,GeForce GTX 980,Shean,GeForce GTX 980 GAMER,,Y,2584,340,113,3,50,1.0,,,4,732,1216,1525,1700,1306,1753,2000,2200,147,165,SLI,1.5,95,20,,,11.6,11.5,3938,7712.0,1.958354494667344,4903.0,9633.0,0.019121,0.000676,1.405064,0.018016,0.000474,-0.30466,0.034122,0.007068,-2.88329,0.0327,0.004327,-3.71863,,,,,,,,,102,Prefabs/Generic/GPU,Shean GeForce GTX 980 GAMER
GPU,NVIDIA GeForce,GTX 900,GeForce GTX 980,Shean,GeForce GTX 980 GAMER XL,,Y,2704,375,125,3,66,1.0,,,4,858,1279,1525,1700,1306,1753,2000,2200,147,165,SLI,1.5,95,20,,,11.0,11.0,4130,8058.0,1.951089588377724,4903.0,9633.0,0.019121,0.000676,1.405064,0.018016,0.000474,-0.30466,0.034122,0.007068,-2.88329,0.0327,0.004327,-3.71863,,,,,,,,,102,Prefabs/Generic/GPU,Shean GeForce GTX 980 GAMER XL
GPU,NVIDIA GeForce,GTX 900,GeForce GTX 980 Ti,ASUS,ROG Strix GeForce GTX 980 Ti OC Edition,Y,Y,3555,515,163,4,80,,,RGB,6,670,1285,1650,1900,1066,1783,2250,2500,298,255,SLI,2.5,95,20,8-pin + 8-pin,GTX,11.0,11.0,5437,10677.0,1.9642026627218936,6207.0,12268.0,0.0241,0.004619,-3.64611,0.02254,0.003327,-3.83912,0.042497,0.014065,-9.40513,0.038446,0.013844,-13.4455,,,,,,,,,102,Prefabs/GPU/ASUS/ASUS_1080Ti_OC,ASUS ROG Strix GeForce GTX 980 Ti OC Edition
GPU,NVIDIA GeForce,GTX 900,GeForce GTX 980 Ti,GIGABYTE,AORUS GeForce GTX 980 Ti XTREME 6G,Y,Y,3638,545,210,5,35,,,RGB,6,730,1315,1700,1900,1010,1805,2315,2600,290,265,SLI,2.5,95,20,8-pin + 8-pin,RTX,11.0,11.0,5566,10926.0,1.9682026627218936,6207.0,12268.0,0.0241,0.004619,-3.64611,0.02254,0.003327,-3.83912,0.042497,0.014065,-9.40513,0.038446,0.013844,-13.4455,,,,,,,,,102,Prefabs/GPU/GigaByte/GPU_AUROS_RTX_2080_And_Ti,GIGABYTE AORUS GeForce GTX 980 Ti XTREME 6G
GPU,NVIDIA GeForce,GTX 900,GeForce GTX 980 Ti,MSI,GeForce GTX 980 Ti GAMING 6G,,Y,3537,490,163,4,60,1.0,,White,6,958,1279,1450,1600,1348,1774,2000,2200,277,250,SLI,2.0,95,20,8-pin + 6-pin,,11.0,11.0,5408,10617.0,1.9632026627218935,6207.0,12268.0,0.0241,0.004619,-3.64611,0.02254,0.003327,-3.83912,0.042497,0.014065,-9.40513,0.038446,0.013844,-13.4455,,,,,,,,,102,Prefabs/GPU/MSI/MSI_GTX_980TiG6G,MSI GeForce GTX 980 Ti GAMING 6G
GPU,NVIDIA GeForce,GTX 900,GeForce GTX 980 Ti,MSI,GeForce GTX 980 Ti GAMING 6G GOLDEN EDITION,,Y,3566,495,165,4,30,1.0,,White,6,982,1291,1450,1600,1348,1774,2000,2200,277,250,SLI,2.0,95,20,8-pin + 6-pin,,11.0,11.0,5454,10696.0,1.9611294462779612,6207.0,12268.0,0.0241,0.004619,-3.64611,0.02254,0.003327,-3.83912,0.042497,0.014065,-9.40513,0.038446,0.013844,-13.4455,,,,,,,,,102,Prefabs/GPU/MSI/MSI_GTX_980TiG6G_GoldEdition,MSI GeForce GTX 980 Ti GAMING 6G GOLDEN EDITION
GPU,NVIDIA GeForce,GTX 900,GeForce GTX 980 Ti,MSI,GeForce GTX 980 Ti GAMING 6G LE,,Y,3129,435,145,4,1,1.0,,White,6,528,1114,1450,1700,1306,1753,2000,2200,277,250,SLI,2.0,95,20,8-pin + 6-pin,,11.0,11.0,4764,9475.0,1.9888748950461796,6207.0,12268.0,0.0241,0.004619,-3.64611,0.02254,0.003327,-3.83912,0.042497,0.014065,-9.40513,0.038446,0.013844,-13.4455,,,,,,,,,102,Prefabs/GPU/MSI/MSI_GTX_980TiG6GLE,MSI GeForce GTX 980 Ti GAMING 6G LE
GPU,NVIDIA GeForce,GTX 900,GeForce GTX 980 Ti,RED Digital Cinema,ROCKET (GeForce GTX 980 Ti),Y,Y,0,247,82,4,30,,,,6,1192,1296,1321,1400,1658,1779,1804,1900,147,175,SLI,1.5,95,20,,,11.0,11.0,0,0.0,1.9611294462779612,6207.0,12268.0,0.0,0.0,0.0,0.0,0.0,0.0,0.0,0.0,0.0,0.0,0.0,0.0,,,,,,,,,102,Prefabs/Generic/GPU,RED Digital Cinema ROCKET (GeForce GTX 980 Ti)
GPU,NVIDIA GeForce,GTX 900,GeForce GTX 980 Ti,RED Digital Cinema,ROCKET-X (GeForce GTX 980 Ti),Y,Y,0,297,99,4,30,,,,6,1192,1296,1300,1400,1658,1779,1800,1900,280,200,SLI,2.0,95,20,8-pin + 6-pin,,11.0,11.0,0,0.0,1.9611294462779612,6207.0,12268.0,0.0,0.0,0.0,0.0,0.0,0.0,0.0,0.0,0.0,0.0,0.0,0.0,,,,,,,,,102,Prefabs/GPU/AMD/GPU_AMD_Radeon_RX_5700,RED Digital Cinema ROCKET-X (GeForce GTX 980 Ti)
GPU,NVIDIA GeForce,GTX 900,GeForce GTX 980 Ti,ZOTAC,GeForce GTX 980 Ti AMP Extreme,Y,Y,3821,570,225,5,15,,,RGB,6,470,1335,1900,2200,870,1835,2415,2800,325,300,SLI,2.5,97,25,8-pin + 8-pin,GTX,11.0,11.0,5742,11844.0,1.9611294462779612,6207.0,12268.0,0.0249,0.004721,-3.68611,0.02254,0.003327,-3.88912,0.044502,0.019067,-9.40513,0.038448,0.013844,-13.9455,,,,,,,,,102,Prefabs/GPU/ZOTAC/ZOTAC_GeForce_1080TI_AmpExtreme,ZOTAC GeForce GTX 980 Ti AMP Extreme
GPU - Water,NVIDIA GeForce,GTX 900,GeForce GTX 980 Ti,NVIDIA,GeForce GTX 980 Ti | EKWB EK-FC Acetal,Y,,3969,580,318,19,45,,,,6,70,1385,2200,2700,870,1885,2550,2900,258,275,SLI,2.0,95,25,8-pin + 6-pin,GTX,8.8,,5968,12316.0,1.9614081780788772,,,0.0249,0.004721,-3.68611,0.02254,0.003327,-3.88912,0.044502,0.019067,-9.40513,0.038448,0.013844,-13.9455,2150.0,2500.0,4.5,5.0,,,,,102,Prefabs/GPU/EKWB/EKWB_Watercooled_1080tiGPU_Silver,NVIDIA GeForce GTX 980 Ti | EKWB EK-FC Acetal
GPU - Water,NVIDIA GeForce,GTX 900,GeForce GTX 980 Ti,NVIDIA,GeForce GTX 980 Ti | EKWB EK-FC Plexi,Y,,3969,580,318,19,15,,,,6,70,1385,2200,2700,870,1885,2550,2900,258,275,SLI,2.0,95,25,8-pin + 6-pin,GTX,8.8,,5968,12316.0,1.9614081780788772,,,0.0249,0.004721,-3.68611,0.02254,0.003327,-3.88912,0.044502,0.019067,-9.40513,0.038448,0.013844,-13.9455,2150.0,2500.0,4.5,5.0,,,,,102,Prefabs/GPU/EKWB/EKWB_Watercooled_1080tiGPU_Clear,NVIDIA GeForce GTX 980 Ti | EKWB EK-FC Plexi
GPU - Water,NVIDIA GeForce,GTX 900,GeForce GTX 980 Ti,NVIDIA,GeForce GTX 980 Ti | EKWB EK-FC Plexi RGB,Y,,3969,610,325,19,30,,,,6,70,1385,2200,2700,870,1885,2550,2900,258,275,SLI,2.0,95,25,8-pin + 6-pin,GTX,8.8,,5968,12316.0,1.9614081780788772,,,0.0249,0.004721,-3.68611,0.02254,0.003327,-3.88912,0.044502,0.019067,-9.40513,0.038448,0.013844,-13.9455,2150.0,2500.0,4.5,5.0,,,,,102,Prefabs/GPU/EKWB/EKWB_Watercooled_1080tiGPU_RGB,NVIDIA GeForce GTX 980 Ti | EKWB EK-FC Plexi RGB
GPU,NVIDIA GeForce,GTX 1000,GeForce GT 1030,EVGA,GeForce GT 1030 SC,,Y,661,75,25,5,1,1.0,,,2,1288,1544,1680,1800,1004,1502,1800,2000,169,30,,1.5,95,20,,,13.3,13.0,1000,0.0,,1124.0,0.0,0.002248,0.001908,0.273974,0.002101,0.001258,0.528569,0.0,0.0,0.0,0.0,0.0,0.0,,,,,,,,,103,Prefabs/GPU/EVGA/EVGA_GTX_1030_SC,EVGA GeForce GT 1030 SC
GPU,NVIDIA GeForce,GTX 1000,GeForce GT 1030,GIGABYTE,GeForce GT 1030 OC 2G,,Y,661,75,25,5,50,1.0,,,2,1288,1544,1680,1800,1004,1502,1800,2000,168,30,,1.0,95,20,,,13.3,13.0,1000,0.0,,1124.0,0.0,0.002248,0.001908,0.273974,0.002101,0.001258,0.528569,0.0,0.0,0.0,0.0,0.0,0.0,,,,,,,,,103,Prefabs/GPU/GigaByte/GigaByte_GTX1030,GIGABYTE GeForce GT 1030 OC 2G
GPU,NVIDIA GeForce,GTX 1000,GeForce GT 1030 SLI,EVGA,GeForce GT 1030 SLI,Y,Y,673,100,35,7,50,,,,2,1220,1560,1780,1900,700,1550,2100,2400,169,35,SLI,1.5,95,25,,,13.0,13.0,1018,4303.0,1.947889182,1124.0,2124.0,0.002248,0.001908,0.273974,0.002101,0.001258,0.528569,0.017133,0.0,2.0,0.014198,0.0,2.0,,,,,,,,,103,Prefabs/GPU/EVGA/EVGA_GTX_1030_SC,EVGA GeForce GT 1030 SLI
GPU,NVIDIA GeForce,GTX 1000,GeForce GT 1030 SLI,GIGABYTE,GeForce GT 1030 OC SLI,Y,Y,690,110,45,7,75,,,,2,1320,1610,1800,1900,630,1565,2150,2500,169,40,SLI,1.0,96,25,,,13.0,13.0,1042,4430.0,1.9478992,1124.0,2124.0,0.00226,0.00191,0.273974,0.002105,0.001258,0.528569,0.017133,0.0,2.0,0.014198,0.0,2.0,,,,,,,,,103,Prefabs/GPU/GigaByte/GigaByte_GTX1030,GIGABYTE GeForce GT 1030 OC SLI
GPU,NVIDIA GeForce,GTX 1000,GeForce GTX 1050,GIGABYTE,GeForce GTX 1050 Windforce OC 2G,,Y,1019,120,40,1,1,1.0,,,2,962,1531,1850,2100,1404,1752,1950,2100,229,75,,2.0,95,20,6-pin,,13.0,13.0,1556,0.0,,1944.0,0.0,0.007992,0.00044,-2.8124,0.006501,0.000376,-1.73724,0.0,0.0,0.0,0.0,0.0,0.0,,,,,,,,,103,Prefabs/GPU/GigaByte/GigaByte_Windforce_GTX1050,GIGABYTE GeForce GTX 1050 Windforce OC 2G
GPU,NVIDIA GeForce,GTX 1000,GeForce GTX 1050,MSI,GeForce GTX 1050 GAMING 2G,,Y,969,120,40,1,1,1.0,,RGB,2,836,1468,1850,2100,1404,1752,1950,2100,229,75,,2.0,95,20,6-pin,,12.3,12.5,1481,0.0,,1944.0,0.0,0.007992,0.00044,-2.8124,0.006501,0.000376,-1.73724,0.0,0.0,0.0,0.0,0.0,0.0,,,,,,,,,103,Prefabs/GPU/MSI/GTX1050,MSI GeForce GTX 1050 GAMING 2G
GPU,NVIDIA GeForce,GTX 1000,GeForce GTX 1050,MSI,GeForce GTX 1050 GAMING X 2G,,Y,1019,125,42,1,1,1.0,,RGB,2,962,1531,1850,2100,1404,1752,1950,2100,229,75,,2.0,95,20,6-pin,,12.4,12.5,1556,0.0,,1944.0,0.0,0.007992,0.00044,-2.8124,0.006501,0.000376,-1.73724,0.0,0.0,0.0,0.0,0.0,0.0,,,,,,,,,103,Prefabs/GPU/MSI/GTX1050,MSI GeForce GTX 1050 GAMING X 2G
GPU,NVIDIA GeForce,GTX 1000,GeForce GTX 1050 Ti,ASUS,ROG Strix Geforce GTX 1050 Ti OC Edition,Y,Y,1385,175,60,1,50,,,RGB,4,886,1493,1850,2100,1304,1752,2000,2200,194,75,,2.0,95,20,6-pin,,12.4,12.5,2075,0.0,,2486.0,0.0,0.00654,0.00113,2.110894,0.006342,0.000667,1.008064,0.0,0.0,0.0,0.0,0.0,0.0,,,,,,,,,103,Prefabs/GPU/ASUS/ASUS_ROG_STRIX_RX_560_OC,ASUS ROG Strix Geforce GTX 1050 Ti OC Edition
GPU,NVIDIA GeForce,GTX 1000,GeForce GTX 1050 Ti,EVGA,GeForce GTX 1050 Ti FTW GAMING,,Y,1384,165,55,1,1,1.0,,,4,886,1493,1850,2100,1304,1752,2000,2200,257,75,,2.0,95,20,6-pin,,12.6,12.5,2073,0.0,,2486.0,0.0,0.00654,0.001127,2.110894,0.006342,0.000657,1.008063,0.0,0.0,0.0,0.0,0.0,0.0,,,,,,,,,103,Prefabs/GPU/EVGA/EVGA_GeForceGTX1050_Ti_FTW_GAMING,EVGA GeForce GTX 1050 Ti FTW GAMING
GPU,NVIDIA GeForce,GTX 1000,GeForce GTX 1050 Ti,EVGA,GeForce GTX 1050 Ti GAMING,,Y,1318,155,52,1,1,1.0,,,4,684,1392,1850,2100,1304,1752,2000,2200,145,75,,2.0,95,20,,,12.7,12.5,1966,0.0,,2486.0,0.0,0.00654,0.001127,2.110894,0.006342,0.000657,1.008063,0.0,0.0,0.0,0.0,0.0,0.0,,,,,,,,,103,Prefabs/GPU/EVGA/EVGA_GTX_1050Ti_Gaming,EVGA GeForce GTX 1050 Ti GAMING
GPU,NVIDIA GeForce,GTX 1000,GeForce GTX 1050 Ti,GIGABYTE,GeForce GTX 1050 Ti Windforce OC 4G,,Y,1368,165,55,1,1,1.0,,,4,836,1468,1850,2100,1304,1752,2000,2200,229,75,,2.0,95,20,6-pin,,12.4,12.5,2046,0.0,,2486.0,0.0,0.00654,0.001127,2.110894,0.006342,0.000657,1.008063,0.0,0.0,0.0,0.0,0.0,0.0,,,,,,,,,103,Prefabs/GPU/GigaByte/GigaByte_Windforce_GTX1050Ti,GIGABYTE GeForce GTX 1050 Ti Windforce OC 4G
GPU,NVIDIA GeForce,GTX 1000,GeForce GTX 1050 Ti,MSI,GeForce GTX 1050 Ti GAMING 4G,,Y,1335,160,53,1,1,1.0,,RGB,4,734,1417,1850,2100,1304,1752,2000,2200,229,75,,2.0,95,20,6-pin,,12.5,12.5,1992,0.0,,2486.0,0.0,0.00654,0.001127,2.110894,0.006342,0.000657,1.008063,0.0,0.0,0.0,0.0,0.0,0.0,,,,,,,,,103,Prefabs/GPU/MSI/GTX1050,MSI GeForce GTX 1050 Ti GAMING 4G
GPU,NVIDIA GeForce,GTX 1000,GeForce GTX 1050 Ti,MSI,GeForce GTX 1050 Ti GAMING X 4G,,Y,1368,165,55,1,1,1.0,,RGB,4,836,1468,1850,2100,1304,1752,2000,2200,229,75,,2.0,95,20,6-pin,,12.4,12.5,2046,0.0,,2486.0,0.0,0.00654,0.001127,2.110894,0.006342,0.000657,1.008063,0.0,0.0,0.0,0.0,0.0,0.0,,,,,,,,,103,Prefabs/GPU/MSI/GTX1050,MSI GeForce GTX 1050 Ti GAMING X 4G
GPU,NVIDIA GeForce,GTX 1000,GeForce GTX 1050 Ti,ZOTAC,GeForce GTX 1050 Ti OC Edition,,Y,1393,165,55,1,40,1.0,,,4,912,1506,1850,2100,1304,1752,2000,2200,174,75,,1.5,95,20,,,12.6,12.5,2087,0.0,,2486.0,0.0,0.00654,0.001127,2.110894,0.006342,0.000657,1.008063,0.0,0.0,0.0,0.0,0.0,0.0,,,,,,,,,103,Prefabs/GPU/ZOTAC/ZOTAC_GeForce_1050Ti_OC_Mini,ZOTAC GeForce GTX 1050 Ti OC Edition
GPU,NVIDIA GeForce,GTX 1000,GeForce GTX 1060,ASUS,ROG Strix GeForce GTX 1060 OC Edition,,Y,2625,350,117,6,90,1.0,,RGB,6,1394,1847,2130,2300,1604,2052,2300,2500,298,120,,2.5,95,20,8-pin,,11.5,11.5,4018,0.0,,4701.0,0.0,0.012399,0.0033,-3.41774,0.011958,0.002489,-4.21902,0.0,0.0,0.0,0.0,0.0,0.0,,,,,,,,,103,Prefabs/GPU/ASUS/ASUS_Strix_1060_OC,ASUS ROG Strix GeForce GTX 1060 OC Edition
GPU,NVIDIA GeForce,GTX 1000,GeForce GTX 1060,EVGA,GeForce GTX 1060 FTW2 GAMING,,Y,2625,350,117,9,20,1.0,,,6,1420,1860,2130,2300,1504,2002,2300,2500,267,120,,2.0,95,20,8-pin,,11.5,11.5,4021,0.0,,4701.0,0.0,0.012399,0.0033,-3.41774,0.011958,0.002489,-4.21902,0.0,0.0,0.0,0.0,0.0,0.0,,,,,,,,,103,Prefabs/GPU/EVGA/EVGA_GTX_1060_FTW2_Gaming,EVGA GeForce GTX 1060 FTW2 GAMING
GPU,NVIDIA GeForce,GTX 1000,GeForce GTX 1060,EVGA,GeForce GTX 1060 GAMING 3GB,,Y,2314,295,98,6,60,1.0,,,3,1016,1708,2130,2400,1504,2002,2300,2500,173,120,,2.0,95,20,6-pin,,12.0,12.0,3531,0.0,,4342.0,0.0,0.010056,0.003354,-0.7444,0.009068,0.002859,-1.08445,0.0,0.0,0.0,0.0,0.0,0.0,,,,,,,,,103,Prefabs/GPU/EVGA/EVGA_GTX_1060_Gaming_3GB,EVGA GeForce GTX 1060 GAMING 3GB
GPU,NVIDIA GeForce,GTX 1000,GeForce GTX 1060,GIGABYTE,AORUS GeForce GTX 1060 6G,,Y,2625,350,117,9,30,1.0,,RGB,6,1420,1860,2130,2300,1504,2002,2300,2500,280,120,,2.0,95,20,8-pin,,11.5,11.5,4021,0.0,,4701.0,0.0,0.012399,0.0033,-3.41774,0.011958,0.002489,-4.21902,0.0,0.0,0.0,0.0,0.0,0.0,,,,,,,,,103,Prefabs/GPU/GigaByte/GigaByte_AORUS_GTX1060,GIGABYTE AORUS GeForce GTX 1060 6G
GPU,NVIDIA GeForce,GTX 1000,GeForce GTX 1060,GIGABYTE,AORUS GeForce GTX 1060 Xtreme Edition 6G,,Y,2666,355,118,9,1,1.0,,RGB,6,1446,1873,2130,2300,1658,2079,2300,2500,281,120,,2.5,95,20,8-pin,,11.5,11.5,4083,0.0,,4701.0,0.0,0.012399,0.0033,-3.41774,0.011958,0.002489,-4.21902,0.0,0.0,0.0,0.0,0.0,0.0,,,,,,,,,103,Prefabs/GPU/Gigabyte/AORUS_GeForce_GTX_1060_Xtreme_Edition_6GB,GIGABYTE AORUS GeForce GTX 1060 Xtreme Edition 6G
GPU,NVIDIA GeForce,GTX 1000,GeForce GTX 1060,MSI,GeForce GTX 1060 GAMING 3G,,Y,2339,300,100,6,80,1.0,,RGB,3,1066,1733,2130,2400,1504,2002,2300,2500,277,120,,2.0,95,20,8-pin,,11.9,12.0,3570,0.0,,4342.0,0.0,0.010056,0.003354,-0.7444,0.009068,0.002859,-1.08445,0.0,0.0,0.0,0.0,0.0,0.0,,,,,,,,,103,Prefabs/GPU/MSI/GTX1060,MSI GeForce GTX 1060 GAMING 3G
GPU,NVIDIA GeForce,GTX 1000,GeForce GTX 1060,MSI,GeForce GTX 1060 GAMING 6G,,Y,2467,330,110,9,80,1.0,,RGB,6,1066,1733,2130,2400,1504,2002,2300,2500,277,120,,2.0,95,20,8-pin,,11.4,11.5,3767,0.0,,4701.0,0.0,0.012399,0.0033,-3.41774,0.011958,0.002489,-4.21902,0.0,0.0,0.0,0.0,0.0,0.0,,,,,,,,,103,Prefabs/GPU/MSI/GTX1060,MSI GeForce GTX 1060 GAMING 6G
GPU,NVIDIA GeForce,GTX 1000,GeForce GTX 1060,MSI,GeForce GTX 1060 GAMING VR 3G,,Y,2352,300,100,6,20,1.0,,RGB,3,1092,1746,2130,2400,1504,2002,2300,2500,277,120,,2.0,95,20,8-pin,,12.0,12.0,3590,0.0,,4342.0,0.0,0.010056,0.003354,-0.7444,0.009068,0.002859,-1.08445,0.0,0.0,0.0,0.0,0.0,0.0,,,,,,,,,103,Prefabs/GPU/MSI/GTX1060VR,MSI GeForce GTX 1060 GAMING VR 3G
GPU,NVIDIA GeForce,GTX 1000,GeForce GTX 1060,MSI,GeForce GTX 1060 GAMING VR 6G,,Y,2483,330,110,9,70,1.0,,RGB,6,1092,1746,2130,2400,1504,2002,2300,2500,277,120,,2.0,95,20,8-pin,,11.5,11.5,3793,0.0,,4701.0,0.0,0.012399,0.0033,-3.41774,0.011958,0.002489,-4.21902,0.0,0.0,0.0,0.0,0.0,0.0,,,,,,,,,103,Prefabs/GPU/MSI/GTX1060VR,MSI GeForce GTX 1060 GAMING VR 6G
GPU,NVIDIA GeForce,GTX 1000,GeForce GTX 1060,MSI,GeForce GTX 1060 GAMING VR X 3G,,Y,2424,310,103,6,1,1.0,,RGB,3,1318,1809,2130,2300,1554,2027,2300,2500,277,120,,2.0,95,20,8-pin,,11.9,12.0,3701,0.0,,4342.0,0.0,0.010056,0.003354,-0.7444,0.009068,0.002859,-1.08445,0.0,0.0,0.0,0.0,0.0,0.0,,,,,,,,,103,Prefabs/GPU/MSI/GTX1060VR,MSI GeForce GTX 1060 GAMING VR X 3G
GPU,NVIDIA GeForce,GTX 1000,GeForce GTX 1060,MSI,GeForce GTX 1060 GAMING VR X 6G,,Y,2570,340,113,9,50,1.0,,RGB,6,1318,1809,2130,2300,1554,2027,2300,2500,277,120,,2.0,95,20,8-pin,,11.6,11.5,3931,0.0,,4701.0,0.0,0.012399,0.0033,-3.41774,0.011958,0.002489,-4.21902,0.0,0.0,0.0,0.0,0.0,0.0,,,,,,,,,103,Prefabs/GPU/MSI/GTX1060VR,MSI GeForce GTX 1060 GAMING VR X 6G
GPU,NVIDIA GeForce,GTX 1000,GeForce GTX 1060,MSI,GeForce GTX 1060 GAMING X 3G,,Y,2391,305,102,6,40,1.0,,RGB,3,1168,1784,2130,2400,1504,2002,2300,2500,277,120,,2.0,95,20,8-pin,,12.0,12.0,3650,0.0,,4342.0,0.0,0.010056,0.003354,-0.7444,0.009068,0.002859,-1.08445,0.0,0.0,0.0,0.0,0.0,0.0,,,,,,,,,103,Prefabs/GPU/MSI/GTX1060,MSI GeForce GTX 1060 GAMING X 3G
GPU,NVIDIA GeForce,GTX 1000,GeForce GTX 1060,MSI,GeForce GTX 1060 GAMING X 6G,,Y,2570,340,113,9,40,1.0,,RGB,6,1318,1809,2130,2300,1554,2027,2300,2500,277,120,,2.0,95,20,8-pin,,11.6,11.5,3931,0.0,,4701.0,0.0,0.012399,0.0033,-3.41774,0.011958,0.002489,-4.21902,0.0,0.0,0.0,0.0,0.0,0.0,,,,,,,,,103,Prefabs/GPU/MSI/GTX1060,MSI GeForce GTX 1060 GAMING X 6G
GPU,NVIDIA GeForce,GTX 1000,GeForce GTX 1060,MSI,GeForce GTX 1060 GAMING X+ 6G,,Y,2653,350,117,6,10,1.0,,RGB,6,1318,1809,2130,2300,2162,2281,2300,2400,277,120,,2.0,95,20,8-pin,,11.6,11.5,4049,0.0,,4701.0,0.0,0.012399,0.0033,-3.41774,0.011958,0.002489,-4.21902,0.0,0.0,0.0,0.0,0.0,0.0,,,,,,,,,103,Prefabs/GPU/MSI/GTX1060,MSI GeForce GTX 1060 GAMING X+ 6G
GPU,NVIDIA GeForce,GTX 1000,GeForce GTX 1060,MSI,GeForce GTX 1060 GAMING+ 6G,,Y,2567,340,113,9,60,1.0,,RGB,6,1092,1746,2130,2400,2112,2256,2300,2400,277,120,,2.0,95,20,8-pin,,11.5,11.5,3912,0.0,,4701.0,0.0,0.012399,0.0033,-3.41774,0.011958,0.002489,-4.21902,0.0,0.0,0.0,0.0,0.0,0.0,,,,,,,,,103,Prefabs/GPU/MSI/GTX1060,MSI GeForce GTX 1060 GAMING+ 6G
GPU,NVIDIA GeForce,GTX 1000,GeForce GTX 1060,NVIDIA,GeForce GTX 1060 Founders Edition,,Y,2437,340,113,6,1,1.0,,Green,6,1018,1709,2130,2400,1504,2002,2300,2500,250,120,,2.0,95,20,6-pin,,10.9,11.5,3719,0.0,,4701.0,0.0,0.012399,0.0033,-3.41774,0.011958,0.002489,-4.21902,0.0,0.0,0.0,0.0,0.0,0.0,,,,,,,,,103,Prefabs/GPU/NVidia/GPU_Nvidia_GeForceGTX_1060,NVIDIA GeForce GTX 1060 Founders Edition
GPU,NVIDIA GeForce,GTX 1000,GeForce GTX 1060,ZOTAC,GeForce GTX 1060 AMP! Edition,,Y,2514,330,110,6,60,1.0,,,6,1142,1771,2130,2400,1504,2002,2300,2500,210,120,,2.0,95,20,6-pin,,11.6,11.5,3843,0.0,,4701.0,0.0,0.012399,0.0033,-3.41774,0.011958,0.002489,-4.21902,0.0,0.0,0.0,0.0,0.0,0.0,,,,,,,,,103,Prefabs/GPU/ZOTAC/ZOTAC_GeForce_1060_AmpExtreme,ZOTAC GeForce GTX 1060 AMP! Edition
GPU,NVIDIA GeForce,GTX 1000,GeForce GTX 1060,ZOTAC,GeForce GTX 1060 Mini,,Y,2437,320,107,6,1,1.0,,,6,1018,1709,2130,2400,1504,2002,2300,2500,174,120,,2.0,95,20,6-pin,,11.6,11.5,3719,0.0,,4701.0,0.0,0.012399,0.0033,-3.41774,0.011958,0.002489,-4.21902,0.0,0.0,0.0,0.0,0.0,0.0,,,,,,,,,103,Prefabs/GPU/ZOTAC/ZOTAC_GeForce_GTX_1060_mini,ZOTAC GeForce GTX 1060 Mini
GPU,NVIDIA GeForce,GTX 1000,GeForce GTX 1070,ASUS,ROG Strix GeForce GTX 1070 OC Edition,,Y,3742,550,183,11,25,1.0,,RGB,8,1470,1835,2050,2200,1704,2002,2200,2300,298,150,SLI,2.5,95,20,8-pin,GTX,10.5,10.5,5749,11261.0,1.9587754392068186,6468.0,12802.0,0.01523,0.006421,-3.37279,0.01535,0.004705,-4.61795,0.03006,0.015907,-13.1503,0.031696,0.011842,-17.7116,,,,,,,,,103,Prefabs/GPU/ASUS/ASUS_Strix_1070_OC,ASUS ROG Strix GeForce GTX 1070 OC Edition
GPU,NVIDIA GeForce,GTX 1000,GeForce GTX 1070,EVGA,GeForce GTX 1070 FTW2 GAMING,,Y,3685,530,177,11,35,1.0,,,8,1394,1797,2050,2200,1704,2002,2200,2300,267,150,SLI,2.0,95,20,8-pin + 8-pin,GTX,10.7,10.5,5653,11067.0,1.9577215637714487,6468.0,12802.0,0.01523,0.006421,-3.37279,0.01535,0.004705,-4.61795,0.03006,0.015907,-13.1503,0.031696,0.011842,-17.7116,,,,,,,,,103,Prefabs/GPU/EVGA/EVGA_GeforceGTX1070,EVGA GeForce GTX 1070 FTW2 GAMING
GPU,NVIDIA GeForce,GTX 1000,GeForce GTX 1070,EVGA,GeForce GTX 1070 GAMING,,Y,3511,510,170,11,60,1.0,,White,8,1066,1683,2050,2300,1704,2002,2200,2300,267,150,SLI,2.0,95,20,8-pin,GTX,10.5,10.5,5366,10484.0,1.9537830786433097,6468.0,12802.0,0.01523,0.006421,-3.37279,0.01535,0.004705,-4.61795,0.03006,0.015907,-13.1503,0.031696,0.011842,-17.7116,,,,,,,,,103,Prefabs/GPU/EVGA/EVGA_GTX_1070_Gaming,EVGA GeForce GTX 1070 GAMING
GPU,NVIDIA GeForce,GTX 1000,GeForce GTX 1070,GIGABYTE,AORUS GeForce GTX 1070 8G,,Y,3742,550,183,11,40,1.0,,RGB,8,1470,1835,2050,2200,1704,2002,2200,2300,287,150,SLI,2.5,95,20,8-pin + 6-pin,GTX,10.5,10.5,5749,11261.0,1.9587754392068186,6468.0,12802.0,0.01523,0.006421,-3.37279,0.01535,0.004705,-4.61795,0.03006,0.015907,-13.1503,0.031696,0.011842,-17.7116,,,,,,,,,103,Prefabs/GPU/GigaByte/GigaByte_AORUS_GTX1070,GIGABYTE AORUS GeForce GTX 1070 8G
GPU,NVIDIA GeForce,GTX 1000,GeForce GTX 1070,MSI,GeForce GTX 1070 GAMING 8G,,Y,3569,520,173,11,80,1.0,,RGB,8,1142,1721,2050,2300,1704,2002,2200,2300,279,150,SLI,2.0,95,20,8-pin + 6-pin,GTX,10.5,10.5,5462,10678.0,1.9549615525448554,6468.0,12802.0,0.01523,0.006421,-3.37279,0.01535,0.004705,-4.61795,0.03006,0.015907,-13.1503,0.031696,0.011842,-17.7116,,,,,,,,,103,Prefabs/GPU/MSI/GTX1080,MSI GeForce GTX 1070 GAMING 8G
GPU,NVIDIA GeForce,GTX 1000,GeForce GTX 1070,MSI,GeForce GTX 1070 GAMING X 8G,,Y,3701,540,180,11,1,1.0,,RGB,8,1394,1797,2050,2200,1754,2027,2200,2300,279,150,SLI,2.0,95,20,8-pin + 6-pin,GTX,10.5,10.5,5676,11123.0,1.9596546863988724,6468.0,12802.0,0.01523,0.006421,-3.37279,0.01535,0.004705,-4.61795,0.03006,0.015907,-13.1503,0.031696,0.011842,-17.7116,,,,,,,,,103,Prefabs/GPU/MSI/GTX1080,MSI GeForce GTX 1070 GAMING X 8G
GPU,NVIDIA GeForce,GTX 1000,GeForce GTX 1070,MSI,GeForce GTX 1070 GAMING Z 8G,,Y,3797,555,185,11,20,1.0,,RGB,8,1520,1860,2050,2200,1754,2027,2200,2300,279,150,SLI,2.0,95,20,8-pin + 6-pin,GTX,10.5,10.5,5834,11444.0,1.9616043880699348,6468.0,12802.0,0.01523,0.006421,-3.37279,0.01535,0.004705,-4.61795,0.03006,0.015907,-13.1503,0.031696,0.011842,-17.7116,,,,,,,,,103,Prefabs/GPU/MSI/GTX1080,MSI GeForce GTX 1070 GAMING Z 8G
GPU,NVIDIA GeForce,GTX 1000,GeForce GTX 1070,NVIDIA,GeForce GTX 1070 Founders Edition,,Y,3511,530,177,11,1,1.0,,Green,8,1066,1683,2050,2300,1704,2002,2200,2300,267,150,SLI,2.0,95,20,8-pin,GTX,10.1,10.5,5366,10484.0,1.9537830786433097,6468.0,12802.0,0.01523,0.006421,-3.37279,0.01535,0.004705,-4.61795,0.03006,0.015907,-13.1503,0.031696,0.011842,-17.7116,,,,,,,,,103,Prefabs/GPU/NVidia/GPU_Nvidia_GeForceGTX_1070,NVIDIA GeForce GTX 1070 Founders Edition
GPU,NVIDIA GeForce,GTX 1000,GeForce GTX 1070,ZOTAC,GeForce GTX 1070 AMP Extreme,,Y,3775,550,183,11,80,1.0,,RGB,8,1470,1835,2050,2200,1804,2052,2200,2300,325,150,SLI,2.5,95,20,8-pin + 8-pin,GTX,10.5,10.5,5794,11373.0,1.962892647566448,6468.0,12802.0,0.01523,0.006421,-3.37279,0.01535,0.004705,-4.61795,0.03006,0.015907,-13.1503,0.031696,0.011842,-17.7116,,,,,,,,,103,Prefabs/GPU/ZOTAC/ZOTAC_GeForce_1070_AmpExtreme,ZOTAC GeForce GTX 1070 AMP Extreme
GPU,NVIDIA GeForce,GTX 1000,GeForce GTX 1070,ZOTAC,GeForce GTX 1070 Mini,,Y,3549,515,172,11,5,1.0,,White,8,1116,1708,2050,2300,1704,2002,2200,2300,210,150,SLI,2.0,95,20,8-pin,GTX,10.5,10.5,5429,10612.0,,6468.0,12802.0,0.01523,0.006421,-3.37279,0.01535,0.004705,-4.61795,0.03006,0.015907,-13.1503,0.031696,0.011842,-17.7116,,,,,,,,,103,Prefabs/GPU/ZOTAC/ZOTAC_Geforce_GTX_1070_mini,ZOTAC GeForce GTX 1070 Mini
GPU - Water,NVIDIA GeForce,GTX 1000,GeForce GTX 1070,NVIDIA,GeForce GTX 1070 | EKWB EK-FC Acetal,,Y,3511,650,217,16,1,1.0,,,8,966,1683,2142,2400,1504,2002,2299,2500,258,150,SLI,2.0,95,20,8-pin,GTX,8.3,,5366,10484.0,1.9537830786433097,,,0.01523,0.006421,-3.37279,0.01535,0.004705,-4.61795,0.03006,0.015907,-13.1503,0.031696,0.011842,-17.7116,2050.0,2200.0,4.5,5.0,,,,,103,Prefabs/GPU/EKWB/EKWB_Watercooled_1070_GPU_Silver,NVIDIA GeForce GTX 1070 | EKWB EK-FC Acetal
GPU - Water,NVIDIA GeForce,GTX 1000,GeForce GTX 1070,NVIDIA,GeForce GTX 1070 | EKWB EK-FC Plexi,,Y,3511,650,217,16,1,1.0,,,8,966,1683,2142,2400,1504,2002,2299,2500,258,150,SLI,2.0,95,20,8-pin,GTX,8.3,,5366,10484.0,1.9537830786433097,,,0.01523,0.006421,-3.37279,0.01535,0.004705,-4.61795,0.03006,0.015907,-13.1503,0.031696,0.011842,-17.7116,2050.0,2200.0,4.5,5.0,,,,,103,Prefabs/GPU/EKWB/EKWB_Watercooled_1070_GPU_Clear,NVIDIA GeForce GTX 1070 | EKWB EK-FC Plexi
GPU - Water,NVIDIA GeForce,GTX 1000,GeForce GTX 1070,NVIDIA,GeForce GTX 1070 | EKWB EK-FC Plexi RGB,,Y,3511,700,233,23,1,1.0,,RGB,8,966,1683,2142,2400,1504,2002,2299,2500,258,150,SLI,2.0,95,20,8-pin,GTX,7.7,,5366,10484.0,1.9537830786433097,,,0.01523,0.006421,-3.37279,0.01535,0.004705,-4.61795,0.03006,0.015907,-13.1503,0.031696,0.011842,-17.7116,2050.0,2200.0,4.5,5.0,,,,,103,Prefabs/GPU/EKWB/EKWB_Watercooled_1070_GPU_RGB,NVIDIA GeForce GTX 1070 | EKWB EK-FC Plexi RGB
GPU,NVIDIA GeForce,GTX 1000,GeForce GTX 1070 Ti,ASUS,ROG Strix GeForce GTX 1070 Ti Advanced Edition,,Y,4138,610,203,19,60,1.0,,RGB,8,1066,1683,2050,2300,1704,2002,2200,2300,298,180,SLI,2.5,95,20,8-pin,GTX,10.5,10.5,6380,12011.0,1.882601880877743,7395.0,14160.0,0.012341,0.009107,2.382808,0.012517,0.007293,1.036967,0.029835,0.008625,12.33832,0.036084,0.000323,6.288826,,,,,,,,,103,Prefabs/GPU/ASUS/ASUS_Strix_1070Ti_Adv_Ed,ASUS ROG Strix GeForce GTX 1070 Ti Advanced Edition
GPU,NVIDIA GeForce,GTX 1000,GeForce GTX 1070 Ti,MSI,GeForce GTX 1070 Ti GAMING 8G,,Y,4138,610,203,19,1,1.0,,RGB,8,1066,1683,2050,2300,1704,2002,2200,2300,279,180,SLI,2.0,95,20,8-pin + 6-pin,GTX,10.5,10.5,6380,12011.0,1.882601880877743,7395.0,14160.0,0.012341,0.009107,2.382808,0.012517,0.007293,1.036967,0.029835,0.008625,12.33832,0.036084,0.000323,6.288826,,,,,,,,,103,Prefabs/GPU/MSI/GTX1080,MSI GeForce GTX 1070 Ti GAMING 8G
GPU,NVIDIA GeForce,GTX 1000,GeForce GTX 1070 Ti,MSI,GeForce GTX 1070 Ti Titanium 8G,,Y,4138,610,203,19,25,1.0,,RGB,8,1066,1683,2050,2300,1704,2002,2200,2300,279,180,SLI,2.0,95,20,8-pin + 6-pin,GTX,10.5,10.5,6380,12011.0,1.882601880877743,7395.0,14160.0,0.012341,0.009107,2.382808,0.012517,0.007293,1.036967,0.029835,0.008625,12.33832,0.036084,0.000323,6.288826,,,,,,,,,103,Prefabs/GPU/MSI/MSI_GTX1070Ti_TITANIUM_9G,MSI GeForce GTX 1070 Ti Titanium 8G
GPU,NVIDIA GeForce,GTX 1000,GeForce GTX 1070 Ti,NVIDIA,GeForce GTX 1070 Ti Founders Edition,,Y,4138,640,213,19,1,1.0,,Green,8,1066,1683,2050,2300,1704,2002,2200,2300,267,180,SLI,2.0,95,20,8-pin,GTX,10.0,10.5,6380,12011.0,1.882601880877743,7395.0,14160.0,0.012341,0.009107,2.382808,0.012517,0.007293,1.036967,0.029835,0.008625,12.33832,0.036084,0.000323,6.288826,,,,,,,,,103,Prefabs/GPU/NVidia/GPU_Nvidia_GeForceGTX_1070Ti,NVIDIA GeForce GTX 1070 Ti Founders Edition
GPU - Water,NVIDIA GeForce,GTX 1000,GeForce GTX 1070 Ti,NVIDIA,GeForce GTX 1070 Ti | EKWB EK-FC Acetal,,Y,4138,760,253,19,90,1.0,,,8,966,1683,2157,2400,1504,2002,2314,2500,258,180,SLI,2.0,95,20,8-pin,GTX,8.4,,6380,12011.0,1.882601880877743,,,0.012341,0.009107,2.382808,0.012517,0.007293,1.036967,0.029835,0.008625,12.33832,0.036084,0.000323,6.288826,2050.0,2200.0,5.2,5.0,,,,,103,Prefabs/GPU/EKWB/EKWB_Watercooled_1070ti_GPU_Silver,NVIDIA GeForce GTX 1070 Ti | EKWB EK-FC Acetal
GPU - Water,NVIDIA GeForce,GTX 1000,GeForce GTX 1070 Ti,NVIDIA,GeForce GTX 1070 Ti | EKWB EK-FC Plexi,,Y,4138,760,253,19,90,1.0,,,8,966,1683,2157,2400,1504,2002,2314,2500,258,180,SLI,2.0,95,20,8-pin,GTX,8.4,,6380,12011.0,1.882601880877743,,,0.012341,0.009107,2.382808,0.012517,0.007293,1.036967,0.029835,0.008625,12.33832,0.036084,0.000323,6.288826,2050.0,2200.0,5.2,5.0,,,,,103,Prefabs/GPU/EKWB/EKWB_Watercooled_1070ti_GPU_Clear,NVIDIA GeForce GTX 1070 Ti | EKWB EK-FC Plexi
GPU - Water,NVIDIA GeForce,GTX 1000,GeForce GTX 1070 Ti,NVIDIA,GeForce GTX 1070 Ti | EKWB EK-FC Plexi RGB,,Y,4138,810,270,23,60,1.0,,RGB,8,966,1683,2157,2400,1504,2002,2314,2500,258,180,SLI,2.0,95,20,8-pin,GTX,7.9,,6380,12011.0,1.882601880877743,,,0.012341,0.009107,2.382808,0.012517,0.007293,1.036967,0.029835,0.008625,12.33832,0.036084,0.000323,6.288826,2050.0,2200.0,5.2,5.0,,,,,103,Prefabs/GPU/EKWB/EKWB_Watercooled_1070ti_GPU_RGB,NVIDIA GeForce GTX 1070 Ti | EKWB EK-FC Plexi RGB
GPU,NVIDIA GeForce,GTX 1000,GeForce GTX 1080,ASUS,ROG Strix GeForce GTX 1080 OC Edition,,Y,4741,700,233,13,20,1.0,,RGB,8,1696,1898,2030,2100,-198,1251,2200,2700,298,180,SLI,2.5,95,20,8-pin + 6-pin,GTX,10.5,10.5,7337,14129.0,1.925718958702467,9525.0,16261.0,0.016172,0.012984,0.4788,0.016296,0.01078,-2.06271,0.047004,0.01229,-12.7896,0.047961,0.003139,-13.7882,,,,,,,,,103,Prefabs/GPU/ASUS/ASUS_1080_OC,ASUS ROG Strix GeForce GTX 1080 OC Edition
GPU,NVIDIA GeForce,GTX 1000,GeForce GTX 1080,EVGA,GeForce GTX 1080 GAMING,,Y,4474,655,218,13,60,1.0,,White,8,1266,1733,2030,2200,-198,1251,2200,2700,267,180,SLI,2.0,95,20,8-pin,GTX,10.25,10.5,6896,12837.0,1.861513921113689,9525.0,16261.0,0.016172,0.012984,0.4788,0.016296,0.01078,-2.06271,0.047004,0.01229,-12.7896,0.047961,0.003139,-13.7882,,,,,,,,,103,Prefabs/GPU/EVGA/EVGA_GTX_1080_Gaming,EVGA GeForce GTX 1080 GAMING
GPU,NVIDIA GeForce,GTX 1000,GeForce GTX 1080,GIGABYTE,AORUS GeForce GTX 1080 8G,,Y,4701,690,230,13,80,1.0,,RGB,8,1546,1873,2030,2200,-198,1251,2200,2700,287,180,SLI,2.5,95,20,8-pin + 8-pin,GTX,10.25,10.5,7270,13934.0,1.9166437414030262,9525.0,16261.0,0.016172,0.012984,0.4788,0.016296,0.01078,-2.06271,0.047004,0.01229,-12.7896,0.047961,0.003139,-13.7882,,,,,,,,,103,Prefabs/GPU/GigaByte/GigaByte_AORUS_GTX1080,GIGABYTE AORUS GeForce GTX 1080 8G
GPU,NVIDIA GeForce,GTX 1000,GeForce GTX 1080,GIGABYTE,AORUS GeForce GTX 1080 Xtreme Edition 8G,,Y,4965,730,243,13,1,1.0,,RGB,8,1772,1936,2030,2100,52,1376,2200,2700,293,180,SLI,2.5,95,20,8-pin + 6-pin,GTX,10.25,10.5,7680,14574.0,1.89765625,9525.0,16261.0,0.016172,0.012984,0.4788,0.016296,0.01078,-2.06271,0.047004,0.01229,-12.7896,0.047961,0.003139,-13.7882,,,,,,,,,103,Prefabs/GPU/GigaByte/GigaByte_AORUS_GTX1080_ExtremeEd,GIGABYTE AORUS GeForce GTX 1080 Xtreme Edition 8G
GPU,NVIDIA GeForce,GTX 1000,GeForce GTX 1080,MSI,GeForce GTX 1080 GAMING 100ME,Y,Y,4493,700,240,13,25,,,Green,8,1180,1740,2055,2300,-186,1257,2210,2700,277,250,SLI,2.0,95,25,8-pin + 6-pin,,10.0,10.5,6926,12899.0,1.871513921113689,4123.0,7957.0,0.016172,0.012984,0.4788,0.016296,0.01078,-2.06271,0.047004,0.01229,-12.7896,0.047961,0.003139,-13.7882,,,,,,,,,103,Prefabs/GPU/MSI/MSI_GTX_970GLE100ME,MSI GeForce GTX 1080 GAMING 100ME
GPU,NVIDIA GeForce,GTX 1000,GeForce GTX 1080,MSI,GeForce GTX 1080 GAMING 8G,,Y,4536,665,222,13,70,1.0,,RGB,8,1342,1771,2030,2200,-198,1251,2200,2700,279,180,SLI,2.0,95,20,8-pin + 6-pin,GTX,10.25,10.5,6998,13135.0,1.876964847099171,9525.0,16261.0,0.016172,0.012984,0.4788,0.016296,0.01078,-2.06271,0.047004,0.01229,-12.7896,0.047961,0.003139,-13.7882,,,,,,,,,103,Prefabs/GPU/MSI/GTX1080,MSI GeForce GTX 1080 GAMING 8G
GPU,NVIDIA GeForce,GTX 1000,GeForce GTX 1080,MSI,GeForce GTX 1080 GAMING X 8G,,Y,4674,690,230,13,50,1.0,,RGB,8,1494,1847,2030,2200,-174,1263,2200,2700,279,180,SLI,2.0,95,20,8-pin + 6-pin,GTX,10.25,10.5,7224,13744.0,1.902547065337763,9525.0,16261.0,0.016172,0.012984,0.4788,0.016296,0.01078,-2.06271,0.047004,0.01229,-12.7896,0.047961,0.003139,-13.7882,,,,,,,,,103,Prefabs/GPU/MSI/GTX1080,MSI GeForce GTX 1080 GAMING X 8G
GPU,NVIDIA GeForce,GTX 1000,GeForce GTX 1080,MSI,GeForce GTX 1080 GAMING X+ 8G,,Y,4837,710,237,13,10,1.0,,RGB,8,1494,1847,2030,2200,76,1388,2200,2700,277,180,SLI,2.0,95,20,8-pin + 6-pin,GTX,10.25,10.5,7466,13890.0,1.8604339673185106,9525.0,16261.0,0.016172,0.012984,0.4788,0.016296,0.01078,-2.06271,0.047004,0.01229,-12.7896,0.047961,0.003139,-13.7882,,,,,,,,,103,Prefabs/GPU/MSI/GTX1080,MSI GeForce GTX 1080 GAMING X+ 8G
GPU,NVIDIA GeForce,GTX 1000,GeForce GTX 1080,MSI,GeForce GTX 1080 GAMING Z 8G,,Y,4778,705,235,13,40,1.0,,RGB,8,1722,1911,2030,2100,-174,1263,2200,2700,279,180,SLI,2.0,95,20,8-pin + 6-pin,GTX,10.25,10.5,7395,14245.0,1.9263015551048006,9525.0,16261.0,0.016172,0.012984,0.4788,0.016296,0.01078,-2.06271,0.047004,0.01229,-12.7896,0.047961,0.003139,-13.7882,,,,,,,,,103,Prefabs/GPU/MSI/GTX1080,MSI GeForce GTX 1080 GAMING Z 8G
GPU,NVIDIA GeForce,GTX 1000,GeForce GTX 1080,MSI,GeForce GTX 1080 GAMING+ 8G,,Y,4698,690,230,13,25,1.0,,RGB,8,1342,1771,2030,2200,52,1376,2200,2700,277,180,SLI,2.0,95,20,8-pin + 6-pin,GTX,10.25,10.5,7239,13281.0,1.8346456692913387,9525.0,16261.0,0.016172,0.012984,0.4788,0.016296,0.01078,-2.06271,0.047004,0.01229,-12.7896,0.047961,0.003139,-13.7882,,,,,,,,,103,Prefabs/GPU/MSI/GTX1080,MSI GeForce GTX 1080 GAMING+ 8G
GPU,NVIDIA GeForce,GTX 1000,GeForce GTX 1080,NVIDIA,GeForce GTX 1080 Founders Edition,,Y,4474,690,230,13,1,1.0,,Green,8,1266,1733,2030,2200,-198,1251,2200,2700,267,180,SLI,2.0,95,20,8-pin,GTX,10.0,10.5,6896,12837.0,1.861513921113689,9525.0,16261.0,0.016172,0.012984,0.4788,0.016296,0.01078,-2.06271,0.047004,0.01229,-12.7896,0.047961,0.003139,-13.7882,,,,,,,,,103,Prefabs/GPU/NVidia/GPU_Nvidia_GeForceGTX_1080,NVIDIA GeForce GTX 1080 Founders Edition
GPU,NVIDIA GeForce,GTX 1000,GeForce GTX 1080,ZOTAC,GeForce GTX 1080 AMP Extreme,,Y,4891,720,240,13,45,1.0,,Red,8,1722,1911,2030,2100,0,1350,2200,2700,325,180,SLI,2.5,95,20,8-pin + 8-pin,GTX,10.5,10.5,7563,14347.0,1.8969985455507075,9525.0,16261.0,0.016172,0.012984,0.4788,0.016296,0.01078,-2.06271,0.047004,0.01229,-12.7896,0.047961,0.003139,-13.7882,,,,,,,,,103,Prefabs/GPU/ZOTAC/ZOTAC_GeForce_1080_AmpExtreme,ZOTAC GeForce GTX 1080 AMP Extreme
GPU,NVIDIA GeForce,GTX 1000,GeForce GTX 1080,ZOTAC,GeForce GTX 1080 Mini,,Y,4516,665,222,13,60,1.0,,White,8,1318,1759,2030,2200,-198,1251,2200,2700,211,180,SLI,2.0,95,20,8-pin,GTX,10.5,10.5,6966,13041.0,1.872093023255814,9525.0,16261.0,0.016172,0.012984,0.4788,0.016296,0.01078,-2.06271,0.047004,0.01229,-12.7896,0.047961,0.003139,-13.7882,,,,,,,,,103,Prefabs/GPU/ZOTAC/ZOTAC_GeForce_1080_Mini,ZOTAC GeForce GTX 1080 Mini
GPU - Water,NVIDIA GeForce,GTX 1000,GeForce GTX 1080,NVIDIA,GeForce GTX 1080 | Alphacool NexXxoS GPX M10,,Y,4474,805,268,23,15,1.4,PC,,8,1066,1733,2129,2400,-398,1251,2308,2900,258,180,SLI,2.0,95,20,8-pin,GTX,8.6,,6896,12837.0,1.861513921113689,,,0.016172,0.012984,0.4788,0.016296,0.01078,-2.06271,0.047004,0.01229,-12.7896,0.047961,0.003139,-13.7882,2030.0,2200.0,4.9,5.0,,,,,103,Prefabs/GPU/Alphacool/GPU_Alphacool_NexXxoS_GPX_ NvidiaGeforceGTX1080_M10,NVIDIA GeForce GTX 1080 | Alphacool NexXxoS GPX M10
GPU - Water,NVIDIA GeForce,GTX 1000,GeForce GTX 1080,NVIDIA,GeForce GTX 1080 | EKWB EK-FC Acetal,,Y,4474,805,268,16,90,1.0,,,8,1066,1733,2129,2400,-398,1251,2308,2900,258,180,SLI,2.0,95,20,8-pin,GTX,8.6,,6896,12837.0,1.861513921113689,,,0.016172,0.012984,0.4788,0.016296,0.01078,-2.06271,0.047004,0.01229,-12.7896,0.047961,0.003139,-13.7882,2030.0,2200.0,4.9,5.0,,,,,103,Prefabs/GPU/EKWB/EKWB_Watercooled_1080_GPU_Silver,NVIDIA GeForce GTX 1080 | EKWB EK-FC Acetal
GPU - Water,NVIDIA GeForce,GTX 1000,GeForce GTX 1080,NVIDIA,GeForce GTX 1080 | EKWB EK-FC Plexi,,Y,4474,805,268,16,90,1.0,,,8,1066,1733,2129,2400,-398,1251,2308,2900,258,180,SLI,2.0,95,20,8-pin,GTX,8.6,,6896,12837.0,1.861513921113689,,,0.016172,0.012984,0.4788,0.016296,0.01078,-2.06271,0.047004,0.01229,-12.7896,0.047961,0.003139,-13.7882,2030.0,2200.0,4.9,5.0,,,,,103,Prefabs/GPU/EKWB/EKWB_Watercooled_1080_GPU_Clear,NVIDIA GeForce GTX 1080 | EKWB EK-FC Plexi
GPU - Water,NVIDIA GeForce,GTX 1000,GeForce GTX 1080,NVIDIA,GeForce GTX 1080 | EKWB EK-FC Plexi RGB,,Y,4474,855,285,23,15,1.0,,RGB,8,1066,1733,2129,2400,-398,1251,2308,2900,258,180,SLI,2.0,95,20,8-pin,GTX,8.1,,6896,12837.0,1.861513921113689,,,0.016172,0.012984,0.4788,0.016296,0.01078,-2.06271,0.047004,0.01229,-12.7896,0.047961,0.003139,-13.7882,2030.0,2200.0,4.9,5.0,,,,,103,Prefabs/GPU/EKWB/EKWB_Watercooled_1080_GPU_RGB,NVIDIA GeForce GTX 1080 | EKWB EK-FC Plexi RGB
GPU,NVIDIA GeForce,GTX 1000,GeForce GTX 1080 Ti,ASUS,ROG Strix GeForce GTX 1080 Ti OC Edition,,Y,5651,870,290,21,40,1.0,,RGB,11,1166,1683,2012,2200,-48,1376,2300,2800,298,250,SLI,2.5,95,20,8-pin + 8-pin,GTX,10.0,10.0,8696,16945.0,1.9485970561177552,12546.0,25563.0,0.02549,0.01673,-9.4038,0.02617,0.01563,-15.604,0.04548,0.03498,-15.202,0.04295,0.04657,-38.5277,,,,,,,,,103,Prefabs/GPU/ASUS/ASUS_1080Ti_OC,ASUS ROG Strix GeForce GTX 1080 Ti OC Edition
GPU,NVIDIA GeForce,GTX 1000,GeForce GTX 1080 Ti,EVGA,GeForce GTX 1080 Ti GAMING,,Y,5394,825,275,21,1,1.0,,White,11,864,1582,2012,2300,-48,1376,2300,2800,270,250,SLI,2.0,95,20,8-pin + 6-pin,GTX,10.0,10.0,8266,16213.0,1.9614081780788772,12546.0,25563.0,0.02549,0.01673,-9.4038,0.02617,0.01563,-15.604,0.04548,0.03498,-15.202,0.04295,0.04657,-38.5277,,,,,,,,,103,Prefabs/GPU/EVGA/EVGA_GTX_1080_Ti_Gaming,EVGA GeForce GTX 1080 Ti GAMING
GPU,NVIDIA GeForce,GTX 1000,GeForce GTX 1080 Ti,EVGA,GeForce GTX 1080 Ti K|NGP|N GAMING,,Y,5682,875,292,21,90,1.0,,RGB,11,1190,1695,2012,2200,-48,1376,2300,2800,300,250,SLI,2.0,95,20,8-pin + 8-pin,GTX,10.0,10.0,8747,17032.0,1.9471818909340346,12546.0,25563.0,0.02549,0.01673,-9.4038,0.02617,0.01563,-15.604,0.04548,0.03498,-15.202,0.04295,0.04657,-38.5277,,,,,,,,,103,Prefabs/GPU/EVGA/EVGA_GTX_1080_Ti_KingPin_Gaming,EVGA GeForce GTX 1080 Ti K|NGP|N GAMING
GPU,NVIDIA GeForce,GTX 1000,GeForce GTX 1080 Ti,EVGA,GeForce GTX 1080 Ti K|NGP|N LN2 Bios,Y,Y,5798,1250,592,22,55,,,RGB,11,-50,1725,2900,3500,-4100,1400,5000,6900,300,285,SLI,2.0,105,45,8-pin + 8-pin,GTX,10.0,10.0,8939,17413.0,1.9471818909340346,12546.0,25563.0,0.02549,0.01673,-9.4038,0.02617,0.01563,-15.604,0.04548,0.03498,-15.202,0.04295,0.04657,-38.5277,,,,,,,,,103,Prefabs/GPU/EVGA/EVGA_GTX_1080_Ti_KingPin_Gaming,EVGA GeForce GTX 1080 Ti K|NGP|N LN2 Bios
GPU,NVIDIA GeForce,GTX 1000,GeForce GTX 1080 Ti,GIGABYTE,AORUS GeForce GTX 1080 Ti 11G,,Y,5715,880,293,21,15,1.0,,RGB,11,1216,1708,2012,2200,-48,1376,2300,2800,293,250,SLI,2.0,95,20,8-pin + 8-pin,GTX,10.0,10.0,8803,17127.0,1.9455867317959787,12546.0,25563.0,0.02549,0.01673,-9.4038,0.02617,0.01563,-15.604,0.04548,0.03498,-15.202,0.04295,0.04657,-38.5277,,,,,,,,,103,Prefabs/GPU/GigaByte/GigaByte_AORUS_GTX1080Ti_11GB,GIGABYTE AORUS GeForce GTX 1080 Ti 11G
GPU,NVIDIA GeForce,GTX 1000,GeForce GTX 1080 Ti,GIGABYTE,AORUS GeForce GTX 1080 Ti Xtreme Edition 11G,,Y,5904,910,303,21,80,1.0,,RGB,11,1292,1746,2012,2200,62,1431,2300,2800,293,250,SLI,2.5,95,20,8-pin + 8-pin,GTX,10.0,10.0,9110,17777.0,1.9513721185510429,12546.0,25563.0,0.02549,0.01673,-9.4038,0.02617,0.01563,-15.604,0.04548,0.03498,-15.202,0.04295,0.04657,-38.5277,,,,,,,,,103,Prefabs/GPU/GigaByte/GigaByte_AORUS_1080Ti_ExtremeEd,GIGABYTE AORUS GeForce GTX 1080 Ti Xtreme Edition 11G
GPU,NVIDIA GeForce,GTX 1000,GeForce GTX 1080 Ti,MSI,GeForce GTX 1080 Ti GAMING 100ME,Y,Y,5428,880,300,21,25,,,Green,11,882,1591,2035,2300,-134,1383,2365,2900,277,250,SLI,2.0,95,25,8-pin + 6-pin,GTX,9.5,10.0,8323,16326.0,1.9714081780788772,12546.0,25563.0,0.02549,0.01673,-9.4038,0.02617,0.01563,-15.604,0.04548,0.03498,-15.202,0.04295,0.04657,-38.5277,,,,,,,,,103,Prefabs/GPU/MSI/MSI_GTX_970GLE100ME,MSI GeForce GTX 1080 Ti GAMING 100ME
GPU,NVIDIA GeForce,GTX 1000,GeForce GTX 1080 Ti,MSI,GeForce GTX 1080 Ti GAMING 11G,,Y,5492,805,268,21,30,1.0,,RGB,11,940,1620,2012,2300,-46,1377,2300,2800,290,250,SLI,2.5,95,20,8-pin + 8-pin,GTX,10.0,10.5,8431,16495.0,1.9564701696121456,12546.0,25563.0,0.02549,0.01673,-9.4038,0.02617,0.01563,-15.604,0.04548,0.03498,-15.202,0.04295,0.04657,-38.5277,,,,,,,,,103,Prefabs/GPU/MSI/GTX1080Ti,MSI GeForce GTX 1080 Ti GAMING 11G
GPU,NVIDIA GeForce,GTX 1000,GeForce GTX 1080 Ti,MSI,GeForce GTX 1080 Ti GAMING X 11G,,Y,5675,830,277,21,60,1.0,,RGB,11,1166,1683,2012,2200,-20,1390,2300,2800,290,250,SLI,2.5,95,20,8-pin + 8-pin,GTX,10.0,10.5,8733,17041.0,1.9513340203824574,12546.0,25563.0,0.02549,0.01673,-9.4038,0.02617,0.01563,-15.604,0.04548,0.03498,-15.202,0.04295,0.04657,-38.5277,,,,,,,,,103,Prefabs/GPU/MSI/GTX1080Ti,MSI GeForce GTX 1080 Ti GAMING X 11G
GPU,NVIDIA GeForce,GTX 1000,GeForce GTX 1080 Ti,MSI,GeForce GTX 1080 Ti Titanium 11G,Y,Y,5756,915,241,22,25,,,RGB,11,1010,1705,2112,2400,10,1405,2320,2800,279,255,SLI,2.0,95,20,8-pin + 6-pin,GTX,10.5,10.5,8867,17302.0,1.882601880877743,7395.0,14160.0,0.02549,0.01673,-9.4038,0.02617,0.01563,-15.604,0.04548,0.03498,-15.202,0.04295,0.04657,-38.5277,,,,,,,,,103,Prefabs/GPU/MSI/MSI_GTX1070Ti_TITANIUM_9G,MSI GeForce GTX 1080 Ti Titanium 11G
GPU,NVIDIA GeForce,GTX 1000,GeForce GTX 1080 Ti,NVIDIA,GeForce GTX 1080 Ti Founders Edition,,Y,5394,870,290,21,1,1.0,,Green,11,864,1582,2012,2300,-48,1376,2300,2800,267,250,SLI,2.0,95,20,8-pin + 6-pin,GTX,9.5,10.0,8266,16213.0,1.9614081780788772,12546.0,25563.0,0.02549,0.01673,-9.4038,0.02617,0.01563,-15.604,0.04548,0.03498,-15.202,0.04295,0.04657,-38.5277,,,,,,,,,103,Prefabs/GPU/NVidia/GPU_Nvidia_GeForceGTX_1080Ti,NVIDIA GeForce GTX 1080 Ti Founders Edition
GPU,NVIDIA GeForce,GTX 1000,GeForce GTX 1080 Ti,RED Digital Cinema,ROCKET (GeForce GTX 1080 Ti),Y,Y,0,455,151,21,70,,,,11,1628,1764,1812,1900,410,1405,2050,2400,147,175,SLI,1.5,95,20,,,10.0,10.0,0,0.0,1.9440774988991634,12546.0,25563.0,0.0,0.0,0.0,0.0,0.0,0.0,0.0,0.0,0.0,0.0,0.0,0.0,,,,,,,,,103,Prefabs/Generic/GPU,RED Digital Cinema ROCKET (GeForce GTX 1080 Ti)
GPU,NVIDIA GeForce,GTX 1000,GeForce GTX 1080 Ti,RED Digital Cinema,ROCKET-X (GeForce GTX 1080 Ti),Y,Y,0,546,181,21,70,,,,11,1528,1764,1862,2000,310,1405,2100,2500,280,200,SLI,2.0,95,20,8-pin + 6-pin,,10.0,10.0,0,0.0,1.9440774988991634,12546.0,25563.0,0.0,0.0,0.0,0.0,0.0,0.0,0.0,0.0,0.0,0.0,0.0,0.0,,,,,,,,,103,Prefabs/GPU/AMD/GPU_AMD_Radeon_RX_5700,RED Digital Cinema ROCKET-X (GeForce GTX 1080 Ti)
GPU,NVIDIA GeForce,GTX 1000,GeForce GTX 1080 Ti,ZOTAC,GeForce GTX 1080 Ti AMP Extreme,,Y,5885,910,303,21,70,1.0,,RGB,11,1318,1759,2012,2200,0,1400,2300,2800,325,250,SLI,2.5,95,20,8-pin + 8-pin,GTX,10.0,10.0,9084,17660.0,1.9440774988991634,12546.0,25563.0,0.02549,0.01673,-9.4038,0.02617,0.01563,-15.604,0.04548,0.03498,-15.202,0.04295,0.04657,-38.5277,,,,,,,,,103,Prefabs/GPU/ZOTAC/ZOTAC_GeForce_1080TI_AmpExtreme,ZOTAC GeForce GTX 1080 Ti AMP Extreme
GPU,NVIDIA GeForce,GTX 1000,GeForce GTX 1080 Ti,ZOTAC,GeForce GTX 1080 Ti Mini,,Y,5491,840,280,21,20,1.0,,White,11,940,1620,2012,2300,-48,1376,2300,2800,211,250,SLI,2.0,95,20,8-pin + 8-pin,GTX,10.0,10.0,8428,16489.0,1.956454674893213,12546.0,25563.0,0.02549,0.01673,-9.4038,0.02617,0.01563,-15.604,0.04548,0.03498,-15.202,0.04295,0.04657,-38.5277,,,,,,,,,103,Prefabs/GPU/ZOTAC/ZOTAC_GeForce_GTX_1080Ti_mini,ZOTAC GeForce GTX 1080 Ti Mini
GPU - Water,NVIDIA GeForce,GTX 1000,GeForce GTX 1080 Ti,NVIDIA,GeForce GTX 1080 Ti | EKWB EK-FC Acetal,,Y,5394,955,318,21,90,1.0,,,11,764,1582,2099,2400,-248,1376,2399,3000,258,250,SLI,2.0,95,20,8-pin + 6-pin,GTX,8.7,,8266,16213.0,1.9614081780788772,,,0.02549,0.01673,-9.4038,0.02617,0.01563,-15.604,0.04548,0.03498,-15.202,0.04295,0.04657,-38.5277,2012.0,2300.0,4.3,5.0,,,,,103,Prefabs/GPU/EKWB/EKWB_Watercooled_1080tiGPU_Silver,NVIDIA GeForce GTX 1080 Ti | EKWB EK-FC Acetal
GPU - Water,NVIDIA GeForce,GTX 1000,GeForce GTX 1080 Ti,NVIDIA,GeForce GTX 1080 Ti | EKWB EK-FC Plexi,,Y,5394,955,318,21,90,1.0,,,11,764,1582,2099,2400,-248,1376,2399,3000,258,250,SLI,2.0,95,20,8-pin + 6-pin,GTX,8.7,,8266,16213.0,1.9614081780788772,,,0.02549,0.01673,-9.4038,0.02617,0.01563,-15.604,0.04548,0.03498,-15.202,0.04295,0.04657,-38.5277,2012.0,2300.0,4.3,5.0,,,,,103,Prefabs/GPU/EKWB/EKWB_Watercooled_1080tiGPU_Clear,NVIDIA GeForce GTX 1080 Ti | EKWB EK-FC Plexi
GPU - Water,NVIDIA GeForce,GTX 1000,GeForce GTX 1080 Ti,NVIDIA,GeForce GTX 1080 Ti | EKWB EK-FC Plexi RGB,,Y,5394,1005,335,23,75,1.0,,RGB,11,764,1582,2099,2400,-248,1376,2399,3000,258,250,SLI,2.0,95,20,8-pin + 6-pin,GTX,8.2,,8266,16213.0,1.9614081780788772,,,0.02549,0.01673,-9.4038,0.02617,0.01563,-15.604,0.04548,0.03498,-15.202,0.04295,0.04657,-38.5277,2012.0,2300.0,4.3,5.0,,,,,103,Prefabs/GPU/EKWB/EKWB_Watercooled_1080tiGPU_RGB,NVIDIA GeForce GTX 1080 Ti | EKWB EK-FC Plexi RGB
GPU,NVIDIA TITAN,GTX 1000,Titan V,NVIDIA,TITAN V,Y,Y,7985,2000,1250,25,1,,,,12,810,1455,1855,2100,30,1065,1695,2100,267,250,,2.0,95,30,8-pin + 6-pin,RTX,7.0,7.0,11799,25429.0,5.0,27521.0,49671.0,0.049184,0.038357,-32.5575,0.045342,0.032908,-35.557,0.05971,0.109504,-33.921,0.058653,0.089351,-37.674,,,,,,,,,103,Prefabs/GPU/EVGA/EVGA_GTX_1080_Ti_Gaming,NVIDIA TITAN V
GPU,NVIDIA TITAN,GTX 1000,Titan V,NVIDIA,TITAN V CEO Edition,Y,Y,7685,3200,2250,25,85,,,,32,110,1455,2350,2800,30,1065,1750,2100,267,250,SLI,2.0,95,85,8-pin + 6-pin,RTX,7.0,7.0,12117,25429.0,5.0,27521.0,49671.0,0.049184,0.008357,-3.6075,0.045342,0.007908,-3.257,0.05971,0.109504,-33.921,0.058653,0.089351,-37.674,,,,,,,,,103,Prefabs/GPU/EVGA/EVGA_GTX_1080_Ti_Gaming,NVIDIA TITAN V CEO Edition
GPU - Water,NVIDIA TITAN,GTX 1000,Titan V,NVIDIA,TITAN V | EKWB EK-FC Plexi,Y,Y,8152,2250,1500,25,51,,,,12,500,1600,2318,2700,-258,1171,2118,2600,267,275,,2.0,95,65,8-pin + 6-pin,RTX,7.0,7.0,12861,28555.0,5.0,,,0.049184,0.008357,-6.9575,0.045342,0.007908,-6.257,0.05971,0.109504,-33.921,0.058653,0.089351,-37.674,2268.0,2068.0,5.0,5.0,,,,,103,Prefabs/GPU/EKWB/EKWB_Watercooled_1080tiGPU_Clear,NVIDIA TITAN V | EKWB EK-FC Plexi
GPU - Water,NVIDIA TITAN,GTX 1000,Titan V,NVIDIA,TITAN V ENTHUSIAST-ED | EKWB EK-FC Plexi RGB,Y,Y,10164,2650,1900,26,1,,,RGB,12,28,1964,3246,3900,-926,1437,2966,3800,267,325,,2.0,95,180,8-pin + 6-pin,RTX,7.0,7.0,16032,36401.0,5.0,,,0.049184,0.008357,-6.9575,0.045342,0.007908,-6.257,0.05971,0.109504,-33.921,0.058653,0.089351,-37.674,3196.0,2916.0,5.0,5.0,,,,,103,Prefabs/GPU/EKWB/EKWB_Watercooled_1080tiGPU_RGB,NVIDIA TITAN V ENTHUSIAST-ED | EKWB EK-FC Plexi RGB
GPU - Water,NVIDIA TITAN,GTX 1000,Titan V,NVIDIA,TITAN V LN2-Ready | Alphacool NexXxoS GPX M10,Y,Y,11370,3300,2550,26,66,,,,12,-1736,2182,4730,6100,-2506,1597,4322,5700,500,500,,2.0,95,180,8-pin,RTX,7.0,7.0,17932,41110.0,5.0,,,0.049184,0.008357,-6.9575,0.045342,0.007908,-6.257,0.05971,0.109504,-33.921,0.058653,0.089351,-37.674,4680.0,4272.0,5.0,5.0,,,,,103,Prefabs/GPU/Alphacool/GPU_Alphacool_NexXxoS_GPX_ NvidiaGeforceGTX1080_M10,NVIDIA TITAN V LN2-Ready | Alphacool NexXxoS GPX M10
GPU - Water,NVIDIA GeForce,GTX 1000,Titan Xp,NVIDIA,TITAN Xp | EKWB EK-FC Plexi RGB,Y,,6728,1550,42,24,90,,,RGB,12,1050,1775,2200,2500,300,1750,2700,3200,258,335,SLI,2.0,100,40,8-pin + 6-pin,GTX,8.5,,9631,17265.0,2.9078308717057633,,,0.011436,0.019545,12.78417,0.008906,0.015139,9.798206,0.039604,0.027296,3.317731,0.029999,0.020973,2.995631,2075.0,2500.0,6.8,6.0,,,,,103,Prefabs/GPU/EKWB/EKWB_Watercooled_1080tiGPU_RGB,NVIDIA TITAN Xp | EKWB EK-FC Plexi RGB
GPU,NVIDIA TITAN,GTX 1000,Titan Xp,NVIDIA,TITAN Xp,Y,Y,5987,1000,488,21,1,,,Green,12,864,1582,2012,2300,-48,1376,2300,2800,267,250,SLI,2.0,95,20,8-pin + 6-pin,GTX,9.5,10.0,9008,14576.0,1.9614081780788772,12546.0,25563.0,0.025172,0.023984,-12.9488,0.024296,0.02178,-17.66271,0.037004,0.04029,-20.7896,0.035961,0.039139,-25.7882,,,,,,,,,103,Prefabs/GPU/NVidia/GPU_Nvidia_GeForceGTX_1080Ti,NVIDIA TITAN Xp
GPU,NVIDIA TITAN,GTX 1000,Titan Xp,RED Digital Cinema,ROCKET (Titan Xp),Y,Y,0,500,244,21,1,,,,12,1174,1587,1812,2000,362,1381,2050,2400,147,175,SLI,1.5,95,20,,,9.5,10.0,0,0.0,1.9614081780788772,12546.0,25563.0,0.0,0.0,0.0,0.0,0.0,0.0,0.0,0.0,0.0,0.0,0.0,0.0,,,,,,,,,103,Prefabs/Generic/GPU,RED Digital Cinema ROCKET (Titan Xp)
GPU,NVIDIA TITAN,GTX 1000,Titan Xp,RED Digital Cinema,ROCKET-X (Titan Xp),Y,Y,0,600,292,21,1,,,,12,1074,1587,1862,2100,262,1381,2100,2500,280,200,SLI,2.0,95,20,8-pin + 6-pin,,9.5,10.0,0,0.0,1.9614081780788772,12546.0,25563.0,0.0,0.0,0.0,0.0,0.0,0.0,0.0,0.0,0.0,0.0,0.0,0.0,,,,,,,,,103,Prefabs/GPU/AMD/GPU_AMD_Radeon_RX_5700,RED Digital Cinema ROCKET-X (Titan Xp)
GPU,NVIDIA GeForce,GTX 1600,GeForce GTX 1650,EVGA,GeForce GTX 1650 XC ULTRA BLACK GAMING,,Y,1794,210,70,29,1,1.10,PC,,4,1230,1665,1900,2100,1600,2000,2200,2400,202,75,,3.0,95,20,6-pin,,13.0,13.0,2730,0.0,,3380.0,0.0,0.014563261,0.002413,-11.12616518,0.01597381,0.001145815,-13.36121141,0.0,0.0,0.0,0.0,0.0,0.0,,,,,,,,,104,v1_10_0/Prefabs/GPU/EVGA/GPU_EVGA_GeForce_GTX_1650_XC_Ultra_Black_Gaming,EVGA GeForce GTX 1650 XC ULTRA BLACK GAMING
GPU,NVIDIA GeForce,GTX 1600,GeForce GTX 1650,ZOTAC,GeForce GTX 1650 OC Edition,Y,,1665,200,82,3,15,,,,4,1130,1665,2000,2200,1100,2000,2550,2900,174,75,,1.5,95,20,,,12.6,12.5,2443,0.0,,2486.0,0.0,0.00654,0.001827,2.110894,0.006342,0.000957,1.008063,0.0,0.0,0.0,0.0,0.0,0.0,,,,,,,,,104,Prefabs/GPU/ZOTAC/ZOTAC_GeForce_1050Ti_OC_Mini,ZOTAC GeForce GTX 1650 OC Edition
GPU,NVIDIA GeForce,GTX 1600,GeForce GTX 1650,ZOTAC,GeForce GTX 1650 Super AMP! Edition,Y,,2077,245,75,3,75,,,,4,850,1725,2300,2600,1600,2150,2450,2700,210,100,,2.0,95,20,6-pin,,12.6,12.5,2788,0.0,,2486.0,0.0,0.00854,0.001827,2.110894,0.006342,0.001137,1.008063,0.0,0.0,0.0,0.0,0.0,0.0,,,,,,,,,104,Prefabs/GPU/ZOTAC/ZOTAC_GeForce_1060_AmpExtreme,ZOTAC GeForce GTX 1650 Super AMP! Edition
GPU,NVIDIA GeForce,GTX 1600,GeForce GTX 1660 Super,EVGA,GeForce GTX 1660 SUPER SC ULTRA BLACK GAMING,,Y,3379,420,140,29,1,1.10,PC,,6,1370,1785,2000,2200,1500,1750,1900,2000,202,125,,2.0,95,20,8-pin,,12.5,12.5,5239,0.0,,6428.0,0.0,0.035744325,0.0,-30.005476,0.03189,0.0,-26.6288,0.0,0.0,0.0,0.0,0.0,0.0,,,,,,,,,104,v1_10_0/Prefabs/GPU/EVGA/GPU_EVGA_GeForce_GTX_1660_SUPER_SC_Ultra_Black_Gaming,EVGA GeForce GTX 1660 SUPER SC ULTRA BLACK GAMING
GPU,NVIDIA GeForce,GTX 1600,GeForce GTX 1660 Ti,EVGA,GeForce GTX 1660 Ti XC,,Y,3864,475,158,29,10,1.11,PC,,6,1690,1845,1900,2000,700,1500,2000,2300,190,120,,3.0,95,20,8-pin,,12.5,12.5,5931,0.0,,6277.0,0.0,0.022363,0.001961,-5.55492,0.022115,0.0016,-9.21936,0.0,0.0,0.0,0.0,0.0,0.0,,,,,,,,,104,v1_11_0/Prefabs/GPU/EVGA/EVGA_GEFORCE_GTX_1660_TI_XC,EVGA GeForce GTX 1660 Ti XC
GPU,NVIDIA GeForce,GTX 1600,GeForce GTX 1660 Ti,EVGA,GeForce GTX 1660 Ti XC ULTRA GAMING,,Y,3898,480,160,29,10,1.10,PC,,6,1720,1860,1900,2000,700,1500,2000,2300,268,120,,2.0,95,20,8-pin,,12.5,12.5,5985,0.0,,6277.0,0.0,0.022363,0.001961,-5.55492,0.022115,0.0016,-9.21936,0.0,0.0,0.0,0.0,0.0,0.0,,,,,,,,,104,v1_10_0/Prefabs/GPU/EVGA/GPU_EVGA_GeForce_GTX_1660_Ti_XC_Ultra_Gaming,EVGA GeForce GTX 1660 Ti XC ULTRA GAMING
GPU,NVIDIA GeForce,GTX 1600,GeForce GTX 1660 Ti,ZOTAC,GeForce GTX 1660 Ti AMP,,Y,3898,540,180,29,1,1.6,PC,,6,1720,1860,1900,2000,700,1500,2000,2300,210,120,,2.5,95,20,8-pin,,11.1,11.0,5985,0.0,,6277.0,0.0,0.022363,0.001961,-5.55492,0.022115,0.0016,-9.21936,0.0,0.0,0.0,0.0,0.0,0.0,,,,,,,,,104,Prefabs/GPU/ZOTAC/GPU_GeForce_GTX1660TiAMP,ZOTAC GeForce GTX 1660 Ti AMP
GPU - Water,NVIDIA GeForce,GTX 1600,GeForce GTX 1660 Ti,NVIDIA,GeForce GTX 1660 Ti | EKWB EK-FC Plexi,Y,,4482,680,275,29,85,,,,6,1390,1945,2250,2500,0,1500,2450,3000,258,155,,2.0,98,20,8-pin,GTX,8.4,,7000,0.0,1.882601880877743,,,0.023363,0.001961,-3.55492,0.023115,0.002,-7.21936,0.0,0.0,0.0,0.0,0.0,0.0,2150.0,2350.0,5.2,5.0,,,,,104,Prefabs/GPU/EKWB/EKWB_Watercooled_1070ti_GPU_Clear,NVIDIA GeForce GTX 1660 Ti | EKWB EK-FC Plexi
GPU - Water,NVIDIA GeForce,GTX 1600,GeForce GTX 1660 Ti,NVIDIA,GeForce GTX 1660 Ti | EKWB EK-FC Plexi RGB,Y,,4482,725,285,29,95,,,RGB,6,1390,1945,2250,2500,0,1500,2450,3000,258,155,,2.0,98,20,8-pin,GTX,8.4,,7000,0.0,1.882601880877743,,,0.023363,0.001961,-3.55492,0.023115,0.002,-7.21936,0.0,0.0,0.0,0.0,0.0,0.0,2150.0,2350.0,5.1,5.0,,,,,104,Prefabs/GPU/EKWB/EKWB_Watercooled_1070_GPU_RGB,NVIDIA GeForce GTX 1660 Ti | EKWB EK-FC Plexi RGB
GPU,NVIDIA GeForce,RTX 2000,GeForce GTX 2080 Ti,MSI,GeForce RTX 2080 Ti Titanium 11G,Y,Y,7026,1200,651,26,25,,,RGB,11,920,1560,1980,2200,1500,1800,1950,2100,279,245,SLI,2.0,95,20,8-pin + 6-pin,GTX,10.5,10.5,10868,19870.0,1.882601880877743,7395.0,14160.0,0.049184,0.008357,-21.5075,0.045342,0.007908,-22.257,0.05971,0.084504,-117.921,0.058653,0.082351,-124.174,,,,,,,,,105,Prefabs/GPU/MSI/MSI_GTX1070Ti_TITANIUM_9G,MSI GeForce RTX 2080 Ti Titanium 11G
GPU,NVIDIA GeForce,RTX 2000,Geforce RTX 2060,Colorful,iGame GeForce RTX 2060 Ultra,,Y,4435,595,198,22,80,1.11,PC,RGB,6,1520,1710,1800,1900,1500,1750,1850,2000,310,160,,2.0,95,20,8-pin,RTX,11.5,11.5,6837,0.0,,7247.0,0.0,0.020379,0.007751,-4.05566,0.0195776,0.006437,-5.41838,0.0,0.0,0.0,0.0,0.0,0.0,,,,,,,,,105,v1_11_0/Prefabs/GPU/Colorful/GPU_Colorful_iGame_GeForce_RTX_2060_Ultra,Colorful iGame GeForce RTX 2060 Ultra
GPU,NVIDIA GeForce,RTX 2000,Geforce RTX 2060,Colorful,iGame GeForce RTX 2060 Ultra OC-V,,Y,4527,605,202,22,80,1.11,PC,RGB,6,1610,1755,1800,1900,1500,1750,1850,2000,315,160,,2.5,95,20,8-pin + 8-pin,RTX,11.5,11.5,6984,0.0,,7247.0,0.0,0.020379,0.007751,-4.05566,0.0195776,0.006437,-5.41838,0.0,0.0,0.0,0.0,0.0,0.0,,,,,,,,,105,v1_11_0/Prefabs/GPU/Colorful/GPU_Colorful_iGame_GeForce_RTX_2060_Ultra_OC-V,Colorful iGame GeForce RTX 2060 Ultra OC-V
GPU,NVIDIA GeForce,RTX 2000,Geforce RTX 2060,EVGA,GeForce RTX 2060 SC ULTRA GAMING,,Y,4527,605,202,22,1,1.9,PC,,6,1610,1755,1800,1900,1500,1750,1850,2000,268,160,,2.0,95,20,8-pin,,11.5,11.5,6984,0.0,,7247.0,0.0,0.020379,0.007751,-4.05566,0.0195776,0.006437,-5.41838,0.0,0.0,0.0,0.0,0.0,0.0,,,,,,,,,105,v1_9_0/Prefabs/GPU/EVGA/GPU_EVGA_GeForce_RTX_2060_SC_Ultra_Gaming,EVGA GeForce RTX 2060 SC ULTRA GAMING
GPU,NVIDIA GeForce,RTX 2000,Geforce RTX 2060,NVIDIA,GeForce RTX 2060 Founders Edition,,Y,4374,590,197,22,1,1.4,PC,Green,6,1460,1680,1800,1900,1500,1750,1850,2000,229,160,,2.0,95,20,8-pin,,11.4,11.5,6738,0.0,,7247.0,0.0,0.020379,0.007751,-4.05566,0.0195776,0.006437,-5.41838,0.0,0.0,0.0,0.0,0.0,0.0,,,,,,,,,105,Prefabs/GPU/NVidia/GPU_Nvidia_RTX_2060,NVIDIA GeForce RTX 2060 Founders Edition
GPU,NVIDIA GeForce,RTX 2000,GeForce RTX 2060 Super,ASUS,ROG STRIX GeForce RTX 2060 SUPER Series,,Y,5382,750,250,28,1,1.6,PC,RGB,8,1620,1860,2000,2100,1500,1750,1900,2000,300,160,,2.5,95,20,8-pin + 8-pin,RTX,11.1,10.5,8334,0.0,,9076.0,0.0,0.033406,0.0,-8.31091,0.031225,0.0,-9.94372,0.0,0.0,0.0,0.0,0.0,0.0,,,,,,,,,105,Prefabs/GPU/ASUS/GPU_ASUS_ROG_Strix_GeForce_RTX2060_Super,ASUS ROG STRIX GeForce RTX 2060 SUPER Series
GPU,NVIDIA GeForce,RTX 2000,GeForce RTX 2060 Super,Colorful,iGame GeForce RTX 2060 SUPER Ultra-V,,Y,4680,630,210,28,80,1.11,PC,RGB,8,1100,1650,2000,2200,1500,1750,1900,2000,310,160,,2.5,95,20,8-pin + 8-pin,,11.5,11.5,7222,0.0,,9076.0,0.0,0.033406,0.0,-8.31091,0.031225,0.0,-9.94372,0.0,0.0,0.0,0.0,0.0,0.0,,,,,,,,,105,v1_11_0/Prefabs/GPU/Colorful/GPU_COLORFUL_IGAME_GEFORCE_RTX_2060_SUPER_ULTRA-V,Colorful iGame GeForce RTX 2060 SUPER Ultra-V
GPU,NVIDIA GeForce,RTX 2000,GeForce RTX 2060 Super,EVGA,GeForce RTX 2060 SUPER XC BLACK GAMING,,Y,4680,630,210,28,80,1.7,PC,RGB,8,1100,1650,2000,2200,1500,1750,1900,2000,270,160,,2.0,95,20,8-pin + 8-pin,,11.5,11.5,7222,0.0,,9076.0,0.0,0.033406,0.0,-8.31091,0.031225,0.0,-9.94372,0.0,0.0,0.0,0.0,0.0,0.0,,,,,,,,,105,v1_7_0/Prefabs/GPU/EVGA/GPU_EVGA_GeForce_RTX_2060_SuperXC_Black_Gaming,EVGA GeForce RTX 2060 SUPER XC BLACK GAMING
GPU,NVIDIA GeForce,RTX 2000,GeForce RTX 2060 Super,GIGABYTE,AORUS GeForce RTX 2060 SUPER 8G,,Y,5332,740,247,28,32,1.7,PC,RGB,8,1590,1845,2000,2100,1500,1750,1900,2000,290,160,,2.5,95,20,8-pin + 8-pin,RTX,11.2,11.0,8255,0.0,,9076.0,0.0,0.033406,0.0,-8.31091,0.031225,0.0,-9.94372,0.0,0.0,0.0,0.0,0.0,0.0,,,,,,,,,105,v1_7_0/Prefabs/GPU/GigaByte/GPU_Gigabyte_Aorus_RTX2060_Super,GIGABYTE AORUS GeForce RTX 2060 SUPER 8G
GPU,NVIDIA GeForce,RTX 2000,GeForce RTX 2060 Super,GIGABYTE,GeForce RTX 2060 SUPER WINDFORCE OC 8G,,Y,4781,680,227,28,35,1.7,PC,,8,1160,1680,2000,2200,1500,1750,1900,2000,265,160,,2.0,95,20,8-pin,RTX,10.9,11.0,7381,0.0,,9076.0,0.0,0.033406,0.0,-8.31091,0.031225,0.0,-9.94372,0.0,0.0,0.0,0.0,0.0,0.0,,,,,,,,,105,v1_7_0/Prefabs/GPU/GigaByte/GPU_Gigabyte_GeForce_RTX_2060_Super_Windforce_OC8G,GIGABYTE GeForce RTX 2060 SUPER WINDFORCE OC 8G
GPU,NVIDIA GeForce,RTX 2000,GeForce RTX 2060 Super,MSI,GeForce RTX 2060 SUPER ARMOR OC,,Y,4781,615,205,28,60,1.9,PC,RGB,8,1160,1680,2000,2200,1500,1750,1900,2000,250,160,,2.0,95,20,8-pin,RTX,12.0,12.0,7381,0.0,,9076.0,0.0,0.033406,0.0,-8.31091,0.031225,0.0,-9.94372,0.0,0.0,0.0,0.0,0.0,0.0,,,,,,,,,105,v1_9_0/Prefabs/GPU/MSI/GPU_MSI_GeForce_RTX_2060_Super_Armor_OC,MSI GeForce RTX 2060 SUPER ARMOR OC
GPU,NVIDIA GeForce,RTX 2000,GeForce RTX 2060 Super,MSI,GeForce RTX 2060 SUPER GAMING X,,Y,4831,620,207,28,60,1.9,PC,,8,1190,1695,2000,2200,1500,1750,1900,2000,248,160,,2.5,95,20,8-pin,RTX,12.0,12.0,7460,0.0,,9076.0,0.0,0.033406,0.0,-8.31091,0.031225,0.0,-9.94372,0.0,0.0,0.0,0.0,0.0,0.0,,,,,,,,,105,v1_9_0/Prefabs/GPU/MSI/GPU_MSI_GeForce_RTX_2060_Super_Gaming_X,MSI GeForce RTX 2060 SUPER GAMING X
GPU,NVIDIA GeForce,RTX 2000,GeForce RTX 2060 Super,MSI,GeForce RTX 2060 SUPER Ventus GP OC,,Y,4731,610,203,28,60,1.9,PC,,8,1130,1665,2000,2200,1500,1750,1900,2000,232,160,,2.0,95,20,8-pin,RTX,12.0,12.0,7301,0.0,,9076.0,0.0,0.033406,0.0,-8.31091,0.031225,0.0,-9.94372,0.0,0.0,0.0,0.0,0.0,0.0,,,,,,,,,105,v1_9_0/Prefabs/GPU/MSI/GPU_MSI_GeForce_RTX_2060_Super_Ventus_GP_OC,MSI GeForce RTX 2060 SUPER Ventus GP OC
GPU,NVIDIA GeForce,RTX 2000,GeForce RTX 2060 Super,ZOTAC,GAMING GeForce RTX 2060 SUPER Amp Extreme,,Y,4881,650,217,28,30,1.7,PC,RGB,8,1220,1710,2000,2200,1500,1750,1900,2000,308,160,,2.5,95,20,8-pin + 6-pin,,11.6,11.5,7540,0.0,,9076.0,0.0,0.033406,0.0,-8.31091,0.031225,0.0,-9.94372,0.0,0.0,0.0,0.0,0.0,0.0,,,,,,,,,105,v1_7_0/Prefabs/GPU/ZOTAC/GPU_Zotac_Gaming_GeForce_RTX2060_Super_AMP_Extreme,ZOTAC GAMING GeForce RTX 2060 SUPER Amp Extreme
GPU,NVIDIA GeForce,RTX 2000,GeForce RTX 2060 Super,ZOTAC,GAMING GeForce RTX 2060 SUPER Mini,,Y,4781,615,205,28,30,1.7,PC,,8,1160,1680,2000,2200,1500,1750,1900,2000,229,160,,2.5,95,20,8-pin,,11.0,11.5,7381,0.0,,9076.0,0.0,0.033406,0.0,-8.31091,0.031225,0.0,-9.94372,0.0,0.0,0.0,0.0,0.0,0.0,,,,,,,,,105,v1_7_0/Prefabs/GPU/ZOTAC/GPU_Zotac_Gaming_GeForce_RTX2060_Super_Mini,ZOTAC GAMING GeForce RTX 2060 SUPER Mini
GPU,NVIDIA GeForce,RTX 2000,Geforce RTX 2070,Colorful,iGame GeForce RTX 2070 Ultra OC-V,,Y,5085,710,237,23,80,1.11,PC,RGB,8,1320,1710,1960,2100,1500,1750,1900,2000,315,175,,2.5,95,20,8-pin + 8-pin,RTX,11.0,11.0,7826,0.0,,9212.0,0.0,0.032361,0.00444,-12.2516,0.030916,0.002867,-12.9272,0.0,0.0,0.0,0.0,0.0,0.0,,,,,,,,,105,v1_11_0/Prefabs/GPU/Colorful/GPU_Colorful_iGame_GeForce_RTX_2070_Ultra_OC-V,Colorful iGame GeForce RTX 2070 Ultra OC-V
GPU,NVIDIA GeForce,RTX 2000,Geforce RTX 2070,Colorful,iGame GeForce RTX 2070 Vulcan X OC-V,,Y,5425,760,253,23,80,1.11,PC,RGB,8,1530,1815,1960,2100,1500,1750,1900,2000,318,175,,2.5,95,20,8-pin + 8-pin,RTX,11.0,11.0,8372,0.0,,9212.0,0.0,0.032361,0.00444,-12.2516,0.030916,0.002867,-12.9272,0.0,0.0,0.0,0.0,0.0,0.0,,,,,,,,,105,v1_11_0/Prefabs/GPU/Colorful/GPU_Colorful_IGame_GeForce_RTX_2070_Vulcan_X_OC_V,Colorful iGame GeForce RTX 2070 Vulcan X OC-V
GPU,NVIDIA GeForce,RTX 2000,Geforce RTX 2070,EVGA,GeForce RTX 2070 FTW3 ULTRA GAMING,,Y,5425,825,275,23,40,1.1,,RGB,8,1530,1815,1960,2100,1500,1750,1900,2000,302,175,,3.0,95,20,8-pin + 8-pin,,10.1,10.5,8372,0.0,,9212.0,0.0,0.032361,0.00444,-12.2516,0.030916,0.002867,-12.9272,0.0,0.0,0.0,0.0,0.0,0.0,,,,,,,,,105,Prefabs/GPU/EVGA/GPU_EVGA_GEFORCE_RTX_2070,EVGA GeForce RTX 2070 FTW3 ULTRA GAMING
GPU,NVIDIA GeForce,RTX 2000,Geforce RTX 2070,GIGABYTE,AORUS GeForce RTX 2070 XTREME 8G,,Y,5433,830,277,23,80,1.1,,RGB,8,1530,1815,1960,2100,1536,1768,1900,2000,290,175,,2.5,95,20,8-pin + 8-pin,,10.1,10.5,8382,0.0,,9212.0,0.0,0.032361,0.00444,-12.2516,0.030916,0.002867,-12.9272,0.0,0.0,0.0,0.0,0.0,0.0,,,,,,,,,105,Prefabs/GPU/GigaByte/GPU_AUROS_RTX_2070,GIGABYTE AORUS GeForce RTX 2070 XTREME 8G
GPU,NVIDIA GeForce,RTX 2000,Geforce RTX 2070,NVIDIA,GeForce RTX 2070 Founders Edition,,Y,4794,730,243,23,1,1.0,,Green,8,1040,1620,1960,2200,1500,1750,1900,2000,229,175,,2.0,95,20,8-pin,,10.1,10.5,7359,0.0,,9212.0,0.0,0.032361,0.00444,-12.2516,0.030916,0.002867,-12.9272,0.0,0.0,0.0,0.0,0.0,0.0,,,,,,,,,105,Prefabs/GPU/NVidia/GPU_Nvidia_RTX_2070,NVIDIA GeForce RTX 2070 Founders Edition
GPU,NVIDIA GeForce,RTX 2000,GeForce RTX 2070 Super,ASUS,ROG STRIX GeForce RTX 2070 SUPER Series,,Y,6365,950,317,28,30,1.6,PC,RGB,8,1770,1935,2000,2100,1400,1750,1950,2100,300,215,SLI,2.5,95,20,8-pin + 8-pin,RTX,10.5,10.5,9956,16949.0,1.702390518280434,10329.0,18498.0,0.036242398,7.4199e-05,-6.60026,0.033482,2.8659e-05,-6.81,0.122562,0.0,-125.554,0.161821,0.0,-216.889,,,,,,,,,105,Prefabs/GPU/ASUS/GPU_ASUS_ROG_Strix_GeForce_RTX2070_Super,ASUS ROG STRIX GeForce RTX 2070 SUPER Series
GPU,NVIDIA GeForce,RTX 2000,GeForce RTX 2070 Super,Colorful,iGame GeForce RTX 2070 SUPER Vulcan OC-V,,Y,5930,845,282,28,80,1.11,PC,RGB,8,1530,1815,2000,2100,1400,1750,1950,2100,318,215,SLI,2.5,95,20,8-pin + 8-pin,RTX,11.0,11.0,9271,14054.0,1.5159098263402007,10329.0,18498.0,0.036242398,7.4199e-05,-6.60026,0.033482,2.8659e-05,-6.81,0.122562,0.0,-125.554,0.161821,0.0,-216.889,,,,,,,,,105,v1_11_0/Prefabs/GPU/Colorful/GPU_Colorful_iGame_GeForce_RTX_2070_SUPER_Vulcan_X_OC-V,Colorful iGame GeForce RTX 2070 SUPER Vulcan OC-V
GPU,NVIDIA GeForce,RTX 2000,GeForce RTX 2070 Super,Colorful,iGame GeForce RTX 2070 SUPER Vulcan X OC-V,,Y,6257,890,297,28,80,1.11,PC,RGB,8,1710,1905,2000,2100,1400,1750,1950,2100,318,215,SLI,2.5,95,20,8-pin + 8-pin,RTX,11.0,11.0,9785,16230.0,1.658661216147164,10329.0,18498.0,0.036242398,7.4199e-05,-6.60026,0.033482,2.8659e-05,-6.81,0.122562,0.0,-125.554,0.161821,0.0,-216.889,,,,,,,,,105,v1_11_0/Prefabs/GPU/Colorful/GPU_Colorful_iGame_GeForce_RTX_2070_SUPER_Vulcan_X_OC-V,Colorful iGame GeForce RTX 2070 SUPER Vulcan X OC-V
GPU,NVIDIA GeForce,RTX 2000,GeForce RTX 2070 Super,EVGA,GeForce RTX 2070 SUPER FTW3 ULTRA+,,Y,5930,805,268,28,50,1.9,PC,RGB,8,1530,1815,2000,2100,1400,1750,1950,2100,302,215,SLI,3.0,95,20,8-pin + 8-pin,RTX,11.5,11.5,9271,14054.0,1.5159098263402007,10329.0,18498.0,0.036242398,7.4199e-05,-6.60026,0.033482,2.8659e-05,-6.81,0.122562,0.0,-125.554,0.161821,0.0,-216.889,,,,,,,,,105,v1_9_0/Prefabs/GPU/EVGA/GPU_EVGA_GeForce_RTX_2070_SUPER_FTW3_ULTRA+,EVGA GeForce RTX 2070 SUPER FTW3 ULTRA+
GPU,NVIDIA GeForce,RTX 2000,GeForce RTX 2070 Super,EVGA,GeForce RTX 2070 SUPER XC ULTRA,,Y,5876,840,280,28,80,1.7,PC,RGB,8,1400,1800,2000,2200,1400,1750,1950,2100,269,215,SLI,3.0,95,20,8-pin + 6-pin,RTX,10.9,11.0,9186,13687.0,1.4899847594165034,10329.0,18498.0,0.036242398,7.4199e-05,-6.60026,0.033482,2.8659e-05,-6.81,0.122562,0.0,-125.554,0.161821,0.0,-216.889,,,,,,,,,105,v1_7_0/Prefabs/GPU/EVGA/GPU_EVGA_GeForce_RTX_2070_SuperXC_Ultra_Overclocked,EVGA GeForce RTX 2070 SUPER XC ULTRA
GPU,NVIDIA GeForce,RTX 2000,GeForce RTX 2070 Super,GIGABYTE,AORUS GeForce RTX 2070 SUPER 8G,,Y,6257,950,317,28,45,1.7,PC,RGB,8,1710,1905,2000,2100,1400,1750,1950,2100,290,215,SLI,2.5,95,20,8-pin + 8-pin,RTX,10.3,10.5,9785,16230.0,1.658661216147164,10329.0,18498.0,0.036242398,7.4199e-05,-6.60026,0.033482,2.8659e-05,-6.81,0.122562,0.0,-125.554,0.161821,0.0,-216.889,,,,,,,,,105,v1_7_0/Prefabs/GPU/GigaByte/GPU_Gigabyte_Aorus_RTX2070_Super,GIGABYTE AORUS GeForce RTX 2070 SUPER 8G
GPU,NVIDIA GeForce,RTX 2000,GeForce RTX 2070 Super,GIGABYTE,GeForce RTX 2070 SUPER GAMING OC WHITE 8G,,Y,5930,950,317,28,30,1.6,PC,RGB,8,1530,1815,2000,2100,1400,1750,1950,2100,287,215,SLI,2.0,95,20,8-pin + 6-pin,RTX,9.8,10.5,9271,14054.0,1.5159098263402007,10329.0,18498.0,0.036242398,7.4199e-05,-6.60026,0.033482,2.8659e-05,-6.81,0.122562,0.0,-125.554,0.161821,0.0,-216.889,,,,,,,,,105,Prefabs/GPU/GigaByte/GPU_Gigabyte_Geforce_RTX2070_SuperGaming_OC_White_8GB,GIGABYTE GeForce RTX 2070 SUPER GAMING OC WHITE 8G
GPU,NVIDIA GeForce,RTX 2000,GeForce RTX 2070 Super,MSI,GeForce RTX 2070 SUPER GAMING X,,Y,5876,800,267,28,60,1.9,PC,RGB,8,1400,1800,2000,2200,1400,1750,1950,2100,297,215,SLI,2.5,95,20,8-pin + 8-pin,RTX,11.5,11.5,9186,13687.0,1.4899847594165034,10329.0,18498.0,0.036242398,7.4199e-05,-6.60026,0.033482,2.8659e-05,-6.81,0.122562,0.0,-125.554,0.161821,0.0,-216.889,,,,,,,,,105,v1_9_0/Prefabs/GPU/MSI/GPU_MSI_GeForce_RTX_2070_Super_Gaming_X,MSI GeForce RTX 2070 SUPER GAMING X
GPU,NVIDIA GeForce,RTX 2000,GeForce RTX 2070 Super,MSI,GeForce RTX 2070 SUPER GAMING X Trio,,Y,5876,800,267,28,60,1.9,PC,RGB,8,1400,1800,2000,2200,1400,1750,1950,2100,328,215,SLI,2.5,95,20,8-pin + 8-pin,RTX,11.5,11.5,9186,13687.0,1.4899847594165034,10329.0,18498.0,0.036242398,7.4199e-05,-6.60026,0.033482,2.8659e-05,-6.81,0.122562,0.0,-125.554,0.161821,0.0,-216.889,,,,,,,,,105,v1_9_0/Prefabs/GPU/MSI/GPU_MSI_GeForce_RTX_2070_Super_Gaming_X_TRIO,MSI GeForce RTX 2070 SUPER GAMING X Trio
GPU,NVIDIA GeForce,RTX 2000,GeForce RTX 2070 Super,MSI,GeForce RTX 2070 Super Titanium 8G,Y,Y,5876,850,173,23,90,,,RGB,8,1500,1800,1960,2100,1500,1750,1900,2000,279,215,SLI,2.0,95,25,8-pin + 6-pin,GTX,10.5,10.5,9186,13687.0,1.902601880877743,7395.0,14160.0,0.036242398,7.4199e-05,-6.60026,0.033482,2.8659e-05,-6.81,0.122562,0.0,-125.554,0.161821,0.0,-216.889,,,,,,,,,105,Prefabs/GPU/MSI/MSI_GTX1070Ti_TITANIUM_9G,MSI GeForce RTX 2070 Super Titanium 8G
GPU,NVIDIA GeForce,RTX 2000,GeForce RTX 2070 Super,MSI,GeForce RTX 2070 SUPER Ventus GP OC,,Y,5822,790,263,28,60,1.9,PC,,8,1370,1785,2000,2200,1400,1750,1950,2100,258,215,SLI,2.0,95,20,8-pin + 6-pin,RTX,11.5,11.5,9100,13320.0,1.4637362637362636,10329.0,18498.0,0.036242398,7.4199e-05,-6.60026,0.033482,2.8659e-05,-6.81,0.122562,0.0,-125.554,0.161821,0.0,-216.889,,,,,,,,,105,v1_9_0/Prefabs/GPU/MSI/GPU_MSI_GeForce_RTX_2070_Super_Ventus_GP_OC,MSI GeForce RTX 2070 SUPER Ventus GP OC
GPU,NVIDIA GeForce,RTX 2000,GeForce RTX 2070 Super,ZOTAC,GAMING GeForce RTX 2070 SUPER Mini,,Y,5441,740,247,28,30,1.7,PC,White,8,1160,1680,2000,2200,1400,1750,1950,2100,229,215,SLI,2.0,95,20,8-pin + 6-pin,RTX,11.5,11.5,8501,10705.0,1.2592636160451711,10329.0,18498.0,0.036242398,7.4199e-05,-6.60026,0.033482,2.8659e-05,-6.81,0.122562,0.0,-125.554,0.161821,0.0,-216.889,,,,,,,,,105,v1_7_0/Prefabs/GPU/ZOTAC/GPU_Zotac_Gaming_GeForce_RTX2070_Super_Mini,ZOTAC GAMING GeForce RTX 2070 SUPER Mini
GPU,NVIDIA GeForce,RTX 2000,GeForce RTX 2080,Colorful,iGame GeForce RTX 2080 Advanced-V,,Y,6096,860,287,25,60,1.9,PC,RGB,8,1320,1710,1960,2100,1300,1750,2000,2200,315,215,SLI,2.5,95,20,8-pin + 6-pin,RTX,11.0,11.0,9459,16411.0,1.73496141241146,11222.0,20300.0,0.033804,0.01013,-14.5626,0.032748,0.009282,-17.5168,0.089011,0.014456,-72.7506,0.080905,0.006465,-53.8782,,,,,,,,,105,v1_9_0/Prefabs/GPU/Colorful/GPU_Colourful_iGame_GeForce_RTX_2080_Advanced-V,Colorful iGame GeForce RTX 2080 Advanced-V
GPU,NVIDIA GeForce,RTX 2000,GeForce RTX 2080,EVGA,GeForce RTX 2080 FTW3 ULTRA GAMING,,Y,6604,1030,343,25,40,1.1,,RGB,8,1620,1860,1960,2100,1300,1750,2000,2200,302,215,SLI,3.0,95,20,8-pin + 8-pin,RTX,10.0,10.5,10278,18496.0,1.7995719011480833,11222.0,20300.0,0.033804,0.01013,-14.5626,0.032748,0.009282,-17.5168,0.089011,0.014456,-72.7506,0.080905,0.006465,-53.8782,,,,,,,,,105,Prefabs/GPU/EVGA/GPU_EVGA_GEFORCE_RTX_2080,EVGA GeForce RTX 2080 FTW3 ULTRA GAMING
GPU,NVIDIA GeForce,RTX 2000,GeForce RTX 2080,GIGABYTE,AORUS GeForce RTX 2080 XTREME 8G,,Y,6722,1050,350,25,80,1.1,,RGB,8,1780,1890,1960,2000,1334,1767,2000,2200,290,215,SLI,2.5,95,20,8-pin + 8-pin,RTX,10.0,10.5,10469,18941.0,1.8092463463559079,11222.0,20300.0,0.033804,0.01013,-14.5626,0.032748,0.009282,-17.5168,0.089011,0.014456,-72.7506,0.080905,0.006465,-53.8782,,,,,,,,,105,Prefabs/GPU/GigaByte/GPU_AUROS_RTX_2080_And_Ti,GIGABYTE AORUS GeForce RTX 2080 XTREME 8G
GPU,NVIDIA GeForce,RTX 2000,GeForce RTX 2080,MSI,GeForce RTX 2080 Titanium 8G,Y,Y,6382,1000,421,26,25,,,RGB,8,1300,1750,2000,2200,1300,1800,2100,2300,279,230,SLI,2.0,95,20,8-pin + 6-pin,GTX,10.5,10.5,9921,17139.0,1.882601880877743,7395.0,14160.0,0.033804,0.01013,-13.5626,0.032748,0.009282,-16.5168,0.089011,0.014456,-72.7506,0.080905,0.006465,-52.8782,,,,,,,,,105,Prefabs/GPU/MSI/MSI_GTX1070Ti_TITANIUM_9G,MSI GeForce RTX 2080 Titanium 8G
GPU,NVIDIA GeForce,RTX 2000,GeForce RTX 2080,NVIDIA,GeForce RTX 2080 Founders Edition,,Y,6096,950,317,25,1,1.0,,Green,8,1320,1710,1960,2100,1300,1750,2000,2200,267,215,SLI,2.0,95,20,8-pin + 6-pin,RTX,10.0,10.5,9459,16411.0,1.73496141241146,11222.0,20300.0,0.033804,0.01013,-14.5626,0.032748,0.009282,-17.5168,0.089011,0.014456,-72.7506,0.080905,0.006465,-53.8782,,,,,,,,,105,Prefabs/GPU/NVidia/GPU_Nvidia_RTX_2080,NVIDIA GeForce RTX 2080 Founders Edition
GPU,NVIDIA GeForce,RTX 2000,GeForce RTX 2080 Super,ASUS,ROG STRIX GeForce RTX 2080 SUPER Series,,Y,6805,1050,350,28,60,1.6,PC,RGB,8,1680,1890,2000,2100,1574,1937,2150,2300,300,250,SLI,2.5,95,20,8-pin + 8-pin,RTX,10.2,10.5,10672,20669.0,1.9367503748125936,11562.0,23017.0,0.0496198,5.014e-05,-25.819,0.0486566,6.967e-05,-29.7478,0.023725,0.0418475,10.99498079,0.085745674,0.032456772,-108.1545758,,,,,,,,,105,Prefabs/GPU/ASUS/GPU_ASUS_ROG_Strix_GeForce_RTX2070_Super,ASUS ROG STRIX GeForce RTX 2080 SUPER Series
GPU,NVIDIA GeForce,RTX 2000,GeForce RTX 2080 Super,Colorful,iGame GeForce RTX 2080 SUPER Advanced OC-V,,Y,6582,935,312,28,1,1.9,PC,RGB,8,1590,1845,2000,2100,1574,1937,2150,2300,315,250,SLI,2.5,95,20,8-pin + 8-pin,RTX,11.0,11.0,10309,20223.0,1.9616839654670677,11562.0,23017.0,0.0496198,5.014e-05,-25.819,0.0486566,6.967e-05,-29.7478,0.023725,0.0418475,10.99498079,0.085745674,0.032456772,-108.1545758,,,,,,,,,105,v1_9_0/Prefabs/GPU/Colorful/GPU_Colourful_iGame_GeForce_RTX_2080_SuperAdvanced-OC-V,Colorful iGame GeForce RTX 2080 SUPER Advanced OC-V
GPU,NVIDIA GeForce,RTX 2000,GeForce RTX 2080 Super,Colorful,iGame GeForce RTX 2080 SUPER Vulcan X OC,,Y,6657,950,317,28,1,1.9,PC,RGB,8,1620,1860,2000,2100,1574,1937,2150,2300,318,250,SLI,3.0,95,20,8-pin + 8-pin,RTX,11.0,11.0,10430,20373.0,1.953307766059444,11562.0,23017.0,0.0496198,5.014e-05,-25.819,0.0486566,6.967e-05,-29.7478,0.023725,0.0418475,10.99498079,0.085745674,0.032456772,-108.1545758,,,,,,,,,105,v1_9_0/Prefabs/GPU/Colorful/GPU_iGame_GeForce_RTX_2080_SUPER_Vulcan_X_OC,Colorful iGame GeForce RTX 2080 SUPER Vulcan X OC
GPU,NVIDIA GeForce,RTX 2000,GeForce RTX 2080 Super,EVGA,GeForce RTX 2080 SUPER BLACK GAMING,,Y,6433,960,320,28,80,1.7,PC,,8,1530,1815,2000,2100,1570,1935,2150,2300,270,250,SLI,2.0,95,20,8-pin + 8-pin,RTX,10.5,10.5,10067,19910.0,1.977749081156253,11562.0,23017.0,0.0496198,5.014e-05,-25.819,0.0486566,6.967e-05,-29.7478,0.023725,0.0418475,10.99498079,0.085745674,0.032456772,-108.1545758,,,,,,,,,105,v1_7_0/Prefabs/GPU/EVGA/GPU_EVGA_GeForce_RTX_2080_Super_Black_Gaming,EVGA GeForce RTX 2080 SUPER BLACK GAMING
GPU,NVIDIA GeForce,RTX 2000,GeForce RTX 2080 Super,GIGABYTE,AORUS GeForce RTX 2080 SUPER 8G,,Y,6657,1050,350,28,60,1.6,PC,RGB,8,1620,1860,2000,2100,1574,1937,2150,2300,290,250,SLI,2.5,95,20,8-pin + 8-pin,RTX,9.9,10.5,10430,20373.0,1.953307766059444,11562.0,23017.0,0.0496198,5.014e-05,-25.819,0.0486566,6.967e-05,-29.7478,0.023725,0.0418475,10.99498079,0.085745674,0.032456772,-108.1545758,,,,,,,,,105,Prefabs/GPU/GigaByte/GPU_AUROS_RTX_2080_And_Ti,GIGABYTE AORUS GeForce RTX 2080 SUPER 8G
GPU,NVIDIA GeForce,RTX 2000,GeForce RTX 2080 Super,GIGABYTE,GeForce RTX 2080 SUPER GAMING OC 8G,,Y,6582,980,327,28,65,1.7,PC,RGB,8,1590,1845,2000,2100,1570,1935,2150,2300,287,250,SLI,2.0,95,20,8-pin + 6-pin,RTX,10.5,10.5,10309,20211.0,1.9605199340382191,11562.0,23017.0,0.0496198,5.014e-05,-25.819,0.0486566,6.967e-05,-29.7478,0.023725,0.0418475,10.99498079,0.085745674,0.032456772,-108.1545758,,,,,,,,,105,v1_7_0/Prefabs/GPU/GigaByte/GPU_Gigabyte_Geforce_RTX2080_SuperGaming_OC_8GB,GIGABYTE GeForce RTX 2080 SUPER GAMING OC 8G
GPU,NVIDIA GeForce,RTX 2000,GeForce RTX 2080 Super,MSI,GeForce RTX 2080 SUPER GAMING X Trio,,Y,6582,935,312,28,1,1.9,PC,RGB,8,1590,1845,2000,2100,1574,1937,2150,2300,328,250,SLI,2.5,95,20,8-pin + 8-pin,RTX,11.0,11.0,10309,20223.0,1.9616839654670677,11562.0,23017.0,0.0496198,5.014e-05,-25.819,0.0486566,6.967e-05,-29.7478,0.023725,0.0418475,10.99498079,0.085745674,0.032456772,-108.1545758,,,,,,,,,105,v1_9_0/Prefabs/GPU/MSI/GPU_MSI_GeForce_RTX_2080_Super_Gaming_X_TRIO,MSI GeForce RTX 2080 SUPER GAMING X Trio
GPU,NVIDIA GeForce,RTX 2000,GeForce RTX 2080 Super,MSI,GeForce RTX 2080 SUPER Ventus XS OC,,Y,6508,925,308,28,1,1.9,PC,,8,1560,1830,2000,2100,1574,1937,2150,2300,257,250,SLI,2.5,95,20,8-pin + 6-pin,RTX,11.0,11.0,10188,20073.0,1.9702591283863369,11562.0,23017.0,0.0496198,5.014e-05,-25.819,0.0486566,6.967e-05,-29.7478,0.023725,0.0418475,10.99498079,0.085745674,0.032456772,-108.1545758,,,,,,,,,105,v1_9_0/Prefabs/GPU/MSI/GPU_MSI_GeForce_RTX_2080_Super_Ventus_XS_OC,MSI GeForce RTX 2080 SUPER Ventus XS OC
GPU,NVIDIA GeForce,RTX 2000,GeForce RTX 2080 Super,MSI,GeForce RTX 2080 SUPER™ AERO,,Y,6432,960,320,28,50,1.13,PC,,8,1530,1815,2000,2100,1100,1750,2150,2400,265,250,SLI,2.0,95,20,8-pin + 6-pin,RTX,10.5,10.5,10065,18800.0,1.0,11562.0,23017.0,0.0496198,5.014e-05,-25.819,0.0486566,6.967e-05,-29.7478,0.023725,0.0418475,10.99498079,0.085745674,0.032456772,-108.1545758,,,,,,,,,105,v1_13_0/Prefabs/GPU/MSI/GPU_MSI_GEFORCE_RTX_2080_SUPERAERO,MSI GeForce RTX 2080 SUPER™ AERO
GPU,NVIDIA GeForce,RTX 2000,GeForce RTX 2080 Super,ZOTAC,GAMING GeForce RTX 2080 SUPER Amp,,Y,6582,980,327,28,30,1.7,PC,RGB,8,1590,1845,2000,2100,1570,1935,2150,2300,298,250,SLI,2.0,95,20,8-pin + 8-pin,RTX,10.5,10.5,10309,20211.0,1.9605199340382191,11562.0,23017.0,0.0496198,5.014e-05,-25.819,0.0486566,6.967e-05,-29.7478,0.023725,0.0418475,10.99498079,0.085745674,0.032456772,-108.1545758,,,,,,,,,105,v1_7_0/Prefabs/GPU/ZOTAC/GPU_Zotac_Gaming_GeForce_RTX2080_Super_AMP,ZOTAC GAMING GeForce RTX 2080 SUPER Amp
GPU,NVIDIA GeForce,RTX 2000,GeForce RTX 2080 Super,ZOTAC,GAMING GeForce RTX 2080 SUPER Amp Extreme,,Y,6731,1000,333,28,30,1.7,PC,RGB,8,1650,1875,2000,2100,1570,1935,2150,2300,324,250,SLI,2.5,95,20,8-pin + 8-pin,RTX,10.6,10.5,10551,20509.0,1.943796796512179,11562.0,23017.0,0.0496198,5.014e-05,-25.819,0.0486566,6.967e-05,-29.7478,0.023725,0.0418475,10.99498079,0.085745674,0.032456772,-108.1545758,,,,,,,,,105,v1_7_0/Prefabs/GPU/ZOTAC/GPU_Zotac_Gaming_GeForce_RTX2080_Super_AMP_Extreme,ZOTAC GAMING GeForce RTX 2080 SUPER Amp Extreme
GPU,NVIDIA GeForce,RTX 2000,GeForce RTX 2080 Super,ZOTAC,GAMING GeForce RTX 2080 SUPER Twin Fan,,Y,6433,950,317,28,30,1.7,PC,RGB,8,1530,1815,2000,2100,1570,1935,2150,2300,268,250,SLI,2.0,95,20,8-pin + 6-pin,RTX,10.6,10.5,10067,19910.0,1.977749081156253,11562.0,23017.0,0.0496198,5.014e-05,-25.819,0.0486566,6.967e-05,-29.7478,0.023725,0.0418475,10.99498079,0.085745674,0.032456772,-108.1545758,,,,,,,,,105,v1_7_0/Prefabs/GPU/ZOTAC/GPU_Zotac_Gaming_GeForce_RTX2080_Super_TwinFan,ZOTAC GAMING GeForce RTX 2080 SUPER Twin Fan
GPU - Water,NVIDIA GeForce,RTX 2000,GeForce RTX 2080 Super,EVGA,GeForce RTX 2080 SUPER FTW3 HYDRO COPPER GAMING,,Y,6582,1350,450,26,1,1.9,PC,RGB,8,1390,1845,2090,2300,1374,1937,2247,2500,290,250,SLI,2.0,95,20,8-pin + 8-pin,RTX,7.6,,10309,20223.0,1.9616839654670677,,,0.0496198,5.014e-05,-25.819,0.0486566,6.967e-05,-29.7478,0.023725,0.0418475,10.99498079,0.085745674,0.032456772,-108.1545758,2000.0,2150.0,4.5,5.0,,,,,105,v1_9_0/Prefabs/GPU/EVGA/GPU_EVGA_GeForce_RTX_2080_Super_FTW3_Ultra_Hydro_Cooper_Gaming,EVGA GeForce RTX 2080 SUPER FTW3 HYDRO COPPER GAMING
GPU - Water,NVIDIA GeForce,RTX 2000,GeForce RTX 2080 Super,GIGABYTE,AORUS GeForce RTX 2080 SUPER WATERFORCE WB 8G,,Y,6657,1400,467,29,50,1.6,PC,RGB,8,1520,1860,2086,2200,1474,1937,2242,2400,291,250,SLI,2.0,95,20,8-pin + 8-pin,RTX,7.5,,10430,20373.0,1.953307766059444,,,0.0496198,5.014e-05,-25.819,0.0486566,6.967e-05,-29.7478,0.023725,0.0418475,10.99498079,0.085745674,0.032456772,-108.1545758,2000.0,2150.0,4.3,5.0,,,,,105,Prefabs/GPU/GigaByte/GPU_AORUS_RTX_2080_SUPER_WATERFORCE,GIGABYTE AORUS GeForce RTX 2080 SUPER WATERFORCE WB 8G
GPU,NVIDIA GeForce,RTX 2000,GeForce RTX 2080 Ti,ASUS,ROG Strix Geforce RTX 2080 Ti 11GB Gaming,,Y,6984,1030,343,28,50,1.8,PC,RGB,11,920,1560,1960,2200,1400,1750,1950,2100,304,250,SLI,2.5,95,20,8-pin + 8-pin,RTX,10.5,10.5,10801,19185.0,1.7762244236644755,14164.0,25810.0,0.049184,0.008357,-21.5075,0.045342,0.007908,-22.257,0.05971,0.084504,-117.921,0.058653,0.082351,-124.174,,,,,,,,,105,v1_8_0/Prefabs/GPU/ASUS/GPU_ASUS_ROG_Strix_Geforce_RTX_2080_Ti_11G_Gaming,ASUS ROG Strix Geforce RTX 2080 Ti 11GB Gaming
GPU,NVIDIA GeForce,RTX 2000,GeForce RTX 2080 Ti,Colorful,iGame GeForce RTX 2080 Ti Advanced OC,,Y,7353,1200,400,28,1,1.5,PC,RGB,11,1070,1635,1960,2200,1400,1750,1950,2100,304,250,SLI,2.5,95,20,8-pin + 8-pin,RTX,9.5,10.0,11382,19914.0,1.7496046389035318,14164.0,25810.0,0.049184,0.008357,-21.5075,0.045342,0.007908,-22.257,0.05971,0.084504,-117.921,0.058653,0.082351,-124.174,,,,,,,,,105,Prefabs/GPU/Colorful/GPU_Colorful_iGame_GeForce_RTX2080Ti_Advanced_OC,Colorful iGame GeForce RTX 2080 Ti Advanced OC
GPU,NVIDIA GeForce,RTX 2000,GeForce RTX 2080 Ti,Colorful,iGame GeForce RTX 2080 Ti Vulcan X OC,,Y,8017,1320,440,28,30,1.5,PC,RGB,11,1440,1770,1960,2100,1400,1750,1950,2100,318,250,SLI,2.5,95,20,8-pin + 8-pin + 8-pin,RTX,9.4,11.5,12427,21226.0,1.7080550414420215,14164.0,25810.0,0.049184,0.008357,-21.5075,0.045342,0.007908,-22.257,0.05971,0.084504,-117.921,0.058653,0.082351,-124.174,,,,,,,,,105,Prefabs/GPU/Colorful/GPU_Igame_geforce_RTX_2080_Ti_Vulcan_OC,Colorful iGame GeForce RTX 2080 Ti Vulcan X OC
GPU,NVIDIA GeForce,RTX 2000,GeForce RTX 2080 Ti,EVGA,GeForce RTX 2080 Ti FTW3 ULTRA GAMING,,Y,7943,1240,413,27,40,1.1,,RGB,11,1410,1755,1960,2100,1400,1750,1950,2100,302,250,SLI,3.0,95,20,8-pin + 8-pin,RTX,9.9,10.0,12311,21080.0,1.7122898221103078,14164.0,25810.0,0.049184,0.008357,-21.5075,0.045342,0.007908,-22.257,0.05971,0.084504,-117.921,0.058653,0.082351,-124.174,,,,,,,,,105,Prefabs/GPU/EVGA/GPU_EVGA_GEFORCE_RTX_2080TI,EVGA GeForce RTX 2080 Ti FTW3 ULTRA GAMING
GPU,NVIDIA GeForce,RTX 2000,GeForce RTX 2080 Ti,EVGA,GeForce RTX 2080Ti XC BLACK EDITION GAMING,,Y,6984,1080,360,27,80,1.7,PC,RGB,11,920,1560,1960,2200,1400,1750,1950,2100,269,250,SLI,2.0,95,20,8-pin + 8-pin,RTX,10.0,10.0,10801,19185.0,1.7762244236644755,14164.0,25810.0,0.049184,0.008357,-21.5075,0.045342,0.007908,-22.257,0.05971,0.084504,-117.921,0.058653,0.082351,-124.174,,,,,,,,,105,v1_7_0/Prefabs/GPU/EVGA/GPU_EVGA_GeForce_RTX_2080_Ti_XC_Black_Edition_Gaming,EVGA GeForce RTX 2080Ti XC BLACK EDITION GAMING
GPU,NVIDIA GeForce,RTX 2000,GeForce RTX 2080 Ti,GIGABYTE,AORUS GeForce RTX 2080 Ti XTREME 11G,,Y,8031,1310,437,27,80,1.1,,RGB,11,1440,1770,1960,2100,1434,1767,1950,2100,290,250,SLI,2.5,95,20,8-pin + 8-pin,RTX,9.5,10.0,12450,21459.0,1.7236144578313253,14164.0,25810.0,0.049184,0.008357,-21.5075,0.045342,0.007908,-22.257,0.05971,0.084504,-117.921,0.058653,0.082351,-124.174,,,,,,,,,105,Prefabs/GPU/GigaByte/GPU_AUROS_RTX_2080_And_Ti,GIGABYTE AORUS GeForce RTX 2080 Ti XTREME 11G
GPU,NVIDIA GeForce,RTX 2000,GeForce RTX 2080 Ti,GIGABYTE,GeForce RTX 2080 Ti GAMING OC WHITE 11G,Y,Y,7280,1275,317,28,30,,PC,RGB,11,1030,1615,2000,2200,1460,1780,1950,2100,287,265,SLI,2.0,95,35,8-pin + 6-pin,RTX,9.8,10.5,11267,20130.0,1.8159098263402007,10329.0,18498.0,0.049184,0.008357,-21.5075,0.045342,0.007908,-22.257,0.05971,0.084504,-117.921,0.058653,0.082351,-124.174,,,,,,,,,105,Prefabs/GPU/GigaByte/GPU_Gigabyte_Geforce_RTX2070_SuperGaming_OC_White_8GB,GIGABYTE GeForce RTX 2080 Ti GAMING OC WHITE 11G
GPU,NVIDIA GeForce,RTX 2000,GeForce RTX 2080 Ti,NVIDIA,GeForce RTX 2080 Ti Founders Edition,,Y,6910,1130,377,27,1,1.0,,Green,11,890,1545,1960,2200,1400,1750,1950,2100,269,250,SLI,2.0,95,20,8-pin + 8-pin,RTX,9.5,10.0,10685,19039.0,1.781843706130089,14164.0,25810.0,0.049184,0.008357,-21.5075,0.045342,0.007908,-22.257,0.05971,0.084504,-117.921,0.058653,0.082351,-124.174,,,,,,,,,105,Prefabs/GPU/NVidia/GPU_Nvidia_RTX_2080Ti,NVIDIA GeForce RTX 2080 Ti Founders Edition
GPU,NVIDIA GeForce,RTX 2000,GeForce RTX 2080 Ti,RED Digital Cinema,ROCKET (GeForce RTX 2080 Ti),Y,Y,0,565,188,27,1,,,,11,1200,1550,1760,1900,1710,1755,1780,1800,147,175,SLI,1.5,95,20,,,9.5,10.0,0,0.0,1.781843706130089,14164.0,25810.0,0.0,0.0,0.0,0.0,0.0,0.0,0.0,0.0,0.0,0.0,0.0,0.0,,,,,,,,,105,Prefabs/Generic/GPU,RED Digital Cinema ROCKET (GeForce RTX 2080 Ti)
GPU,NVIDIA GeForce,RTX 2000,GeForce RTX 2080 Ti,RED Digital Cinema,ROCKET-X (GeForce RTX 2080 Ti),Y,Y,0,678,226,27,1,,,,11,1100,1550,1810,2000,1610,1755,1805,1900,280,200,SLI,2.0,95,20,8-pin + 6-pin,,9.5,10.0,0,0.0,1.781843706130089,14164.0,25810.0,0.0,0.0,0.0,0.0,0.0,0.0,0.0,0.0,0.0,0.0,0.0,0.0,,,,,,,,,105,Prefabs/GPU/AMD/GPU_AMD_Radeon_RX_5700,RED Digital Cinema ROCKET-X (GeForce RTX 2080 Ti)
GPU,NVIDIA GeForce,RTX 2000,GeForce RTX 2080 Ti,ZOTAC,GAMING GeForce RTX 2080 Ti Amp,,Y,7500,1150,383,27,30,1.7,PC,RGB,11,1130,1665,1960,2200,1400,1750,1950,2100,308,250,SLI,2.5,95,20,8-pin + 8-pin,RTX,10.1,10.0,11614,20205.0,1.739710693990012,14164.0,25810.0,0.049184,0.008357,-21.5075,0.045342,0.007908,-22.257,0.05971,0.084504,-117.921,0.058653,0.082351,-124.174,,,,,,,,,105,v1_7_0/Prefabs/GPU/ZOTAC/GPU_Zotac_Gaming_GeForce_RTX2080_Ti_AMP,ZOTAC GAMING GeForce RTX 2080 Ti Amp
GPU,NVIDIA GeForce,RTX 2000,GeForce RTX 2080 Ti,ZOTAC,GAMING GeForce RTX 2080 Ti Amp Extreme,,Y,8280,1300,433,27,50,1.6,PC,RGB,11,1530,1815,1960,2100,1500,1800,1950,2100,324,250,SLI,2.5,95,20,8-pin + 8-pin,RTX,9.9,10.0,12842,22348.0,1.7402273789129419,14164.0,25810.0,0.049184,0.008357,-21.5075,0.045342,0.007908,-22.257,0.05971,0.084504,-117.921,0.058653,0.082351,-124.174,,,,,,,,,105,Prefabs/GPU/ZOTAC/GPU_ZOTAC_Geforce_RTX2080Ti_AMP_Extreme,ZOTAC GAMING GeForce RTX 2080 Ti Amp Extreme
GPU,NVIDIA GeForce,RTX 2000,GeForce RTX 2080 Ti,ZOTAC,GAMING GeForce RTX 2080 Ti Amp MAXX,,Y,7500,1150,383,27,30,1.7,PC,RGB,11,1130,1665,1960,2200,1400,1750,1950,2100,298,250,SLI,2.0,95,20,8-pin + 8-pin,RTX,10.1,10.0,11614,20205.0,1.739710693990012,14164.0,25810.0,0.049184,0.008357,-21.5075,0.045342,0.007908,-22.257,0.05971,0.084504,-117.921,0.058653,0.082351,-124.174,,,,,,,,,105,v1_7_0/Prefabs/GPU/ZOTAC/GPU_Zotac_Gaming_GeForce_RTX2080_Ti_AMP_MAXX,ZOTAC GAMING GeForce RTX 2080 Ti Amp MAXX
GPU,NVIDIA GeForce,RTX 2000,GeForce RTX 2080 Ti,ZOTAC,GAMING GeForce RTX 2080 Ti Blower,,Y,6910,1050,350,27,30,1.7,PC,,11,890,1545,1960,2200,1400,1750,1950,2100,268,250,SLI,2.0,95,20,8-pin + 8-pin,RTX,10.2,10.0,10685,19039.0,1.781843706130089,14164.0,25810.0,0.049184,0.008357,-21.5075,0.045342,0.007908,-22.257,0.05971,0.084504,-117.921,0.058653,0.082351,-124.174,,,,,,,,,105,v1_7_0/Prefabs/GPU/ZOTAC/GPU_Zotac_Gaming_GeForce_RTX2080_Ti_Blower,ZOTAC GAMING GeForce RTX 2080 Ti Blower
GPU - Water,NVIDIA GeForce,RTX 2000,GeForce RTX 2080 Ti,EVGA,GeForce RTX 2080 Ti FTW3 ULTRA HYDRO COPPER GAMING,,Y,7943,1500,500,28,85,1.7,PC,RGB,11,1310,1755,2048,2200,1300,1750,2038,2200,291,250,SLI,2.0,95,20,8-pin + 8-pin,RTX,8.2,,12311,21080.0,1.7122898221103078,,,0.049184,0.008357,-21.5075,0.045342,0.007908,-22.257,0.05971,0.084504,-117.921,0.058653,0.082351,-124.174,1960.0,1950.0,4.5,5.0,,,,,105,v1_7_0/Prefabs/GPU/EVGA/GPU_EVGA_GeForce_RTX_2080_Ti_FTW3_Ultra_Hydro_Cooper_Gaming,EVGA GeForce RTX 2080 Ti FTW3 ULTRA HYDRO COPPER GAMING
GPU - Water,NVIDIA GeForce,RTX 2000,GeForce RTX 2080 Ti,EVGA,GeForce RTX 2080 Ti XC HYDRO COPPER GAMING,,Y,6910,1350,450,28,1,1.9,PC,RGB,11,690,1545,2048,2400,1300,1750,2038,2200,266,250,SLI,2.0,95,20,8-pin + 8-pin,RTX,7.9,,10685,19039.0,1.781843706130089,,,0.049184,0.008357,-21.5075,0.045342,0.007908,-22.257,0.05971,0.084504,-117.921,0.058653,0.082351,-124.174,1960.0,1950.0,4.5,5.0,,,,,105,v1_9_0/Prefabs/GPU/EVGA/GPU_EVGA_GeForce_RTX_2080_Ti_XC_HYDRO_COPPER_GAMING,EVGA GeForce RTX 2080 Ti XC HYDRO COPPER GAMING
GPU - Water,NVIDIA GeForce,RTX 2000,GeForce RTX 2080 Ti,GIGABYTE,AORUS GeForce RTX 2080 Ti XTREME WATERFORCE WB 11G,,Y,8031,1550,517,27,90,1.1,,,11,1340,1770,2044,2200,1334,1767,2034,2200,291,250,SLI,2.0,95,20,8-pin + 8-pin,RTX,8.0,,12450,21459.0,1.7236144578313253,,,0.049184,0.008357,-21.5075,0.045342,0.007908,-22.257,0.05971,0.084504,-117.921,0.058653,0.082351,-124.174,1960.0,1950.0,4.3,5.0,,,,,105,Prefabs/GPU/GigaByte/GPU_AUROS_RTX_2080_XTREME_WATERFORCE,GIGABYTE AORUS GeForce RTX 2080 Ti XTREME WATERFORCE WB 11G
GPU - Water,NVIDIA GeForce,RTX 2000,GeForce RTX 2080 Ti,NVIDIA,GeForce RTX 2080Ti | Alphacool Eisblock GPX-N Acetal M02,,Y,8031,1550,517,27,90,1.4,PC,,11,1340,1770,2044,2200,1334,1767,2034,2200,291,250,SLI,2.0,95,20,8-pin + 8-pin,RTX,8.0,,12450,21459.0,1.7236144578313253,,,0.049184,0.008357,-21.5075,0.045342,0.007908,-22.257,0.05971,0.084504,-117.921,0.058653,0.082351,-124.174,1960.0,1950.0,4.3,5.0,,,,,105,Prefabs/GPU/Alphacool/GPU_Alphacool_Eisblock_GPXN_Acetal_NvidiaGeforceRTX_2080Ti_M02,NVIDIA GeForce RTX 2080Ti | Alphacool Eisblock GPX-N Acetal M02
GPU - Water,NVIDIA GeForce,RTX 2000,GeForce RTX 2080 Ti,NVIDIA,GeForce RTX 2080Ti | Alphacool Eisblock GPX-N Plexi M02,,Y,8031,1550,517,27,90,1.4,PC,RGB,11,1340,1770,2044,2200,1334,1767,2034,2200,291,250,SLI,2.0,95,20,8-pin + 8-pin,RTX,8.0,,12450,21459.0,1.7236144578313253,,,0.049184,0.008357,-21.5075,0.045342,0.007908,-22.257,0.05971,0.084504,-117.921,0.058653,0.082351,-124.174,1960.0,1950.0,4.3,5.0,,,,,105,Prefabs/GPU/Alphacool/GPU_Alphacool_Eisblock_GPXNPlexi_NvidiaGeforceRTX_2080Ti_M01,NVIDIA GeForce RTX 2080Ti | Alphacool Eisblock GPX-N Plexi M02
GPU - Water,NVIDIA GeForce,RTX 2000,GeForce RTX 2080 Ti,ZOTAC,ZOTAC GAMING GeForce RTX 2080 Ti ArcticStorm,,Y,7058,1550,517,27,80,1.6,PC,RGB,11,850,1575,2048,2300,1300,1750,2038,2200,295,300,SLI,2.0,95,20,8-pin + 8-pin,RTX,7.0,,10918,19331.0,1.7705623740611833,,,0.049184,0.008357,-21.5075,0.045342,0.007908,-22.257,0.05971,0.084504,-117.921,0.058653,0.082351,-124.174,1960.0,1950.0,4.5,5.0,,,,,105,Prefabs/GPU/ZOTAC/GPU_Zotac_Gaming_Geforce_RTX2080Ti_ArticStorm,ZOTAC ZOTAC GAMING GeForce RTX 2080 Ti ArcticStorm
GPU,NVIDIA GeForce,RTX 3000,GeForce RTX 3060,Colorful,iGame GeForce RTX 3060 bilibili E-sports Edition OC 12G-V,,Y,5351,715,238,31,80,1.14,PC,,12,1554,1777,1920,2000,750,1875,2600,3000,300,170,,2.0,95,20,8-pin,,11.5,11.5,8082,0.0,,9100.0,0.0,0.020295,0.005688,6.784831,0.018054,0.004084,5.93456,0.0,0.0,0.0,0.0,0.0,0.0,,,,,,,Y,,106,v1_14_0/Prefabs/GPU/COLORFUL/GPU_iGame_GeForce_RTX_3060_bilibili_E-sports_Edition_OC_12G-V,Colorful iGame GeForce RTX 3060 bilibili E-sports Edition OC 12G-V
GPU,NVIDIA GeForce,RTX 3000,GeForce RTX 3060,ZOTAC,GAMING GeForce RTX 3060 AMP White Edition,,Y,5534,760,253,32,1,1.15,PC,White,12,1734,1867,1920,2000,750,1875,2600,3000,231,170,,2.0,95,20,8-pin + 8-pin,,11.0,11.0,8364,0.0,,9100.0,0.0,0.020295,0.005688,6.784831,0.018054,0.004084,5.93456,0.0,0.0,0.0,0.0,0.0,0.0,,,,,,,Y,,106,v1_15_0/Prefabs/GPU/ZOTAC/GPU_ZOTAC_GAMING_GeForce_RTX_3060_AMP_White_Edition,ZOTAC GAMING GeForce RTX 3060 AMP White Edition
GPU,NVIDIA GeForce,RTX 3000,GeForce RTX 3060,ZOTAC,GAMING GeForce RTX 3060 Twin Edge OC,,Y,5412,745,248,32,1,1.15,PC,,12,1614,1807,1920,2000,750,1875,2600,3000,224,170,,2.0,95,20,8-pin,,11.0,11.0,8176,0.0,,9100.0,0.0,0.020295,0.005688,6.784831,0.018054,0.004084,5.93456,0.0,0.0,0.0,0.0,0.0,0.0,,,,,,,Y,,106,v1_15_0/Prefabs/GPU/ZOTAC/GPU_ZOTAC_GAMING_GeForce_RTX_3060_Twin_Edge_OC,ZOTAC GAMING GeForce RTX 3060 Twin Edge OC
GPU,NVIDIA GeForce,RTX 3000,GeForce RTX 3060 Ti,Colorful,iGame GeForce RTX 3060 Ti bilibili E-sports Edition OC LHR-V,,Y,7014,970,323,31,80,1.14,PC,,8,1230,1665,1950,2100,1500,1750,1900,2000,300,200,,2.0,95,20,8-pin,,11.0,11.0,10535,0.0,,11831.0,0.0,0.023313,0.012362,9.697741,0.02102,0.009301,7.97578,0.0,0.0,0.0,0.0,0.0,0.0,,,,,,,Y,,106,v1_14_0/Prefabs/GPU/COLORFUL/GPU_iGame_GeForce_RTX_3060_Ti_bilibili_E-sports_Edition_OC_LHR-V,Colorful iGame GeForce RTX 3060 Ti bilibili E-sports Edition OC LHR-V
GPU,NVIDIA GeForce,RTX 3000,GeForce RTX 3060 Ti,MSI,GeForce RTX™ 3060Ti GAMING X TRIO,,Y,7399,1060,353,31,1,1.10.5,PC,RGB,8,1560,1830,1950,2100,1500,1750,1900,2000,323,200,,2.5,95,20,8-pin + 8-pin,,10.5,10.5,11134,0.0,,11831.0,0.0,0.023313,0.012362,9.697741,0.02102,0.009301,7.97578,0.0,0.0,0.0,0.0,0.0,0.0,,,,,,,,,106,v1_10_0/Prefabs/GPU/MSI/GPU_MSI_GeForce_RTX_3060ti_GAMING_X_TRIO,MSI GeForce RTX™ 3060Ti GAMING X TRIO
GPU,NVIDIA GeForce,RTX 3000,GeForce RTX 3060 Ti,NVIDIA,GeForce RTX 3060 Ti Founders Edition,,Y,7014,1005,335,32,80,1.14,PC,,8,1230,1665,1950,2100,1500,1750,1900,2000,242,200,,2.0,95,20,8-pin,,10.5,10.5,10535,0.0,,11831.0,0.0,0.023313,0.012362,9.697741,0.02102,0.009301,7.97578,0.0,0.0,0.0,0.0,0.0,0.0,,,,,,,Y,,106,v1_14_0/Prefabs/GPU/NVIDIA/GPU_NVIDIA_3060Ti_Founders_Edition,NVIDIA GeForce RTX 3060 Ti Founders Edition
GPU,NVIDIA GeForce,RTX 3000,GeForce RTX 3060 Ti,ZOTAC,GAMING GeForce RTX 3060 Ti Twin Edge OC,,Y,7084,1015,338,34,90,1.14,PC,White,8,1290,1695,1950,2100,1500,1750,1900,2000,222,200,,2.0,95,20,8-pin,RTX,10.5,10.5,10644,0.0,,11831.0,0.0,0.023313,0.012362,9.697741,0.02102,0.009301,7.97578,0.0,0.0,0.0,0.0,0.0,0.0,,,,,,,Y,,106,v1_14_0/Prefabs/GPU/ZOTAC/GPU_ZOTAC_GAMING_GEFORCE_RTX_3060_TI_TWIN_EDGE_OC,ZOTAC GAMING GeForce RTX 3060 Ti Twin Edge OC
GPU,NVIDIA GeForce,RTX 3000,GeForce RTX 3070,ASUS,GeForce RTX 3070 OC Edition 8GB GDDR6,,Y,8201,1185,395,31,30,1.10,PC,Mixed,8,1340,1770,2050,2200,1300,1750,2000,2200,267,220,,2.5,95,20,8-pin + 8-pin,,10.5,10.5,12454,0.0,,13402.0,0.0,0.036679,0.000247,16.66125,0.031105,0.000209,15.28167,0.0,0.0,0.0,0.0,0.0,0.0,,,,,,,,,106,v1_10_0/Prefabs/GPU/ASUS/GPU_ASUS_GeForce_RTX_3070_OC_Edition_8GB_GDDR6,ASUS GeForce RTX 3070 OC Edition 8GB GDDR6
GPU,NVIDIA GeForce,RTX 3000,GeForce RTX 3070,Colorful,iGame GeForce RTX 3070 bilibili E-sports Edition OC LHR-V,,Y,8036,1195,398,31,80,1.14,PC,,8,1150,1725,2050,2300,1300,1750,2000,2200,300,240,,2.0,95,20,8-pin + 8-pin,,10.5,10.5,12205,0.0,,14009.0,0.0,0.036679,0.000247,16.66125,0.031105,0.000209,15.28167,0.0,0.0,0.0,0.0,0.0,0.0,,,,,,,Y,,106,v1_14_0/Prefabs/GPU/COLORFUL/GPU_iGame_GeForce_RTX_3070_bilibili_E-sports_Edition_OC_LHR-V,Colorful iGame GeForce RTX 3070 bilibili E-sports Edition OC LHR-V
GPU,NVIDIA GeForce,RTX 3000,GeForce RTX 3070,Colorful,iGame GeForce RTX 3070 Ultra W OC-V,,Y,8201,1185,395,31,80,1.13,PC,RGB,8,1340,1770,2050,2200,1300,1750,2000,2200,310,220,,2.5,95,20,8-pin + 8-pin + 8-pin,,10.5,10.5,12454,0.0,,14009.0,0.0,0.036679,0.000247,16.66125,0.031105,0.000209,15.28167,0.0,0.0,0.0,0.0,0.0,0.0,,,,,,,,,106,v1_13_0/Prefabs/GPU/Colorful/GPU_Colorful_iGame_GeForce_RTX_3070_Ultra_W_OC-V_MS,Colorful iGame GeForce RTX 3070 Ultra W OC-V
GPU,NVIDIA GeForce,RTX 3000,GeForce RTX 3070,MSI,GeForce RTX™ 3070 VENTUS 2X,,Y,8036,1160,387,31,70,1.12,PC,,8,1150,1725,2050,2300,1300,1750,2000,2200,232,220,,2.5,95,20,8-pin + 8-pin,,10.5,10.5,12205,0.0,,14009.0,0.0,0.036679,0.000247,16.66125,0.031105,0.000209,15.28167,0.0,0.0,0.0,0.0,0.0,0.0,,,,,,,,,106,v1_12_0/Prefabs/GPU/MSI/GPU_MSI_GEFORCE_RTX_3070_VENTUS_2X,MSI GeForce RTX™ 3070 VENTUS 2X
GPU,NVIDIA GeForce,RTX 3000,GeForce RTX 3070,NVIDIA,GeForce RTX 3070,,Y,8036,1160,387,31,1,1.10,PC,,8,1150,1725,2050,2300,1300,1750,2000,2200,267,220,,2.5,95,20,8-pin,,10.5,10.5,12205,0.0,,13402.0,0.0,0.036679,0.000247,16.66125,0.031105,0.000209,15.28167,0.0,0.0,0.0,0.0,0.0,0.0,,,,,,,,,106,v1_10_0/Prefabs/GPU/NVidia/GPU_NVIDIA_GEFORCE_RTX_3070,NVIDIA GeForce RTX 3070
GPU,NVIDIA GeForce,RTX 3000,GeForce RTX 3070,ZOTAC,GAMING GeForce RTX 3070 AMP Holo,,Y,8256,1195,398,32,1,1.15,PC,RGB,8,1370,1785,2050,2200,1300,1750,2000,2200,291,240,,2.5,95,20,8-pin + 8-pin,,10.5,10.5,12537,0.0,,14009.0,0.0,0.036679,0.000247,16.66125,0.031105,0.000209,15.28167,0.0,0.0,0.0,0.0,0.0,0.0,,,,,,,Y,,106,v1_15_0/Prefabs/GPU/ZOTAC/GPU_ZOTAC_GAMING_GeForce_RTX_3070_AMP_Holo,ZOTAC GAMING GeForce RTX 3070 AMP Holo
GPU,NVIDIA GeForce,RTX 3000,GeForce RTX 3070,ZOTAC,GAMING GeForce RTX 3070 Twin Edge OC,,Y,8146,1125,375,31,30,1.13,PC,White,8,1310,1755,2050,2200,1300,1750,2000,2200,232,220,,2.0,95,20,8-pin + 8-pin,RTX,11.0,11.0,12371,0.0,,14009.0,0.0,0.036679,0.000247,16.66125,0.031105,0.000209,15.28167,0.0,0.0,0.0,0.0,0.0,0.0,,,,,,,,,106,v1_13_0/Prefabs/GPU/ZOTAC/GPU_ZOTAC_GAMING_GeForce_RTX_3070_Twin_Edge_OC,ZOTAC GAMING GeForce RTX 3070 Twin Edge OC
GPU,NVIDIA GeForce,RTX 3000,GeForce RTX 3070,ZOTAC,GAMING GeForce RTX 3070 Twin Edge OC White Edition,,Y,8146,1125,375,31,30,1.13,PC,White,8,1310,1755,2050,2200,1300,1750,2000,2200,232,220,,2.0,95,20,8-pin + 8-pin,RTX,11.0,11.0,12371,0.0,,14009.0,0.0,0.036679,0.000247,16.66125,0.031105,0.000209,15.28167,0.0,0.0,0.0,0.0,0.0,0.0,,,,,,,,,106,v1_13_0/Prefabs/GPU/ZOTAC/GPU_ZOTAC_GAMING_MS_GeForce_RTX_3070_Twin_Edge_OC,ZOTAC GAMING GeForce RTX 3070 Twin Edge OC White Edition
GPU - Water,NVIDIA GeForce,RTX 3000,GeForce RTX 3070,CORSAIR,GeForce RTX 3070 | Corsair Hydro X Series XG7 STRIX RGB,,Y,8036,1450,483,31,90,1.11,,RGB,8,950,1725,2185,2500,1100,1750,2132,2400,285,220,,2.0,95,20,8-pin + 8-pin + 8-pin,,8.4,,12205,0.0,,,,0.036679,0.000247,16.66125,0.031105,0.000209,15.28167,0.0,0.0,0.0,0.0,0.0,0.0,2050.0,2000.0,6.6,5.0,,,,,106,v1_11_0/Prefabs/GPU/Corsair/GPU_CORSAIR_Hydro_X_Series_XG7_RGB_30_SERIES_STRIX_GPU_Water_Block_3070,CORSAIR GeForce RTX 3070 | Corsair Hydro X Series XG7 STRIX RGB
GPU,NVIDIA GeForce,RTX 3000,GeForce RTX 3070 Ti,NVIDIA,GeForce RTX 3070 Ti Founders Edition,,Y,8470,1160,387,32,80,1.14,PC,,8,1540,1770,1920,2000,1076,1188,1250,1300,267,290,,2.0,95,20,8-pin + 8-pin,,11.0,11.0,12735,0.0,,14119.0,0.0,0.058954,0.003138,-23.3698,0.05259,0.000298,-21.7489,0.0,0.0,0.0,0.0,0.0,0.0,,,,,,,Y,,106,v1_14_0/Prefabs/GPU/NVIDIA/GPU_NVIDIA_3070_TI_FOUNDERS_EDITION,NVIDIA GeForce RTX 3070 Ti Founders Edition
GPU,NVIDIA GeForce,RTX 3000,GeForce RTX 3070 Ti,ZOTAC,GAMING GeForce RTX 3070 Ti AMP Holo,,Y,8824,1265,422,34,90,1.14,PC,RGB,8,1660,1830,1920,2000,1076,1188,1250,1300,317,310,,2.5,95,20,8-pin + 8-pin,RTX,10.5,10.5,13283,0.0,,14119.0,0.0,0.058954,0.003138,-23.3698,0.05259,0.000298,-21.7489,0.0,0.0,0.0,0.0,0.0,0.0,,,,,,,Y,,106,v1_14_0/Prefabs/GPU/ZOTAC/GPU_ZOTAC_GAMING_GEFORCE_RTX_3070_TI_AMP_HOLO,ZOTAC GAMING GeForce RTX 3070 Ti AMP Holo
GPU,NVIDIA GeForce,RTX 3000,GeForce RTX 3080,ASUS,TUF Gaming GeForce RTX 3080 O10G,,Y,9929,1445,482,31,50,1.10,PC,RGB,10,1330,1815,2100,2300,976,1188,1320,1400,299,320,,2.5,95,20,8-pin + 8-pin,,10.5,10.5,15158,0.0,,16007.0,0.0,0.029755,0.000901,44.22204,0.025457,0.000666,39.45169,0.0,0.0,0.0,0.0,0.0,0.0,,,,,,,,,106,v1_10_0/Prefabs/GPU/ASUS/GPU_ASUS_TUF_Gaming_GeForce_RTX_3080_O10G,ASUS TUF Gaming GeForce RTX 3080 O10G
GPU,NVIDIA GeForce,RTX 3000,GeForce RTX 3080,Colorful,GeForce RTX 3080 NB 10G-V,,Y,9617,1335,445,31,30,1.11,PC,RGB,10,1120,1710,2100,2300,976,1188,1320,1400,310,370,,2.5,95,20,8-pin + 8-pin,,11.0,11.0,14685,0.0,,16007.0,0.0,0.029755,0.000901,44.22204,0.025457,0.000666,39.45169,0.0,0.0,0.0,0.0,0.0,0.0,,,,,,,,,106,v1_11_0/Prefabs/GPU/Colorful/GPU_COLORFUL_GEFORCE_RTX_3080_NB_10G-V,Colorful GeForce RTX 3080 NB 10G-V
GPU,NVIDIA GeForce,RTX 3000,GeForce RTX 3080,Colorful,iGame GeForce RTX 3080 Advanced 10G-V,,Y,9617,1335,445,31,10,1.10,PC,RGB,10,1120,1710,2100,2300,976,1188,1320,1400,315,320,,2.5,95,20,8-pin + 8-pin + 8-pin,,11.0,11.0,14685,0.0,,16007.0,0.0,0.029755,0.000901,44.22204,0.025457,0.000666,39.45169,0.0,0.0,0.0,0.0,0.0,0.0,,,,,,,,,106,v1_10_0/Prefabs/GPU/Colorful/GPU_COLORFUL_IGAME_GEFORCE_RTX_3080_ADVANCED_10G-V,Colorful iGame GeForce RTX 3080 Advanced 10G-V
GPU,NVIDIA GeForce,RTX 3000,GeForce RTX 3080,Colorful,iGame GeForce RTX 3080 Ultra OC 10G-V,,Y,9751,1355,452,31,10,1.10,PC,RGB,10,1210,1755,2100,2300,976,1188,1320,1400,310,320,,2.5,95,20,8-pin + 8-pin + 8-pin,,11.0,11.0,14888,0.0,,16007.0,0.0,0.029755,0.000901,44.22204,0.025457,0.000666,39.45169,0.0,0.0,0.0,0.0,0.0,0.0,,,,,,,,,106,v1_10_0/Prefabs/GPU/Colorful/GPU_COLORFUL_IGAME_GEFORCE_RTX_3080_ULTRA_OC_10G-V,Colorful iGame GeForce RTX 3080 Ultra OC 10G-V
GPU,NVIDIA GeForce,RTX 3000,GeForce RTX 3080,Colorful,iGame GeForce RTX 3080 Vulcan OC 10G-V,,Y,9885,1370,457,31,30,1.10,PC,RGB,10,1300,1800,2100,2300,976,1188,1320,1400,323,370,,2.5,95,20,8-pin + 8-pin + 8-pin,,11.0,11.0,15090,0.0,,16007.0,0.0,0.029755,0.000901,44.22204,0.025457,0.000666,39.45169,0.0,0.0,0.0,0.0,0.0,0.0,,,,,,,,,106,v1_10_0/Prefabs/GPU/Colorful/GPU_Colorful_iGame_GeForce_RTX_3080_Vulcan_10G_V,Colorful iGame GeForce RTX 3080 Vulcan OC 10G-V
GPU,NVIDIA GeForce,RTX 3000,GeForce RTX 3080,EVGA,GeForce RTX 3080 FTW3 ULTRA GAMING,,Y,9885,1310,437,31,30,1.10,,RGB,10,1300,1800,2100,2300,976,1188,1320,1400,300,320,,2.5,95,20,8-pin + 8-pin + 8-pin,,11.5,11.5,15090,0.0,,16007.0,0.0,0.029755,0.000901,44.22204,0.025457,0.000666,39.45169,0.0,0.0,0.0,0.0,0.0,0.0,,,,,,,,,106,v1_10_0/Prefabs/GPU/EVGA/GPU_EVGA_GeForce_RTX_3080_FTW3_ULTRA_GAMING,EVGA GeForce RTX 3080 FTW3 ULTRA GAMING
GPU,NVIDIA GeForce,RTX 3000,GeForce RTX 3080,EVGA,GeForce RTX 3080 XC3 ULTRA GAMING,,Y,9751,1295,432,31,10,1.10,,RGB,10,1210,1755,2100,2300,976,1188,1320,1400,285,320,,2.0,95,20,8-pin + 8-pin,,11.5,11.5,14888,0.0,,16007.0,0.0,0.029755,0.000901,44.22204,0.025457,0.000666,39.45169,0.0,0.0,0.0,0.0,0.0,0.0,,,,,,,,,106,v1_10_0/Prefabs/GPU/EVGA/GPU_EVGA_GeForce_RTX_3080_XC3_ULTRA_GAMING,EVGA GeForce RTX 3080 XC3 ULTRA GAMING
GPU,NVIDIA GeForce,RTX 3000,GeForce RTX 3080,MSI,GeForce RTX™ 3080 SUPRIM X 10G,,Y,10197,1565,522,31,1,1.10.5,PC,RGB,10,1610,1905,2100,2200,976,1188,1320,1400,336,320,,2.5,95,20,8-pin + 8-pin + 8-pin,,10.0,10.0,15563,0.0,,16007.0,0.0,0.029755,0.000901,44.22204,0.025457,0.000666,39.45169,0.0,0.0,0.0,0.0,0.0,0.0,,,,,,,,,106,v1_10_0/Prefabs/GPU/MSI/GPU_MSI_GeForce_RTX_3080_SUPRIM_X_24G,MSI GeForce RTX™ 3080 SUPRIM X 10G
GPU,NVIDIA GeForce,RTX 3000,GeForce RTX 3080,NVIDIA,GeForce RTX 3080,,Y,9617,1275,425,31,1,1.10,PC,,10,1120,1710,2100,2300,976,1188,1320,1400,285,320,,2.5,95,20,8-pin + 8-pin,,11.5,11.5,14685,0.0,,16007.0,0.0,0.029755,0.000901,44.22204,0.025457,0.000666,39.45169,0.0,0.0,0.0,0.0,0.0,0.0,,,,,,,,,106,v1_10_0/Prefabs/GPU/NVidia/GPU_NVIDIA_GEFORCE_RTX_3080,NVIDIA GeForce RTX 3080
GPU,NVIDIA GeForce,RTX 3000,GeForce RTX 3080,ZOTAC,GAMING GeForce RTX 3080 Trinity,,Y,9617,1400,467,32,1,1.15,PC,RGB,10,1120,1710,2100,2300,976,1188,1320,1400,317,320,,2.5,95,20,8-pin + 8-pin,RTX,10.5,10.5,14685,0.0,,16457.0,0.0,0.029755,0.000901,44.22204,0.025457,0.000666,39.45169,0.0,0.0,0.0,0.0,0.0,0.0,,,,,,,,,106,v1_13_0/Prefabs/GPU/ZOTAC/GPU_ZOTAC_GAMING_GeForce_RTX_3080_Ti_Trinity_OC,ZOTAC GAMING GeForce RTX 3080 Trinity
GPU - Water,NVIDIA GeForce,RTX 3000,GeForce RTX 3080,CORSAIR,GeForce RTX 3080 | Corsair Hydro X Series XG7 REFERENCE RGB,,Y,9617,1700,567,31,90,1.11,,RGB,10,820,1710,2239,2600,776,1188,1407,1600,240,320,,2.0,95,20,8-pin + 8-pin,,8.6,,14685,0.0,,,,0.029755,0.000901,44.22204,0.025457,0.000666,39.45169,0.0,0.0,0.0,0.0,0.0,0.0,2100.0,1320.0,6.6,5.0,,,,,106,v1_11_0/Prefabs/GPU/Corsair/GPU_CORSAIR_Hydro_X_Series_XG7_RGB_30_SERIES_Reference_3080,CORSAIR GeForce RTX 3080 | Corsair Hydro X Series XG7 REFERENCE RGB
GPU - Water,NVIDIA GeForce,RTX 3000,GeForce RTX 3080,CORSAIR,GeForce RTX 3080 | Corsair Hydro X Series XG7 STRIX RGB,,Y,9617,1700,567,31,90,1.11,,RGB,10,820,1710,2239,2600,776,1188,1407,1600,285,320,,2.0,95,20,8-pin + 8-pin + 8-pin,,8.6,,14685,0.0,,,,0.029755,0.000901,44.22204,0.025457,0.000666,39.45169,0.0,0.0,0.0,0.0,0.0,0.0,2100.0,1320.0,6.6,5.0,,,,,106,v1_11_0/Prefabs/GPU/Corsair/GPU_CORSAIR_Hydro_X_Series_XG7_RGB_30_SERIES_STRIX_GPU_Water_Block_3080,CORSAIR GeForce RTX 3080 | Corsair Hydro X Series XG7 STRIX RGB
GPU - Water,NVIDIA GeForce,RTX 3000,GeForce RTX 3080,CORSAIR,GeForce RTX 3080 | Corsair Hydro X Series XG7 VENTUS RGB,,Y,9617,1700,567,31,90,1.11,,RGB,10,820,1710,2239,2600,776,1188,1407,1600,258,320,,2.0,95,20,8-pin + 8-pin,,8.6,,14685,0.0,,,,0.029755,0.000901,44.22204,0.025457,0.000666,39.45169,0.0,0.0,0.0,0.0,0.0,0.0,2100.0,1320.0,6.6,5.0,,,,,106,v1_11_0/Prefabs/GPU/Corsair/GPU_CORSAIR_Hydro_X_Series_XG7_RGB_30_SERIES_VENTUS_GPU_Water_Block_3080,CORSAIR GeForce RTX 3080 | Corsair Hydro X Series XG7 VENTUS RGB
GPU - Water,NVIDIA GeForce,RTX 3000,GeForce RTX 3080,CORSAIR,GeForce RTX 3080 FE | Corsair Hydro X Series XG7 RGB,,Y,9617,1700,567,31,90,1.11,,RGB,10,820,1710,2239,2600,776,1188,1407,1600,200,320,,2.0,95,20,8-pin + 8-pin,,8.6,,14685,0.0,,,,0.029755,0.000901,44.22204,0.025457,0.000666,39.45169,0.0,0.0,0.0,0.0,0.0,0.0,2100.0,1320.0,6.6,5.0,,,,,106,v1_11_0/Prefabs/GPU/Corsair/GPU_CORSAIR_Hydro_X_Series_XG7_RGB_30_SERIES_GPU_Water_Block_3080_FE,CORSAIR GeForce RTX 3080 FE | Corsair Hydro X Series XG7 RGB
GPU - Water,NVIDIA GeForce,RTX 3000,GeForce RTX 3080,EVGA,GeForce RTX 3080 FTW3 ULTRA HYDRO COPPER GAMING,,Y,9885,1800,600,31,90,1.11,PC,RGB,10,1200,1800,2195,2400,876,1188,1379,1500,289,320,,1.5,95,20,8-pin + 8-pin + 8-pin,RTX,8.4,,15090,0.0,,,,0.029755,0.000901,44.22204,0.025457,0.000666,39.45169,0.0,0.0,0.0,0.0,0.0,0.0,2100.0,1320.0,4.5,5.0,,,,,106,v1_11_0/Prefabs/GPU/EVGA/GPU_EVGA_GEFORCE_RTX_3080_FTW3_ULTRA_HYDRO_COPPER_GAMING,EVGA GeForce RTX 3080 FTW3 ULTRA HYDRO COPPER GAMING
GPU - Water,NVIDIA GeForce,RTX 3000,GeForce RTX 3080,EVGA,GeForce RTX 3080 XC3 ULTRA HYDRO COPPER GAMING,,Y,9751,1750,583,31,90,1.11,PC,RGB,10,1010,1755,2195,2500,876,1188,1379,1500,263,320,,1.5,95,20,8-pin + 8-pin,RTX,8.5,,14888,0.0,,,,0.029755,0.000901,44.22204,0.025457,0.000666,39.45169,0.0,0.0,0.0,0.0,0.0,0.0,2100.0,1320.0,4.5,5.0,,,,,106,v1_11_0/Prefabs/GPU/EVGA/GPU_EVGA_GEFORCE_RTX_3080_XC3_ULTRA_HYDRO_COPPER_GAMING,EVGA GeForce RTX 3080 XC3 ULTRA HYDRO COPPER GAMING
GPU,NVIDIA GeForce,RTX 3000,GeForce RTX 3080 Ti,NVIDIA,GeForce RTX 3080 Ti Founders Edition,,Y,11829,1555,518,32,80,1.14,PC,White,12,1230,1665,1900,2100,1076,1188,1250,1300,285,350,,2.0,95,20,8-pin + 8-pin,,11.5,11.5,17890,0.0,,19240.0,0.0,0.026233,0.045869,20.12464,0.02305,0.034954,21.30461,0.0,0.0,0.0,0.0,0.0,0.0,,,,,,,Y,,106,v1_14_0/Prefabs/GPU/NVIDIA/GPU_NVIDIA_3080Ti_Founders_Edition,NVIDIA GeForce RTX 3080 Ti Founders Edition
GPU,NVIDIA GeForce,RTX 3000,GeForce RTX 3080 Ti,ZOTAC,GAMING GeForce RTX 3080 Ti AMP Holo,,Y,11947,1805,602,34,90,1.14,PC,RGB,12,1420,1710,1900,2000,1076,1188,1250,1300,318,350,,2.5,95,20,8-pin + 8-pin,RTX,10.0,10.0,18071,0.0,,19240.0,0.0,0.026233,0.045869,20.12464,0.02305,0.034954,21.30461,0.0,0.0,0.0,0.0,0.0,0.0,,,,,,,Y,,106,v1_14_0/Prefabs/GPU/ZOTAC/GPU_ZOTAC_GAMING_GEFORCE_RTX_3080_TI_AMP_HOLO,ZOTAC GAMING GeForce RTX 3080 Ti AMP Holo
GPU,NVIDIA GeForce,RTX 3000,GeForce RTX 3080 Ti,ZOTAC,GAMING GeForce RTX 3080 Ti Trinity OC,,Y,11986,1725,575,34,90,1.13,PC,RGB,12,1450,1725,1900,2000,1076,1188,1250,1300,317,350,,2.5,95,20,8-pin + 8-pin,RTX,10.5,10.5,18131,0.0,,19240.0,0.0,0.026233,0.045869,20.12464,0.02305,0.034954,21.30461,0.0,0.0,0.0,0.0,0.0,0.0,,,,,,,,,106,v1_13_0/Prefabs/GPU/ZOTAC/GPU_ZOTAC_GAMING_GeForce_RTX_3080_Ti_Trinity_OC,ZOTAC GAMING GeForce RTX 3080 Ti Trinity OC
GPU,NVIDIA GeForce,RTX 3000,GeForce RTX 3080 Ti,ZOTAC,GAMING GeForce RTX 3080 Trinity OC White Edition,,Y,12026,1410,470,31,50,1.13,PC,RGB,10,1480,1740,1900,2000,1076,1188,1250,1300,317,350,,2.5,95,20,8-pin + 8-pin,RTX,10.5,10.5,18192,0.0,,16457.0,0.0,0.026233,0.045869,20.12464,0.02305,0.034954,21.30461,0.0,0.0,0.0,0.0,0.0,0.0,,,,,,,,,106,v1_13_0/Prefabs/GPU/ZOTAC/GPU_ZOTAC_GAMING_GeForce_RTX_3080_Trinity_OC_White_MS,ZOTAC GAMING GeForce RTX 3080 Trinity OC White Edition
GPU,NVIDIA GeForce,RTX 3000,GeForce RTX 3090,ASUS,ROG Strix GeForce RTX 3090 O24G,,Y,12341,1700,567,32,50,1.10,,RGB,24,1420,1860,2100,2300,38,1219,2000,2400,318,350,SLI,2.5,95,50,8-pin + 8-pin + 8-pin,RTX 3000,11.0,11.0,18679,32798.0,1.7558755822046148,23658.0,46739.0,0.025237,0.035803,32.83273,0.022912,0.028006,28.98821,0.049293,0.101481,-1.17649,0.063254,0.082598,-30.8004,,,,,,,,,106,v1_10_0/Prefabs/GPU/ASUS/GPU_ASUS_ROG_Strix_GeForce_RTX_3090_O24G,ASUS ROG Strix GeForce RTX 3090 O24G
GPU,NVIDIA GeForce,RTX 3000,GeForce RTX 3090,Colorful,GeForce RTX 3090 NB-V,,Y,11925,1805,602,32,1,1.11,PC,RGB,24,990,1695,2100,2400,38,1219,2000,2400,310,350,SLI,2.5,95,20,8-pin + 8-pin,RTX 3000,10.0,10.0,18028,31241.0,1.7329154648324827,23658.0,46739.0,0.025237,0.035803,32.83273,0.022912,0.028006,28.98821,0.049293,0.101481,-1.17649,0.063254,0.082598,-30.8004,,,,,,,,,106,v1_11_0/Prefabs/GPU/Colorful/GPU_COLORFUL_GEFORCE_RTX_3090_NB_V,Colorful GeForce RTX 3090 NB-V
GPU,NVIDIA GeForce,RTX 3000,GeForce RTX 3090,Colorful,iGame GeForce RTX 3090 Advanced OC-V,,Y,12076,1825,608,32,1,1.11,PC,RGB,24,1210,1755,2100,2300,38,1219,2000,2400,315,350,SLI,2.5,95,20,8-pin + 8-pin + 8-pin,RTX 3000,10.0,10.0,18265,31808.0,1.7414727621133315,23658.0,46739.0,0.025237,0.035803,32.83273,0.022912,0.028006,28.98821,0.049293,0.101481,-1.17649,0.063254,0.082598,-30.8004,,,,,,,,,106,v1_11_0/Prefabs/GPU/Colorful/GPU_COLORFUL_IGAME_GEFORCE_RTX_3090_ADVANCED_OC_V,Colorful iGame GeForce RTX 3090 Advanced OC-V
GPU,NVIDIA GeForce,RTX 3000,GeForce RTX 3090,EVGA,GeForce RTX 3090 FTW3 ULTRA GAMING,,Y,12190,1605,535,32,50,1.10,,RGB,24,1300,1800,2100,2300,38,1219,2000,2400,300,350,SLI,2.5,95,20,8-pin + 8-pin + 8-pin,RTX 3000,11.5,11.5,18442,32232.0,1.7477497017677042,23658.0,46739.0,0.025237,0.035803,32.83273,0.022912,0.028006,28.98821,0.049293,0.101481,-1.17649,0.063254,0.082598,-30.8004,,,,,,,,,106,v1_10_0/Prefabs/GPU/EVGA/GPU_EVGA_GeForce_RTX_3090_FTW3_ULTRA_GAMING,EVGA GeForce RTX 3090 FTW3 ULTRA GAMING
GPU,NVIDIA GeForce,RTX 3000,GeForce RTX 3090,EVGA,GeForce RTX 3090 XC3 ULTRA GAMING,,Y,12001,1580,527,32,50,1.10,,RGB,24,1150,1725,2100,2300,38,1219,2000,2400,285,350,SLI,2.5,95,20,8-pin + 8-pin,RTX 3000,11.5,11.5,18147,31524.0,1.7371466358075716,23658.0,46739.0,0.025237,0.035803,32.83273,0.022912,0.028006,28.98821,0.049293,0.101481,-1.17649,0.063254,0.082598,-30.8004,,,,,,,,,106,v1_10_0/Prefabs/GPU/EVGA/GPU_EVGA_GeForce_RTX_3090_XC3_ULTRA_GAMING,EVGA GeForce RTX 3090 XC3 ULTRA GAMING
GPU,NVIDIA GeForce,RTX 3000,GeForce RTX 3090,MSI,GeForce RTX™ 3090 GAMING X TRIO 24G,,Y,12152,1840,613,32,1,1.9,PC,RGB,24,1270,1785,2100,2300,38,1219,2000,2400,323,370,SLI,2.5,95,20,8-pin + 8-pin + 8-pin,RTX 3000,10.0,10.0,18383,32091.0,1.7456889517488985,23658.0,46739.0,0.025237,0.035803,32.83273,0.022912,0.028006,28.98821,0.049293,0.101481,-1.17649,0.063254,0.082598,-30.8004,,,,,,,,,106,v1_9_0/Prefabs/GPU/MSI/GPU_MSI_GeForce_RTX_3090_GAMING_X_TRIO_24G,MSI GeForce RTX™ 3090 GAMING X TRIO 24G
GPU,NVIDIA GeForce,RTX 3000,GeForce RTX 3090,MSI,GeForce RTX™ 3090 SUPRIM X 24G,,Y,12341,1870,623,32,50,1.10.5,PC,RGB,24,1420,1860,2100,2300,38,1219,2000,2400,336,350,SLI,2.5,95,20,8-pin + 8-pin + 8-pin,RTX 3000,10.0,10.0,18679,32798.0,1.7558755822046148,23658.0,46739.0,0.025237,0.035803,32.83273,0.022912,0.028006,28.98821,0.049293,0.101481,-1.17649,0.063254,0.082598,-30.8004,,,,,,,,,106,v1_10_0/Prefabs/GPU/MSI/GPU_MSI_GeForce_RTX_3090_SUPRIM_X_24G,MSI GeForce RTX™ 3090 SUPRIM X 24G
GPU,NVIDIA GeForce,RTX 3000,GeForce RTX 3090,MSI,GeForce RTX™ 3090 VENTUS 3X 24G OC,,Y,12001,1815,605,32,1,1.9,PC,,24,1150,1725,2100,2300,38,1219,2000,2400,305,350,SLI,2.5,95,20,8-pin + 8-pin,RTX 3000,10.0,10.0,18147,31524.0,1.7371466358075716,23658.0,46739.0,0.025237,0.035803,32.83273,0.022912,0.028006,28.98821,0.049293,0.101481,-1.17649,0.063254,0.082598,-30.8004,,,,,,,,,106,v1_9_0/Prefabs/GPU/MSI/GPU_MSI_GeForce_RTX_3090_VENTUS_3X_24G_OC,MSI GeForce RTX™ 3090 VENTUS 3X 24G OC
GPU,NVIDIA GeForce,RTX 3000,GeForce RTX 3090,NVIDIA,GeForce RTX 3090,,Y,11925,1570,523,32,1,1.10,PC,,24,990,1695,2100,2400,38,1219,2000,2400,313,350,SLI,3.0,95,20,8-pin + 8-pin,RTX 3000,11.5,11.5,18028,31241.0,1.7329154648324827,23658.0,46739.0,0.025237,0.035803,32.83273,0.022912,0.028006,28.98821,0.049293,0.101481,-1.17649,0.063254,0.082598,-30.8004,,,,,,,,,106,v1_10_0/Prefabs/GPU/NVidia/GPU_NVIDIA_GEFORCE_RTX_3090,NVIDIA GeForce RTX 3090
GPU,NVIDIA GeForce,RTX 3000,GeForce RTX 3090,RED Digital Cinema,ROCKET (GeForce RTX 3090),Y,Y,0,697,232,32,1,,PC,,24,1600,1700,1765,1800,348,1224,1750,2100,147,275,SLI,1.5,95,20,,,11.5,11.5,0,0.0,1.8426959286738576,17932.0,31089.0,0.0,0.0,0.0,0.0,0.0,0.0,0.0,0.0,0.0,0.0,0.0,0.0,,,,,,,,,106,Prefabs/Generic/GPU,RED Digital Cinema ROCKET (GeForce RTX 3090)
GPU,NVIDIA GeForce,RTX 3000,GeForce RTX 3090,RED Digital Cinema,ROCKET-X (GeForce RTX 3090),Y,Y,0,837,279,32,1,,PC,,24,1500,1700,1815,1900,348,1224,1800,2100,280,300,SLI,2.0,95,20,8-pin + 6-pin,,11.5,11.5,0,0.0,1.8426959286738576,17932.0,31089.0,0.0,0.0,0.0,0.0,0.0,0.0,0.0,0.0,0.0,0.0,0.0,0.0,,,,,,,,,106,Prefabs/GPU/AMD/GPU_AMD_Radeon_RX_5700,RED Digital Cinema ROCKET-X (GeForce RTX 3090)
GPU,NVIDIA GeForce,RTX 3000,GeForce RTX 3090,ZOTAC,GAMING GeForce RTX 3090 AMP Core Holo,,Y,12076,1825,608,34,90,1.14,PC,RGB,24,1210,1755,2100,2300,38,1219,2000,2400,328,350,SLI,2.5,95,20,8-pin + 8-pin + 8-pin,RTX,10.0,10.0,18265,31808.0,1.7414727621133315,23658.0,46739.0,0.025237,0.035803,32.83273,0.022912,0.028006,28.98821,0.049293,0.101481,-1.17649,0.063254,0.082598,-30.8004,,,,,,,Y,,106,v1_14_0/Prefabs/GPU/ZOTAC/GPU_ZOTAC_GAMING_GEFORCE_RTX_3090_AMP_CORE_HOLO,ZOTAC GAMING GeForce RTX 3090 AMP Core Holo
GPU - Water,NVIDIA GeForce,RTX 3000,GeForce RTX 3090,CORSAIR,GeForce RTX 3090 | Corsair Hydro X Series XG7 REFERENCE RGB,,Y,11925,1900,633,32,90,1.11,,RGB,24,790,1695,2239,2600,-162,1219,2132,2600,240,350,SLI,2.0,95,20,8-pin + 8-pin,RTX 3000,9.5,,18028,31241.0,1.7329154648324827,,,0.025237,0.035803,32.83273,0.022912,0.028006,28.98821,0.049293,0.101481,-1.17649,0.063254,0.082598,-30.8004,2100.0,2000.0,6.6,5.0,,,,,106,v1_11_0/Prefabs/GPU/Corsair/GPU_CORSAIR_Hydro_X_Series_XG7_RGB_30_SERIES_Reference_3090,CORSAIR GeForce RTX 3090 | Corsair Hydro X Series XG7 REFERENCE RGB
GPU - Water,NVIDIA GeForce,RTX 3000,GeForce RTX 3090,CORSAIR,GeForce RTX 3090 | Corsair Hydro X Series XG7 STRIX RGB,,Y,11925,1900,633,32,90,1.11,,RGB,24,790,1695,2239,2600,-162,1219,2132,2600,285,350,SLI,2.0,95,20,8-pin + 8-pin + 8-pin,RTX 3000,9.5,,18028,31241.0,1.7329154648324827,,,0.025237,0.035803,32.83273,0.022912,0.028006,28.98821,0.049293,0.101481,-1.17649,0.063254,0.082598,-30.8004,2100.0,2000.0,6.6,5.0,,,,,106,v1_11_0/Prefabs/GPU/Corsair/GPU_CORSAIR_Hydro_X_Series_XG7_RGB_30_SERIES_STRIX_GPU_Water_Block_3090,CORSAIR GeForce RTX 3090 | Corsair Hydro X Series XG7 STRIX RGB
GPU - Water,NVIDIA GeForce,RTX 3000,GeForce RTX 3090,CORSAIR,GeForce RTX 3090 | Corsair Hydro X Series XG7 VENTUS RGB,,Y,11925,1900,633,32,90,1.11,,RGB,24,790,1695,2239,2600,-162,1219,2132,2600,258,350,SLI,2.0,95,20,8-pin + 8-pin,RTX 3000,9.5,,18028,31241.0,1.7329154648324827,,,0.025237,0.035803,32.83273,0.022912,0.028006,28.98821,0.049293,0.101481,-1.17649,0.063254,0.082598,-30.8004,2100.0,2000.0,6.6,5.0,,,,,106,v1_11_0/Prefabs/GPU/Corsair/GPU_CORSAIR_Hydro_X_Series_XG7_RGB_30_SERIES_VENTUS_GPU_Water_Block_3090,CORSAIR GeForce RTX 3090 | Corsair Hydro X Series XG7 VENTUS RGB
GPU - Water,NVIDIA GeForce,RTX 3000,GeForce RTX 3090,CORSAIR,GeForce RTX 3090 FE | Corsair Hydro X Series XG7 RGB,,Y,11925,1900,633,32,90,1.11,,RGB,24,790,1695,2239,2600,-162,1219,2132,2600,200,350,SLI,2.5,95,20,8-pin + 8-pin,RTX 3000,9.5,,18028,31241.0,1.7329154648324827,,,0.025237,0.035803,32.83273,0.022912,0.028006,28.98821,0.049293,0.101481,-1.17649,0.063254,0.082598,-30.8004,2100.0,2000.0,6.6,5.0,,,,,106,v1_11_0/Prefabs/GPU/Corsair/GPU_CORSAIR_Hydro_X_Series_XG7_RGB_30_SERIES_GPU_Water_Block_3090_FE,CORSAIR GeForce RTX 3090 FE | Corsair Hydro X Series XG7 RGB
GPU - Water,NVIDIA GeForce,RTX 3000,GeForce RTX 3090,EVGA,GeForce RTX 3090 FTW3 ULTRA HYDRO COPPER GAMING,,Y,12190,2000,667,32,90,1.11,PC,RGB,24,1200,1800,2195,2400,-162,1219,2090,2600,289,350,SLI,1.5,95,20,8-pin + 8-pin + 8-pin,RTX 3000,9.2,,18442,32232.0,1.7477497017677042,,,0.025237,0.035803,32.83273,0.022912,0.028006,28.98821,0.049293,0.101481,-1.17649,0.063254,0.082598,-30.8004,2100.0,2000.0,4.5,5.0,,,,,106,v1_11_0/Prefabs/GPU/EVGA/GPU_EVGA_GEFORCE_RTX_3090_FTW3_ULTRA_HYDRO_COPPER_GAMING,EVGA GeForce RTX 3090 FTW3 ULTRA HYDRO COPPER GAMING
GPU - Water,NVIDIA GeForce,RTX 3000,GeForce RTX 3090,EVGA,GeForce RTX 3090 XC3 ULTRA HYDRO COPPER GAMING,,Y,12001,1950,650,32,90,1.11,PC,RGB,24,950,1725,2195,2500,-162,1219,2090,2600,263,350,SLI,1.5,95,20,8-pin + 8-pin + 8-pin,RTX 3000,9.3,,18147,31524.0,1.7371466358075716,,,0.025237,0.035803,32.83273,0.022912,0.028006,28.98821,0.049293,0.101481,-1.17649,0.063254,0.082598,-30.8004,2100.0,2000.0,4.5,5.0,,,,,106,v1_11_0/Prefabs/GPU/EVGA/GPU_EVGA_GEFORCE_RTX_3090_XC3_ULTRA_HYDRO_COPPER_GAMING,EVGA GeForce RTX 3090 XC3 ULTRA HYDRO COPPER GAMING
GPU - Water,NVIDIA GeForce,RTX 3000,GeForce RTX 3090,ZOTAC,GAMING GeForce RTX 3090 ArcticStorm,,Y,11925,1900,633,32,80,1.13,PC,RGB,24,890,1695,2195,2500,-162,1219,2090,2600,303,350,SLI,2.0,95,20,8-pin + 8-pin + 8-pin,RTX 3000,9.5,,18028,31241.0,1.7329154648324827,,,0.025237,0.035803,32.83273,0.022912,0.028006,28.98821,0.049293,0.101481,-1.17649,0.063254,0.082598,-30.8004,2100.0,2000.0,4.5,5.0,,,,,106,v1_13_0/Prefabs/GPU/ZOTAC/GPU_ZOTAC_Gaming_GeForce_RTX_3090_ArcticStorm,ZOTAC GAMING GeForce RTX 3090 ArcticStorm
GPU,NVIDIA Quadro,Vx000,2x Quadro GV100,NVIDIA,Quadro GV100 (2-Way),Y,Y,20792,13000,7500,26,60,,,,64,1154,1627,1900,2100,-98,1001,1696,2100,267,500,SLI,2.0,95,35,8-pin,RTX,7.0,7.0,33110,66220.0,5.0,6741.0,14724.0,0.049184,0.008357,119.53249999999998,0.045342,0.007908,114.523,0.08571,0.119504,167.76900000000012,0.080653,0.089351,162.426,,,,,,,,,199,Prefabs/GPU/EVGA/EVGA_GTX_1080_Gaming,NVIDIA Quadro GV100 (2-Way)
GPU,NVIDIA Quadro,Mx000,2x Quadro M4000,NVIDIA,Quadro M4000 (2-Way),Y,Y,7551,1370,1070,7,1,,,,16,46,773,1215,1500,704,1502,2000,2300,147,240,SLI,1.5,85,25,,GTX,10.9,11.0,11533,23066.0,1.947889182,6741.0,14724.0,0.030172,0.028984,8.661200000000006,0.030296,0.02578,3.6572900000000006,0.022904,0.00529,122.93039999999999,0.015961,0.002139,117.97179999999996,,,,,,,,,199,Prefabs/Generic/GPU,NVIDIA Quadro M4000 (2-Way)
GPU,NVIDIA Quadro,Mx000,2x Quadro M5000,NVIDIA,Quadro M5000 (2-Way),Y,Y,9382,1900,1504,7,1,,,,16,476,1038,1375,1600,1006,1653,2035,2300,267,300,SLI,2.0,85,25,8-pin,GTX,10.9,11.0,14514,29028.0,1.947889182,6741.0,14724.0,0.030172,0.028984,14.59912,0.030296,0.02578,9.68729,0.022904,0.03529,107.52039999999998,0.015961,0.028359,102.50880000000001,,,,,,,,,199,Prefabs/GPU/NVidia/GPU_Nvidia_GeForceGTX_1070,NVIDIA Quadro M5000 (2-Way)
GPU,NVIDIA Quadro,Mx000,2x Quadro M6000,NVIDIA,Quadro M6000 (2-Way),Y,Y,11742,2398,1904,7,1,,,,24,628,1114,1375,1600,1006,1653,2035,2300,267,500,SLI,2.0,85,25,8-pin,GTX,10.9,11.0,18389,36778.0,1.947889182,6741.0,14724.0,0.030172,0.028984,35.899119999999996,0.030296,0.02578,30.937289999999987,0.060904,0.033292,108.72039999999996,0.056961,0.030359,103.7288,,,,,,,,,199,Prefabs/GPU/NVidia/GPU_Nvidia_GeForceGTX_1080,NVIDIA Quadro M6000 (2-Way)
GPU,NVIDIA Quadro,Mx000,2x Quadro M6000 24GB,NVIDIA,Quadro M6000 24GB (2-Way),Y,Y,12673,2998,2570,8,1,,,,48,628,1114,1400,1600,1006,1653,2050,2300,267,500,SLI,2.0,85,30,8-pin + 6-pin,GTX,10.9,11.0,19915,39830.0,1.947889182,6741.0,14724.0,0.030172,0.028984,45.20911999999999,0.030296,0.02578,40.19912000000001,0.090904,0.045292,73.07039999999995,0.086961,0.043359,68.2988,,,,,,,,,199,Prefabs/GPU/NVidia/GPU_Nvidia_GeForceGTX_1080Ti,NVIDIA Quadro M6000 24GB (2-Way)
GPU,NVIDIA Quadro,Px000,2x Quadro P4000,NVIDIA,Quadro P4000 (2-Way),Y,Y,8513,1630,306,20,75,,,,16,1260,1480,1600,1700,1702,1901,2000,2100,147,210,SLI,1.5,85,25,,RTX,10.9,11.0,13006,26012.0,1.947889182,6741.0,14724.0,0.030172,0.028984,-14.618799999999995,0.030296,0.02578,-19.61271000000001,0.047004,0.04529,3.7304000000000093,0.045961,0.048139,-1.6882000000000033,,,,,,,,,199,Prefabs/Generic/GPU,NVIDIA Quadro P4000 (2-Way)
GPU,NVIDIA Quadro,Px000,2x Quadro P5000,NVIDIA,Quadro P5000 (2-Way),Y,Y,11540,2500,1510,21,90,,,,32,1566,1733,1842,1900,54,1127,1785,2200,267,360,SLI,2.0,95,25,8-pin,RTX,9.0,9.0,18268,36536.0,1.977889182,6741.0,14724.0,0.033804,0.01013,45.407399999999996,0.032748,0.009282,40.43320000000001,0.099011,0.084456,-8.450600000000003,0.070905,0.076465,-13.208200000000005,,,,,,,,,199,Prefabs/GPU/NVidia/GPU_Nvidia_GeForceGTX_1070,NVIDIA Quadro P5000 (2-Way)
GPU,NVIDIA Quadro,Px000,2x Quadro P6000,NVIDIA,Quadro P6000 (2-Way),Y,Y,14473,3700,2500,22,26,,,Green,48,1290,1645,1840,2000,354,1127,1585,1900,267,500,SLI,2.0,95,25,8-pin + 6-pin,RTX,9.0,9.0,23089,46178.0,1.977889182,6741.0,14724.0,0.033804,0.01013,77.70740000000002,0.032748,0.009282,72.72319999999999,0.099011,0.084456,56.839400000000005,0.070905,0.076465,51.821799999999996,,,,,,,,,199,Prefabs/GPU/NVidia/GPU_Nvidia_GeForceGTX_1080Ti,NVIDIA Quadro P6000 (2-Way)
GPU,NVIDIA Quadro,Tx000,2x Quadro RTX 4000,NVIDIA,Quadro RTX 4000 (2-Way),Y,Y,1844,2900,1570,29,50,,PC,,16,1090,1545,1800,2000,1050,1625,2000,2200,268,320,,2.0,95,15,8-pin + 8-pin,RTX,11.4,11.5,0,0.0,0.0,6741.0,14724.0,0.081141,0.149807,-350.3519999999999,0.07875,0.143807,-355.3529999999999,0.0,0.0,0.0,0.0,0.0,0.0,,,,,,,,,199,v1_7_0/Prefabs/GPU/ZOTAC/GPU_Zotac_Gaming_GeForce_RTX2080_Ti_Blower,NVIDIA Quadro RTX 4000 (2-Way)
GPU,NVIDIA Quadro,Tx000,2x Quadro RTX 5000,NVIDIA,Quadro RTX 5000 (2-Way),Y,Y,19451,4000,2100,29,90,,PC,,32,1530,1815,1950,2100,1300,1750,2025,2200,268,460,SLI,2.0,95,15,8-pin + 8-pin,RTX,11.4,11.5,31063,62126.0,0.0,6741.0,14724.0,0.035141,0.039807,61.067192000000006,0.03475,0.037393,56.063033,0.067141,0.065807,144.417192,0.06575,0.067393,138.963033,,,,,,,,,199,v1_7_0/Prefabs/GPU/ZOTAC/GPU_Zotac_Gaming_GeForce_RTX2080_Ti_Blower,NVIDIA Quadro RTX 5000 (2-Way)
GPU,NVIDIA Quadro,Tx000,2x Quadro RTX 6000,NVIDIA,Quadro RTX 6000 (2-Way),Y,Y,21797,8800,6500,30,20,,PC,,48,1340,1770,2050,2200,1200,1750,2065,2300,268,520,SLI,2.0,95,15,8-pin + 8-pin,RTX,11.4,11.5,34911,69822.0,2.0,6741.0,14724.0,0.035141,0.039807,86.117192,0.03475,0.037393,81.06303299999999,0.077141,0.070807,167.64719200000005,0.07575,0.072393,162.65303300000002,,,,,,,,,199,v1_7_0/Prefabs/GPU/ZOTAC/GPU_Zotac_Gaming_GeForce_RTX2080_Ti_Blower,NVIDIA Quadro RTX 6000 (2-Way)
GPU,NVIDIA Quadro,Tx000,2x Quadro RTX 8000,NVIDIA,Quadro RTX 8000 (2-Way),Y,Y,19330,14000,8500,30,90,,,,96,1250,1775,2100,2300,300,1750,2700,3200,268,520,SLI,2.0,95,75,8-pin + 8-pin,RTX,7.0,7.0,30873,61746.0,5.0,6741.0,14724.0,0.035141,0.039807,61.267191999999994,0.03475,0.037393,56.343033,0.077141,0.070807,118.01719200000004,0.07575,0.072393,113.03303299999997,,,,,,,,,199,v1_7_0/Prefabs/GPU/ZOTAC/GPU_Zotac_Gaming_GeForce_RTX2080_Ti_Blower,NVIDIA Quadro RTX 8000 (2-Way)
GPU,NVIDIA Quadro,Tx200,2x Quadro RTX 8200,NVIDIA,Quadro RTX 8200 (2-Way),Y,Y,24523,15998,10630,31,26,,,,96,600,1500,2050,2400,800,1750,2350,2700,268,580,SLI,2.0,95,80,8-pin + 8-pin,RTX 3000,7.0,7.0,39397,78794.0,5.0,6741.0,14724.0,0.035141,0.039807,122.85719199999998,0.03475,0.037393,117.863033,0.077141,0.075807,236.01719200000002,0.07575,0.075393,231.02303300000003,,,,,,,,,199,v1_7_0/Prefabs/GPU/ZOTAC/GPU_Zotac_Gaming_GeForce_RTX2080_Ti_Blower,NVIDIA Quadro RTX 8200 (2-Way)
GPU,NVIDIA Quadro,Ax000,2x Quadro RTX A4000,NVIDIA,Quadro RTX A4000 (2-Way),Y,Y,20190,10300,6450,32,10,,PC,,32,1120,1760,2150,2400,1400,2000,2350,2600,268,300,SLI,2.0,95,15,8-pin + 6-pin,RTX 3000,11.4,11.5,32207,64414.0,2.0,6741.0,14724.0,0.0481,0.018375,80.50250000000003,0.045342,0.017908,75.543,0.06975,0.08951,95.659,0.067655,0.089355,90.42599999999999,,,,,,,,,199,v1_13_0/Prefabs/GPU/MSI/GPU_MSI_GEFORCE_RTX_2080_SUPERAERO,NVIDIA Quadro RTX A4000 (2-Way)
GPU,NVIDIA Quadro,Ax000,2x Quadro RTX A5000,NVIDIA,Quadro RTX A5000 (2-Way),Y,Y,21890,13400,9530,32,70,,PC,,48,1420,1860,2150,2300,1400,2000,2350,2600,268,460,SLI,2.0,95,15,8-pin + 6-pin,RTX 3000,11.4,11.5,34974,69948.0,2.0,6741.0,14724.0,0.0481,0.018375,92.69250000000002,0.045342,0.017908,87.743,0.06975,0.08951,122.40899999999999,0.067655,0.089355,117.41599999999998,,,,,,,,,199,v1_13_0/Prefabs/GPU/MSI/GPU_MSI_GEFORCE_RTX_2080_SUPERAERO,NVIDIA Quadro RTX A5000 (2-Way)
GPU,NVIDIA Quadro,Ax000,2x Quadro RTX A6000,NVIDIA,Quadro RTX A6000 (2-Way),Y,Y,26955,17000,12870,33,20,,PC,,96,1420,1860,2150,2300,1700,2000,2150,2300,268,600,SLI,2.0,95,15,8-pin + 6-pin,RTX 3000,11.4,11.5,43295,86590.0,2.0,6741.0,14724.0,0.0481,0.018375,143.3425,0.045342,0.017908,138.51300000000003,0.08575,0.08951,193.179,0.084655,0.089355,188.17600000000004,,,,,,,,,199,v1_13_0/Prefabs/GPU/MSI/GPU_MSI_GEFORCE_RTX_2080_SUPERAERO,NVIDIA Quadro RTX A6000 (2-Way)
GPU,NVIDIA Quadro,Ax000,2x Quadro RTX A8000,NVIDIA,Quadro RTX A8000 (2-Way),Y,Y,30273,19300,15070,33,90,,PC,,112,1430,1865,2100,2300,1750,2025,2200,2300,268,650,SLI,2.0,95,15,8-pin + 6-pin,RTX 3000,11.4,11.5,47122,94244.0,2.0,6741.0,14724.0,0.0581,0.023375,147.0425,0.045342,0.022908,142.47300000000007,0.09575,0.08951,221.4990000000001,0.092655,0.088355,216.426,,,,,,,,,199,v1_13_0/Prefabs/GPU/MSI/GPU_MSI_GEFORCE_RTX_2080_SUPERAERO,NVIDIA Quadro RTX A8000 (2-Way)
GPU,NVIDIA Quadro,Ax200,2x Quadro RTX A8200,NVIDIA,Quadro RTX A8200 (2-Way),Y,Y,32548,20398,17670,34,20,,PC,,112,1530,1965,2250,2400,1750,2125,2335,2500,268,710,SLI,2.0,95,15,8-pin + 8-pin,RTX 3000,11.4,11.5,50703,101406.0,2.0,6741.0,14724.0,0.0581,0.023375,161.6425,0.045342,0.022908,156.633,0.09575,0.08951,246.81900000000007,0.092655,0.088355,241.81600000000003,,,,,,,,,199,v1_7_0/Prefabs/GPU/ZOTAC/GPU_Zotac_Gaming_GeForce_RTX2080_Ti_Blower,NVIDIA Quadro RTX A8200 (2-Way)
GPU,NVIDIA Quadro,Ax000,2x Quadro RTX A9000,NVIDIA,Quadro RTX A9000 (2-Way),Y,Y,33550,25998,21870,34,80,,PC,,144,1300,1800,2080,2300,1700,2000,2185,2300,313,770,SLI,3.0,95,15,8-pin + 8-pin,RTX 3000,11.4,11.5,52543,105086.0,2.0,6741.0,14724.0,0.0581,0.018375,194.17250000000004,0.045342,0.017908,189.14300000000003,0.10575,0.09051,284.26899999999983,0.093655,0.089355,279.27600000000007,,,,,,,,,199,v1_10_0/Prefabs/GPU/NVidia/GPU_NVIDIA_GEFORCE_RTX_3090,NVIDIA Quadro RTX A9000 (2-Way)
GPU,NVIDIA Quadro,Ax200,2x Quadro RTX A9200,NVIDIA,Quadro RTX A9200 (2-Way),Y,Y,32660,27198,24430,35,20,,PC,,144,1450,1875,2125,2300,1750,2075,2265,2400,313,830,SLI,3.0,95,20,8-pin + 8-pin,RTX 3000,11.4,11.5,51003,102006.0,2.0,6741.0,14724.0,0.0581,0.018375,179.5425,0.045342,0.017908,174.633,0.08575,0.09051,278.15900000000005,0.084655,0.089355,273.16600000000005,,,,,,,,,199,v1_10_0/Prefabs/GPU/NVidia/GPU_NVIDIA_GEFORCE_RTX_3090,NVIDIA Quadro RTX A9200 (2-Way)
GPU,NVIDIA Quadro,Dx000,2x Quadro RTX D4000,NVIDIA,Quadro RTX D4000 (2-Way),Y,Y,26286,15998,11070,35,75,,PC,,32,1230,1815,2200,2400,1700,2150,2400,2600,267,330,SLI,2.5,95,15,8-pin,RTX 3000,11.4,11.5,40585,81170.0,2.0,6741.0,14724.0,0.0581,0.033375,85.65250000000003,0.045342,0.032908,80.743,0.10575,0.09951,95.50899999999999,0.102655,0.098355,90.87599999999999,,,,,,,,,199,v1_10_0/Prefabs/GPU/NVidia/GPU_NVIDIA_GEFORCE_RTX_3070,NVIDIA Quadro RTX D4000 (2-Way)
GPU,NVIDIA Quadro,Dx000,2x Quadro RTX D5000,NVIDIA,Quadro RTX D5000 (2-Way),Y,Y,29584,17500,12570,36,20,,PC,,48,1330,1915,2285,2500,1700,2150,2400,2600,267,490,SLI,2.5,95,20,8-pin,RTX 3000,11.4,11.5,45885,91770.0,2.0,6741.0,14724.0,0.0581,0.033375,112.82250000000002,0.045342,0.032908,107.81299999999997,0.10575,0.09951,149.8990000000001,0.102655,0.098355,144.90600000000003,,,,,,,,,199,v1_10_0/Prefabs/GPU/NVidia/GPU_NVIDIA_GEFORCE_RTX_3070,NVIDIA Quadro RTX D5000 (2-Way)
GPU,NVIDIA Quadro,Dx000,2x Quadro RTX D6000,NVIDIA,Quadro RTX D6000 (2-Way),Y,Y,32045,19998,15170,36,60,,PC,,96,1330,1915,2285,2500,1700,2150,2400,2600,285,630,SLI,2.5,95,15,8-pin + 8-pin,RTX 3000,11.4,11.5,49885,99770.0,2.0,6741.0,14724.0,0.0581,0.033375,137.4325000000001,0.045342,0.032908,131.903,0.10575,0.09951,198.679,0.102655,0.098355,193.67600000000013,,,,,,,,,199,v1_10_0/Prefabs/GPU/NVidia/GPU_NVIDIA_GEFORCE_RTX_3080,NVIDIA Quadro RTX D6000 (2-Way)
GPU,NVIDIA Quadro,Dx200,2x Quadro RTX D6200,NVIDIA,Quadro RTX D6200 (2-Way),Y,Y,34662,23000,18172,37,75,,PC,,96,1330,1965,2385,2600,1600,2200,2550,2800,285,690,SLI,2.5,95,30,8-pin + 8-pin,RTX 3000,11.4,11.5,53525,107050.0,2.0,6741.0,14724.0,0.0681,0.033375,139.38250000000005,0.048342,0.035908,134.37300000000005,0.11575,0.10951,191.059,0.112655,0.108355,186.45600000000002,,,,,,,,,199,v1_10_0/Prefabs/GPU/NVidia/GPU_NVIDIA_GEFORCE_RTX_3080,NVIDIA Quadro RTX D6200 (2-Way)
GPU,NVIDIA Quadro,Dx000,2x Quadro RTX D8000,NVIDIA,Quadro RTX D8000 (2-Way),Y,Y,35324,26700,21772,37,50,,PC,,128,1360,1980,2335,2600,1770,2185,2450,2600,285,680,SLI,2.5,95,25,8-pin + 8-pin,RTX 3000,11.4,11.5,55246,110492.0,2.0,6741.0,14724.0,0.0581,0.036375,158.73250000000002,0.045342,0.035908,153.703,0.10575,0.10051,250.53900000000007,0.102655,0.100355,245.49900000000002,,,,,,,,,199,v1_10_0/Prefabs/GPU/NVidia/GPU_NVIDIA_GEFORCE_RTX_3080,NVIDIA Quadro RTX D8000 (2-Way)
GPU,NVIDIA Quadro,Dx200,2x Quadro RTX D8200,NVIDIA,Quadro RTX D8200 (2-Way),Y,Y,38462,29998,24972,37,90,,PC,,128,1250,2025,2485,2800,1530,2215,2615,2900,313,750,SLI,3.0,95,40,8-pin + 8-pin,RTX 3000,11.4,11.5,58855,117710.0,2.0,6741.0,14724.0,0.0681,0.043375,150.6425,0.048342,0.041908,145.64300000000011,0.11575,0.10951,247.78000000000006,0.112655,0.108355,242.76,,,,,,,,,199,v1_10_0/Prefabs/GPU/NVidia/GPU_NVIDIA_GEFORCE_RTX_3090,NVIDIA Quadro RTX D8200 (2-Way)
GPU,NVIDIA Quadro,Dx000,2x Quadro RTX D9000,NVIDIA,Quadro RTX D9000 (2-Way),Y,Y,40522,35998,30972,38,60,,PC,,144,1100,2000,2550,2900,1450,2225,2685,3000,313,800,SLI,3.0,95,40,8-pin + 8-pin,RTX 3000,11.4,11.5,62284,124568.0,2.0,6741.0,14724.0,0.0681,0.043375,172.51250000000002,0.048342,0.041908,167.423,0.11575,0.10951,291.361,0.112655,0.108355,286.3309999999999,,,,,,,,,199,v1_10_0/Prefabs/GPU/NVidia/GPU_NVIDIA_GEFORCE_RTX_3090,NVIDIA Quadro RTX D9000 (2-Way)
GPU,NVIDIA Quadro,Dx200,2x Quadro RTX D9200,NVIDIA,Quadro RTX D9200 (2-Way),Y,Y,42442,37198,32190,39,10,,PC,,144,1000,2050,2700,3100,1470,2285,2800,3100,313,890,SLI,3.0,95,40,8-pin + 8-pin,RTX 3000,11.4,11.5,65356,130712.0,2.0,6741.0,14724.0,0.0681,0.043375,185.7125,0.048342,0.041908,180.72300000000004,0.11575,0.10951,316.5709999999999,0.112655,0.108355,311.5609999999999,,,,,,,,,199,v1_10_0/Prefabs/GPU/NVidia/GPU_NVIDIA_GEFORCE_RTX_3090,NVIDIA Quadro RTX D9200 (2-Way)
GPU,NVIDIA Tesla,Axx,2x Tesla A10,NVIDIA,Tesla A10 (2-Way),Y,Y,26732,17998,14310,35,26,,PC,Green,48,1290,1695,1905,2100,826,1563,2000,2300,229,300,SLI,2.0,95,20,8-pin,0,11.4,11.5,42532,85064.0,0.0,7247.0,0.0,0.0781,0.028375,90.59250000000002,0.072342,0.027908,85.59299999999998,0.0875,0.09951,218.61900000000009,0.0872,0.098355,213.426,,,,,,,,,199,Prefabs/GPU/NVidia/GPU_Nvidia_RTX_2060,NVIDIA Tesla A10 (2-Way)
GPU,NVIDIA Tesla,Axx,2x Tesla A100 40GB,NVIDIA,Tesla A100 40GB (2-Way),Y,Y,39692,33998,21398,36,50,,,Green,80,1020,1410,1660,1800,-670,1215,2430,3100,269,500,SLI,2.0,95,25,8-pin + 8-pin,RTX 3000,9.5,10.0,63110,126220.0,3.781843706130089,14164.0,25810.0,0.1281,0.118375,72.48250000000002,0.115342,0.117908,67.543,0.10575,0.11051,437.021,0.193655,0.099355,432.33399999999995,,,,,,,,,199,Prefabs/GPU/NVidia/GPU_Nvidia_RTX_2080Ti,NVIDIA Tesla A100 40GB (2-Way)
GPU,NVIDIA Tesla,Axx,2x Tesla A100 80GB,NVIDIA,Tesla A100 80GB (2-Way),Y,Y,44103,39998,23900,36,50,,,Green,160,820,1410,1785,2000,-314,1593,2830,3500,269,600,SLI,2.0,95,25,8-pin + 8-pin,RTX 3000,9.5,10.0,71530,143060.0,3.781843706130089,14164.0,25810.0,0.1581,0.128375,13.612500000000006,0.155342,0.127908,8.602999999999996,0.10575,0.11051,499.5109999999999,0.193655,0.099355,494.504,,,,,,,,,199,Prefabs/GPU/NVidia/GPU_Nvidia_RTX_2080Ti,NVIDIA Tesla A100 80GB (2-Way)
GPU,NVIDIA Tesla,Axx,2x Tesla A16,NVIDIA,Tesla A16 (2-Way),Y,Y,34665,23998,18310,35,70,,PC,Green,32,1290,1695,1935,2100,826,1563,2035,2300,229,500,SLI,2.0,95,20,8-pin,0,11.4,11.5,55543,111086.0,0.0,7247.0,0.0,0.0881,0.038375,137.34250000000003,0.082342,0.037908,132.24300000000002,0.0975,0.10951,344.61099999999993,0.0972,0.108355,339.604,,,,,,,,,199,Prefabs/GPU/NVidia/GPU_Nvidia_RTX_2070,NVIDIA Tesla A16 (2-Way)
GPU,NVIDIA Tesla,Axx,2x Tesla A30,NVIDIA,Tesla A30 (2-Way),Y,Y,34860,27998,22310,36,20,,PC,Green,48,780,1440,1855,2100,330,1215,1755,2100,229,330,SLI,2.0,95,25,8-pin,0,11.4,11.5,56030,112060.0,0.0,7247.0,0.0,0.0881,0.038375,175.11249999999998,0.082342,0.037908,170.34300000000002,0.0975,0.08951,437.58099999999996,0.0972,0.088355,432.5739999999999,,,,,,,,,199,Prefabs/GPU/NVidia/GPU_Nvidia_RTX_2070,NVIDIA Tesla A30 (2-Way)
GPU,NVIDIA Tesla,Axx,2x Tesla A40,NVIDIA,Tesla A40 (2-Way),Y,Y,38470,29998,24310,36,40,,PC,Green,96,1310,1755,2000,2200,1224,1812,2150,2400,267,330,SLI,2.0,95,30,8-pin + 6-pin,RTX 3000,11.4,11.5,62043,124086.0,0.0,7247.0,0.0,0.0981,0.058375,106.7625,0.094342,0.057908,101.6325,0.1075,0.10951,373.17900000000003,0.1072,0.108355,368.536,,,,,,,,,199,Prefabs/GPU/NVidia/GPU_Nvidia_RTX_2080,NVIDIA Tesla A40 (2-Way)
GPU,NVIDIA Tesla,Dxx,2x Tesla D100 40GB,NVIDIA,Tesla D100 40GB (2-Way),Y,Y,43785,43998,37998,37,50,,,,96,1220,1610,1835,2000,-630,1285,2500,3200,268,600,SLI,2.0,95,25,8-pin + 8-pin,RTX 3000,9.5,10.0,70155,140310.0,3.781843706130089,14164.0,25810.0,0.1481,0.138375,21.602499999999978,0.135342,0.142908,16.61299999999999,0.17575,0.13051,433.221,0.153655,0.119355,428.2239999999998,,,,,,,,,199,v1_7_0/Prefabs/GPU/ZOTAC/GPU_Zotac_Gaming_GeForce_RTX2080_Ti_Blower,NVIDIA Tesla D100 40GB (2-Way)
GPU,NVIDIA Tesla,Dxx,2x Tesla D100 80GB,NVIDIA,Tesla D100 80GB (2-Way),Y,Y,48612,51998,45998,38,90,,,,160,1120,1610,1900,2100,236,1668,2615,3100,268,700,SLI,2.0,95,30,8-pin + 8-pin,RTX 3000,9.5,10.0,78228,156456.0,3.781843706130089,14164.0,25810.0,0.1481,0.138375,16.872500000000024,0.135342,0.142908,11.942999999999998,0.20575,0.16051,376.0789999999999,0.191655,0.152355,371.1359999999999,,,,,,,,,199,v1_7_0/Prefabs/GPU/ZOTAC/GPU_Zotac_Gaming_GeForce_RTX2080_Ti_Blower,NVIDIA Tesla D100 80GB (2-Way)
GPU,NVIDIA Tesla,Mx000,2x Tesla M4,NVIDIA,Tesla M4 (2-Way),Y,Y,4505,1130,770,8,1,,,,8,544,1072,1400,1600,750,1375,1785,2000,145,100,SLI,2.0,85,30,,GTX,10.9,11.0,6553,13106.0,1.947889182,6741.0,14724.0,0.030172,0.028984,-27.140879999999996,0.030296,0.02578,-32.02088,0.065904,0.021692,-10.679600000000027,0.056961,0.019359,-15.681199999999924,,,,,,,,,199,Prefabs/GPU/EVGA/EVGA_GTX_1050Ti_Gaming,NVIDIA Tesla M4 (2-Way)
GPU,NVIDIA Tesla,Mx000,2x Tesla M40,NVIDIA,Tesla M40 (2-Way),Y,Y,14399,3138,2642,9,1,,,,24,628,1114,1435,1600,1004,1502,1815,2000,267,500,SLI,2.0,85,30,8-pin + 8-pin,GTX,10.9,11.0,22796,45592.0,1.947889182,6741.0,14724.0,0.030172,0.028984,66.84912,0.030296,0.02578,61.87912,0.073904,0.035692,151.63039999999998,0.068961,0.030359,146.62880000000013,,,,,,,,,199,Prefabs/GPU/EVGA/EVGA_GeforceGTX1070,NVIDIA Tesla M40 (2-Way)
GPU,NVIDIA Tesla,Mx000,2x Tesla M60,NVIDIA,Tesla M60 (2-Way),Y,Y,15630,3998,3542,9,1,,,,32,656,1178,1500,1700,606,1253,1653,1900,267,600,SLI,2.0,85,40,8-pin + 8-pin,GTX,10.9,11.0,24886,49772.0,1.947889182,6741.0,14724.0,0.030172,0.028984,84.44912000000002,0.030296,0.02578,79.44912000000002,0.092904,0.050692,138.2604,0.088961,0.046359,133.25880000000012,,,,,,,,,199,Prefabs/GPU/EVGA/EVGA_GeforceGTX1070,NVIDIA Tesla M60 (2-Way)
GPU,NVIDIA Tesla,Pxx,2x Tesla P100-12GB,NVIDIA,Tesla P100 12GB (2-Way),Y,Y,18380,5000,4230,23,40,,,Green,24,658,1329,1750,2000,-770,715,1675,2200,267,500,SLI,2.0,95,15,8-pin,RTX,10.9,11.5,29555,59110.0,3.85,4701.0,9743.0,0.033804,0.01013,131.63160000000008,0.032748,0.009282,126.61160000000001,0.059011,0.067456,255.5594,0.040905,0.050465,250.5518,,,,,,,,,199,Prefabs/GPU/NVidia/GPU_Nvidia_GeForceGTX_1070,NVIDIA Tesla P100 12GB (2-Way)
GPU,NVIDIA Tesla,Pxx,2x Tesla P100-16GB,NVIDIA,Tesla P100 16GB (2-Way),Y,Y,20906,5500,4670,23,80,,,Green,32,658,1329,1750,2000,-770,715,1700,2200,267,500,SLI,2.0,95,15,8-pin,RTX,10.9,11.5,33677,67354.0,4.15,4701.0,9743.0,0.033804,0.01013,156.89160000000004,0.032748,0.009282,151.61159999999998,0.059011,0.067456,305.4494,0.040905,0.050465,300.8617999999999,,,,,,,,,199,Prefabs/GPU/NVidia/GPU_Nvidia_GeForceGTX_1070,NVIDIA Tesla P100 16GB (2-Way)
GPU,NVIDIA Tesla,Pxx,2x Tesla P4,NVIDIA,Tesla P4 (2-Way),Y,Y,9412,1998,1370,22,60,,,,16,628,1114,1435,1600,304,1502,2300,2700,250,150,SLI,1.5,95,15,,GTX,10.9,11.5,14555,29110.0,3.15,4701.0,9743.0,0.030172,0.028984,16.981199999999976,0.030296,0.02578,11.491199999999997,0.057004,0.02529,130.28840000000002,0.002961,0.010139,125.2978,,,,,,,,,199,Prefabs/Generic/GPU,NVIDIA Tesla P4 (2-Way)
GPU,NVIDIA Tesla,Pxx,2x Tesla P40,NVIDIA,Tesla P40 (2-Way),Y,Y,16355,6900,5710,24,20,,,Green,48,1262,1531,1650,1800,-198,1251,2200,2700,267,500,SLI,2.0,95,15,6-pin,RTX,10.9,11.5,26160,52320.0,3.6,4701.0,9743.0,0.033804,0.01013,99.13260000000002,0.032748,0.009282,93.9168,0.099011,0.052456,131.96939999999998,0.070905,0.046465,126.99180000000003,,,,,,,,,199,Prefabs/GPU/NVidia/GPU_Nvidia_GeForceGTX_1060,NVIDIA Tesla P40 (2-Way)
GPU,NVIDIA Tesla,Pxx,2x Tesla P6,NVIDIA,Tesla P6 (2-Way),Y,Y,13596,3398,2398,23,75,,,,32,1212,1506,1650,1800,404,1502,2200,2600,267,180,SLI,1.5,95,15,,GTX,10.9,11.5,21478,42956.0,3.35,4701.0,9743.0,0.030172,0.028984,46.991200000000006,0.030296,0.02578,41.98120000000001,0.137004,0.07529,-14.85959999999998,0.105961,0.060139,-20.130199999999853,,,,,,,,,199,Prefabs/GPU/EVGA/EVGA_GTX_1030_SC,NVIDIA Tesla P6 (2-Way)
GPU,NVIDIA Tesla,Txx,2x Tesla T4,NVIDIA,Tesla T4 (2-Way),Y,Y,23182,3998,2698,30,60,,,,32,1380,1590,1700,1800,600,1250,1650,1900,169,140,SLI,1.5,95,10,,RTX,13.3,13.0,37325,74650.0,5.2,1124.0,3100.0,0.040141,0.045807,110.745192,0.03975,0.043393,106.06519199999998,0.067141,0.065807,268.7828079999999,0.06575,0.067393,263.82696699999997,,,,,,,,,199,Prefabs/GPU/EVGA/EVGA_GTX_1030_SC,NVIDIA Tesla T4 (2-Way)
GPU,NVIDIA Tesla,Vxx,2x Tesla V100-16GB,NVIDIA,Tesla V100 16GB (2-Way),Y,Y,27143,12500,7100,27,75,,,Green,32,860,1380,1722,1900,250,1025,1500,1800,267,500,SLI,2.0,95,20,8-pin,RTX,13.3,13.0,43613,87226.0,4.8,1124.0,3100.0,0.149184,0.178357,-117.25750000000004,0.145342,0.177908,-122.26700000000001,0.188195,0.198357,101.72250000000001,0.168342,0.169342,96.72299999999998,,,,,,,,,199,Prefabs/GPU/NVidia/GPU_Nvidia_GeForceGTX_1080,NVIDIA Tesla V100 16GB (2-Way)
GPU,NVIDIA Tesla,Vxx,2x Tesla V100-32GB,NVIDIA,Tesla V100 32GB (2-Way),Y,Y,32318,17300,12270,28,20,,,Green,64,860,1380,1715,1900,450,1025,1350,1600,267,500,SLI,2.0,95,20,8-pin,RTX,13.3,13.0,52049,104098.0,5.3,1124.0,3100.0,0.149184,0.178357,-65.50750000000001,0.145342,0.177908,-71.15700000000001,0.188195,0.198357,204.27249999999998,0.168342,0.169342,199.33300000000003,,,,,,,,,199,Prefabs/GPU/NVidia/GPU_Nvidia_GeForceGTX_1080,NVIDIA Tesla V100 32GB (2-Way)
GPU,NVIDIA Tesla,Vxx,2x Tesla V100-32GB,NVIDIA,Tesla V100S 32GB (2-Way),Y,Y,34823,19700,14270,28,75,,,Green,64,1094,1597,1897,2100,212,1106,1650,2000,267,600,SLI,2.0,95,20,8-pin + 6-pin,RTX,13.3,13.0,56124,112248.0,4.9,1124.0,3100.0,0.049184,0.078357,183.02250000000004,0.045342,0.077908,177.843,0.110195,0.150357,350.8874999999999,0.105342,0.146342,345.8575,,,,,,,,,199,Prefabs/GPU/NVidia/GPU_Nvidia_GeForceGTX_1080Ti,NVIDIA Tesla V100S 32GB (2-Way)
GPU,NVIDIA Tesla,Axx,4x Tesla A10,NVIDIA,Tesla A10 (4-Way),Y,Y,52668,35996,28620,35,51,,PC,Green,96,1290,1695,1905,2100,826,1563,2000,2300,229,600,SLI,2.0,95,20,8-pin,0,11.4,11.5,85064,153116.0,0.0,7247.0,0.0,0.0781,0.028375,349.95249999999993,0.072342,0.027908,344.693,0.0875,0.09951,633.4806751490007,0.0872,0.098355,628.4371111109998,,,,,,,,,199,Prefabs/GPU/NVidia/GPU_Nvidia_RTX_2060,NVIDIA Tesla A10 (4-Way)
GPU,NVIDIA Tesla,Axx,4x Tesla A100 40GB,NVIDIA,Tesla A100 40GB (4-Way),Y,Y,78159,67996,42796,36,75,,,Green,160,1020,1410,1660,1800,-670,1215,2430,3100,269,1000,SLI,2.0,95,25,8-pin + 8-pin,RTX 3000,9.5,10.0,126220,227196.0,3.781843706130089,14164.0,25810.0,0.1281,0.118375,457.1525,0.115342,0.117908,452.1429999999999,0.10575,0.11051,1051.3110000000006,0.193655,0.099355,1046.234,,,,,,,,,199,Prefabs/GPU/NVidia/GPU_Nvidia_RTX_2080Ti,NVIDIA Tesla A100 40GB (4-Way)
GPU,NVIDIA Tesla,Axx,4x Tesla A100 80GB,NVIDIA,Tesla A100 80GB (4-Way),Y,Y,87713,79996,47800,36,75,,,Green,320,820,1410,1785,2000,-314,1593,2830,3500,269,1200,SLI,2.0,95,25,8-pin + 8-pin,RTX 3000,9.5,10.0,143060,257508.0,3.781843706130089,14164.0,25810.0,0.1581,0.128375,449.71250000000003,0.155342,0.127908,444.77299999999985,0.10575,0.11051,1196.0610000000004,0.193655,0.099355,1191.0640000000003,,,,,,,,,199,Prefabs/GPU/NVidia/GPU_Nvidia_RTX_2080Ti,NVIDIA Tesla A100 80GB (4-Way)
GPU,NVIDIA Tesla,Axx,4x Tesla A16,NVIDIA,Tesla A16 (4-Way),Y,Y,68523,47996,36620,35,95,,PC,Green,64,1290,1695,1935,2100,826,1563,2035,2300,229,1000,SLI,2.0,95,20,8-pin,0,11.4,11.5,111086,199955.0,0.0,7247.0,0.0,0.0881,0.038375,475.92249999999996,0.082342,0.037908,470.84299999999996,0.0975,0.10951,886.4790399320007,0.0972,0.108355,881.4790111110001,,,,,,,,,199,Prefabs/GPU/NVidia/GPU_Nvidia_RTX_2070,NVIDIA Tesla A16 (4-Way)
GPU,NVIDIA Tesla,Axx,4x Tesla A30,NVIDIA,Tesla A30 (4-Way),Y,Y,69030,55996,44620,36,45,,PC,Green,96,780,1440,1855,2100,330,1215,1755,2100,229,660,SLI,2.0,95,25,8-pin,0,11.4,11.5,112060,201708.0,0.0,7247.0,0.0,0.0881,0.038375,516.8124999999999,0.082342,0.037908,511.803,0.0975,0.08951,984.1809999999998,0.0972,0.088355,979.2239999999998,,,,,,,,,199,Prefabs/GPU/NVidia/GPU_Nvidia_RTX_2070,NVIDIA Tesla A30 (4-Way)
GPU,NVIDIA Tesla,Axx,4x Tesla A40,NVIDIA,Tesla A40 (4-Way),Y,Y,76280,59996,48620,36,65,,PC,Green,192,1310,1755,2000,2200,1224,1812,2150,2400,267,660,SLI,2.0,95,30,8-pin + 6-pin,RTX 3000,11.4,11.5,124086,223355.0,0.0,7247.0,0.0,0.0981,0.058375,484.8625,0.094342,0.057908,480.04249999999996,0.1075,0.10951,978.6467894520006,0.1072,0.108355,973.646111111,,,,,,,,,199,Prefabs/GPU/NVidia/GPU_Nvidia_RTX_2080,NVIDIA Tesla A40 (4-Way)
GPU,NVIDIA Tesla,Dxx,4x Tesla D100 40GB,NVIDIA,Tesla D100 40GB (4-Way),Y,Y,86552,87996,75996,37,75,,,,192,1220,1610,1835,2000,-630,1285,2500,3200,268,1200,SLI,2.0,95,25,8-pin + 8-pin,RTX 3000,9.5,10.0,140310,252558.0,3.781843706130089,14164.0,25810.0,0.1481,0.138375,449.2724999999999,0.135342,0.142908,444.27299999999997,0.17575,0.13051,1117.3210000000008,0.153655,0.119355,1112.2239999999997,,,,,,,,,199,v1_7_0/Prefabs/GPU/ZOTAC/GPU_Zotac_Gaming_GeForce_RTX2080_Ti_Blower,NVIDIA Tesla D100 40GB (4-Way)
GPU,NVIDIA Tesla,Dxx,4x Tesla D100 80GB,NVIDIA,Tesla D100 80GB (4-Way),Y,Y,96308,103996,91996,39,15,,,,320,1120,1610,1900,2100,236,1668,2615,3100,268,1400,SLI,2.0,95,30,8-pin + 8-pin,RTX 3000,9.5,10.0,156456,281621.0,3.781843706130089,14164.0,25810.0,0.1481,0.138375,493.8325000000001,0.135342,0.142908,488.823,0.20575,0.16051,1139.1090111110009,0.191655,0.152355,1134.109025596001,,,,,,,,,199,v1_7_0/Prefabs/GPU/ZOTAC/GPU_Zotac_Gaming_GeForce_RTX2080_Ti_Blower,NVIDIA Tesla D100 80GB (4-Way)
GPU,NVIDIA Tesla,Mx000,4x Tesla M4,NVIDIA,Tesla M4 (4-Way),Y,Y,8481,2260,1540,16,1,,,,16,544,1072,1400,1600,750,1375,1785,2000,145,200,SLI,2.0,85,30,,GTX,10.9,11.0,13106,23591.0,1.947889182,6741.0,14724.0,0.030172,0.028984,12.619120000000006,0.030296,0.02578,7.629120000000004,0.065904,0.021692,52.532511111999966,0.056961,0.019359,48.0411218430001,,,,,,,,,199,Prefabs/GPU/EVGA/EVGA_GTX_1050Ti_Gaming,NVIDIA Tesla M4 (4-Way)
GPU,NVIDIA Tesla,Mx000,4x Tesla M40,NVIDIA,Tesla M40 (4-Way),Y,Y,28292,6276,5284,16,1,,,,48,628,1114,1435,1600,1004,1502,1815,2000,267,1000,SLI,2.0,85,30,8-pin + 8-pin,GTX,10.9,11.0,45592,82066.0,1.947889182,6741.0,14724.0,0.030172,0.028984,205.77912000000006,0.030296,0.02578,200.77912,0.073904,0.035692,373.74151111099997,0.068961,0.030359,369.0348670210003,,,,,,,,,199,Prefabs/GPU/EVGA/EVGA_GeforceGTX1070,NVIDIA Tesla M40 (4-Way)
GPU,NVIDIA Tesla,Mx000,4x Tesla M60,NVIDIA,Tesla M60 (4-Way),Y,Y,30798,7996,7084,16,1,,,,64,656,1178,1500,1700,606,1253,1653,1900,267,1200,SLI,2.0,85,40,8-pin + 8-pin,GTX,10.9,11.0,49772,89590.0,1.947889182,6741.0,14724.0,0.030172,0.028984,236.12912000000006,0.030296,0.02578,231.12912000000006,0.092904,0.050692,380.9615111109999,0.088961,0.046359,375.9654220020003,,,,,,,,,199,Prefabs/GPU/EVGA/EVGA_GeforceGTX1070,NVIDIA Tesla M60 (4-Way)
GPU,NVIDIA Tesla,Pxx,4x Tesla P100-12GB,NVIDIA,Tesla P100 12GB (4-Way),Y,Y,36390,10000,8460,23,65,,,Green,48,658,1329,1750,2000,-770,715,1675,2200,267,1000,SLI,2.0,95,15,8-pin,RTX,10.9,11.5,59110,106398.0,3.85,4701.0,9743.0,0.033804,0.01013,311.73160000000007,0.032748,0.009282,306.8715999999999,0.059011,0.067456,543.3593999999999,0.040905,0.050465,538.3918,,,,,,,,,199,Prefabs/GPU/NVidia/GPU_Nvidia_GeForceGTX_1070,NVIDIA Tesla P100 12GB (4-Way)
GPU,NVIDIA Tesla,Pxx,4x Tesla P100-16GB,NVIDIA,Tesla P100 16GB (4-Way),Y,Y,41416,11000,9340,24,5,,,Green,64,658,1329,1750,2000,-770,715,1700,2200,267,1000,SLI,2.0,95,15,8-pin,RTX,10.9,11.5,67354,121238.0,4.15,4701.0,9743.0,0.033804,0.01013,361.99160000000006,0.032748,0.009282,357.13159999999993,0.059011,0.067456,633.7859504640004,0.040905,0.050465,628.7729111109998,,,,,,,,,199,Prefabs/GPU/NVidia/GPU_Nvidia_GeForceGTX_1070,NVIDIA Tesla P100 16GB (4-Way)
GPU,NVIDIA Tesla,Pxx,4x Tesla P4,NVIDIA,Tesla P4 (4-Way),Y,Y,18251,3996,2740,22,85,,,,32,628,1114,1435,1600,304,1502,2300,2700,250,300,SLI,1.5,95,15,,GTX,10.9,11.5,29110,52398.0,3.15,4701.0,9743.0,0.030172,0.028984,105.3712,0.030296,0.02578,100.2912,0.057004,0.02529,267.9384,0.002961,0.010139,262.9378,,,,,,,,,199,Prefabs/Generic/GPU,NVIDIA Tesla P4 (4-Way)
GPU,NVIDIA Tesla,Pxx,4x Tesla P40,NVIDIA,Tesla P40 (4-Way),Y,Y,32265,13800,11420,24,45,,,Green,96,1262,1531,1650,1800,-198,1251,2200,2700,267,1000,SLI,2.0,95,15,6-pin,RTX,10.9,11.5,52320,94176.0,3.6,4701.0,9743.0,0.033804,0.01013,258.23260000000005,0.032748,0.009282,253.72680000000008,0.099011,0.052456,386.19939999999986,0.070905,0.046465,381.09180000000003,,,,,,,,,199,Prefabs/GPU/NVidia/GPU_Nvidia_GeForceGTX_1060,NVIDIA Tesla P40 (4-Way)
GPU,NVIDIA Tesla,Pxx,4x Tesla P6,NVIDIA,Tesla P6 (4-Way),Y,Y,26683,6796,4796,24,75,,,,64,1212,1506,1650,1800,404,1502,2200,2600,267,360,SLI,1.5,95,15,,GTX,10.9,11.5,42956,77321.0,3.35,4701.0,9743.0,0.030172,0.028984,177.86120000000003,0.030296,0.02578,172.85120000000003,0.137004,0.07529,192.23251111100004,0.105961,0.060139,187.2371478760002,,,,,,,,,199,Prefabs/GPU/EVGA/EVGA_GTX_1030_SC,NVIDIA Tesla P6 (4-Way)
GPU,NVIDIA Tesla,Txx,4x Tesla T4,NVIDIA,Tesla T4 (4-Way),Y,Y,45954,7996,5396,30,85,,,,64,1380,1590,1700,1800,600,1250,1650,1900,169,280,SLI,1.5,95,10,,RTX,13.3,13.0,74650,134370.0,5.2,1124.0,3100.0,0.040141,0.045807,338.465192,0.03975,0.043393,333.46519199999983,0.067141,0.065807,632.9628079999998,0.06575,0.067393,627.926967,,,,,,,,,199,Prefabs/GPU/EVGA/EVGA_GTX_1030_SC,NVIDIA Tesla T4 (4-Way)
GPU,NVIDIA Tesla,Vxx,4x Tesla V100-16GB,NVIDIA,Tesla V100 16GB (4-Way),Y,Y,53730,25000,14200,28,75,,,Green,64,860,1380,1722,1900,250,1025,1500,1800,267,1000,SLI,2.0,95,20,8-pin,RTX,13.3,13.0,87226,157007.0,4.8,1124.0,3100.0,0.149184,0.178357,148.61249999999998,0.145342,0.177908,143.61300000000003,0.188195,0.198357,526.410611111,0.168342,0.169342,521.4107576260002,,,,,,,,,199,Prefabs/GPU/NVidia/GPU_Nvidia_GeForceGTX_1080,NVIDIA Tesla V100 16GB (4-Way)
GPU,NVIDIA Tesla,Vxx,4x Tesla V100-32GB,NVIDIA,Tesla V100 32GB (4-Way),Y,Y,64017,34600,24540,28,45,,,Green,128,860,1380,1715,1900,450,1025,1350,1600,267,1000,SLI,2.0,95,20,8-pin,RTX,13.3,13.0,104098,187377.0,5.3,1124.0,3100.0,0.149184,0.178357,251.48250000000002,0.145342,0.177908,246.48300000000006,0.188195,0.198357,711.4306111109998,0.168342,0.169342,706.4306532620006,,,,,,,,,199,Prefabs/GPU/NVidia/GPU_Nvidia_GeForceGTX_1080,NVIDIA Tesla V100 32GB (4-Way)
GPU,NVIDIA Tesla,Vxx,4x Tesla V100-32GB,NVIDIA,Tesla V100S 32GB (4-Way),Y,Y,69031,39400,28540,29,75,,,Green,128,1094,1597,1897,2100,212,1106,1650,2000,267,1200,SLI,2.0,95,20,8-pin + 6-pin,RTX,13.3,13.0,112248,202047.0,4.9,1124.0,3100.0,0.049184,0.078357,525.1025000000001,0.045342,0.077908,520.0929999999998,0.110195,0.150357,897.9986111109997,0.105342,0.146342,893.7373567040005,,,,,,,,,199,Prefabs/GPU/NVidia/GPU_Nvidia_GeForceGTX_1080Ti,NVIDIA Tesla V100S 32GB (4-Way)
GPU,NVIDIA Tesla,Axx,6x Tesla A10,NVIDIA,Tesla A10 (6-Way),Y,Y,70768,53994,42930,36,1,,PC,Green,144,1290,1695,1905,2100,826,1563,2000,2300,229,900,SLI,2.0,95,20,8-pin,0,11.4,11.5,114837,199051.0,0.0,7247.0,0.0,0.0781,0.028375,530.9524999999999,0.072342,0.027908,526.693,0.0875,0.09951,913.5467862600008,0.0872,0.098355,908.5469728639998,,,,,,,,,199,Prefabs/GPU/NVidia/GPU_Nvidia_RTX_2060,NVIDIA Tesla A10 (6-Way)
GPU,NVIDIA Tesla,Axx,6x Tesla A100 40GB,NVIDIA,Tesla A100 40GB (6-Way),Y,Y,105069,101994,64194,37,25,,,Green,240,1020,1410,1660,1800,-670,1215,2430,3100,269,1500,SLI,2.0,95,25,8-pin + 8-pin,RTX 3000,9.5,10.0,170397,295355.0,3.781843706130089,14164.0,25810.0,0.1281,0.118375,726.2524999999999,0.115342,0.117908,721.6829999999999,0.10575,0.11051,1466.4121111110005,0.193655,0.099355,1461.4123166010015,,,,,,,,,199,Prefabs/GPU/NVidia/GPU_Nvidia_RTX_2080Ti,NVIDIA Tesla A100 40GB (6-Way)
GPU,NVIDIA Tesla,Axx,6x Tesla A100 80GB,NVIDIA,Tesla A100 80GB (6-Way),Y,Y,118264,119994,71700,37,25,,,Green,480,820,1410,1785,2000,-314,1593,2830,3500,269,1800,SLI,2.0,95,25,8-pin + 8-pin,RTX 3000,9.5,10.0,193131,334761.0,3.781843706130089,14164.0,25810.0,0.1581,0.128375,755.2225000000001,0.155342,0.127908,749.8729999999999,0.10575,0.11051,1666.7405768070014,0.193655,0.099355,1661.7405761110003,,,,,,,,,199,Prefabs/GPU/NVidia/GPU_Nvidia_RTX_2080Ti,NVIDIA Tesla A100 80GB (6-Way)
GPU,NVIDIA Tesla,Axx,6x Tesla A16,NVIDIA,Tesla A16 (6-Way),Y,Y,92224,71994,54930,36,45,,PC,Green,96,1290,1695,1935,2100,826,1563,2035,2300,229,1500,SLI,2.0,95,20,8-pin,0,11.4,11.5,149967,259942.0,0.0,7247.0,0.0,0.0881,0.038375,712.9337581210004,0.082342,0.037908,707.9337586800001,0.0975,0.10951,1252.2501510430009,0.0972,0.108355,1247.2516114260002,,,,,,,,,199,Prefabs/GPU/NVidia/GPU_Nvidia_RTX_2070,NVIDIA Tesla A16 (6-Way)
GPU,NVIDIA Tesla,Axx,6x Tesla A30,NVIDIA,Tesla A30 (6-Way),Y,Y,92940,83994,66930,36,95,,PC,Green,144,780,1440,1855,2100,330,1215,1755,2100,229,990,SLI,2.0,95,25,8-pin,0,11.4,11.5,151281,262221.0,0.0,7247.0,0.0,0.0881,0.038375,755.9124999999999,0.082342,0.037908,750.9629999999999,0.0975,0.08951,1353.1788575090004,0.0972,0.088355,1348.178851111,,,,,,,,,199,Prefabs/GPU/NVidia/GPU_Nvidia_RTX_2070,NVIDIA Tesla A30 (6-Way)
GPU,NVIDIA Tesla,Axx,6x Tesla A40,NVIDIA,Tesla A40 (6-Way),Y,Y,102770,89994,72930,37,15,,PC,Green,288,1310,1755,2000,2200,1224,1812,2150,2400,267,990,SLI,2.0,95,30,8-pin + 6-pin,RTX 3000,11.4,11.5,167517,290362.0,0.0,7247.0,0.0,0.0981,0.058375,749.762711111,0.094342,0.057908,744.7627934580006,0.1075,0.10951,1387.223292994001,0.1072,0.108355,1382.2232222220005,,,,,,,,,199,Prefabs/GPU/NVidia/GPU_Nvidia_RTX_2080,NVIDIA Tesla A40 (6-Way)
GPU,NVIDIA Tesla,Dxx,6x Tesla D100 40GB,NVIDIA,Tesla D100 40GB (6-Way),Y,Y,116524,131994,113994,38,25,,,,288,1220,1610,1835,2000,-630,1285,2500,3200,268,1800,SLI,2.0,95,25,8-pin + 8-pin,RTX 3000,9.5,10.0,189419,328326.0,3.781843706130089,14164.0,25810.0,0.1481,0.138375,748.9922144600007,0.135342,0.142908,743.3841111109998,0.17575,0.13051,1579.1758491290004,0.153655,0.119355,1574.1351111109998,,,,,,,,,199,v1_7_0/Prefabs/GPU/ZOTAC/GPU_Zotac_Gaming_GeForce_RTX2080_Ti_Blower,NVIDIA Tesla D100 40GB (6-Way)
GPU,NVIDIA Tesla,Dxx,6x Tesla D100 80GB,NVIDIA,Tesla D100 80GB (6-Way),Y,Y,129695,155994,137994,39,65,,,,360,1120,1610,1900,2100,236,1668,2615,3100,268,2100,SLI,2.0,95,30,8-pin + 8-pin,RTX 3000,9.5,10.0,211216,366108.0,3.781843706130089,14164.0,25810.0,0.1481,0.138375,827.704600949001,0.135342,0.142908,822.7041111109999,0.20575,0.16051,1654.216630025001,0.191655,0.152355,1649.216136707001,,,,,,,,,199,v1_7_0/Prefabs/GPU/ZOTAC/GPU_Zotac_Gaming_GeForce_RTX2080_Ti_Blower,NVIDIA Tesla D100 80GB (6-Way)
GPU,NVIDIA Tesla,Mx000,6x Tesla M4,NVIDIA,Tesla M4 (6-Way),Y,Y,11272,3390,2310,18,95,,,,24,544,1072,1400,1600,750,1375,1785,2000,145,300,SLI,2.0,85,30,,GTX,10.9,11.0,17694,30669.0,1.947889182,6741.0,14724.0,0.030172,0.028984,40.52801097000002,0.030296,0.02578,35.52801096900002,0.065904,0.021692,95.85029573699997,0.056961,0.019359,90.8502329540001,,,,,,,,,199,Prefabs/GPU/EVGA/EVGA_GTX_1050Ti_Gaming,NVIDIA Tesla M4 (6-Way)
GPU,NVIDIA Tesla,Mx000,6x Tesla M40,NVIDIA,Tesla M40 (6-Way),Y,Y,38038,9414,7926,24,35,,,,72,628,1114,1435,1600,1004,1502,1815,2000,267,1500,SLI,2.0,85,30,8-pin + 8-pin,GTX,10.9,11.0,61550,106686.0,1.947889182,6741.0,14724.0,0.030172,0.028984,303.2363911440001,0.030296,0.02578,297.890231111,0.073904,0.035692,523.9526222319996,0.068961,0.030359,518.9981308820009,,,,,,,,,199,Prefabs/GPU/EVGA/EVGA_GeforceGTX1070,NVIDIA Tesla M40 (6-Way)
GPU,NVIDIA Tesla,Mx000,6x Tesla M60,NVIDIA,Tesla M60 (6-Way),Y,Y,41429,11994,10626,18,95,,,,96,656,1178,1500,1700,606,1253,1653,1900,267,1800,SLI,2.0,85,40,8-pin + 8-pin,GTX,10.9,11.0,67193,116467.0,1.947889182,6741.0,14724.0,0.030172,0.028984,342.4362629840002,0.030296,0.02578,337.240231111,0.092904,0.050692,544.8315111109999,0.088961,0.046359,539.8254220020003,,,,,,,,,199,Prefabs/GPU/EVGA/EVGA_GeforceGTX1070,NVIDIA Tesla M60 (6-Way)
GPU,NVIDIA Tesla,Pxx,6x Tesla P100-12GB,NVIDIA,Tesla P100 12GB (6-Way),Y,Y,49010,15000,12690,24,15,,,Green,72,658,1329,1750,2000,-770,715,1675,2200,267,1500,SLI,2.0,95,15,8-pin,RTX,10.9,11.5,79799,138318.0,3.85,4701.0,9743.0,0.033804,0.01013,437.9411327130001,0.032748,0.009282,432.9407111109999,0.059011,0.067456,737.8565279410006,0.040905,0.050465,732.8529111109998,,,,,,,,,199,Prefabs/GPU/NVidia/GPU_Nvidia_GeForceGTX_1070,NVIDIA Tesla P100 12GB (6-Way)
GPU,NVIDIA Tesla,Pxx,6x Tesla P100-16GB,NVIDIA,Tesla P100 16GB (6-Way),Y,Y,55797,16500,14010,24,55,,,Green,96,658,1329,1750,2000,-770,715,1700,2200,267,1500,SLI,2.0,95,15,8-pin,RTX,10.9,11.5,90929,157610.0,4.15,4701.0,9743.0,0.033804,0.01013,505.80271111099995,0.032748,0.009282,500.80463019300026,0.059011,0.067456,855.3970615850002,0.040905,0.050465,850.4549654820005,,,,,,,,,199,Prefabs/GPU/NVidia/GPU_Nvidia_GeForceGTX_1070,NVIDIA Tesla P100 16GB (6-Way)
GPU,NVIDIA Tesla,Pxx,6x Tesla P4,NVIDIA,Tesla P4 (6-Way),Y,Y,24457,5994,4110,23,35,,,,48,628,1114,1435,1600,304,1502,2300,2700,250,450,SLI,1.5,95,15,,GTX,10.9,11.5,39299,68118.0,3.15,4701.0,9743.0,0.030172,0.028984,167.433366731,0.030296,0.02578,162.40231111100005,0.057004,0.02529,362.04951221199997,0.002961,0.010139,357.71646445700003,,,,,,,,,199,Prefabs/Generic/GPU,NVIDIA Tesla P4 (6-Way)
GPU,NVIDIA Tesla,Pxx,6x Tesla P40,NVIDIA,Tesla P40 (6-Way),Y,Y,43455,20700,17130,24,95,,,Green,144,1262,1531,1650,1800,-198,1251,2200,2700,267,1500,SLI,2.0,95,15,6-pin,RTX,10.9,11.5,70632,122429.0,3.6,4701.0,9743.0,0.033804,0.01013,370.1326,0.032748,0.009282,365.12679999999995,0.099011,0.052456,558.1043007280008,0.070905,0.046465,553.102911111,,,,,,,,,199,Prefabs/GPU/NVidia/GPU_Nvidia_GeForceGTX_1060,NVIDIA Tesla P40 (6-Way)
GPU,NVIDIA Tesla,Pxx,6x Tesla P6,NVIDIA,Tesla P6 (6-Way),Y,Y,35848,10194,7194,25,25,,,,96,1212,1506,1650,1800,404,1502,2200,2600,267,540,SLI,1.5,95,15,,GTX,10.9,11.5,57991,100518.0,3.35,4701.0,9743.0,0.030172,0.028984,269.50898498100025,0.030296,0.02578,264.50898491100014,0.137004,0.07529,333.010622222,0.105961,0.060139,328.0110130200003,,,,,,,,,199,Prefabs/GPU/EVGA/EVGA_GTX_1030_SC,NVIDIA Tesla P6 (6-Way)
GPU,NVIDIA Tesla,Txx,6x Tesla T4,NVIDIA,Tesla T4 (6-Way),Y,Y,61865,11994,8094,31,35,,,,96,1380,1590,1700,1800,600,1250,1650,1900,169,420,SLI,1.5,95,10,,RTX,13.3,13.0,100778,174681.0,5.2,1124.0,3100.0,0.040141,0.045807,497.57630311099996,0.03975,0.043393,492.9525585589999,0.067141,0.065807,878.7528079999997,0.06575,0.067393,873.726967,,,,,,,,,199,Prefabs/GPU/EVGA/EVGA_GTX_1030_SC,NVIDIA Tesla T4 (6-Way)
GPU,NVIDIA Tesla,Vxx,6x Tesla V100-16GB,NVIDIA,Tesla V100 16GB (6-Way),Y,Y,72347,37500,21300,29,25,,,Green,96,860,1380,1722,1900,250,1025,1500,1800,267,1500,SLI,2.0,95,20,8-pin,RTX,13.3,13.0,117756,204110.0,4.8,1124.0,3100.0,0.149184,0.178357,334.78878713200015,0.145342,0.177908,329.724111111,0.188195,0.198357,813.3921488840009,0.168342,0.169342,808.3918687370001,,,,,,,,,199,Prefabs/GPU/NVidia/GPU_Nvidia_GeForceGTX_1080,NVIDIA Tesla V100 16GB (6-Way)
GPU,NVIDIA Tesla,Vxx,6x Tesla V100-32GB,NVIDIA,Tesla V100 32GB (6-Way),Y,Y,86236,51900,36810,28,95,,,Green,192,860,1380,1715,1900,450,1025,1350,1600,267,1500,SLI,2.0,95,20,8-pin,RTX,13.3,13.0,140533,243591.0,5.3,1124.0,3100.0,0.149184,0.178357,473.6740447960003,0.145342,0.177908,468.594111111,0.188195,0.198357,1054.0070565140009,0.168342,0.169342,1049.0017643730012,,,,,,,,,199,Prefabs/GPU/NVidia/GPU_Nvidia_GeForceGTX_1080,NVIDIA Tesla V100 32GB (6-Way)
GPU,NVIDIA Tesla,Vxx,6x Tesla V100-32GB,NVIDIA,Tesla V100S 32GB (6-Way),Y,Y,92982,59100,42810,30,25,,,Green,192,1094,1597,1897,2100,212,1106,1650,2000,267,1800,SLI,2.0,95,20,8-pin + 6-pin,RTX,13.3,13.0,151536,262662.0,4.9,1124.0,3100.0,0.049184,0.078357,764.6136111119998,0.045342,0.077908,759.6717633080001,0.110195,0.150357,1267.9775401149996,0.105342,0.146342,1262.948467815001,,,,,,,,,199,Prefabs/GPU/NVidia/GPU_Nvidia_GeForceGTX_1080Ti,NVIDIA Tesla V100S 32GB (6-Way)
GPU,NVIDIA Tesla,Axx,8x Tesla A10,NVIDIA,Tesla A10 (8-Way),Y,Y,88956,71992,57240,36,26,,PC,Green,192,1290,1695,1905,2100,826,1563,2000,2300,229,1200,SLI,2.0,95,20,8-pin,0,11.4,11.5,144607,306041.0,0.0,7247.0,0.0,0.0781,0.028375,712.8332611110002,0.072342,0.027908,707.8332636550002,0.0875,0.09951,1566.1862149600024,0.0872,0.098355,1560.6580839749997,,,,,,,,,199,Prefabs/GPU/NVidia/GPU_Nvidia_RTX_2060,NVIDIA Tesla A10 (8-Way)
GPU,NVIDIA Tesla,Axx,8x Tesla A100 40GB,NVIDIA,Tesla A100 40GB (8-Way),Y,Y,132023,135992,85592,37,50,,,Green,320,1020,1410,1660,1800,-670,1215,2430,3100,269,2000,SLI,2.0,95,25,8-pin + 8-pin,RTX 3000,9.5,10.0,214570,454109.0,3.781843706130089,14164.0,25810.0,0.1281,0.118375,995.7911831270003,0.115342,0.117908,990.7911111109999,0.10575,0.11051,2434.222689147998,0.193655,0.099355,2428.5234277120016,,,,,,,,,199,Prefabs/GPU/NVidia/GPU_Nvidia_RTX_2080Ti,NVIDIA Tesla A100 40GB (8-Way)
GPU,NVIDIA Tesla,Axx,8x Tesla A100 80GB,NVIDIA,Tesla A100 80GB (8-Way),Y,Y,148774,159992,95600,37,50,,,Green,640,820,1410,1785,2000,-314,1593,2830,3500,269,2400,SLI,2.0,95,25,8-pin + 8-pin,RTX 3000,9.5,10.0,243198,514696.0,3.781843706130089,14164.0,25810.0,0.1581,0.128375,1060.3244058300008,0.155342,0.127908,1055.3241111110005,0.10575,0.11051,2763.451687918002,0.193655,0.099355,2758.4843019779987,,,,,,,,,199,Prefabs/GPU/NVidia/GPU_Nvidia_RTX_2080Ti,NVIDIA Tesla A100 80GB (8-Way)
GPU,NVIDIA Tesla,Axx,8x Tesla A16,NVIDIA,Tesla A16 (8-Way),Y,Y,115930,95992,73240,36,70,,PC,Green,128,1290,1695,1935,2100,826,1563,2035,2300,229,2000,SLI,2.0,95,20,8-pin,0,11.4,11.5,188843,399661.0,0.0,7247.0,0.0,0.0881,0.038375,949.9938651230012,0.082342,0.037908,944.944869791,0.0975,0.10951,2104.223574962,0.0972,0.108355,2099.1627225370007,,,,,,,,,199,Prefabs/GPU/NVidia/GPU_Nvidia_RTX_2070,NVIDIA Tesla A16 (8-Way)
GPU,NVIDIA Tesla,Axx,8x Tesla A30,NVIDIA,Tesla A30 (8-Way),Y,Y,116855,111992,89240,37,20,,PC,Green,192,780,1440,1855,2100,330,1215,1755,2100,229,1320,SLI,2.0,95,25,8-pin,0,11.4,11.5,190499,403165.0,0.0,7247.0,0.0,0.0881,0.038375,995.060474438,0.082342,0.037908,990.060411111,0.0975,0.08951,2212.2899686200008,0.0972,0.088355,2207.8903046609967,,,,,,,,,199,Prefabs/GPU/NVidia/GPU_Nvidia_RTX_2070,NVIDIA Tesla A30 (8-Way)
GPU,NVIDIA Tesla,Axx,8x Tesla A40,NVIDIA,Tesla A40 (8-Way),Y,Y,129249,119992,97240,37,40,,PC,Green,384,1310,1755,2000,2200,1224,1812,2150,2400,267,1320,SLI,2.0,95,30,8-pin + 6-pin,RTX 3000,11.4,11.5,210943,446432.0,0.0,7247.0,0.0,0.0981,0.058375,1014.5514426240004,0.094342,0.057908,1009.5439045690005,0.1075,0.10951,2338.834404105002,0.1072,0.108355,2333.8988824850007,,,,,,,,,199,Prefabs/GPU/NVidia/GPU_Nvidia_RTX_2080,NVIDIA Tesla A40 (8-Way)
GPU,NVIDIA Tesla,Dxx,8x Tesla D100 40GB,NVIDIA,Tesla D100 40GB (8-Way),Y,Y,146433,175992,151992,38,50,,,,384,1220,1610,1835,2000,-630,1285,2500,3200,268,2400,SLI,2.0,95,25,8-pin + 8-pin,RTX 3000,9.5,10.0,238523,504802.0,3.781843706130089,14164.0,25810.0,0.1481,0.138375,1048.0802101100005,0.135342,0.142908,1043.0802101110003,0.17575,0.13051,2655.0869602500006,0.153655,0.119355,2650.1057643509985,,,,,,,,,199,v1_7_0/Prefabs/GPU/ZOTAC/GPU_Zotac_Gaming_GeForce_RTX2080_Ti_Blower,NVIDIA Tesla D100 40GB (8-Way)
GPU,NVIDIA Tesla,Dxx,8x Tesla D100 80GB,NVIDIA,Tesla D100 80GB (8-Way),Y,Y,163081,207992,183992,39,90,,,,640,1120,1610,1900,2100,236,1668,2615,3100,268,2800,SLI,2.0,95,30,8-pin + 8-pin,RTX 3000,9.5,10.0,265971,562892.0,3.781843706130089,14164.0,25810.0,0.1481,0.138375,1161.5633875810013,0.135342,0.142908,1156.5633872219996,0.20575,0.16051,2854.0277411360016,0.191655,0.152355,2849.075811528999,,,,,,,,,199,v1_7_0/Prefabs/GPU/ZOTAC/GPU_Zotac_Gaming_GeForce_RTX2080_Ti_Blower,NVIDIA Tesla D100 80GB (8-Way)
GPU,NVIDIA Tesla,Mx000,8x Tesla M4,NVIDIA,Tesla M4 (8-Way),Y,Y,14063,4520,3080,24,35,,,,32,544,1072,1400,1600,750,1375,1785,2000,145,400,SLI,2.0,85,30,,GTX,10.9,11.0,22281,47154.0,1.947889182,6741.0,14724.0,0.030172,0.028984,68.44012208100004,0.030296,0.02578,63.47114872300002,0.065904,0.021692,196.06140784799993,0.056961,0.019359,191.36264602800023,,,,,,,,,199,Prefabs/GPU/EVGA/EVGA_GTX_1050Ti_Gaming,NVIDIA Tesla M4 (8-Way)
GPU,NVIDIA Tesla,Mx000,8x Tesla M40,NVIDIA,Tesla M40 (8-Way),Y,Y,47748,12552,10568,24,35,,,,96,628,1114,1435,1600,1004,1502,1815,2000,267,2000,SLI,2.0,85,30,8-pin + 8-pin,GTX,10.9,11.0,77506,164030.0,1.947889182,6741.0,14724.0,0.030172,0.028984,400.33850225500026,0.030296,0.02578,395.33874262700016,0.073904,0.035692,873.5885133429997,0.068961,0.030359,868.5885157310009,,,,,,,,,199,Prefabs/GPU/EVGA/EVGA_GeforceGTX1070,NVIDIA Tesla M40 (8-Way)
GPU,NVIDIA Tesla,Mx000,8x Tesla M60,NVIDIA,Tesla M60 (8-Way),Y,Y,52039,15992,14168,24,35,,,,128,656,1178,1500,1700,606,1253,1653,1900,267,2400,SLI,2.0,85,40,8-pin + 8-pin,GTX,10.9,11.0,84611,179069.0,1.947889182,6741.0,14724.0,0.030172,0.028984,448.5333740950003,0.030296,0.02578,443.5337059080001,0.092904,0.050692,926.5152350700006,0.088961,0.046359,921.5152331130002,,,,,,,,,199,Prefabs/GPU/EVGA/EVGA_GeforceGTX1070,NVIDIA Tesla M60 (8-Way)
GPU,NVIDIA Tesla,Pxx,8x Tesla P100-12GB,NVIDIA,Tesla P100 12GB (8-Way),Y,Y,61622,20000,16920,24,40,,,Green,96,658,1329,1750,2000,-770,715,1675,2200,267,2000,SLI,2.0,95,15,8-pin,RTX,10.9,11.5,100486,212664.0,3.85,4701.0,9743.0,0.033804,0.01013,564.052243824,0.032748,0.009282,559.0991534880003,0.059011,0.067456,1191.0076390520005,0.040905,0.050465,1186.0085721739995,,,,,,,,,199,Prefabs/GPU/NVidia/GPU_Nvidia_GeForceGTX_1070,NVIDIA Tesla P100 12GB (8-Way)
GPU,NVIDIA Tesla,Pxx,8x Tesla P100-16GB,NVIDIA,Tesla P100 16GB (8-Way),Y,Y,70171,22000,18680,24,80,,,Green,128,658,1329,1750,2000,-770,715,1700,2200,267,2000,SLI,2.0,95,15,8-pin,RTX,10.9,11.5,114501,242326.0,4.15,4701.0,9743.0,0.033804,0.01013,649.5462242060007,0.032748,0.009282,644.5157413040001,0.059011,0.067456,1372.11723444,0.040905,0.050465,1366.5660765930004,,,,,,,,,199,Prefabs/GPU/NVidia/GPU_Nvidia_GeForceGTX_1070,NVIDIA Tesla P100 16GB (8-Way)
GPU,NVIDIA Tesla,Pxx,8x Tesla P4,NVIDIA,Tesla P4 (8-Way),Y,Y,30666,7992,5480,23,60,,,,64,628,1114,1435,1600,304,1502,2300,2700,250,600,SLI,1.5,95,15,,GTX,10.9,11.5,49487,104732.0,3.15,4701.0,9743.0,0.030172,0.028984,229.51907794199997,0.030296,0.02578,224.5190833130002,0.057004,0.02529,584.116623333,0.002961,0.010139,579.1167926310005,,,,,,,,,199,Prefabs/Generic/GPU,NVIDIA Tesla P4 (8-Way)
GPU,NVIDIA Tesla,Pxx,8x Tesla P40,NVIDIA,Tesla P40 (8-Way),Y,Y,54617,27600,22840,25,20,,,Green,192,1262,1531,1650,1800,-198,1251,2200,2700,267,2000,SLI,2.0,95,15,6-pin,RTX,10.9,11.5,88943,188235.0,3.6,4701.0,9743.0,0.033804,0.01013,481.74371111099987,0.032748,0.009282,476.804974103,0.099011,0.052456,958.9997544120012,0.070905,0.046465,953.9997222220001,,,,,,,,,199,Prefabs/GPU/NVidia/GPU_Nvidia_GeForceGTX_1060,NVIDIA Tesla P40 (8-Way)
GPU,NVIDIA Tesla,Pxx,8x Tesla P6,NVIDIA,Tesla P6 (8-Way),Y,Y,45013,13592,9592,25,50,,,,128,1212,1506,1650,1800,404,1502,2200,2600,267,720,SLI,1.5,95,15,,GTX,10.9,11.5,73025,154547.0,3.35,4701.0,9743.0,0.030172,0.028984,361.16609610200027,0.030296,0.02578,356.16637109100026,0.137004,0.07529,661.6703434329999,0.105961,0.060139,656.6703935360006,,,,,,,,,199,Prefabs/GPU/EVGA/EVGA_GTX_1030_SC,NVIDIA Tesla P6 (8-Way)
GPU,NVIDIA Tesla,Txx,8x Tesla T4,NVIDIA,Tesla T4 (8-Way),Y,Y,77814,15992,10792,31,60,,,,128,1380,1590,1700,1800,600,1250,1650,1900,169,560,SLI,1.5,95,10,,RTX,13.3,13.0,126903,268573.0,5.2,1124.0,3100.0,0.040141,0.045807,657.0595481120004,0.03975,0.043393,652.0595481130002,0.067141,0.065807,1451.2460734030008,0.06575,0.067393,1446.246073111,,,,,,,,,199,Prefabs/GPU/EVGA/EVGA_GTX_1030_SC,NVIDIA Tesla T4 (8-Way)
GPU,NVIDIA Tesla,Vxx,8x Tesla V100-16GB,NVIDIA,Tesla V100 16GB (8-Way),Y,Y,90957,50000,28400,29,50,,,Green,128,860,1380,1722,1900,250,1025,1500,1800,267,2000,SLI,2.0,95,20,8-pin,RTX,13.3,13.0,148282,313820.0,4.8,1124.0,3100.0,0.149184,0.178357,520.8818082430005,0.145342,0.177908,515.881808714,0.188195,0.198357,1482.0832599950013,0.168342,0.169342,1477.0859074420016,,,,,,,,,199,Prefabs/GPU/NVidia/GPU_Nvidia_GeForceGTX_1080,NVIDIA Tesla V100 16GB (8-Way)
GPU,NVIDIA Tesla,Vxx,8x Tesla V100-32GB,NVIDIA,Tesla V100 32GB (8-Way),Y,Y,108446,69200,49080,29,20,,,Green,256,860,1380,1715,1900,450,1025,1350,1600,267,2000,SLI,2.0,95,20,8-pin,RTX,13.3,13.0,176965,374522.0,5.3,1124.0,3100.0,0.149184,0.178357,695.7729559070003,0.145342,0.177908,690.7729632620004,0.188195,0.198357,1852.1181676250008,0.168342,0.169342,1847.1549687410018,,,,,,,,,199,Prefabs/GPU/NVidia/GPU_Nvidia_GeForceGTX_1080,NVIDIA Tesla V100 32GB (8-Way)
GPU,NVIDIA Tesla,Vxx,8x Tesla V100-32GB,NVIDIA,Tesla V100S 32GB (8-Way),Y,Y,116937,78800,57080,30,50,,,Green,256,1094,1597,1897,2100,212,1106,1650,2000,267,2400,SLI,2.0,95,20,8-pin + 6-pin,RTX,13.3,13.0,190819,403843.0,4.9,1124.0,3100.0,0.049184,0.078357,1004.1647222229997,0.045342,0.077908,999.1672607200006,0.110195,0.150357,2128.788651226,0.105342,0.146342,2123.824058317,,,,,,,,,199,Prefabs/GPU/NVidia/GPU_Nvidia_GeForceGTX_1080Ti,NVIDIA Tesla V100S 32GB (8-Way)
GPU,NVIDIA GeForce,GTX TITAN X,GeForce GTX TITAN X,MSI,GeForce GTX TITAN X 12G GOLDEN EDITION,Y,Y,4319,865,672,5,1,,,White,12,1008,1304,1500,1600,1348,1774,2025,2200,277,250,SLI,2.0,95,30,8-pin + 6-pin,GTX,11.0,11.0,6183,15453.0,1.9611294462779612,6207.0,12268.0,0.0241,0.004619,3.57611,0.02254,0.003327,-1.83912,0.025497,0.008065,56.52487000000002,0.021446,0.003844,51.294500000000006,,,,,,,,,199,Prefabs/GPU/MSI/MSI_GTX_980TiG6G_GoldEdition,MSI GeForce GTX TITAN X 12G GOLDEN EDITION
GPU,NVIDIA Quadro,Vx000,Quadro GV100,NVIDIA,Quadro GV100,Y,Y,8085,6500,3750,26,35,,,,32,1154,1627,1900,2100,-98,1001,1696,2100,267,250,SLI,2.0,95,35,8-pin,RTX,7.0,7.0,12711,33110.0,5.0,35521.0,75671.0,0.049184,0.008357,-7.5375,0.045342,0.007908,-7.257,0.08571,0.119504,-33.921,0.080653,0.089351,-37.674,,,,,,,,,199,Prefabs/GPU/EVGA/EVGA_GTX_1080_Gaming,NVIDIA Quadro GV100
GPU,NVIDIA Quadro,Vx000,Quadro GV100,RED Digital Cinema,ROCKET (Quadro GV100),Y,Y,0,3250,1875,26,35,,,,32,1464,1632,1700,1800,312,1006,1446,1700,147,175,SLI,1.5,95,35,,,7.0,7.0,0,0.0,5.0,35521.0,75671.0,0.0,0.0,0.0,0.0,0.0,0.0,0.0,0.0,0.0,0.0,0.0,0.0,,,,,,,,,199,Prefabs/Generic/GPU,RED Digital Cinema ROCKET (Quadro GV100)
GPU,NVIDIA Quadro,Vx000,Quadro GV100,RED Digital Cinema,ROCKET-X (Quadro GV100),Y,Y,0,3900,2250,26,35,,,,32,1364,1632,1750,1900,212,1006,1496,1800,280,200,SLI,2.0,95,35,8-pin + 6-pin,,7.0,7.0,0,0.0,5.0,35521.0,75671.0,0.0,0.0,0.0,0.0,0.0,0.0,0.0,0.0,0.0,0.0,0.0,0.0,,,,,,,,,199,Prefabs/GPU/AMD/GPU_AMD_Radeon_RX_5700,RED Digital Cinema ROCKET-X (Quadro GV100)
GPU - Water,NVIDIA Quadro,Vx000,Quadro GV100,NVIDIA,Quadro GV100 | Alphacool Eisblock GPX-N Acetal M02,Y,Y,8965,6750,4000,26,85,,,,32,878,1789,2375,2700,-498,1101,2120,2700,267,275,SLI,2.0,95,70,8-pin + 8-pin,RTX,7.0,7.0,14098,37009.0,5.0,,,0.049184,0.008357,-7.5375,0.045342,0.007908,-7.257,0.08571,0.119504,-33.921,0.080653,0.089351,-37.674,2325.0,2070.0,5.0,5.0,,,,,199,Prefabs/GPU/Alphacool/GPU_Alphacool_Eisblock_GPXN_Acetal_NvidiaGeforceRTX_2080Ti_M02,NVIDIA Quadro GV100 | Alphacool Eisblock GPX-N Acetal M02
GPU - Water,NVIDIA Quadro,Vx000,Quadro GV100,NVIDIA,Quadro GV100 ENTHUSIAST-ED | Alphacool Eisblock GPX-N Plexi M02,Y,Y,11176,7150,4400,27,35,,,RGB,32,492,2196,3325,3900,-1098,1351,2968,3800,267,325,SLI,2.0,95,185,8-pin + 8-pin,RTX,7.0,7.0,17580,46783.0,5.0,,,0.049184,0.008357,-7.5375,0.045342,0.007908,-7.257,0.08571,0.119504,-33.921,0.080653,0.089351,-37.674,3275.0,2918.0,5.0,5.0,,,,,199,Prefabs/GPU/Alphacool/GPU_Alphacool_Eisblock_GPXNPlexi_NvidiaGeforceRTX_2080Ti_M01,NVIDIA Quadro GV100 ENTHUSIAST-ED | Alphacool Eisblock GPX-N Plexi M02
GPU - Water,NVIDIA Quadro,Vx000,Quadro GV100,NVIDIA,Quadro GV100 ENTHUSIAST-ED. | Alphacool NexXxoS GPX M10,Y,,9216,7650,4900,27,1,,,RGB,32,-30,1785,2950,3600,-750,1425,2850,3600,291,335,SLI,2.0,101,75,8-pin,RTX,8.8,,14499,42397.0,5.1,,,0.049184,0.008357,-7.5375,0.045342,0.007908,-7.257,0.08571,0.119504,-33.921,0.080653,0.089351,-37.674,2560.0,2445.0,7.5,8.0,,,,,199,Prefabs/GPU/Alphacool/GPU_Alphacool_NexXxoS_GPX_ NvidiaGeforceGTX1080_M10,NVIDIA Quadro GV100 ENTHUSIAST-ED. | Alphacool NexXxoS GPX M10
GPU - Water,NVIDIA Quadro,Vx000,Quadro GV100,NVIDIA,Quadro GV100 LN2-Ready | Alphacool NexXxoS GPX M10,Y,Y,12501,7800,5050,28,1,,,,32,-1220,2440,4845,6100,-2798,1501,4324,5800,500,500,SLI,2.0,95,185,8-pin,RTX,7.0,7.0,19668,52644.0,5.0,,,0.049184,0.008357,-7.5375,0.045342,0.007908,-7.257,0.08571,0.119504,-33.921,0.080653,0.089351,-37.674,4795.0,4274.0,5.0,5.0,,,,,199,Prefabs/GPU/Alphacool/GPU_Alphacool_NexXxoS_GPX_ NvidiaGeforceGTX1080_M10,NVIDIA Quadro GV100 LN2-Ready | Alphacool NexXxoS GPX M10
GPU - Water,NVIDIA Quadro,Vx000,Quadro GV100,NVIDIA,Quadro GV100 LN2-READY | EKWB EK-FC Plexi,Y,,13265,8950,6200,27,35,,,,32,-3700,2400,6450,8500,-1800,2650,5550,7100,500,545,SLI,2.0,106,150,8-pin + 6-pin,RTX,8.8,,20890,71399.0,5.6,,,0.049184,0.008357,-7.5375,0.045342,0.007908,-7.257,0.08571,0.119504,-33.921,0.080653,0.089351,-37.674,6350.0,5450.0,7.5,13.0,,,,,199,Prefabs/GPU/EKWB/EKWB_Watercooled_1080tiGPU_Clear,NVIDIA Quadro GV100 LN2-READY | EKWB EK-FC Plexi
GPU,NVIDIA Quadro,Mx000,Quadro M2000,NVIDIA,Quadro M2000,Y,Y,2024,365,244,6,1,,,,4,326,1163,1695,2000,1106,1653,2000,2200,147,75,,1.5,85,25,,GTX,11.6,11.6,2385,0.0,1.947889182,2278.0,4221.0,0.017248,0.016908,-27.7608479160824,0.013101,0.016258,-30.76184791608237,0.0,0.0,0.0,0.0,0.0,0.0,,,,,,,,,199,Prefabs/Generic/GPU,NVIDIA Quadro M2000
GPU,NVIDIA Quadro,Mx000,Quadro M4000,NVIDIA,Quadro M4000,Y,Y,3356,685,535,6,25,,,,8,46,773,1215,1500,704,1502,2000,2300,147,120,SLI,1.5,85,25,,GTX,10.9,11.0,4702,11533.0,1.947889182,6741.0,14724.0,0.030172,0.028984,-33.288799999999995,0.030296,0.02578,-37.11271,0.022904,0.00529,53.03039999999998,0.015961,0.002139,48.021799999999985,,,,,,,,,199,Prefabs/Generic/GPU,NVIDIA Quadro M4000
GPU,NVIDIA Quadro,Mx000,Quadro M5000,NVIDIA,Quadro M5000,Y,Y,4022,950,752,6,65,,,,8,476,1038,1375,1600,1006,1653,2035,2300,267,150,SLI,2.0,85,25,8-pin,GTX,10.9,11.0,5737,14514.0,1.947889182,6741.0,14724.0,0.030172,0.028984,-39.00088,0.030296,0.02578,-43.11271,0.022904,0.03529,19.73039999999997,0.015961,0.028359,14.808799999999984,,,,,,,,,199,Prefabs/GPU/NVidia/GPU_Nvidia_GeForceGTX_1070,NVIDIA Quadro M5000
GPU,NVIDIA Quadro,Mx000,Quadro M6000,NVIDIA,Quadro M6000,Y,Y,4652,1199,952,6,95,,,,12,628,1114,1375,1600,1006,1653,2035,2300,267,250,SLI,2.0,85,25,8-pin,GTX,10.9,11.0,6660,18389.0,1.947889182,6741.0,14724.0,0.030172,0.028984,-35.00088,0.030296,0.02578,-40.33271,0.060904,0.033292,-3.1796000000000455,0.056961,0.030359,-8.1712,,,,,,,,,199,Prefabs/GPU/NVidia/GPU_Nvidia_GeForceGTX_1080,NVIDIA Quadro M6000
GPU,NVIDIA Quadro,Mx000,Quadro M6000 24GB,NVIDIA,Quadro M6000 24GB,Y,Y,4865,1499,1285,7,20,,,,24,628,1114,1400,1600,1006,1653,2050,2300,267,250,SLI,2.0,85,30,8-pin + 6-pin,GTX,10.9,11.0,7149,19915.0,1.947889182,6741.0,14724.0,0.030172,0.028984,-32.87088,0.030296,0.02578,-36.87088,0.090904,0.045292,-48.029600000000045,0.086961,0.043359,-53.121199999999995,,,,,,,,,199,Prefabs/GPU/NVidia/GPU_Nvidia_GeForceGTX_1080Ti,NVIDIA Quadro M6000 24GB
GPU,NVIDIA Quadro,Px000,Quadro P1000,NVIDIA,Quadro P1000,Y,Y,1804,300,115,18,50,,,,4,732,1266,1580,1800,606,1253,1650,1900,147,47,,1.5,85,25,,GTX,11.6,11.6,1927,0.0,1.947889182,2278.0,4221.0,0.017248,0.016908,-24.97684791608238,0.012101,0.011258,-20.708569,0.0,0.0,0.0,0.0,0.0,0.0,,,,,,,,,199,Prefabs/GPU/EVGA/EVGA_GTX_1030_SC,NVIDIA Quadro P1000
GPU,NVIDIA Quadro,Px000,Quadro P2000,NVIDIA,Quadro P2000,Y,Y,2459,450,185,19,25,,,,5,1060,1480,1750,1900,1304,1752,2000,2200,147,75,,1.0,85,25,,GTX,11.0,11.0,4168,0.0,1.947889182,4410.0,6523.0,0.022399,0.023825,-50.29588769280763,0.025958,0.022889,-52.21902,0.0,0.0,0.0,0.0,0.0,0.0,,,,,,,,,199,Prefabs/GPU/GigaByte/GigaByte_GTX1030,NVIDIA Quadro P2000
GPU,NVIDIA Quadro,Px000,Quadro P400,NVIDIA,Quadro P400,Y,Y,1571,150,95,18,50,,,,2,1104,1252,1350,1400,604,1002,1220,1400,147,30,,1.5,85,25,,GTX,11.6,11.6,1569,0.0,1.947889182,2278.0,4221.0,0.017248,0.016908,-22.81684791608238,0.013101,0.016258,-25.81684791608238,0.0,0.0,0.0,0.0,0.0,0.0,,,,,,,,,199,Prefabs/GPU/EVGA/EVGA_GTX_1030_SC,NVIDIA Quadro P400
GPU,NVIDIA Quadro,Px000,Quadro P4000,NVIDIA,Quadro P4000,Y,Y,3854,815,153,20,50,,,,8,1260,1480,1600,1700,1702,1901,2000,2100,147,105,SLI,1.5,85,25,,RTX,10.9,11.0,5339,13006.0,1.947889182,6741.0,14724.0,0.030172,0.028984,-61.2088,0.030296,0.02578,-65.66271,0.047004,0.04529,-75.7896,0.045961,0.048139,-80.7882,,,,,,,,,199,Prefabs/Generic/GPU,NVIDIA Quadro P4000
GPU,NVIDIA Quadro,Px000,Quadro P5000,NVIDIA,Quadro P5000,Y,Y,4800,1250,755,21,65,,,,16,1566,1733,1842,1900,54,1127,1785,2200,267,180,SLI,2.0,95,25,8-pin,RTX,9.0,9.0,7224,18268.0,1.977889182,11512.0,24724.0,0.033804,0.01013,-21.9926,0.032748,0.009282,-26.5168,0.099011,0.084456,-115.5506,0.070905,0.076465,-120.8782,,,,,,,,,199,Prefabs/GPU/NVidia/GPU_Nvidia_GeForceGTX_1070,NVIDIA Quadro P5000
GPU,NVIDIA Quadro,Px000,Quadro P600,NVIDIA,Quadro P600,Y,Y,1732,235,155,18,50,,,,2,1314,1557,1685,1800,604,1002,1250,1400,147,40,,1.5,85,25,,GTX,11.6,11.6,1775,0.0,1.947889182,2278.0,4221.0,0.017248,0.016908,-26.47684791608238,0.013101,0.016258,-28.81684791608238,0.0,0.0,0.0,0.0,0.0,0.0,,,,,,,,,199,Prefabs/GPU/EVGA/EVGA_GTX_1030_SC,NVIDIA Quadro P600
GPU,NVIDIA Quadro,Px000,Quadro P6000,NVIDIA,Quadro P6000,Y,Y,6113,1850,1250,22,1,,,Green,24,1290,1645,1840,2000,354,1127,1585,1900,267,250,SLI,2.0,95,25,8-pin + 6-pin,RTX,9.0,9.0,9533,23089.0,1.977889182,16571.0,30531.0,0.033804,0.01013,-5.8926,0.032748,0.009282,-8.9168,0.099011,0.084456,-80.9506,0.070905,0.076465,-85.9782,,,,,,,,,199,Prefabs/GPU/NVidia/GPU_Nvidia_GeForceGTX_1080Ti,NVIDIA Quadro P6000
GPU - Water,NVIDIA Quadro,Px000,Quadro P6000,NVIDIA,Quadro P6000 | EKWB EK-FC Plexi,Y,,6474,2400,1615,22,45,,,,24,430,1715,2515,3000,-700,1250,2515,3200,258,280,SLI,2.0,100,20,8-pin + 6-pin,GTX,9.0,,10111,25695.0,1.9814081780788773,,,0.033804,0.01013,-5.8926,0.032748,0.009282,-8.9168,0.099011,0.084456,-80.9506,0.070905,0.076465,-85.9782,2215.0,2300.0,5.3,8.0,,,,,199,Prefabs/GPU/EKWB/EKWB_Watercooled_1080tiGPU_Clear,NVIDIA Quadro P6000 | EKWB EK-FC Plexi
GPU,NVIDIA Quadro,Tx000,Quadro RTX 4000,NVIDIA,Quadro RTX 4000,Y,Y,5550,1450,785,29,25,,PC,,8,1090,1545,1800,2000,1050,1625,2000,2200,268,160,,2.0,95,15,8-pin + 8-pin,RTX,11.4,11.5,7406,0.0,,7247.0,0.0,0.081141,0.149807,-313.29,0.07875,0.143807,-317.29,0.0,0.0,0.0,0.0,0.0,0.0,,,,,,,,,199,v1_7_0/Prefabs/GPU/ZOTAC/GPU_Zotac_Gaming_GeForce_RTX2080_Ti_Blower,NVIDIA Quadro RTX 4000
GPU,NVIDIA Quadro,Tx000,Quadro RTX 5000,NVIDIA,Quadro RTX 5000,Y,Y,6395,2000,1050,29,65,,PC,,16,1530,1815,1950,2100,1300,1750,2025,2200,268,230,SLI,2.0,95,15,8-pin + 8-pin,RTX,11.4,11.5,10448,31063.0,,7247.0,0.0,0.035141,0.039807,-69.492808,0.03475,0.037393,-65.036967,0.067141,0.065807,-45.382808,0.06575,0.067393,-50.036967,,,,,,,,,199,v1_7_0/Prefabs/GPU/ZOTAC/GPU_Zotac_Gaming_GeForce_RTX2080_Ti_Blower,NVIDIA Quadro RTX 5000
GPU,NVIDIA Quadro,Tx000,Quadro RTX 6000,NVIDIA,Quadro RTX 6000,Y,Y,7850,4400,3250,29,95,,PC,,24,1340,1770,2050,2200,1200,1750,2065,2300,268,260,SLI,2.0,95,15,8-pin + 8-pin,RTX,11.4,11.5,11353,34911.0,2.0,7247.0,0.0,0.035141,0.039807,-53.352808,0.03475,0.037393,-65.036967,0.077141,0.070807,-45.382808,0.07575,0.072393,-50.036967,,,,,,,,,199,v1_7_0/Prefabs/GPU/ZOTAC/GPU_Zotac_Gaming_GeForce_RTX2080_Ti_Blower,NVIDIA Quadro RTX 6000
GPU,NVIDIA Quadro,Tx000,Quadro RTX 8000,NVIDIA,Quadro RTX 8000,Y,Y,8850,7000,4250,30,65,,,,48,1250,1775,2100,2300,300,1750,2700,3200,268,260,SLI,2.0,95,75,8-pin + 8-pin,RTX,7.0,7.0,13698,30873.0,5.0,28121.0,53671.0,0.035141,0.039807,-43.532808,0.03475,0.037393,-48.036967,0.077141,0.070807,-70.382808,0.07575,0.072393,-75.036967,,,,,,,,,199,v1_7_0/Prefabs/GPU/ZOTAC/GPU_Zotac_Gaming_GeForce_RTX2080_Ti_Blower,NVIDIA Quadro RTX 8000
GPU,NVIDIA Quadro,Tx000,Quadro RTX 8000,RED Digital Cinema,ROCKET (Quadro RTX 8000),Y,Y,0,3500,2125,30,65,,,,48,1560,1780,1900,2000,710,1755,2450,2800,147,185,SLI,1.5,95,75,,,7.0,7.0,0,0.0,5.0,28121.0,53671.0,0.0,0.0,0.0,0.0,0.0,0.0,0.0,0.0,0.0,0.0,0.0,0.0,,,,,,,,,199,Prefabs/Generic/GPU,RED Digital Cinema ROCKET (Quadro RTX 8000)
GPU,NVIDIA Quadro,Tx000,Quadro RTX 8000,RED Digital Cinema,ROCKET-X (Quadro RTX 8000),Y,Y,0,4200,2550,30,65,,,,48,1460,1780,1950,2100,610,1755,2500,2900,280,210,SLI,2.0,95,75,8-pin + 6-pin,,7.0,7.0,0,0.0,5.0,28121.0,53671.0,0.0,0.0,0.0,0.0,0.0,0.0,0.0,0.0,0.0,0.0,0.0,0.0,,,,,,,,,199,Prefabs/GPU/AMD/GPU_AMD_Radeon_RX_5700,RED Digital Cinema ROCKET-X (Quadro RTX 8000)
GPU - Water,NVIDIA Quadro,Tx000,Quadro RTX 8000,EVGA,Quadro RTX 8000 ENTHUSIAST-ED FTW3 EXTREME HYDRO COPPER,Y,Y,13468,7650,4900,31,65,,,,48,392,2396,3675,4400,-1276,2362,4725,6000,268,335,SLI,2.0,95,225,8-pin + 8-pin,RTX,7.0,7.0,21135,45847.0,5.0,,,0.035141,0.039807,-43.532808,0.03475,0.037393,-48.036967,0.077141,0.070807,-70.382808,0.07575,0.072393,-75.036967,3625.0,4675.0,5.0,5.0,,,,,199,v1_7_0/Prefabs/GPU/EVGA/GPU_EVGA_GeForce_RTX_2080_Ti_FTW3_Ultra_Hydro_Cooper_Gaming,EVGA Quadro RTX 8000 ENTHUSIAST-ED FTW3 EXTREME HYDRO COPPER
GPU - Water,NVIDIA Quadro,Tx000,Quadro RTX 8000,EVGA,Quadro RTX 8000 LN2-Ready XC HYDRO COPPER GAMING,Y,Y,15450,8300,5550,32,30,,,,48,-1476,2662,5355,6800,-3850,2625,6884,9100,500,510,SLI,2.0,95,225,8-pin + 8-pin,RTX,7.0,7.0,24325,52270.0,5.0,,,0.035141,0.039807,-43.532808,0.03475,0.037393,-48.036967,0.077141,0.070807,-70.382808,0.07575,0.072393,-75.036967,5305.0,6834.0,5.0,5.0,,,,,199,v1_9_0/Prefabs/GPU/EVGA/GPU_EVGA_GeForce_RTX_2080_Ti_XC_HYDRO_COPPER_GAMING,EVGA Quadro RTX 8000 LN2-Ready XC HYDRO COPPER GAMING
GPU - Water,NVIDIA Quadro,Tx000,Quadro RTX 8000,NVIDIA,Quadro RTX 8000 | EKWB EK-FC Plexi,Y,Y,10169,7250,4500,31,15,,,,48,904,1952,2625,3000,-350,1925,3375,4200,268,285,SLI,2.0,95,110,8-pin + 6-pin,RTX,7.0,7.0,15822,35148.0,5.0,,,0.035141,0.039807,-43.532808,0.03475,0.037393,-48.036967,0.077141,0.070807,-70.382808,0.07575,0.072393,-75.036967,2575.0,3325.0,5.0,5.0,,,,,199,Prefabs/GPU/EKWB/EKWB_Watercooled_1080tiGPU_Clear,NVIDIA Quadro RTX 8000 | EKWB EK-FC Plexi
GPU,NVIDIA Quadro,Tx200,Quadro RTX 8200,NVIDIA,Quadro RTX 8200,Y,Y,9450,7999,5315,31,1,,,,48,600,1500,2050,2400,800,1750,2350,2700,268,290,SLI,2.0,95,80,8-pin + 8-pin,RTX,7.0,7.0,14725,39397.0,5.0,28121.0,53671.0,0.035141,0.039807,-27.872808,0.03475,0.037393,-32.036967,0.077141,0.075807,-5.382808,0.07575,0.075393,-8.036967,,,,,,,,,199,v1_7_0/Prefabs/GPU/ZOTAC/GPU_Zotac_Gaming_GeForce_RTX2080_Ti_Blower,NVIDIA Quadro RTX 8200
GPU - Water,NVIDIA Quadro,Tx200,Quadro RTX 8200,NVIDIA,Quadro RTX 8200 | EKWB EK-FC Plexi,Y,,10726,7999,5315,31,1,,,,48,800,1750,2350,2700,600,1850,2650,3100,258,315,SLI,2.0,96,30,8-pin + 6-pin,RTX,13.3,,16793,43771.0,3.981843706130089,,,0.035141,0.039807,-27.872808,0.03475,0.037393,-32.036967,0.077141,0.075807,-5.382808,0.07575,0.075393,-8.036967,2300.0,2600.0,7.0,6.0,,,,,199,Prefabs/GPU/EKWB/EKWB_Watercooled_1080tiGPU_Clear,NVIDIA Quadro RTX 8200 | EKWB EK-FC Plexi
GPU - Water,NVIDIA Quadro,Tx200,Quadro RTX 8200,NVIDIA,Quadro RTX 8200 ENTHUSIAST-ED. | ArcticStorm EXTREME,Y,,13279,8899,6115,31,35,,,RGB,48,-1000,2250,4350,5500,-1900,2050,4650,6000,295,365,SLI,2.0,100,65,8-pin + 8-pin,RTX,13.3,,20927,52519.0,4.3818437061300894,,,0.035141,0.039807,-27.872808,0.03475,0.037393,-32.036967,0.077141,0.075807,-5.382808,0.07575,0.075393,-8.036967,4300.0,4600.0,8.0,8.0,,,,,199,Prefabs/GPU/ZOTAC/GPU_Zotac_Gaming_Geforce_RTX2080Ti_ArticStorm,NVIDIA Quadro RTX 8200 ENTHUSIAST-ED. | ArcticStorm EXTREME
GPU - Water,NVIDIA Quadro,Tx200,Quadro RTX 8200,NVIDIA,Quadro RTX 8200 LN2-READY | Alphacool NexXxoS GPX M10,Y,,19369,1199,7415,31,75,,,,48,-2500,2850,6350,8200,-3900,3050,7650,10000,500,515,SLI,2.0,103,165,8-pin,RTX,13.3,,30693,72439.0,5.481843706130089,,,0.035141,0.039807,-27.872808,0.03475,0.037393,-32.036967,0.077141,0.075807,-5.382808,0.07575,0.075393,-8.036967,6300.0,7600.0,8.4,14.0,,,,,199,Prefabs/GPU/Alphacool/GPU_Alphacool_NexXxoS_GPX_ NvidiaGeforceGTX1080_M10,NVIDIA Quadro RTX 8200 LN2-READY | Alphacool NexXxoS GPX M10
GPU - Water,NVIDIA Quadro,Ax00,Quadro RTX A40,NVIDIA,Quadro RTX A40 | EKWB EK-FC Plexi,Y,,17476,11850,7150,30,95,,,,48,1450,2025,2350,2600,1324,2012,2450,2700,258,325,SLI,2.0,96,30,8-pin + 6-pin,RTX 3000,13.3,,27484,61922.0,3.981843706130089,,,0.0481,0.008375,60.5075,0.045342,0.007908,53.257,0.05975,0.10951,62.921,0.057655,0.089355,57.674,2300.0,2400.0,7.0,6.0,,,,,199,Prefabs/GPU/EKWB/EKWB_Watercooled_1080tiGPU_Clear,NVIDIA Quadro RTX A40 | EKWB EK-FC Plexi
GPU - Water,NVIDIA Quadro,Ax00,Quadro RTX A40,NVIDIA,Quadro RTX A40 ENTHUSIAST-ED. | ArcticStorm EXTREME,Y,,21330,12550,7650,31,25,,,RGB,48,300,2750,4350,5200,-900,2450,4650,5800,295,375,SLI,2.0,100,65,8-pin + 8-pin,RTX 3000,13.3,,33620,75994.0,4.3818437061300894,,,0.0481,0.008375,60.5075,0.045342,0.007908,53.257,0.05975,0.10951,62.921,0.057655,0.089355,57.674,4300.0,4600.0,8.0,8.0,,,,,199,Prefabs/GPU/ZOTAC/GPU_Zotac_Gaming_Geforce_RTX2080Ti_ArticStorm,NVIDIA Quadro RTX A40 ENTHUSIAST-ED. | ArcticStorm EXTREME
GPU - Water,NVIDIA Quadro,Ax00,Quadro RTX A40,NVIDIA,Quadro RTX A40 LN2-READY | Alphacool NexXxoS GPX M10,Y,,25429,14050,8350,31,50,,,,48,-1300,3550,6750,8400,-4700,2750,7650,10200,500,525,SLI,2.0,103,165,8-pin,RTX 3000,13.3,,40145,88558.0,5.481843706130089,,,0.0481,0.008375,60.5075,0.045342,0.007908,53.257,0.05975,0.10951,62.921,0.057655,0.089355,57.674,6700.0,7600.0,8.4,14.0,,,,,199,Prefabs/GPU/Alphacool/GPU_Alphacool_NexXxoS_GPX_ NvidiaGeforceGTX1080_M10,NVIDIA Quadro RTX A40 LN2-READY | Alphacool NexXxoS GPX M10
GPU,NVIDIA Quadro,Ax000,Quadro RTX A4000,NVIDIA,Quadro RTX A4000,Y,Y,8150,5150,3225,31,85,,PC,,16,1120,1760,2150,2400,1400,2000,2350,2600,268,150,SLI,2.0,95,15,8-pin + 6-pin,RTX 3000,11.4,11.5,12480,32207.0,2.0,7247.0,0.0,0.0481,0.018375,-39.8975,0.045342,0.017908,-44.257,0.06975,0.08951,-100.921,0.067655,0.089355,-105.674,,,,,,,,,199,v1_13_0/Prefabs/GPU/MSI/GPU_MSI_GEFORCE_RTX_2080_SUPERAERO,NVIDIA Quadro RTX A4000
GPU,NVIDIA Quadro,Ax000,Quadro RTX A5000,NVIDIA,Quadro RTX A5000,Y,Y,8650,6700,4765,32,45,,PC,,24,1420,1860,2150,2300,1400,2000,2350,2600,268,230,SLI,2.0,95,15,8-pin + 6-pin,RTX 3000,11.4,11.5,13260,34974.0,2.0,7247.0,0.0,0.0481,0.018375,-39.7075,0.045342,0.017908,-44.257,0.06975,0.08951,-90.921,0.067655,0.089355,-95.674,,,,,,,,,199,v1_13_0/Prefabs/GPU/MSI/GPU_MSI_GEFORCE_RTX_2080_SUPERAERO,NVIDIA Quadro RTX A5000
GPU,NVIDIA Quadro,Ax000,Quadro RTX A6000,NVIDIA,Quadro RTX A6000,Y,Y,9945,8500,6435,32,95,,PC,,48,1420,1860,2150,2300,1700,2000,2150,2300,268,300,SLI,2.0,95,15,8-pin + 6-pin,RTX 3000,11.4,11.5,15396,43295.0,2.0,7247.0,0.0,0.0481,0.018375,-26.7575,0.045342,0.017908,-31.257,0.08575,0.08951,-70.921,0.084655,0.089355,-75.674,,,,,,,,,199,v1_13_0/Prefabs/GPU/MSI/GPU_MSI_GEFORCE_RTX_2080_SUPERAERO,NVIDIA Quadro RTX A6000
GPU,NVIDIA Quadro,Ax000,Quadro RTX A6000,RED Digital Cinema,ROCKET (Quadro RTX A6000),Y,Y,0,4250,3217,32,95,,PC,,48,1730,1865,1950,2000,1910,2005,2030,2100,147,225,SLI,1.5,95,15,,,11.4,11.5,0,0.0,2.0,7247.0,0.0,0.0,0.0,0.0,0.0,0.0,0.0,0.0,0.0,0.0,0.0,0.0,0.0,,,,,,,,,199,Prefabs/Generic/GPU,RED Digital Cinema ROCKET (Quadro RTX A6000)
GPU,NVIDIA Quadro,Ax000,Quadro RTX A6000,RED Digital Cinema,ROCKET-X (Quadro RTX A6000),Y,Y,0,5100,3861,32,95,,PC,,48,1630,1865,2000,2100,1910,2005,2055,2100,280,250,SLI,2.0,95,15,8-pin + 6-pin,,11.4,11.5,0,0.0,2.0,7247.0,0.0,0.0,0.0,0.0,0.0,0.0,0.0,0.0,0.0,0.0,0.0,0.0,0.0,,,,,,,,,199,Prefabs/GPU/AMD/GPU_AMD_Radeon_RX_5700,RED Digital Cinema ROCKET-X (Quadro RTX A6000)
GPU - Water,NVIDIA Quadro,Ax000,Quadro RTX A6000,NVIDIA,Quadro RTX A6000 | EKWB EK-FC Plexi,Y,Y,11208,8750,6685,33,45,,PC,,48,992,2046,2687,3100,1400,2200,2687,3000,268,325,SLI,2.0,95,50,8-pin + 6-pin,RTX 3000,11.4,11.5,17417,48828.0,2.0,,,0.0481,0.018375,-26.7575,0.045342,0.017908,-31.257,0.08575,0.08951,-70.921,0.084655,0.089355,-75.674,2637.0,2637.0,5.0,5.0,,,,,199,Prefabs/GPU/EKWB/EKWB_Watercooled_1080tiGPU_Clear,NVIDIA Quadro RTX A6000 | EKWB EK-FC Plexi
GPU - Water,NVIDIA Quadro,Ax000,Quadro RTX A6000,NVIDIA,Quadro RTX A6000 ENTHUSIAST-ED | ArcticStorm EXTREME,Y,Y,14363,9150,7085,33,95,,PC,RGB,48,622,2511,3762,4400,1100,2700,3762,4300,268,375,SLI,2.0,95,165,8-pin + 8-pin,RTX 3000,11.4,11.5,22467,62659.0,2.0,,,0.0481,0.018375,-26.7575,0.045342,0.017908,-31.257,0.08575,0.08951,-70.921,0.084655,0.089355,-75.674,3712.0,3712.0,5.0,5.0,,,,,199,Prefabs/GPU/ZOTAC/GPU_Zotac_Gaming_Geforce_RTX2080Ti_ArticStorm,NVIDIA Quadro RTX A6000 ENTHUSIAST-ED | ArcticStorm EXTREME
GPU - Water,NVIDIA Quadro,Ax000,Quadro RTX A6000,NVIDIA,Quadro RTX A6000 LN2-Ready | Alphacool NexXxoS GPX M10,Y,Y,16256,9800,7735,34,60,,PC,,48,-1320,2790,5482,6900,-800,3000,5482,6800,500,550,SLI,2.0,95,165,8-pin,RTX 3000,11.4,11.5,25497,70958.0,2.0,,,0.0481,0.018375,-26.7575,0.045342,0.017908,-31.257,0.08575,0.08951,-70.921,0.084655,0.089355,-75.674,5432.0,5432.0,5.0,5.0,,,,,199,Prefabs/GPU/Alphacool/GPU_Alphacool_NexXxoS_GPX_ NvidiaGeforceGTX1080_M10,NVIDIA Quadro RTX A6000 LN2-Ready | Alphacool NexXxoS GPX M10
GPU,NVIDIA Quadro,Ax000,Quadro RTX A8000,NVIDIA,Quadro RTX A8000,Y,Y,10863,9650,7535,33,65,,PC,,56,1430,1865,2100,2300,1750,2025,2200,2300,268,325,SLI,2.0,95,15,8-pin + 6-pin,RTX 3000,11.4,11.5,16015,47122.0,2.0,7247.0,0.0,0.0581,0.023375,-47.0575,0.045342,0.022908,-42.257,0.09575,0.08951,-65.921,0.092655,0.088355,-70.674,,,,,,,,,199,v1_13_0/Prefabs/GPU/MSI/GPU_MSI_GEFORCE_RTX_2080_SUPERAERO,NVIDIA Quadro RTX A8000
GPU,NVIDIA Quadro,Ax000,Quadro RTX A8000,RED Digital Cinema,ROCKET (Quadro RTX A8000),Y,Y,0,4825,3767,33,65,,PC,,56,1740,1870,1900,2000,1960,2030,2055,2100,147,250,SLI,1.5,95,15,,,11.4,11.5,0,0.0,2.0,7247.0,0.0,0.0,0.0,0.0,0.0,0.0,0.0,0.0,0.0,0.0,0.0,0.0,0.0,,,,,,,,,199,Prefabs/Generic/GPU,RED Digital Cinema ROCKET (Quadro RTX A8000)
GPU,NVIDIA Quadro,Ax000,Quadro RTX A8000,RED Digital Cinema,ROCKET-X (Quadro RTX A8000),Y,Y,0,5790,4521,33,65,,PC,,56,1740,1870,1950,2000,1860,2030,2080,2200,280,275,SLI,2.0,95,15,8-pin + 6-pin,,11.4,11.5,0,0.0,2.0,7247.0,0.0,0.0,0.0,0.0,0.0,0.0,0.0,0.0,0.0,0.0,0.0,0.0,0.0,,,,,,,,,199,Prefabs/GPU/AMD/GPU_AMD_Radeon_RX_5700,RED Digital Cinema ROCKET-X (Quadro RTX A8000)
GPU - Water,NVIDIA Quadro,Ax000,Quadro RTX A8000,NVIDIA,Quadro RTX A8000 | EKWB EK-FC Plexi,Y,Y,12416,9900,7785,34,15,,PC,,56,1102,2051,2625,3000,1354,2227,2750,3100,268,350,SLI,2.0,95,50,8-pin + 6-pin,RTX 3000,11.4,11.5,18342,52942.0,2.0,,,0.0581,0.023375,-47.0575,0.045342,0.022908,-42.257,0.09575,0.08951,-65.921,0.092655,0.088355,-70.674,2575.0,2700.0,5.0,5.0,,,,,199,Prefabs/GPU/EKWB/EKWB_Watercooled_1080tiGPU_Clear,NVIDIA Quadro RTX A8000 | EKWB EK-FC Plexi
GPU - Water,NVIDIA Quadro,Ax000,Quadro RTX A8000,NVIDIA,Quadro RTX A8000 ENTHUSIAST-ED | ArcticStorm EXTREME,Y,Y,16306,10300,8185,34,65,,PC,RGB,56,734,2517,3675,4300,966,2733,3850,4500,268,400,SLI,2.0,95,165,8-pin + 8-pin,RTX 3000,11.4,11.5,24173,67520.0,2.0,,,0.0581,0.023375,-47.0575,0.045342,0.022908,-42.257,0.09575,0.08951,-65.921,0.092655,0.088355,-70.674,3625.0,3800.0,5.0,5.0,,,,,199,Prefabs/GPU/ZOTAC/GPU_Zotac_Gaming_Geforce_RTX2080Ti_ArticStorm,NVIDIA Quadro RTX A8000 ENTHUSIAST-ED | ArcticStorm EXTREME
GPU - Water,NVIDIA Quadro,Ax000,Quadro RTX A8000,NVIDIA,Quadro RTX A8000 LN2-Ready | Alphacool NexXxoS GPX M10,Y,Y,18643,10950,8835,35,30,,PC,,56,-1106,2797,5355,6700,-826,3037,5610,6900,500,575,SLI,2.0,95,165,8-pin,RTX 3000,11.4,11.5,27675,76279.0,2.0,,,0.0581,0.023375,-47.0575,0.045342,0.022908,-42.257,0.09575,0.08951,-65.921,0.092655,0.088355,-70.674,5305.0,5560.0,5.0,5.0,,,,,199,Prefabs/GPU/Alphacool/GPU_Alphacool_NexXxoS_GPX_ NvidiaGeforceGTX1080_M10,NVIDIA Quadro RTX A8000 LN2-Ready | Alphacool NexXxoS GPX M10
GPU,NVIDIA Quadro,Ax200,Quadro RTX A8200,NVIDIA,Quadro RTX A8200,Y,Y,11678,10199,8835,33,95,,PC,,56,1530,1965,2250,2400,1750,2125,2335,2500,268,355,SLI,2.0,95,15,8-pin + 8-pin,RTX 3000,11.4,11.5,17234,50703.0,2.0,7247.0,0.0,0.0581,0.023375,-47.0575,0.045342,0.022908,-42.257,0.09575,0.08951,-62.921,0.092655,0.088355,-66.674,,,,,,,,,199,v1_7_0/Prefabs/GPU/ZOTAC/GPU_Zotac_Gaming_GeForce_RTX2080_Ti_Blower,NVIDIA Quadro RTX A8200
GPU,NVIDIA Quadro,Ax000,Quadro RTX A9000,NVIDIA,Quadro RTX A9000,Y,Y,13255,12999,10935,34,55,,PC,,72,1300,1800,2080,2300,1700,2000,2185,2300,313,385,SLI,3.0,95,15,8-pin + 8-pin,RTX 3000,11.4,11.5,19132,52543.0,2.0,7247.0,0.0,0.0581,0.018375,-8.7775,0.045342,0.017908,-13.257,0.10575,0.09051,-35.921,0.093655,0.089355,-40.674,,,,,,,,,199,v1_10_0/Prefabs/GPU/NVidia/GPU_NVIDIA_GEFORCE_RTX_3090,NVIDIA Quadro RTX A9000
GPU,NVIDIA Quadro,Ax000,Quadro RTX A9000,RED Digital Cinema,ROCKET (Quadro RTX A9000),Y,Y,0,6499,5467,34,55,,PC,,72,1610,1805,1880,2000,1910,2005,2030,2100,147,310,SLI,1.5,95,15,,,11.4,11.5,0,0.0,2.0,7247.0,0.0,0.0,0.0,0.0,0.0,0.0,0.0,0.0,0.0,0.0,0.0,0.0,0.0,,,,,,,,,199,Prefabs/Generic/GPU,RED Digital Cinema ROCKET (Quadro RTX A9000)
GPU,NVIDIA Quadro,Ax000,Quadro RTX A9000,RED Digital Cinema,ROCKET-X (Quadro RTX A9000),Y,Y,0,7799,6561,34,55,,PC,,72,1610,1805,1930,2000,1910,2005,2055,2100,280,335,SLI,2.0,95,15,8-pin + 6-pin,,11.4,11.5,0,0.0,2.0,7247.0,0.0,0.0,0.0,0.0,0.0,0.0,0.0,0.0,0.0,0.0,0.0,0.0,0.0,,,,,,,,,199,Prefabs/GPU/AMD/GPU_AMD_Radeon_RX_5700,RED Digital Cinema ROCKET-X (Quadro RTX A9000)
GPU - Water,NVIDIA Quadro,Ax000,Quadro RTX A9000,NVIDIA,Quadro RTX A9000 | EKWB EK-FC Plexi,Y,Y,14668,13249,11185,35,5,,PC,,72,960,1980,2600,3000,1400,2200,2731,3000,313,410,SLI,2.0,95,50,8-pin + 6-pin,RTX 3000,11.4,11.5,21237,58430.0,2.0,,,0.0581,0.018375,-8.7775,0.045342,0.017908,-13.257,0.10575,0.09051,-35.921,0.093655,0.089355,-40.674,2550.0,2681.0,5.0,5.0,,,,,199,Prefabs/GPU/EKWB/EKWB_Watercooled_1080tiGPU_Clear,NVIDIA Quadro RTX A9000 | EKWB EK-FC Plexi
GPU - Water,NVIDIA Quadro,Ax000,Quadro RTX A9000,NVIDIA,Quadro RTX A9000 ENTHUSIAST-ED | ArcticStorm EXTREME,Y,Y,18201,13649,11585,35,55,,PC,RGB,72,560,2430,3640,4300,1000,2700,3823,4400,313,460,SLI,2.0,95,165,8-pin + 8-pin,RTX 3000,11.4,11.5,26499,73147.0,2.0,,,0.0581,0.018375,-8.7775,0.045342,0.017908,-13.257,0.10575,0.09051,-35.921,0.093655,0.089355,-40.674,3590.0,3773.0,5.0,5.0,,,,,199,Prefabs/GPU/ZOTAC/GPU_Zotac_Gaming_Geforce_RTX2080Ti_ArticStorm,NVIDIA Quadro RTX A9000 ENTHUSIAST-ED | ArcticStorm EXTREME
GPU - Water,NVIDIA Quadro,Ax000,Quadro RTX A9000,NVIDIA,Quadro RTX A9000 LN2-Ready | Alphacool NexXxoS GPX M10,Y,Y,20321,14299,12235,36,20,,PC,,72,-1300,2700,5304,6700,-900,3000,5571,6900,500,635,SLI,2.0,95,165,8-pin,RTX 3000,11.4,11.5,29656,81977.0,2.0,,,0.0581,0.018375,-8.7775,0.045342,0.017908,-13.257,0.10575,0.09051,-35.921,0.093655,0.089355,-40.674,5254.0,5521.0,5.0,5.0,,,,,199,Prefabs/GPU/Alphacool/GPU_Alphacool_NexXxoS_GPX_ NvidiaGeforceGTX1080_M10,NVIDIA Quadro RTX A9000 LN2-Ready | Alphacool NexXxoS GPX M10
GPU,NVIDIA Quadro,Ax200,Quadro RTX A9200,NVIDIA,Quadro RTX A9200,Y,Y,13850,13599,12215,34,95,,PC,,72,1450,1875,2125,2300,1750,2075,2265,2400,313,415,SLI,3.0,95,20,8-pin + 8-pin,RTX 3000,11.4,11.5,19998,51003.0,2.0,7247.0,0.0,0.0581,0.018375,-8.5575,0.045342,0.017908,-13.257,0.08575,0.09051,-32.921,0.084655,0.089355,-37.674,,,,,,,,,199,v1_10_0/Prefabs/GPU/NVidia/GPU_NVIDIA_GEFORCE_RTX_3090,NVIDIA Quadro RTX A9200
GPU,NVIDIA Quadro,Dx000,Quadro RTX D4000,NVIDIA,Quadro RTX D4000,Y,Y,9436,7999,5535,35,50,,PC,,16,1230,1815,2200,2400,1700,2150,2400,2600,267,165,SLI,2.5,95,15,8-pin,RTX 3000,11.4,11.5,12714,40585.0,2.0,7247.0,0.0,0.0581,0.033375,-82.8475,0.045342,0.032908,-87.257,0.10575,0.09951,-151.591,0.102655,0.098355,-156.774,,,,,,,,,199,v1_10_0/Prefabs/GPU/NVidia/GPU_NVIDIA_GEFORCE_RTX_3070,NVIDIA Quadro RTX D4000
GPU,NVIDIA Quadro,Dx000,Quadro RTX D5000,NVIDIA,Quadro RTX D5000,Y,Y,10126,8750,6285,35,95,,PC,,24,1330,1915,2285,2500,1700,2150,2400,2600,267,245,SLI,2.5,95,20,8-pin,RTX 3000,11.4,11.5,13726,45885.0,2.0,7247.0,0.0,0.0581,0.033375,-81.7575,0.045342,0.032908,-86.257,0.10575,0.09951,-129.831,0.102655,0.098355,-134.774,,,,,,,,,199,v1_10_0/Prefabs/GPU/NVidia/GPU_NVIDIA_GEFORCE_RTX_3070,NVIDIA Quadro RTX D5000
GPU,NVIDIA Quadro,Dx000,Quadro RTX D6000,NVIDIA,Quadro RTX D6000,Y,Y,11482,9999,7585,36,35,,PC,,48,1330,1915,2285,2500,1700,2150,2400,2600,285,315,SLI,2.5,95,15,8-pin + 8-pin,RTX 3000,11.4,11.5,15953,49885.0,2.0,7247.0,0.0,0.0581,0.033375,-68.1975,0.045342,0.032908,-73.197,0.10575,0.09951,-105.421,0.102655,0.098355,-110.434,,,,,,,,,199,v1_10_0/Prefabs/GPU/NVidia/GPU_NVIDIA_GEFORCE_RTX_3080,NVIDIA Quadro RTX D6000
GPU,NVIDIA Quadro,Dx200,Quadro RTX D6200,NVIDIA,Quadro RTX D6200,Y,Y,12166,11500,9086,36,75,,PC,,48,1330,1965,2385,2600,1600,2200,2550,2800,285,345,SLI,2.5,95,30,8-pin + 8-pin,RTX 3000,11.4,11.5,16231,53525.0,2.0,7247.0,0.0,0.0681,0.033375,-85.5775,0.048342,0.035908,-90.577,0.11575,0.10951,-135.041,0.112655,0.108355,-140.044,,,,,,,,,199,v1_10_0/Prefabs/GPU/NVidia/GPU_NVIDIA_GEFORCE_RTX_3080,NVIDIA Quadro RTX D6200
GPU,NVIDIA Quadro,Dx000,Quadro RTX D8000,NVIDIA,Quadro RTX D8000,Y,Y,13246,13350,10886,37,25,,PC,,64,1360,1980,2335,2600,1770,2185,2450,2600,285,340,SLI,2.5,95,25,8-pin + 8-pin,RTX 3000,11.4,11.5,19518,55246.0,2.0,7247.0,0.0,0.0581,0.036375,-62.0475,0.045342,0.035908,-60.197,0.10575,0.10051,-86.301,0.102655,0.100355,-91.301,,,,,,,,,199,v1_10_0/Prefabs/GPU/NVidia/GPU_NVIDIA_GEFORCE_RTX_3080,NVIDIA Quadro RTX D8000
GPU,NVIDIA Quadro,Dx000,Quadro RTX D8000,RED Digital Cinema,ROCKET (Quadro RTX D8000),Y,Y,0,6675,5443,37,25,,PC,,64,1670,1985,2135,2300,2080,2190,2200,2300,147,265,SLI,1.5,95,25,,,11.4,11.5,0,0.0,2.0,7247.0,0.0,0.0,0.0,0.0,0.0,0.0,0.0,0.0,0.0,0.0,0.0,0.0,0.0,,,,,,,,,199,Prefabs/Generic/GPU,RED Digital Cinema ROCKET (Quadro RTX D8000)
GPU,NVIDIA Quadro,Dx000,Quadro RTX D8000,RED Digital Cinema,ROCKET-X (Quadro RTX D8000),Y,Y,0,8010,6531,37,25,,PC,,64,1670,1985,2185,2300,2080,2190,2250,2300,280,290,SLI,2.0,95,25,8-pin + 6-pin,,11.4,11.5,0,0.0,2.0,7247.0,0.0,0.0,0.0,0.0,0.0,0.0,0.0,0.0,0.0,0.0,0.0,0.0,0.0,,,,,,,,,199,Prefabs/GPU/AMD/GPU_AMD_Radeon_RX_5700,RED Digital Cinema ROCKET-X (Quadro RTX D8000)
GPU - Water,NVIDIA Quadro,Dx000,Quadro RTX D8000,NVIDIA,Quadro RTX D8000 | EKWB EK-FC Plexi,Y,Y,15190,13600,11136,37,75,,PC,,64,1056,2178,2918,3300,1406,2403,3062,3400,258,365,SLI,2.0,95,60,8-pin + 6-pin,RTX 3000,11.4,11.5,22476,62220.0,2.0,,,0.0581,0.036375,-62.0475,0.045342,0.035908,-60.197,0.10575,0.10051,-86.301,0.102655,0.100355,-91.301,2868.0,3012.0,5.0,5.0,,,,,199,Prefabs/GPU/EKWB/EKWB_Watercooled_1080tiGPU_Clear,NVIDIA Quadro RTX D8000 | EKWB EK-FC Plexi
GPU - Water,NVIDIA Quadro,Dx000,Quadro RTX D8000,NVIDIA,Quadro RTX D8000 ENTHUSIAST-ED | Alphacool Eisblock GPX-N Acetal M02,Y,Y,20052,14000,11536,38,25,,PC,,64,546,2673,4086,4800,898,2949,4287,5000,291,415,SLI,2.0,95,175,8-pin + 8-pin,RTX 3000,11.4,11.5,29875,79672.0,2.0,,,0.0581,0.036375,-62.0475,0.045342,0.035908,-60.197,0.10575,0.10051,-86.301,0.102655,0.100355,-91.301,4036.0,4237.0,5.0,5.0,,,,,199,Prefabs/GPU/Alphacool/GPU_Alphacool_Eisblock_GPXN_Acetal_NvidiaGeforceRTX_2080Ti_M02,NVIDIA Quadro RTX D8000 ENTHUSIAST-ED | Alphacool Eisblock GPX-N Acetal M02
GPU - Water,NVIDIA Quadro,Dx000,Quadro RTX D8000,NVIDIA,Quadro RTX D8000 LN2-Ready XTREME WATERFORCE WB,Y,Y,22971,14650,12186,38,90,,PC,,64,-1560,2970,5954,7500,-1246,3277,6247,7800,500,590,SLI,2.0,95,175,8-pin + 8-pin,RTX 3000,11.4,11.5,34317,90150.0,2.0,,,0.0581,0.036375,-62.0475,0.045342,0.035908,-60.197,0.10575,0.10051,-86.301,0.102655,0.100355,-91.301,5904.0,6197.0,5.0,5.0,,,,,199,Prefabs/GPU/GigaByte/GPU_AUROS_RTX_2080_XTREME_WATERFORCE,NVIDIA Quadro RTX D8000 LN2-Ready XTREME WATERFORCE WB
GPU,NVIDIA Quadro,Dx200,Quadro RTX D8200,NVIDIA,Quadro RTX D8200,Y,Y,14653,14999,12486,37,65,,PC,,64,1250,2025,2485,2800,1530,2215,2615,2900,313,375,SLI,3.0,95,40,8-pin + 8-pin,RTX 3000,11.4,11.5,19278,58855.0,2.0,7247.0,0.0,0.0681,0.043375,-87.4475,0.048342,0.041908,-92.577,0.11575,0.10951,-111.04,0.112655,0.108355,-116.04,,,,,,,,,199,v1_10_0/Prefabs/GPU/NVidia/GPU_NVIDIA_GEFORCE_RTX_3090,NVIDIA Quadro RTX D8200
GPU,NVIDIA Quadro,Dx000,Quadro RTX D9000,NVIDIA,Quadro RTX D9000,Y,Y,16552,17999,15486,38,35,,PC,,72,1100,2000,2550,2900,1450,2225,2685,3000,313,400,SLI,3.0,95,40,8-pin + 8-pin,RTX 3000,11.4,11.5,22523,62284.0,2.0,7247.0,0.0,0.0681,0.043375,-67.1875,0.048342,0.041908,-72.577,0.11575,0.10951,-88.369,0.112655,0.108355,-93.369,,,,,,,,,199,v1_10_0/Prefabs/GPU/NVidia/GPU_NVIDIA_GEFORCE_RTX_3090,NVIDIA Quadro RTX D9000
GPU,NVIDIA Quadro,Dx000,Quadro RTX D9000,RED Digital Cinema,ROCKET (Quadro RTX D9000),Y,Y,0,8999,7743,38,35,,PC,,72,1410,2005,2350,2600,1860,2230,2435,2600,147,325,SLI,1.5,95,40,,,11.4,11.5,0,0.0,2.0,7247.0,0.0,0.0,0.0,0.0,0.0,0.0,0.0,0.0,0.0,0.0,0.0,0.0,0.0,,,,,,,,,199,Prefabs/Generic/GPU,RED Digital Cinema ROCKET (Quadro RTX D9000)
GPU,NVIDIA Quadro,Dx000,Quadro RTX D9000,RED Digital Cinema,ROCKET-X (Quadro RTX D9000),Y,Y,0,10799,9291,38,35,,PC,,72,1410,2005,2400,2600,1760,2230,2485,2700,280,350,SLI,2.0,95,40,8-pin + 6-pin,,11.4,11.5,0,0.0,2.0,7247.0,0.0,0.0,0.0,0.0,0.0,0.0,0.0,0.0,0.0,0.0,0.0,0.0,0.0,,,,,,,,,199,Prefabs/GPU/AMD/GPU_AMD_Radeon_RX_5700,RED Digital Cinema ROCKET-X (Quadro RTX D9000)
GPU - Water,NVIDIA Quadro,Dx000,Quadro RTX D9000,NVIDIA,Quadro RTX D9000 | EKWB EK-FC Plexi,Y,Y,18877,18249,15736,38,85,,PC,,72,700,2200,3187,3700,994,2447,3356,3900,258,425,SLI,2.0,95,75,8-pin + 6-pin,RTX 3000,11.4,11.5,25964,69996.0,2.0,,,0.0681,0.043375,-67.1875,0.048342,0.041908,-72.577,0.11575,0.10951,-88.369,0.112655,0.108355,-93.369,3137.0,3306.0,5.0,5.0,,,,,199,Prefabs/GPU/EKWB/EKWB_Watercooled_1080tiGPU_Clear,NVIDIA Quadro RTX D9000 | EKWB EK-FC Plexi
GPU - Water,NVIDIA Quadro,Dx000,Quadro RTX D9000,NVIDIA,Quadro RTX D9000 ENTHUSIAST-ED | Alphacool Eisblock GPX-N Acetal M02,Y,Y,24693,18649,16136,39,35,,PC,,72,0,2700,4462,5400,406,3003,4698,5600,291,475,SLI,2.0,95,190,8-pin + 8-pin,RTX 3000,11.4,11.5,34561,89293.0,2.0,,,0.0681,0.043375,-67.1875,0.048342,0.041908,-72.577,0.11575,0.10951,-88.369,0.112655,0.108355,-93.369,4412.0,4648.0,5.0,5.0,,,,,199,Prefabs/GPU/Alphacool/GPU_Alphacool_Eisblock_GPXN_Acetal_NvidiaGeforceRTX_2080Ti_M02,NVIDIA Quadro RTX D9000 ENTHUSIAST-ED | Alphacool Eisblock GPX-N Acetal M02
GPU - Water,NVIDIA Quadro,Dx000,Quadro RTX D9000,NVIDIA,Quadro RTX D9000 LN2-Ready XTREME WATERFORCE WB,Y,Y,28185,19299,16786,40,35,,PC,,72,-2300,3000,6502,8300,-2026,3337,6846,8700,500,650,SLI,2.0,95,190,8-pin + 8-pin,RTX 3000,11.4,11.5,39717,100878.0,2.0,,,0.0681,0.043375,-67.1875,0.048342,0.041908,-72.577,0.11575,0.10951,-88.369,0.112655,0.108355,-93.369,6452.0,6796.0,5.0,5.0,,,,,199,Prefabs/GPU/GigaByte/GPU_AUROS_RTX_2080_XTREME_WATERFORCE,NVIDIA Quadro RTX D9000 LN2-Ready XTREME WATERFORCE WB
GPU,NVIDIA Quadro,Dx200,Quadro RTX D9200,NVIDIA,Quadro RTX D9200,Y,Y,17152,18599,16095,38,85,,PC,,72,1000,2050,2700,3100,1470,2285,2800,3100,313,445,SLI,3.0,95,40,8-pin + 8-pin,RTX 3000,11.4,11.5,23415,65356.0,2.0,7247.0,0.0,0.0681,0.043375,-67.1875,0.048342,0.041908,-72.577,0.11575,0.10951,-86.999,0.112655,0.108355,-81.999,,,,,,,,,199,v1_10_0/Prefabs/GPU/NVidia/GPU_NVIDIA_GEFORCE_RTX_3090,NVIDIA Quadro RTX D9200
GPU,NVIDIA Quadro,Tx000,Quadro T1000,NVIDIA,Quadro T1000,Y,Y,4186,999,718,28,85,,PC,,8,890,1395,1700,1900,800,1250,1535,1700,169,50,,1.0,95,15,,RTX,11.4,11.5,6809,0.0,,7247.0,0.0,0.031141,0.039807,-51.332808,0.03475,0.037393,-54.036967,0.0,0.0,0.0,0.0,0.0,0.0,,,,,,,,,199,Prefabs/GPU/GigaByte/GigaByte_GTX1030,NVIDIA Quadro T1000
GPU,NVIDIA Quadro,Tx000,Quadro T400,NVIDIA,Quadro T400,Y,Y,1976,365,155,28,25,,PC,,2,1050,1425,1615,1800,800,1250,1500,1700,169,30,,1.5,95,15,,RTX,11.4,11.5,3167,0.0,,7247.0,0.0,0.031141,0.039807,-74.372808,0.03475,0.037393,-77.372808,0.0,0.0,0.0,0.0,0.0,0.0,,,,,,,,,199,Prefabs/GPU/EVGA/EVGA_GTX_1030_SC,NVIDIA Quadro T400
GPU,NVIDIA Quadro,Tx000,Quadro T600,NVIDIA,Quadro T600,Y,Y,2675,499,288,28,55,,PC,,4,990,1395,1645,1800,800,1250,1500,1700,169,40,,1.5,95,15,,RTX,11.4,11.5,4340,0.0,,7247.0,0.0,0.031141,0.039807,-66.442808,0.03475,0.037393,-69.036967,0.0,0.0,0.0,0.0,0.0,0.0,,,,,,,,,199,Prefabs/GPU/EVGA/EVGA_GTX_1030_SC,NVIDIA Quadro T600
GPU,NVIDIA Tesla,Axx,Tesla A10,NVIDIA,Tesla A10,Y,Y,9485,8999,7155,35,1,,PC,Green,24,1290,1695,1905,2100,826,1563,2000,2300,229,150,SLI,2.0,95,20,8-pin,,11.4,11.5,14328,42532.0,,7247.0,0.0,0.0781,0.028375,-81.8775,0.072342,0.027908,-85.257,0.0875,0.09951,-40.921,0.0872,0.098355,-45.674,,,,,,,,,199,Prefabs/GPU/NVidia/GPU_Nvidia_RTX_2060,NVIDIA Tesla A10
GPU,NVIDIA Tesla,Axx,Tesla A100 40GB,NVIDIA,Tesla A100 40GB,Y,Y,15122,16999,10699,36,25,,,Green,40,1020,1410,1660,1800,-670,1215,2430,3100,269,250,SLI,2.0,95,25,8-pin + 8-pin,RTX 3000,9.5,10.0,22989,63110.0,3.781843706130089,14164.0,25810.0,0.1281,0.118375,-173.2175,0.115342,0.117908,-175.257,0.10575,0.11051,55.921,0.193655,0.099355,50.674,,,,,,,,,199,Prefabs/GPU/NVidia/GPU_Nvidia_RTX_2080Ti,NVIDIA Tesla A100 40GB
GPU - Water,NVIDIA Tesla,Axx,Tesla A100 40GB,NVIDIA,Tesla A100 40GB | EKWB EK-FC Plexi,Y,Y,18361,17249,10949,35,51,,,,40,702,1551,2075,2400,-1228,1336,3037,3900,269,275,SLI,2.0,95,60,8-pin + 6-pin,RTX 3000,9.5,10.0,28151,68510.0,3.781843706130089,,,0.1281,0.118375,-173.2175,0.115342,0.117908,-175.257,0.10575,0.11051,55.921,0.193655,0.099355,50.674,2025.0,2987.0,5.0,5.0,,,,,199,Prefabs/GPU/EKWB/EKWB_Watercooled_1080tiGPU_Clear,NVIDIA Tesla A100 40GB | EKWB EK-FC Plexi
GPU - Water,NVIDIA Tesla,Axx,Tesla A100 40GB,NVIDIA,Tesla A100 40GB ENTHUSIAST-ED | ArcticStorm EXTREME,Y,Y,26469,17649,11349,36,1,,,RGB,40,306,1903,2905,3500,-2320,1640,4252,5600,269,325,SLI,2.0,95,175,8-pin + 8-pin,RTX 3000,9.5,10.0,41068,82024.0,3.781843706130089,,,0.1281,0.118375,-173.2175,0.115342,0.117908,-175.257,0.10575,0.11051,55.921,0.193655,0.099355,50.674,2855.0,4202.0,5.0,5.0,,,,,199,Prefabs/GPU/ZOTAC/GPU_Zotac_Gaming_Geforce_RTX2080Ti_ArticStorm,NVIDIA Tesla A100 40GB ENTHUSIAST-ED | ArcticStorm EXTREME
GPU - Water,NVIDIA Tesla,Axx,Tesla A100 40GB,NVIDIA,Tesla A100 40GB LN2-Ready | Alphacool NexXxoS GPX M10,Y,Y,31339,18299,11999,36,66,,,Green,40,-1070,2115,4233,5300,-4756,1822,6196,8400,500,500,SLI,2.0,95,175,8-pin,RTX 3000,9.5,10.0,48824,90142.0,3.781843706130089,,,0.1281,0.118375,-173.2175,0.115342,0.117908,-175.257,0.10575,0.11051,55.921,0.193655,0.099355,50.674,4183.0,6146.0,5.0,5.0,,,,,199,Prefabs/GPU/Alphacool/GPU_Alphacool_NexXxoS_GPX_ NvidiaGeforceGTX1080_M10,NVIDIA Tesla A100 40GB LN2-Ready | Alphacool NexXxoS GPX M10
GPU,NVIDIA Tesla,Axx,Tesla A100 80GB,NVIDIA,Tesla A100 80GB,Y,Y,16535,19999,11950,36,25,,,Green,80,820,1410,1785,2000,-314,1593,2830,3500,269,300,SLI,2.0,95,25,8-pin + 8-pin,RTX 3000,9.5,10.0,26288,71530.0,3.781843706130089,14164.0,25810.0,0.1581,0.128375,-262.0675,0.155342,0.127908,-267.257,0.10575,0.11051,65.921,0.193655,0.099355,61.674,,,,,,,,,199,Prefabs/GPU/NVidia/GPU_Nvidia_RTX_2080Ti,NVIDIA Tesla A100 80GB
GPU,NVIDIA Tesla,Axx,Tesla A16,NVIDIA,Tesla A16,Y,Y,11985,11999,9155,35,45,,PC,Green,16,1290,1695,1935,2100,826,1563,2035,2300,229,250,SLI,2.0,95,20,8-pin,,11.4,11.5,18222,55543.0,,7247.0,0.0,0.0881,0.038375,-89.4575,0.082342,0.037908,-95.257,0.0975,0.10951,5.921,0.0972,0.108355,0.974,,,,,,,,,199,Prefabs/GPU/NVidia/GPU_Nvidia_RTX_2070,NVIDIA Tesla A16
GPU,NVIDIA Tesla,Axx,Tesla A30,NVIDIA,Tesla A30,Y,Y,13750,13999,11155,35,95,,PC,Green,24,780,1440,1855,2100,330,1215,1755,2100,229,165,SLI,2.0,95,25,8-pin,,11.4,11.5,21419,56030.0,,7247.0,0.0,0.0881,0.038375,-35.9875,0.082342,0.037908,-40.257,0.0975,0.08951,95.921,0.0972,0.088355,90.974,,,,,,,,,199,Prefabs/GPU/NVidia/GPU_Nvidia_RTX_2070,NVIDIA Tesla A30
GPU,NVIDIA Tesla,Axx,Tesla A40,NVIDIA,Tesla A40,Y,Y,14247,14999,12155,36,15,,PC,Green,48,1310,1755,2000,2200,1224,1812,2150,2400,267,165,SLI,2.0,95,30,8-pin + 6-pin,RTX 3000,11.4,11.5,22298,62043.0,,7247.0,0.0,0.0981,0.058375,-135.4675,0.094342,0.057908,-140.4675,0.1075,0.10951,-5.921,0.1072,0.108355,-8.974,,,,,,,,,199,Prefabs/GPU/NVidia/GPU_Nvidia_RTX_2080,NVIDIA Tesla A40
GPU,NVIDIA Tesla,Dxx,Tesla D100 40GB,NVIDIA,Tesla D100 40GB,Y,Y,18845,21999,18999,37,25,,,,48,1220,1610,1835,2000,-630,1285,2500,3200,268,300,SLI,2.0,95,25,8-pin + 8-pin,RTX 3000,9.5,10.0,29431,70155.0,3.781843706130089,14164.0,25810.0,0.1481,0.138375,-227.7975,0.135342,0.142908,-230.257,0.17575,0.13051,5.231,0.153655,0.119355,2.174,,,,,,,,,199,v1_7_0/Prefabs/GPU/ZOTAC/GPU_Zotac_Gaming_GeForce_RTX2080_Ti_Blower,NVIDIA Tesla D100 40GB
GPU - Water,NVIDIA Tesla,Dxx,Tesla D100 40GB,NVIDIA,Tesla D100 40GB | EKWB EK-FC Plexi,Y,Y,23001,22249,19249,37,75,,0,,48,942,1771,2293,2600,-1174,1413,3125,4000,258,325,SLI,2.0,95,60,8-pin + 6-pin,RTX 3000,9.5,10.0,36128,77103.0,3.781843706130089,,,0.1481,0.138375,-227.7975,0.135342,0.142908,-230.257,0.17575,0.13051,5.231,0.153655,0.119355,2.174,2243.0,3075.0,5.0,5.0,,,,,199,Prefabs/GPU/EKWB/EKWB_Watercooled_1080tiGPU_Clear,NVIDIA Tesla D100 40GB | EKWB EK-FC Plexi
GPU - Water,NVIDIA Tesla,Dxx,Tesla D100 40GB,NVIDIA,Tesla D100 40GB ENTHUSIAST-ED | FTW3 ULTRA HYDRO COPPER GAMING,Y,Y,33396,22649,19649,38,25,,0,,48,546,2173,3211,3800,-2232,1734,4375,5700,268,375,SLI,2.0,95,175,8-pin + 8-pin,RTX 3000,9.5,10.0,52876,94478.0,3.781843706130089,,,0.1481,0.138375,-227.7975,0.135342,0.142908,-230.257,0.17575,0.13051,5.231,0.153655,0.119355,2.174,3161.0,4325.0,5.0,5.0,,,,,199,v1_9_0/Prefabs/GPU/EVGA/GPU_EVGA_GeForce_RTX_2080_Ti_XC_HYDRO_COPPER_GAMING,NVIDIA Tesla D100 40GB ENTHUSIAST-ED | FTW3 ULTRA HYDRO COPPER GAMING
GPU - Water,NVIDIA Tesla,Dxx,Tesla D100 40GB,NVIDIA,Tesla D100 40GB LN2-Ready | Alphacool Eisblock GPX-N Plexi M02,Y,Y,39651,23299,20299,38,90,,0,,48,-1070,2415,4679,5900,-4746,1927,6375,8600,500,550,SLI,2.0,95,175,8-pin + 8-pin,RTX 3000,9.5,10.0,62951,104933.0,3.781843706130089,,,0.1481,0.138375,-227.7975,0.135342,0.142908,-230.257,0.17575,0.13051,5.231,0.153655,0.119355,2.174,4629.0,6325.0,5.0,5.0,,,,,199,Prefabs/GPU/Alphacool/GPU_Alphacool_Eisblock_GPXNPlexi_NvidiaGeforceRTX_2080Ti_M01,NVIDIA Tesla D100 40GB LN2-Ready | Alphacool Eisblock GPX-N Plexi M02
GPU,NVIDIA Tesla,Dxx,Tesla D100 80GB,NVIDIA,Tesla D100 80GB,Y,Y,20622,25999,22999,38,65,,,,80,1120,1610,1900,2100,236,1668,2615,3100,268,350,SLI,2.0,95,30,8-pin + 8-pin,RTX 3000,9.5,10.0,32258,78228.0,3.781843706130089,14164.0,25810.0,0.1481,0.138375,-263.0275,0.135342,0.142908,-268.257,0.20575,0.16051,-100.421,0.191655,0.152355,-105.464,,,,,,,,,199,v1_7_0/Prefabs/GPU/ZOTAC/GPU_Zotac_Gaming_GeForce_RTX2080_Ti_Blower,NVIDIA Tesla D100 80GB
GPU,NVIDIA Tesla,Mx000,Tesla M4,NVIDIA,Tesla M4,Y,Y,2185,565,385,7,75,,,,4,544,1072,1400,1600,750,1375,1785,2000,145,50,SLI,2.0,85,30,,GTX,10.9,11.0,2548,6553.0,1.947889182,6741.0,14724.0,0.030172,0.028984,-50.34088,0.030296,0.02578,-55.87088,0.065904,0.021692,-49.73960000000003,0.056961,0.019359,-54.721199999999925,,,,,,,,,199,Prefabs/GPU/EVGA/EVGA_GTX_1050Ti_Gaming,NVIDIA Tesla M4
GPU,NVIDIA Tesla,Mx000,Tesla M40,NVIDIA,Tesla M40,Y,Y,4989,1569,1321,8,25,,,,12,628,1114,1435,1600,1004,1502,1815,2000,267,250,SLI,2.0,85,30,8-pin + 8-pin,GTX,10.9,11.0,7304,22796.0,1.947889182,6741.0,14724.0,0.030172,0.028984,-27.25088,0.030296,0.02578,-32.25088,0.073904,0.035692,12.750399999999948,0.068961,0.030359,8.078800000000072,,,,,,,,,199,Prefabs/GPU/EVGA/EVGA_GeforceGTX1070,NVIDIA Tesla M40
GPU,NVIDIA Tesla,Mx000,Tesla M60,NVIDIA,Tesla M60,Y,Y,5260,1999,1771,8,55,,,,16,656,1178,1500,1700,606,1253,1653,1900,267,300,SLI,2.0,85,40,8-pin + 8-pin,GTX,10.9,11.0,7833,24886.0,1.947889182,6741.0,14724.0,0.030172,0.028984,-19.25088,0.030296,0.02578,-24.25088,0.092904,0.050692,-13.309600000000062,0.088961,0.046359,-18.29119999999993,,,,,,,,,199,Prefabs/GPU/EVGA/EVGA_GeforceGTX1070,NVIDIA Tesla M60
GPU,NVIDIA Tesla,Pxx,Tesla P100-12GB,NVIDIA,Tesla P100 12GB,Y,Y,7788,2500,2115,23,15,,,Green,12,658,1329,1750,2000,-770,715,1675,2200,267,250,SLI,2.0,95,15,8-pin,RTX,10.9,11.5,12259,29555.0,3.85,4701.0,9743.0,0.033804,0.01013,25.7116,0.032748,0.009282,21.7116,0.059011,0.067456,76.48940000000003,0.040905,0.050465,71.49179999999997,,,,,,,,,199,Prefabs/GPU/NVidia/GPU_Nvidia_GeForceGTX_1070,NVIDIA Tesla P100 12GB
GPU,NVIDIA Tesla,Pxx,Tesla P100-16GB,NVIDIA,Tesla P100 16GB,Y,Y,7968,2750,2335,23,55,,,Green,16,658,1329,1750,2000,-770,715,1700,2200,267,250,SLI,2.0,95,15,8-pin,RTX,10.9,11.5,12555,33677.0,4.15,4701.0,9743.0,0.033804,0.01013,27.5116,0.032748,0.009282,23.5116,0.059011,0.067456,101.34940000000002,0.040905,0.050465,96.34179999999995,,,,,,,,,199,Prefabs/GPU/NVidia/GPU_Nvidia_GeForceGTX_1070,NVIDIA Tesla P100 16GB
GPU,NVIDIA Tesla,Pxx,Tesla P4,NVIDIA,Tesla P4,Y,Y,4153,999,685,22,35,,,,8,628,1114,1435,1600,304,1502,2300,2700,250,75,SLI,1.5,95,15,,GTX,10.9,11.5,5914,14555.0,3.15,4701.0,9743.0,0.030172,0.028984,-35.6088,0.030296,0.02578,-40.6088,0.057004,0.02529,49.3284,0.002961,0.010139,44.34780000000002,,,,,,,,,199,Prefabs/Generic/GPU,NVIDIA Tesla P4
GPU,NVIDIA Tesla,Pxx,Tesla P40,NVIDIA,Tesla P40,Y,Y,6885,3450,2855,23,95,,,Green,24,1262,1531,1650,1800,-198,1251,2200,2700,267,250,SLI,2.0,95,15,6-pin,RTX,10.9,11.5,10761,26160.0,3.6,4701.0,9743.0,0.033804,0.01013,4.4326,0.032748,0.009282,0.9168,0.099011,0.052456,-25.13060000000003,0.070905,0.046465,-30.2882,,,,,,,,,199,Prefabs/GPU/NVidia/GPU_Nvidia_GeForceGTX_1060,NVIDIA Tesla P40
GPU,NVIDIA Tesla,Pxx,Tesla P6,NVIDIA,Tesla P6,Y,Y,5000,1699,1199,22,75,,,,16,1212,1506,1650,1800,404,1502,2200,2600,267,90,SLI,1.5,95,15,,GTX,10.9,11.5,8149,21478.0,3.35,4701.0,9743.0,0.030172,0.028984,-38.9688,0.030296,0.02578,-34.9688,0.137004,0.07529,-141.65959999999998,0.105961,0.060139,-146.23019999999985,,,,,,,,,199,Prefabs/GPU/EVGA/EVGA_GTX_1030_SC,NVIDIA Tesla P6
GPU,NVIDIA Tesla,Txx,Tesla T4,NVIDIA,Tesla T4,Y,Y,5972,1999,1349,30,35,,,,16,1380,1590,1700,1800,600,1250,1650,1900,169,70,SLI,1.5,95,10,,RTX,13.3,13.0,9126,37325.0,5.2,1124.0,3100.0,0.040141,0.045807,-61.354808,0.03975,0.043393,-65.354808,0.067141,0.065807,40.382808,0.06575,0.067393,37.036967,,,,,,,,,199,Prefabs/GPU/EVGA/EVGA_GTX_1030_SC,NVIDIA Tesla T4
GPU,NVIDIA Tesla,Vxx,Tesla V100 FHHL,NVIDIA,Tesla V100 FHHL,Y,Y,7915,5500,3000,27,1,,,,16,780,1290,1600,1800,100,950,1500,1800,168,250,,1.0,95,20,,RTX,13.3,13.0,12114,0.0,4.5,1124.0,3100.0,0.149184,0.178357,-282.7275,0.145342,0.177908,-287.257,0.0,0.0,0.0,0.0,0.0,0.0,,,,,,,,,199,Prefabs/GPU/GigaByte/GigaByte_GTX1030,NVIDIA Tesla V100 FHHL
GPU,NVIDIA Tesla,Vxx,Tesla V100-16GB,NVIDIA,Tesla V100 16GB,Y,Y,8350,6250,3550,27,50,,,Green,16,860,1380,1722,1900,250,1025,1500,1800,267,250,SLI,2.0,95,20,8-pin,RTX,13.3,13.0,12744,43613.0,4.8,1124.0,3100.0,0.149184,0.178357,-305.1875,0.145342,0.177908,-310.257,0.188195,0.198357,-162.7275,0.168342,0.169342,-167.257,,,,,,,,,199,Prefabs/GPU/NVidia/GPU_Nvidia_GeForceGTX_1080,NVIDIA Tesla V100 16GB
GPU,NVIDIA Tesla,Vxx,Tesla V100-32GB,NVIDIA,Tesla V100 32GB,Y,Y,8635,8650,6135,27,95,,,Green,32,860,1380,1715,1900,450,1025,1350,1600,267,250,SLI,2.0,95,20,8-pin,RTX,13.3,13.0,13228,52049.0,5.3,1124.0,3100.0,0.149184,0.178357,-302.3375,0.145342,0.177908,-307.257,0.188195,0.198357,-117.7275,0.168342,0.169342,-112.257,,,,,,,,,199,Prefabs/GPU/NVidia/GPU_Nvidia_GeForceGTX_1080,NVIDIA Tesla V100 32GB
GPU,NVIDIA Tesla,Vxx,Tesla V100-32GB,NVIDIA,Tesla V100S 32GB,Y,Y,9155,9850,7135,28,50,,,Green,32,1094,1597,1897,2100,212,1106,1650,2000,267,300,SLI,2.0,95,20,8-pin + 6-pin,RTX,13.3,13.0,14125,56124.0,4.9,1124.0,3100.0,0.049184,0.078357,-73.6575,0.045342,0.077908,-77.257,0.110195,0.150357,8.7575,0.105342,0.146342,3.7575,,,,,,,,,199,Prefabs/GPU/NVidia/GPU_Nvidia_GeForceGTX_1080Ti,NVIDIA Tesla V100S 32GB
GPU - Water,NVIDIA Tesla,Vxx,Tesla V100-32GB,NVIDIA,Tesla V100S 32GB | EKWB EK-FC Plexi,Y,Y,10799,10100,7385,29,1,,,,32,812,1756,2371,2700,-68,1216,2062,2500,267,325,SLI,2.0,95,55,8-pin + 6-pin,RTX,13.3,13.0,16770,61609.0,4.9,,,0.049184,0.078357,-73.6575,0.045342,0.077908,-77.257,0.110195,0.150357,8.7575,0.105342,0.146342,3.7575,2321.0,2012.0,5.0,5.0,,,,,199,Prefabs/GPU/EKWB/EKWB_Watercooled_1080tiGPU_Clear,NVIDIA Tesla V100S 32GB | EKWB EK-FC Plexi
GPU - Water,NVIDIA Tesla,Vxx,Tesla V100-32GB,NVIDIA,Tesla V100S 32GB ENTHUSIAST-ED | EKWB EK-FC Plexi,Y,Y,14932,10500,7785,29,50,,,,32,310,2155,3319,4000,-614,1493,2887,3600,267,375,SLI,2.0,95,170,8-pin + 6-pin,RTX,13.3,13.0,23414,75396.0,4.9,,,0.049184,0.078357,-73.6575,0.045342,0.077908,-77.257,0.110195,0.150357,8.7575,0.105342,0.146342,3.7575,3269.0,2837.0,5.0,5.0,,,,,199,Prefabs/GPU/EKWB/EKWB_Watercooled_1080tiGPU_Clear,NVIDIA Tesla V100S 32GB ENTHUSIAST-ED | EKWB EK-FC Plexi
GPU - Water,NVIDIA Tesla,Vxx,Tesla V100-32GB,NVIDIA,Tesla V100S 32GB LN2-Ready | EKWB EK-FC Plexi,Y,Y,17413,11150,8435,30,15,,,,32,-1310,2395,4837,6100,-2182,1659,4207,5500,500,550,SLI,2.0,95,170,8-pin + 6-pin,RTX,13.3,13.0,27401,83674.0,4.9,,,0.049184,0.078357,-73.6575,0.045342,0.077908,-77.257,0.110195,0.150357,8.7575,0.105342,0.146342,3.7575,4787.0,4157.0,5.0,5.0,,,,,199,Prefabs/GPU/EKWB/EKWB_Watercooled_1080tiGPU_Clear,NVIDIA Tesla V100S 32GB LN2-Ready | EKWB EK-FC Plexi
GPU,NVIDIA TITAN,Titan RTX,Titan RTX,NVIDIA,TITAN RTX Founders Edition,Y,Y,8507,2500,1145,28,90,,,Green,24,1340,1770,2000,2200,1100,1750,2150,2400,269,280,SLI,2.0,95,20,8-pin + 8-pin,RTX,9.5,10.0,12775,21226.0,1.781843706130089,20164.0,40810.0,0.049184,0.008357,-16.6075,0.045342,0.007908,-22.257,0.05971,0.084504,-117.921,0.058653,0.082351,-124.174,,,,,,,,,199,Prefabs/GPU/NVidia/GPU_Nvidia_RTX_2080Ti,NVIDIA TITAN RTX Founders Edition
GPU,NVIDIA TITAN,Titan RTX,Titan RTX,RED Digital Cinema,ROCKET (Titan RTX),Y,Y,0,1250,572,28,90,,,,24,1650,1775,1800,1900,1510,1755,1900,2000,147,205,SLI,1.5,95,20,,,9.5,10.0,0,0.0,1.781843706130089,20164.0,40810.0,0.0,0.0,0.0,0.0,0.0,0.0,0.0,0.0,0.0,0.0,0.0,0.0,,,,,,,,,199,Prefabs/Generic/GPU,RED Digital Cinema ROCKET (Titan RTX)
GPU,NVIDIA TITAN,Titan RTX,Titan RTX,RED Digital Cinema,ROCKET-X (Titan RTX),Y,Y,0,1500,687,28,90,,,,24,1650,1775,1850,1900,1410,1755,1950,2100,280,230,SLI,2.0,95,20,8-pin + 6-pin,,9.5,10.0,0,0.0,1.781843706130089,20164.0,40810.0,0.0,0.0,0.0,0.0,0.0,0.0,0.0,0.0,0.0,0.0,0.0,0.0,,,,,,,,,199,Prefabs/GPU/AMD/GPU_AMD_Radeon_RX_5700,RED Digital Cinema ROCKET-X (Titan RTX)
GPU - Water,NVIDIA TITAN,Titan RTX,Titan RTX,GIGABYTE,AORUS TITAN RTX ENTHUSIAST-ED. WATERFORCE 24G,Y,,9414,3650,2215,29,60,,,,24,190,1895,3000,3600,200,2100,3350,4000,258,350,SLI,2.0,100,100,8-pin + 8-pin,RTX,8.8,,14211,27232.0,5.1,,,0.049184,0.008357,-16.6075,0.045342,0.007908,-22.257,0.05971,0.084504,-117.921,0.058653,0.082351,-124.174,2645.0,2955.0,7.3,6.0,,,,,199,Prefabs/GPU/GigaByte/GPU_AUROS_RTX_2080_XTREME_WATERFORCE,GIGABYTE AORUS TITAN RTX ENTHUSIAST-ED. WATERFORCE 24G
GPU - Water,NVIDIA TITAN,Titan RTX,Titan RTX,GIGABYTE,AORUS TITAN RTX LN2-READY WATERFORCE 24G,Y,Y,12992,4950,3515,29,95,,,,24,-2600,2450,5750,7500,-1570,3115,6200,7800,500,565,SLI,2.0,107,200,8-pin + 8-pin,RTX,9.0,,19866,46512.0,6.1,,,0.049184,0.008357,-16.6075,0.045342,0.007908,-22.257,0.05971,0.084504,-117.921,0.058653,0.082351,-124.174,5550.0,6115.0,7.3,8.0,,,,,199,Prefabs/GPU/GigaByte/GPU_AUROS_RTX_2080_XTREME_WATERFORCE,GIGABYTE AORUS TITAN RTX LN2-READY WATERFORCE 24G
GPU - Water,NVIDIA TITAN,Titan RTX,Titan RTX,NVIDIA,TITAN RTX | EKWB EK-FC Plexi RGB,Y,Y,9524,2750,1395,29,40,,,RGB,24,1094,1947,2500,2800,750,1925,2687,3100,269,305,SLI,2.0,95,55,8-pin + 6-pin,RTX,9.5,10.0,14381,25342.0,1.781843706130089,,,0.049184,0.008357,-16.6075,0.045342,0.007908,-22.257,0.05971,0.084504,-117.921,0.058653,0.082351,-124.174,2450.0,2637.0,5.0,5.0,,,,,199,Prefabs/GPU/EKWB/EKWB_Watercooled_1080tiGPU_RGB,NVIDIA TITAN RTX | EKWB EK-FC Plexi RGB
GPU - Water,NVIDIA TITAN,Titan RTX,Titan RTX,NVIDIA,TITAN RTX ENTHUSIAST-ED | Alphacool NexXxoS GPX M10,Y,Y,12063,3150,1795,29,90,,,,24,678,2389,3500,4100,224,2362,3762,4500,269,355,SLI,2.0,95,170,8-pin,RTX,9.5,10.0,18388,35616.0,1.781843706130089,,,0.049184,0.008357,-16.6075,0.045342,0.007908,-22.257,0.05971,0.084504,-117.921,0.058653,0.082351,-124.174,3450.0,3712.0,5.0,5.0,,,,,199,Prefabs/GPU/Alphacool/GPU_Alphacool_NexXxoS_GPX_ NvidiaGeforceGTX1080_M10,NVIDIA TITAN RTX ENTHUSIAST-ED | Alphacool NexXxoS GPX M10
GPU - Water,NVIDIA TITAN,V,Titan V,NVIDIA,TITAN V | Alphacool NexXxoS GPX M10,Y,,8152,2250,1500,30,10,,,,12,600,1600,2256,2600,-258,1171,2118,2600,258,325,,2.0,100,65,8-pin,RTX,8.5,,12861,28555.0,5.1,,,0.049184,0.008357,-6.9575,0.045342,0.007908,-6.257,0.05971,0.109504,-33.921,0.058653,0.089351,-37.674,2206.0,2068.0,6.6,5.0,,,,,199,Prefabs/GPU/Alphacool/GPU_Alphacool_NexXxoS_GPX_ NvidiaGeforceGTX1080_M10,NVIDIA TITAN V | Alphacool NexXxoS GPX M10
GPU - Water,NVIDIA TITAN,V,Titan V,NVIDIA,TITAN V ENTHUSIAST-ED. | Alphacool NexXxoS GPX M10,Y,,8400,3150,2455,25,65,,,,12,-70,1615,2700,3300,-540,1380,2650,3300,258,350,,2.0,102,65,8-pin,RTX,8.5,,13256,32076.0,5.3,,,0.049184,0.008357,-6.9575,0.045342,0.007908,-6.257,0.05971,0.109504,-33.921,0.058653,0.089351,-37.674,2450.0,2145.0,7.15,6.0,,,,,199,Prefabs/GPU/Alphacool/GPU_Alphacool_NexXxoS_GPX_ NvidiaGeforceGTX1080_M10,NVIDIA TITAN V ENTHUSIAST-ED. | Alphacool NexXxoS GPX M10
GPU - Water,NVIDIA TITAN,V,Titan V,ZOTAC,TITAN V LN2-READY | ArcticStorm EXTREME,Y,,11663,3300,2550,25,95,,,RGB,12,-2600,2150,5250,6900,-3930,2135,6150,8200,500,560,,2.0,105,165,8-pin + 8-pin,RTX,8.5,,18402,49485.0,5.7,,,0.049184,0.008357,-6.9575,0.045342,0.007908,-6.257,0.05971,0.109504,-33.921,0.058653,0.089351,-37.674,5150.0,6115.0,7.15,9.0,,,,,199,Prefabs/GPU/ZOTAC/GPU_Zotac_Gaming_Geforce_RTX2080Ti_ArticStorm,ZOTAC TITAN V LN2-READY | ArcticStorm EXTREME
GPU,AMD Radeon,R5/R7/R9 200,Radeon R9 280,DFL,Radeon R9 280 GR8 3G,,Y,1405,160,53,1,1,1.0,,,3,566,933,1150,1300,900,1250,1450,1600,147,200,CrossFire,1.5,95,50,,,12.6,12.5,2019,4013.0,1.9876176324913324,2395.0,4382.0,0.010059,0.002164,1.960358,0.00801,0.001543,1.552709,0.005652,0.006816,14.22857,0.003912,0.005701,10.94924,,,,,,,,,201,Prefabs/Generic/GPU,DFL Radeon R9 280 GR8 3G
GPU,AMD Radeon,R5/R7/R9 200,Radeon R9 280,MSI,Radeon R9 280 GAMING 3G,,Y,1472,170,57,3,60,1.0,,,3,700,1000,1150,1300,900,1250,1450,1600,269,200,CrossFire,2.0,95,50,8-pin + 6-pin,,12.5,12.5,2117,4064.0,1.9196976854038734,2395.0,4382.0,0.010059,0.002164,1.960358,0.00801,0.001543,1.552709,0.005652,0.006816,14.22857,0.003912,0.005701,10.94924,,,,,,,,,201,Prefabs/GPU/MSI/MSI_RadeonR92803GB,MSI Radeon R9 280 GAMING 3G
GPU,AMD Radeon,R5/R7/R9 200,Radeon R9 280,MSI,Radeon R9 280 GAMING 3G LE,,Y,1431,165,55,3,30,1.0,,,3,618,959,1150,1300,900,1250,1450,1600,269,200,CrossFire,2.0,95,50,8-pin + 6-pin,,12.5,12.5,2057,4033.0,1.9606222654350998,2395.0,4382.0,0.010059,0.002164,1.960358,0.00801,0.001543,1.552709,0.005652,0.006816,14.22857,0.003912,0.005701,10.94924,,,,,,,,,201,Prefabs/GPU/MSI/MSI_RadeonR92803GBLE,MSI Radeon R9 280 GAMING 3G LE
GPU,AMD Radeon,R5/R7/R9 200,Radeon R9 290,DFL,Radeon R9 290 GR8,,Y,2465,300,100,1,1,1.0,,,4,694,947,1075,1200,1000,1250,1400,1500,147,275,CrossFire,1.5,95,50,,,11.9,12.0,3572,7140.0,1.9988801791713326,3982.0,7925.0,0.018288,0.002945,3.655719,0.015332,0.002047,2.430446,0.034822,0.006114,8.824424,0.029737,0.003394,6.491975,,,,,,,,,201,Prefabs/Generic/GPU,DFL Radeon R9 290 GR8
GPU,AMD Radeon,R5/R7/R9 200,Radeon R9 290,DFL,Radeon R9 290 GR8TOR,,Y,2562,325,108,1,1,1.0,,,4,800,1000,1075,1200,1000,1250,1400,1500,147,275,CrossFire,1.5,95,50,,,11.4,11.5,3717,7419.0,1.9959644874899112,3982.0,7925.0,0.018288,0.002945,3.655719,0.015332,0.002047,2.430446,0.034822,0.006114,8.824424,0.029737,0.003394,6.491975,,,,,,,,,201,Prefabs/Generic/GPU,DFL Radeon R9 290 GR8TOR
GPU,AMD Radeon,R5/R7/R9 200,Radeon R9 295X2,MSI,Radeon R9 295X2,Y,,3095,885,443,5,35,,,,8,436,1018,1350,1600,600,1250,1665,1900,269,500,CrossFire,2.0,95,75,8-pin + 6-pin,,11.4,11.5,4433,15584.0,1.9959644874899112,3982.0,7925.0,0.018288,0.002945,8.655719,0.015332,0.002047,5.830446,0.034822,0.006114,58.824424,0.029737,0.003394,54.491975,,,,,,,,,201,Prefabs/GPU/MSI/MSI_RadeonR92803GB,MSI Radeon R9 295X2
GPU,AMD Radeon,R5/R7/R9 200,Radeon R9 295X2,MSI,Radeon R9 295X2 LE,Y,,2546,705,343,5,1,,,,8,400,750,950,1100,700,1050,1265,1400,269,350,CrossFire,2.0,95,75,8-pin + 6-pin,,11.4,11.5,3619,13292.0,1.9959644874899112,3982.0,7925.0,0.018288,0.002945,8.655719,0.015332,0.002047,5.830446,0.034822,0.006114,53.824424,0.029737,0.003394,50.491975,,,,,,,,,201,Prefabs/GPU/MSI/MSI_RadeonR92803GB,MSI Radeon R9 295X2 LE
GPU,AMD Radeon,R5/R7/R9 300,Radeon R9 370,MSI,Radeon R9 370 GAMING 2G,,Y,1050,115,38,3,10,1.0,,White,2,860,1030,1100,1200,1000,1400,1600,1800,258,110,CrossFire,2.0,95,50,6-pin,,13.2,13.0,1516,3345.0,2.2064643799472297,1633.0,3523.0,0.010494,0.000604,-1.14691,0.007101,0.000589,0.116439,0.017133,0.0,5.590669,0.014198,0.0,3.550554,,,,,,,,,202,Prefabs/GPU/MSI/MSI_RadeonR7370G2G,MSI Radeon R9 370 GAMING 2G
GPU,AMD Radeon,R5/R7/R9 300,Radeon R9 370,MSI,Radeon R9 370 GAMING 4G,,Y,1094,120,40,3,15,1.0,,White,4,940,1070,1100,1200,1250,1425,1500,1600,258,110,CrossFire,2.0,95,50,6-pin,,13.1,13.0,1574,3446.0,2.1893265565438376,1624.0,3523.0,0.010494,0.000604,-1.14691,0.007101,0.000589,0.116439,0.017133,0.0,5.590669,0.014198,0.0,3.550554,,,,,,,,,202,Prefabs/GPU/MSI/MSI_RadeonR7370G4G,MSI Radeon R9 370 GAMING 4G
GPU,AMD Radeon,R5/R7/R9 300,Radeon R9 380,MSI,Radeon R9 380 GAMING 2G,,Y,1831,215,72,4,10,1.0,,White,2,660,980,1150,1300,1150,1425,1600,1700,268,190,CrossFire,2.0,95,50,8-pin + 6-pin,,12.5,12.5,2685,5313.0,1.9787709497206705,3075.0,5966.0,0.013626,0.001814,2.379329,0.011454,0.001259,1.782101,0.028033,0.002375,5.46382,0.016665,0.001769,10.39041,,,,,,,,,202,Prefabs/GPU/MSI/MSI_RadeonR9380G2G,MSI Radeon R9 380 GAMING 2G
GPU,AMD Radeon,R5/R7/R9 300,Radeon R9 380,MSI,Radeon R9 380 GAMING 4G,,Y,1831,215,72,4,30,1.0,,White,4,660,980,1150,1300,1250,1425,1500,1600,268,190,CrossFire,2.0,95,50,8-pin + 6-pin,,12.5,12.5,2685,5313.0,1.9787709497206705,3050.0,5933.0,0.013626,0.001814,2.379329,0.011454,0.001259,1.782101,0.028033,0.002375,5.46382,0.016665,0.001769,10.39041,,,,,,,,,202,Prefabs/GPU/MSI/MSI_RadeonR9380G4G,MSI Radeon R9 380 GAMING 4G
GPU,AMD Radeon,R5/R7/R9 300,Radeon R9 390,MSI,Radeon R9 390 GAMING 8G,,Y,2787,350,117,7,20,1.0,,White,8,920,1060,1100,1200,1350,1525,1600,1700,277,275,CrossFire,2.5,95,50,8-pin + 6-pin,,11.5,11.5,4041,7984.0,1.97574857708488,4174.0,8358.0,0.02047,0.001108,4.489738,0.01724,0.000513,3.029226,0.052746,0.004899,-7.99316,0.039859,0.006782,-9.16368,,,,,,,,,202,Prefabs/GPU/MSI/MSI_RadeonR9390G8G,MSI Radeon R9 390 GAMING 8G
GPU,AMD Radeon,R5/R7/R9 300,Radeon R9 390,MSI,Radeon R9 390 GAMING 8G LE,,Y,2682,340,113,7,40,1.0,,White,8,820,1010,1100,1200,1300,1500,1600,1700,277,275,CrossFire,2.5,95,50,8-pin + 6-pin,,11.4,11.5,3885,7586.0,1.9526383526383526,4174.0,8358.0,0.02047,0.001108,4.489738,0.01724,0.000513,3.029226,0.052746,0.004899,-7.99316,0.039859,0.006782,-9.16368,,,,,,,,,202,Prefabs/GPU/MSI/MSI_RadeonR9390G8GLE,MSI Radeon R9 390 GAMING 8G LE
GPU,AMD Radeon,R5/R7/R9 300,Radeon R9 390X,MSI,Radeon R9 390X GAMING 8G,,Y,2985,395,132,7,60,1.0,,White,8,1000,1100,1150,1200,1350,1525,1600,1700,277,275,CrossFire,2.5,95,50,8-pin + 6-pin,,11.0,11.0,4334,8447.0,1.9490078449469312,4488.0,8820.0,0.020239,0.000167,7.339774,0.017197,3.15e-05,4.744706,0.047282,0.004736,-0.47497,0.039049,0.0,2.895555,,,,,,,,,202,Prefabs/GPU/MSI/MSI_RadeonR9390XG8G,MSI Radeon R9 390X GAMING 8G
GPU,AMD Radeon,R5/R7/R9 300,Radeon R9 390X,MSI,Radeon R9 390X GAMING 8G LE,,Y,2904,385,128,7,80,1.0,,White,8,920,1060,1150,1200,1300,1500,1600,1700,277,275,CrossFire,2.0,95,50,8-pin + 6-pin,,10.9,11.0,4212,8158.0,1.9368471035137702,4488.0,8820.0,0.020239,0.000167,7.339774,0.017197,3.15e-05,4.744706,0.047282,0.004736,-0.47497,0.039049,0.0,2.895555,,,,,,,,,202,Prefabs/GPU/MSI/MSI_RadeonR9390XG8GLE,MSI Radeon R9 390X GAMING 8G LE
GPU,AMD Radeon,R5/R7/R9 300,Radeon R9 FURY,MSI,Radeon R9 FURY,Y,Y,2200,355,162,6,30,,,White,4,600,1000,1250,1400,-500,500,1150,1500,268,275,CrossFire,2.0,95,55,8-pin + 6-pin,,12.5,12.5,3233,7346.0,1.9787709497206705,3050.0,5933.0,0.013626,0.001814,7.469329,0.011454,0.001259,5.782101,0.028033,0.002375,25.46382,0.016665,0.001769,20.39041,,,,,,,,,202,Prefabs/GPU/MSI/MSI_RadeonR9380G4G,MSI Radeon R9 FURY
GPU,AMD Radeon,R5/R7/R9 300,Radeon R9 FURY X,MSI,Radeon R9 FURY X,Y,Y,2568,475,195,6,35,,,White,4,500,1050,1350,1600,-700,500,1250,1700,268,275,CrossFire,2.5,95,65,8-pin + 6-pin,,12.5,12.5,3733,8187.0,1.9787709497206705,3050.0,5933.0,0.013626,0.001814,10.469329,0.011454,0.001259,7.782101,0.028033,0.002375,27.46382,0.016665,0.001769,25.39041,,,,,,,,,202,Prefabs/GPU/MSI/MSI_RadeonR9390XG8G,MSI Radeon R9 FURY X
GPU,AMD Radeon,R5/R7/R9 300,Radeon R9 FURY X2,MSI,Radeon R9 FURY X2,Y,Y,3588,785,435,6,75,,,White,8,400,1050,1450,1700,-1000,500,1450,2000,268,445,CrossFire,2.5,95,70,8-pin + 6-pin,,12.5,12.5,5401,10451.0,1.9787709497206705,3050.0,5933.0,0.013626,0.001814,20.669329,0.011454,0.001259,17.782101,0.028033,0.012975,35.64382000000002,0.020665,0.010769,30.360410000000016,,,,,,,,,202,Prefabs/GPU/MSI/MSI_RadeonR9390XG8G,MSI Radeon R9 FURY X2
GPU,AMD Radeon,RX 400,Radeon RX 470,MSI,Radeon RX 470 GAMING 4G,,Y,2382,295,98,4,30,1.0,,RGB,4,936,1218,1350,1500,1500,1650,1700,1800,276,120,CrossFire,2.0,95,50,8-pin,,12.0,12.0,3539,7196.0,2.0333427521898844,3845.0,7302.0,0.013822,0.004227,0.013516,0.011815,0.003241,-0.01565,0.006188,0.0,40.83006,0.004,0.0,35.28137,,,,,,,,,203,Prefabs/GPU/MSI/MSI_RX470,MSI Radeon RX 470 GAMING 4G
GPU,AMD Radeon,RX 400,Radeon RX 470,MSI,Radeon RX 470 GAMING 8G,,Y,2382,295,98,4,50,1.0,,RGB,8,936,1218,1380,1500,1400,1650,1800,1900,276,120,CrossFire,2.0,95,50,8-pin,,12.0,12.0,3539,7196.0,2.0333427521898844,3968.0,7327.0,0.013822,0.004227,0.013516,0.011815,0.003241,-0.01565,0.006188,0.0,40.83006,0.004,0.0,35.28137,,,,,,,,,203,Prefabs/GPU/MSI/MSI_RX470,MSI Radeon RX 470 GAMING 8G
GPU,AMD Radeon,RX 400,Radeon RX 470,MSI,Radeon RX 470 GAMING X 4G,,Y,2415,300,100,4,1,1.0,,RGB,4,984,1242,1350,1500,1500,1650,1700,1800,276,120,CrossFire,2.0,95,50,8-pin,,12.0,12.0,3589,7215.0,2.0103092783505154,3845.0,7302.0,0.013822,0.004227,0.013516,0.011815,0.003241,-0.01565,0.006188,0.0,40.83006,0.004,0.0,35.28137,,,,,,,,,203,Prefabs/GPU/MSI/MSI_RX470,MSI Radeon RX 470 GAMING X 4G
GPU,AMD Radeon,RX 400,Radeon RX 470,MSI,Radeon RX 470 GAMING X 8G,,Y,2415,300,100,4,75,1.0,,RGB,8,984,1242,1380,1500,1400,1650,1800,1900,276,120,CrossFire,2.0,95,50,8-pin,,12.0,12.0,3589,7215.0,2.0103092783505154,3968.0,7327.0,0.013822,0.004227,0.013516,0.011815,0.003241,-0.01565,0.006188,0.0,40.83006,0.004,0.0,35.28137,,,,,,,,,203,Prefabs/GPU/MSI/MSI_RX470,MSI Radeon RX 470 GAMING X 8G
GPU,AMD Radeon,RX 400,Radeon RX 480,MSI,Radeon RX 480 GAMING 4G,,Y,2630,340,113,10,10,1.0,,RGB,4,1158,1279,1350,1400,1000,1750,2200,2500,276,150,CrossFire,2.0,95,50,8-pin,,11.5,11.5,3911,7564.0,1.9340322168243416,4306.0,8264.0,0.018106,0.003184,-2.42658,0.015019,0.002432,-1.64801,0.039075,0.004634,-6.96419,0.031592,0.003464,-4.45261,,,,,,,,,203,Prefabs/GPU/MSI/MSI_RX480,MSI Radeon RX 480 GAMING 4G
GPU,AMD Radeon,RX 400,Radeon RX 480,MSI,Radeon RX 480 GAMING 8G,,Y,2709,350,117,10,35,1.0,,RGB,8,1158,1279,1350,1400,1600,2000,2200,2400,276,150,CrossFire,2.0,95,50,8-pin,,11.5,11.5,4024,7727.0,1.9202286282306162,4306.0,8264.0,0.018106,0.003184,-2.42658,0.015019,0.002432,-1.64801,0.039075,0.004634,-6.96419,0.031592,0.003464,-4.45261,,,,,,,,,203,Prefabs/GPU/MSI/MSI_RX480,MSI Radeon RX 480 GAMING 8G
GPU,AMD Radeon,RX 400,Radeon RX 480,MSI,Radeon RX 480 GAMING X 4G,,Y,2673,345,115,10,1,1.0,,RGB,4,1206,1303,1350,1400,1000,1750,2200,2500,276,150,CrossFire,2.0,95,50,8-pin,,11.5,11.5,3976,7701.0,1.936871227364185,4306.0,8264.0,0.018106,0.003184,-2.42658,0.015019,0.002432,-1.64801,0.039075,0.004634,-6.96419,0.031592,0.003464,-4.45261,,,,,,,,,203,Prefabs/GPU/MSI/MSI_RX480,MSI Radeon RX 480 GAMING X 4G
GPU,AMD Radeon,RX 400,Radeon RX 480,MSI,Radeon RX 480 GAMING X 8G,,Y,2753,355,118,10,75,1.0,,RGB,8,1206,1303,1350,1400,1600,2000,2200,2400,276,150,CrossFire,2.0,95,50,8-pin,,11.5,11.5,4089,7864.0,1.9232086084617266,4306.0,8264.0,0.018106,0.003184,-2.42658,0.015019,0.002432,-1.64801,0.039075,0.004634,-6.96419,0.031592,0.003464,-4.45261,,,,,,,,,203,Prefabs/GPU/MSI/MSI_RX480,MSI Radeon RX 480 GAMING X 8G
GPU,AMD Radeon,RX 500,Radeon RX560,ASRock,Phantom Gaming Radeon RX560 4G,,Y,1278,155,52,2,50,1.5,PC,,4,846,1223,1440,1600,1414,1757,1950,2100,170,75,CrossFire,2.0,95,50,,,12.1,12.0,1878,3653.0,1.945154419595314,2147.0,4346.0,0.007928,0.000358,2.464616,0.006675,0.000319,1.652216,0.020416,0.001331,-2.39274,0.016964,0.000853,-2.09805,,,,,,,,,204,Prefabs/GPU/AsRock/GPU_ASRock_PhantomGaming_Radeon_RX560_G,ASRock Phantom Gaming Radeon RX560 4G
GPU,AMD Radeon,RX 500,Radeon RX560,ASUS,Radeon RX 560,,Y,1319,160,53,2,10,1.0,,,4,950,1275,1440,1600,1400,1750,1950,2100,220,75,CrossFire,2.0,95,50,,,12.1,12.0,1940,3810.0,1.9639175257731958,2147.0,4346.0,0.007928,0.000358,2.464616,0.006675,0.000319,1.652216,0.020416,0.001331,-2.39274,0.016964,0.000853,-2.09805,,,,,,,,,204,Prefabs/GPU/ASUS/ASUS_RX_560,ASUS Radeon RX 560
GPU,AMD Radeon,RX 500,Radeon RX560,ASUS,ROG Strix Radeon RX 560 OC Edition,,Y,1360,165,55,2,30,1.0,,RGB,4,1152,1326,1440,1500,1400,1750,1950,2100,194,75,CrossFire,2.0,95,50,6-pin,,12.1,12.0,2001,3965.0,1.9815092453773113,2147.0,4346.0,0.007928,0.000358,2.464616,0.006675,0.000319,1.652216,0.020416,0.001331,-2.39274,0.016964,0.000853,-2.09805,,,,,,,,,204,Prefabs/GPU/ASUS/ASUS_ROG_STRIX_RX_560_OC,ASUS ROG Strix Radeon RX 560 OC Edition
GPU,AMD Radeon,RX 500,Radeon RX570,ASUS,Expedition Radeon RX 570 OC Edition,,Y,2510,320,107,8,1,1.0,,,4,1012,1256,1410,1500,1300,1750,2000,2200,240,120,CrossFire,2.0,95,50,8-pin,,11.5,11.5,3683,6908.0,1.8756448547379854,4000.0,7748.0,0.01285,0.000352,8.34888,0.011422,0.000222,5.586295,0.021136,0.009439,4.345421,0.01847,0.007451,1.660576,,,,,,,,,204,Prefabs/GPU/ASUS/ASUS_Expedition_Radeon_RX_570_OC,ASUS Expedition Radeon RX 570 OC Edition
GPU,AMD Radeon,RX 500,Radeon RX570,ASUS,ROG Strix Radeon RX 570 8G,,Y,2507,320,107,21,80,1.8,PC,RGB,8,1008,1254,1410,1500,1300,1750,2000,2200,240,120,CrossFire,2.0,95,20,8-pin,,11.5,11.5,3679,6901.0,1.8757814623539004,4000.0,7748.0,0.01285,0.000352,8.34888,0.011422,0.000222,5.586295,0.021136,0.009439,4.345421,0.01847,0.007451,1.660576,,,,,,,,,204,Prefabs/GPU/ASUS/ASUS_Strix_RX570_OC,ASUS ROG Strix Radeon RX 570 8G
GPU,AMD Radeon,RX 500,Radeon RX570,ASUS,ROG Strix Radeon RX 570 8G OC Edition,,Y,2579,330,110,21,80,1.8,PC,RGB,8,1120,1310,1410,1500,1300,1750,2000,2200,240,120,CrossFire,2.0,95,20,8-pin,,11.5,11.5,3790,7083.0,1.8688654353562004,4000.0,7748.0,0.01285,0.000352,8.34888,0.011422,0.000222,5.586295,0.021136,0.009439,4.345421,0.01847,0.007451,1.660576,,,,,,,,,204,Prefabs/GPU/ASUS/ASUS_Strix_RX570_OC,ASUS ROG Strix Radeon RX 570 8G OC Edition
GPU,AMD Radeon,RX 500,Radeon RX570,ASUS,ROG Strix Radeon RX 570 OC Edition,,Y,2566,330,110,8,70,1.0,,RGB,4,1100,1300,1410,1500,1300,1750,2000,2200,240,120,CrossFire,2.0,95,50,8-pin,,11.4,11.5,3771,7050.0,1.869530628480509,4000.0,7748.0,0.01285,0.000352,8.34888,0.011422,0.000222,5.586295,0.021136,0.009439,4.345421,0.01847,0.007451,1.660576,,,,,,,,,204,Prefabs/GPU/ASUS/ASUS_Strix_RX570_OC,ASUS ROG Strix Radeon RX 570 OC Edition
GPU,AMD Radeon,RX 500,Radeon RX570,GIGABYTE,AORUS Radeon RX570 4G,,Y,2560,325,108,8,1,1.0,,RGB,4,1090,1295,1410,1500,1300,1750,2000,2200,232,120,CrossFire,2.0,95,50,8-pin,,11.6,11.5,3761,7034.0,1.8702472746609944,4000.0,7748.0,0.01285,0.000352,8.34888,0.011422,0.000222,5.586295,0.021136,0.009439,4.345421,0.01847,0.007451,1.660576,,,,,,,,,204,Prefabs/GPU/GigaByte/GigaByte_RadeonRX_570_4gb,GIGABYTE AORUS Radeon RX570 4G
GPU,AMD Radeon,RX 500,Radeon RX570,MSI,Radeon RX 570 GAMING 4G,,Y,2525,320,107,8,80,1.0,,RGB,4,1036,1268,1410,1500,1300,1750,2000,2200,276,120,CrossFire,2.0,95,50,8-pin,,11.6,11.5,3707,6947.0,1.8740221203129215,4000.0,7748.0,0.01285,0.000352,8.34888,0.011422,0.000222,5.586295,0.021136,0.009439,4.345421,0.01847,0.007451,1.660576,,,,,,,,,204,Prefabs/GPU/MSI/MSI_RX570,MSI Radeon RX 570 GAMING 4G
GPU,AMD Radeon,RX 500,Radeon RX570,MSI,Radeon RX 570 GAMING 8G,,Y,2525,320,107,8,60,1.0,,RGB,8,1036,1268,1410,1500,1300,1750,2000,2200,276,120,CrossFire,2.0,95,50,8-pin,,11.6,11.5,3707,6947.0,1.8740221203129215,4000.0,7748.0,0.01285,0.000352,8.34888,0.011422,0.000222,5.586295,0.021136,0.009439,4.345421,0.01847,0.007451,1.660576,,,,,,,,,204,Prefabs/GPU/MSI/MSI_RX570,MSI Radeon RX 570 GAMING 8G
GPU,AMD Radeon,RX 500,Radeon RX570,MSI,Radeon RX 570 GAMING X 4G,,Y,2558,325,108,8,40,1.0,,RGB,4,1086,1293,1410,1500,1350,1775,2000,2200,276,120,CrossFire,2.0,95,50,8-pin,,11.6,11.5,3758,7062.0,1.8791910590739755,4000.0,7748.0,0.01285,0.000352,8.34888,0.011422,0.000222,5.586295,0.021136,0.009439,4.345421,0.01847,0.007451,1.660576,,,,,,,,,204,Prefabs/GPU/MSI/MSI_RX570,MSI Radeon RX 570 GAMING X 4G
GPU,AMD Radeon,RX 500,Radeon RX570,MSI,Radeon RX 570 GAMING X 8G,,Y,2558,325,108,8,20,1.0,,RGB,8,1086,1293,1410,1500,1350,1775,2000,2200,276,120,CrossFire,2.0,95,50,8-pin,,11.6,11.5,3758,7062.0,1.8791910590739755,4000.0,7748.0,0.01285,0.000352,8.34888,0.011422,0.000222,5.586295,0.021136,0.009439,4.345421,0.01847,0.007451,1.660576,,,,,,,,,204,Prefabs/GPU/MSI/MSI_RX570,MSI Radeon RX 570 GAMING X 8G
GPU,AMD Radeon,RX 500,Radeon RX580,ASRock,Phantom Gaming D Radeon RX580 8G OC,,Y,2906,390,130,14,80,1.5,PC,,8,1140,1370,1490,1600,1600,2000,2200,2400,237,185,CrossFire,2.0,95,50,6-pin,,11.1,11.0,4311,8482.0,1.967524936209696,4610.0,9030.0,0.013601,0.001703,7.02402,0.012,0.001288,4.978352,0.027248,0.00328,13.44563,0.021909,0.001323,14.45007,,,,,,,,,204,Prefabs/GPU/AsRock/GPU_ASRock_PhantomGamingD_Radeon_RX580_8G_OC,ASRock Phantom Gaming D Radeon RX580 8G OC
GPU,AMD Radeon,RX 500,Radeon RX580,ASRock,Phantom Gaming X Radeon RX580 8G OC,,Y,2919,395,132,14,85,1.5,PC,,8,1160,1380,1490,1600,1600,2000,2200,2400,279,185,CrossFire,2.0,95,50,8-pin,,11.0,11.0,4331,8522.0,1.9676749018702377,4610.0,9030.0,0.013601,0.001703,7.02402,0.012,0.001288,4.978352,0.027248,0.00328,13.44563,0.021909,0.001323,14.45007,,,,,,,,,204,Prefabs/GPU/AsRock/GPU_ASRock_PhantomGaming_X_Radeon_RX580_8G_OC,ASRock Phantom Gaming X Radeon RX580 8G OC
GPU,AMD Radeon,RX 500,Radeon RX580,ASUS,AREZ Strix Radeon RX 580,,Y,2865,385,128,14,1,1.0,,RGB,8,1080,1340,1490,1600,1600,2000,2200,2400,298,185,CrossFire,2.5,95,50,8-pin,,11.0,11.0,4248,8363.0,1.9686911487758945,4610.0,9030.0,0.013601,0.001703,7.02402,0.012,0.001288,4.978352,0.027248,0.00328,13.44563,0.021909,0.001323,14.45007,,,,,,,,,204,Prefabs/GPU/ASUS/ASUS_AREZ_Radeon_RX_580,ASUS AREZ Strix Radeon RX 580
GPU,AMD Radeon,RX 500,Radeon RX580,ASUS,Dual Series Radeon RX 580 OC Edition,,Y,2892,390,130,14,20,1.0,,,8,1120,1360,1490,1600,1600,2000,2200,2400,242,185,CrossFire,2.0,95,50,8-pin,,11.0,11.0,4290,8442.0,1.9678321678321677,4610.0,9030.0,0.013601,0.001703,7.02402,0.012,0.001288,4.978352,0.027248,0.00328,13.44563,0.021909,0.001323,14.45007,,,,,,,,,204,Prefabs/GPU/ASUS/ASUS_Dual_RX580_OC,ASUS Dual Series Radeon RX 580 OC Edition
GPU,AMD Radeon,RX 500,Radeon RX580,GIGABYTE,AORUS Radeon RX580 4G,,Y,2877,390,130,16,75,1.0,,RGB,4,1160,1380,1490,1600,1000,1750,2200,2500,232,185,CrossFire,2.0,95,50,8-pin,,11.0,11.0,4271,8434.0,1.9747131819246078,4610.0,9030.0,0.013601,0.001703,7.02402,0.012,0.001288,4.978352,0.027248,0.00328,13.44563,0.021909,0.001323,14.45007,,,,,,,,,204,Prefabs/GPU/GigaByte/GigaByte_RadeonRX_580_4gb,GIGABYTE AORUS Radeon RX580 4G
GPU,AMD Radeon,RX 500,Radeon RX580,GIGABYTE,AORUS Radeon RX580 8G,,Y,2919,395,132,16,50,1.0,,RGB,8,1160,1380,1490,1600,1600,2000,2200,2400,232,185,CrossFire,2.0,95,50,8-pin,,11.0,11.0,4331,8522.0,1.9676749018702377,4610.0,9030.0,0.013601,0.001703,7.02402,0.012,0.001288,4.978352,0.027248,0.00328,13.44563,0.021909,0.001323,14.45007,,,,,,,,,204,Prefabs/GPU/GigaByte/GigaByte_RadeonRX_580_8gb,GIGABYTE AORUS Radeon RX580 8G
GPU,AMD Radeon,RX 500,Radeon RX580,MSI,Radeon RX 580 GAMING 4G,,Y,2858,385,128,16,25,1.0,,RGB,4,1132,1366,1490,1600,1000,1750,2200,2500,276,185,CrossFire,2.0,95,50,8-pin + 8-pin,,11.0,11.0,4242,8379.0,1.9752475247524752,4610.0,9030.0,0.013601,0.001703,7.02402,0.012,0.001288,4.978352,0.027248,0.00328,13.44563,0.021909,0.001323,14.45007,,,,,,,,,204,Prefabs/GPU/MSI/MSI_RX580,MSI Radeon RX 580 GAMING 4G
GPU,AMD Radeon,RX 500,Radeon RX580,MSI,Radeon RX 580 GAMING 8G,,Y,2900,390,130,14,42,1.0,,RGB,8,1132,1366,1490,1600,1600,2000,2200,2400,276,185,CrossFire,2.0,95,50,8-pin + 8-pin,,11.0,11.0,4302,8466.0,1.9679218967921897,4610.0,9030.0,0.013601,0.001703,7.02402,0.012,0.001288,4.978352,0.027248,0.00328,13.44563,0.021909,0.001323,14.45007,,,,,,,,,204,Prefabs/GPU/MSI/MSI_RX580,MSI Radeon RX 580 GAMING 8G
GPU,AMD Radeon,RX 500,Radeon RX580,MSI,Radeon RX 580 GAMING X 4G,,Y,2899,390,130,16,1,1.0,,RGB,4,1186,1393,1490,1600,1050,1775,2200,2500,276,185,CrossFire,2.0,95,50,8-pin + 8-pin,,11.0,11.0,4304,8495.0,1.9737453531598512,4610.0,9030.0,0.013601,0.001703,7.02402,0.012,0.001288,4.978352,0.027248,0.00328,13.44563,0.021909,0.001323,14.45007,,,,,,,,,204,Prefabs/GPU/MSI/MSI_RX580,MSI Radeon RX 580 GAMING X 4G
GPU,AMD Radeon,RX 500,Radeon RX580,MSI,Radeon RX 580 GAMING X 8G,,Y,2941,395,132,14,30,1.0,,RGB,8,1186,1393,1490,1600,1750,2025,2200,2300,276,185,CrossFire,2.0,95,50,8-pin + 8-pin,,11.1,11.0,4365,8582.0,1.9660939289805268,4610.0,9030.0,0.013601,0.001703,7.02402,0.012,0.001288,4.978352,0.027248,0.00328,13.44563,0.021909,0.001323,14.45007,,,,,,,,,204,Prefabs/GPU/MSI/MSI_RX580,MSI Radeon RX 580 GAMING X 8G
GPU,AMD Radeon,RX 500,Radeon RX580,MSI,Radeon RX 580 GAMING X+ 8G,,Y,3007,405,135,14,10,1.0,,RGB,8,1282,1441,1490,1600,1750,2025,2200,2300,279,185,CrossFire,2.0,95,50,8-pin + 8-pin,,11.0,11.0,4465,8774.0,1.9650615901455768,4610.0,9030.0,0.013601,0.001703,7.02402,0.012,0.001288,4.978352,0.027248,0.00328,13.44563,0.021909,0.001323,14.45007,,,,,,,,,204,Prefabs/GPU/MSI/MSI_RX580,MSI Radeon RX 580 GAMING X+ 8G
GPU,AMD Radeon,RX 500,Radeon RX580,MSI,Radeon RX 580 GAMING+ 8G,,Y,2989,405,135,14,20,1.0,,RGB,8,1262,1431,1490,1600,1600,2000,2200,2400,279,185,CrossFire,2.0,95,50,8-pin + 8-pin,,11.0,11.0,4438,8725.0,1.9659756647138351,4610.0,9030.0,0.013601,0.001703,7.02402,0.012,0.001288,4.978352,0.027248,0.00328,13.44563,0.021909,0.001323,14.45007,,,,,,,,,204,Prefabs/GPU/MSI/MSI_RX580,MSI Radeon RX 580 GAMING+ 8G
GPU,AMD Radeon,RX 500,Radeon RX590,ASRock,Phantom Gaming X Radeon RX590 8G OC,,Y,3208,400,133,15,1,1.5,PC,,8,1482,1591,1640,1700,1816,2008,2100,2200,279,175,CrossFire,2.0,95,50,8-pin,,11.9,11.0,4775,9365.0,1.9612565445026178,4900.0,9593.0,0.013601,0.001703,7.02402,0.012,0.001288,4.978352,0.027248,0.00328,13.44563,0.021909,0.001323,14.45007,,,,,,,,,204,Prefabs/GPU/AsRock/GPU_ASRock_PhantomGamingX_Radeon_RX590_8G_OC,ASRock Phantom Gaming X Radeon RX590 8G OC
GPU,AMD Radeon,RX Vega,Radeon RX VEGA 56,AMD,Radeon RX Vega 56,,Y,4365,580,193,16,1,1.0,,Red,8,1242,1471,1590,1700,600,800,875,1000,283,210,CrossFire,2.0,95,50,8-pin + 8-pin,,10.9,10.5,6339,11402.0,1.7987064205710679,6658.0,12091.0,0.008593,0.015392,18.69885,0.007137,0.012182,14.43918,0.018116,0.036929,23.44976,0.018447,0.019519,18.94406,,,,,,,,,205,Prefabs/GPU/AMD/AMD_RadeonVega_RX64_8GB,AMD Radeon RX Vega 56
GPU,AMD Radeon,RX Vega,Radeon RX VEGA 56,ASRock,Phantom Gaming X Radeon RX VEGA 56 8G,,Y,4367,605,202,16,50,1.5,PC,,8,1248,1474,1590,1700,600,800,875,1000,280,210,CrossFire,2.0,95,50,8-pin + 8-pin,,10.5,10.5,6343,11411.0,1.7989910137159073,6658.0,12091.0,0.008593,0.015392,18.69885,0.007137,0.012182,14.43918,0.018116,0.036929,23.44976,0.018447,0.019519,18.94406,,,,,,,,,205,Prefabs/GPU/AsRock/GPU_ASRock_PhantomGamingX_RadeonRXVEGA_56_8G,ASRock Phantom Gaming X Radeon RX VEGA 56 8G
GPU,AMD Radeon,RX Vega,Radeon RX VEGA 56,ASUS,AREZ Strix Radeon RX VEGA 56 OC Edition,,Y,4452,615,205,16,30,1.0,,RGB,8,1546,1573,1590,1600,600,800,875,1000,298,210,CrossFire,2.5,95,50,8-pin + 8-pin,,10.5,10.5,6469,11714.0,1.8107899211624672,6658.0,12091.0,0.008593,0.015392,18.69885,0.007137,0.012182,14.43918,0.018116,0.036929,23.44976,0.018447,0.019519,18.94406,,,,,,,,,205,Prefabs/GPU/ASUS/ASUS_AREZ_Strix_RX_Vega56_OC,ASUS AREZ Strix Radeon RX VEGA 56 OC Edition
GPU - Water,AMD Radeon,RX Vega,Radeon RX VEGA 56,AMD,Radeon Vega 56 | EKWB EK-FC Acetal,,Y,4367,730,243,16,90,1.0,,,8,1048,1474,1722,1900,500,800,948,1100,258,210,CrossFire,2.0,95,20,8-pin + 8-pin,,8.7,,6343,11411.0,1.7989910137159073,,,0.008593,0.015392,18.69885,0.007137,0.012182,14.43918,0.018116,0.036929,23.44976,0.018447,0.019519,18.94406,1590.0,875.0,8.3,5.0,,,,,205,Prefabs/GPU/EKWB/EKWB_Watercooled_Vega_5664GPU_Silver,AMD Radeon Vega 56 | EKWB EK-FC Acetal
GPU - Water,AMD Radeon,RX Vega,Radeon RX VEGA 56,AMD,Radeon Vega 56 | EKWB EK-FC Plexi,,Y,4367,730,243,16,90,1.0,,,8,1048,1474,1722,1900,500,800,948,1100,258,210,CrossFire,2.0,95,20,8-pin + 8-pin,,8.7,,6343,11411.0,1.7989910137159073,,,0.008593,0.015392,18.69885,0.007137,0.012182,14.43918,0.018116,0.036929,23.44976,0.018447,0.019519,18.94406,1590.0,875.0,8.3,5.0,,,,,205,Prefabs/GPU/EKWB/EKWB_Watercooled_Vega_5664GPU_Clear,AMD Radeon Vega 56 | EKWB EK-FC Plexi
GPU - Water,AMD Radeon,RX Vega,Radeon RX VEGA 56,AMD,Radeon Vega 56 | EKWB EK-FC Plexi RGB,,Y,4367,780,260,23,30,1.0,,RGB,8,1048,1474,1722,1900,500,800,948,1100,258,210,CrossFire,2.0,95,20,8-pin + 8-pin,,8.1,,6343,11411.0,1.7989910137159073,,,0.008593,0.015392,18.69885,0.007137,0.012182,14.43918,0.018116,0.036929,23.44976,0.018447,0.019519,18.94406,1590.0,875.0,8.3,5.0,,,,,205,Prefabs/GPU/EKWB/EKWB_Watercooled_Vega_5664GPU_ClearRGB,AMD Radeon Vega 56 | EKWB EK-FC Plexi RGB
GPU,AMD Radeon,RX Vega,Radeon RX VEGA 64,AMD,Radeon RX Vega 64,,Y,4798,660,220,17,1,1.0,,Red,8,1292,1546,1690,1800,690,945,1050,1200,283,295,CrossFire,2.0,95,50,8-pin + 8-pin,,10.5,10.5,6923,12679.0,1.8314314603495594,7445.0,13877.0,0.011436,0.018545,12.78417,0.008806,0.015139,9.758206,0.038604,0.026296,3.307731,0.029969,0.020973,2.885631,,,,,,,,,205,Prefabs/GPU/AMD/AMD_RadeonVega_RX64_8GB,AMD Radeon RX Vega 64
GPU,AMD Radeon,RX Vega,Radeon RX VEGA 64,ASUS,ROG Strix RX VEGA64 OC Edition,,Y,4849,665,222,17,80,1.0,,RGB,8,1380,1590,1690,1800,690,945,1050,1200,298,295,CrossFire,2.5,95,50,8-pin + 8-pin,,10.5,10.5,6994,12922.0,1.8475836431226766,7445.0,13877.0,0.011436,0.018545,12.78417,0.008806,0.015139,9.758206,0.038604,0.026296,3.307731,0.029969,0.020973,2.885631,,,,,,,,,205,Prefabs/GPU/ASUS/ASUS_Strix_RX_VEGA64_OC,ASUS ROG Strix RX VEGA64 OC Edition
GPU,AMD Radeon,RX Vega,Radeon RX VEGA 64,RED Digital Cinema,ROCKET (Radeon RX VEGA 64),Y,Y,0,330,110,17,1,,,,8,1502,1551,1576,1600,900,950,975,1000,147,220,CrossFire,1.5,95,50,,,10.5,10.5,0,0.0,1.8314314603495594,7445.0,13877.0,0.0,0.0,0.0,0.0,0.0,0.0,0.0,0.0,0.0,0.0,0.0,0.0,,,,,,,,,205,Prefabs/Generic/GPU,RED Digital Cinema ROCKET (Radeon RX VEGA 64)
GPU,AMD Radeon,RX Vega,Radeon RX VEGA 64,RED Digital Cinema,ROCKET-X (Radeon RX VEGA 64),Y,Y,0,396,132,17,1,,,,8,1402,1551,1601,1700,800,950,1000,1100,280,245,CrossFire,2.0,95,50,8-pin + 6-pin,,10.5,10.5,0,0.0,1.8314314603495594,7445.0,13877.0,0.0,0.0,0.0,0.0,0.0,0.0,0.0,0.0,0.0,0.0,0.0,0.0,,,,,,,,,205,Prefabs/GPU/AMD/GPU_AMD_Radeon_RX_5700,RED Digital Cinema ROCKET-X (Radeon RX VEGA 64)
GPU - Water,AMD Radeon,RX Vega,Radeon RX VEGA 64,AMD,Radeon Vega 64 | EKWB EK-FC Acetal,,Y,4787,810,270,17,90,1.0,,,8,1072,1536,1802,2000,590,945,1119,1300,258,295,CrossFire,2.0,95,20,8-pin + 8-pin,,8.5,,6906,12623.0,1.8278308717057632,,,0.011436,0.018545,12.78417,0.008806,0.015139,9.758206,0.038604,0.026296,3.307731,0.029969,0.020973,2.885631,1690.0,1050.0,6.6,5.0,,,,,205,Prefabs/GPU/EKWB/EKWB_Watercooled_Vega_5664GPU_Silver,AMD Radeon Vega 64 | EKWB EK-FC Acetal
GPU - Water,AMD Radeon,RX Vega,Radeon RX VEGA 64,AMD,Radeon Vega 64 | EKWB EK-FC Plexi,,Y,4787,810,270,17,90,1.0,,,8,1072,1536,1802,2000,590,945,1119,1300,258,295,CrossFire,2.0,95,20,8-pin + 8-pin,,8.5,,6906,12623.0,1.8278308717057632,,,0.011436,0.018545,12.78417,0.008806,0.015139,9.758206,0.038604,0.026296,3.307731,0.029969,0.020973,2.885631,1690.0,1050.0,6.6,5.0,,,,,205,Prefabs/GPU/EKWB/EKWB_Watercooled_Vega_5664GPU_Clear,AMD Radeon Vega 64 | EKWB EK-FC Plexi
GPU - Water,AMD Radeon,RX Vega,Radeon RX VEGA 64,AMD,Radeon Vega 64 | EKWB EK-FC Plexi RGB,,Y,4787,960,320,23,45,1.0,,RGB,8,1072,1536,1802,2000,590,945,1119,1300,258,295,CrossFire,2.0,95,20,8-pin + 8-pin,,7.2,,6906,12623.0,1.8278308717057632,,,0.011436,0.018545,12.78417,0.008806,0.015139,9.758206,0.038604,0.026296,3.307731,0.029969,0.020973,2.885631,1690.0,1050.0,6.6,5.0,,,,,205,Prefabs/GPU/EKWB/EKWB_Watercooled_Vega_5664GPU_ClearRGB,AMD Radeon Vega 64 | EKWB EK-FC Plexi RGB
GPU,AMD Radeon,RX Vega,Radeon RX VEGA Nano,ZOTAC,Radeon RX Vega Nano,Y,Y,4530,610,195,16,50,,,,8,1392,1546,1600,1700,600,800,875,1000,174,175,CrossFire,2.0,95,35,6-pin,,10.5,10.5,6526,11390.0,1.8314314603495594,7445.0,13877.0,0.011436,0.018545,12.78417,0.008806,0.015139,9.758206,0.038604,0.026296,1.307731,0.029969,0.020973,-2.885631,,,,,,,,,205,Prefabs/GPU/ZOTAC/ZOTAC_GeForce_GTX_1060_mini,ZOTAC Radeon RX Vega Nano
GPU,AMD Radeon Pro,VII,2x Radeon Pro VII,AMD,Radeon Pro VII (2-Way),Y,Y,18220,3798,1790,26,75,,PC,Red,32,1000,1700,2150,2400,700,1350,1750,2000,280,500,CrossFire,2.0,95,50,8-pin + 6-pin,GTX,10.2,10.5,28632,57264.0,2.917210060549604,6741.0,14724.0,0.024516,0.006211,132.14176,0.019012,0.006013,127.14943199999998,0.059179,0.059559,183.80538000000004,0.046742,0.05671,178.80402000000004,,,,,,,,,206,Prefabs/GPU/AMD/GPU_AMD_Radeon_RX_5700,AMD Radeon Pro VII (2-Way)
GPU,AMD Radeon Pro,VII,Radeon Pro VII,AMD,Radeon Pro VII,Y,Y,6350,1899,895,25,75,,PC,Red,16,1000,1700,2150,2400,700,1350,1750,2000,280,250,CrossFire,2.0,95,50,8-pin + 6-pin,,10.2,10.5,9126,28632.0,2.917210060549604,9441.0,18245.0,0.024516,0.006211,13.44176,0.019012,0.006013,9.089432,0.059179,0.059559,8.50538,0.046742,0.05671,5.82402,,,,,,,,,206,Prefabs/GPU/AMD/GPU_AMD_Radeon_RX_5700,AMD Radeon Pro VII
GPU,AMD Radeon,VII,Radeon VII,AMD,Radeon VII,,Y,5997,840,280,24,1,1.3,PC,Red,16,1400,1750,1950,2100,600,1000,1200,1400,280,295,CrossFire,2.0,95,50,8-pin + 8-pin,,10.2,10.5,8588,16465.0,1.917210060549604,9441.0,18245.0,0.024516,0.005211,11.86176,0.019012,0.004113,9.089432,0.059179,0.00259,8.50538,0.046742,0.001671,5.82402,,,,,,,,,206,Prefabs/GPU/AMD/GPU_AMD_Radeon_VII,AMD Radeon VII
GPU,AMD Radeon,VII,Radeon VII,RED Digital Cinema,ROCKET (Radeon VII),Y,Y,0,420,140,24,1,,PC,,16,1710,1755,1780,1800,910,1005,1030,1100,147,220,CrossFire,1.5,95,50,,,10.2,10.5,0,0.0,1.917210060549604,9441.0,18245.0,0.0,0.0,0.0,0.0,0.0,0.0,0.0,0.0,0.0,0.0,0.0,0.0,,,,,,,,,206,Prefabs/Generic/GPU,RED Digital Cinema ROCKET (Radeon VII)
GPU,AMD Radeon,VII,Radeon VII,RED Digital Cinema,ROCKET-X (Radeon VII),Y,Y,0,504,168,24,1,,PC,,16,1610,1755,1800,1900,910,1005,1055,1100,280,245,CrossFire,2.0,95,50,8-pin + 6-pin,,10.2,10.5,0,0.0,1.917210060549604,9441.0,18245.0,0.0,0.0,0.0,0.0,0.0,0.0,0.0,0.0,0.0,0.0,0.0,0.0,,,,,,,,,206,Prefabs/GPU/AMD/GPU_AMD_Radeon_RX_5700,RED Digital Cinema ROCKET-X (Radeon VII)
GPU - Water,AMD Radeon,VII,Radeon VII,AMD,Radeon VII | EKWB EK-FC Acetal,Y,,6478,1090,530,24,50,,,,16,-350,1925,3437,4200,400,1100,1500,1800,258,320,CrossFire,2.0,95,120,8-pin + 8-pin,,8.5,,9278,17998.0,1.9478308717057633,,,0.024516,0.005211,11.86176,0.019012,0.004113,9.089432,0.059179,0.00259,8.50538,0.046742,0.001671,5.82402,3387.0,1450.0,6.6,5.0,,,,,206,Prefabs/GPU/EKWB/EKWB_Watercooled_Vega_5664GPU_Silver,AMD Radeon VII | EKWB EK-FC Acetal
GPU - Water,AMD Radeon,VII,Radeon VII,AMD,Radeon VII | EKWB EK-FC Plexi,Y,Y,6478,1090,530,24,51,,PC,,16,1150,1925,2437,2700,400,1100,1500,1800,280,320,CrossFire,2.0,95,85,8-pin + 8-pin,,10.2,10.5,9278,17998.0,1.917210060549604,,,0.024516,0.005211,11.86176,0.019012,0.004113,9.089432,0.059179,0.00259,8.50538,0.046742,0.001671,5.82402,2387.0,1450.0,5.0,5.0,,,,,206,Prefabs/GPU/EKWB/EKWB_Watercooled_Vega_5664GPU_Clear,AMD Radeon VII | EKWB EK-FC Plexi
GPU - Water,AMD Radeon,VII,Radeon VII,AMD,Radeon VII | EKWB EK-FC Plexi RGB,Y,,6891,1090,530,24,50,,,RGB,16,870,2035,2800,3200,1150,1375,1500,1600,258,320,CrossFire,2.0,95,85,8-pin + 8-pin,,8.5,,9872,19032.0,1.9478308717057633,,,0.024516,0.005211,11.86176,0.019012,0.004113,9.089432,0.059179,0.00259,8.50538,0.046742,0.001671,5.82402,2750.0,1450.0,6.6,5.0,,,,,206,Prefabs/GPU/EKWB/EKWB_Watercooled_Vega_5664GPU_ClearRGB,AMD Radeon VII | EKWB EK-FC Plexi RGB
GPU - Water,AMD Radeon,VII,Radeon VII,AMD,Radeon VII ENTHUSIAST-ED | EKWB EK-FC Plexi RGB,Y,Y,7680,1490,930,25,1,,PC,RGB,16,724,2362,3412,4000,200,1350,2100,2500,280,370,CrossFire,2.0,95,200,8-pin + 8-pin,,10.2,10.5,11001,21825.0,1.917210060549604,,,0.024516,0.005211,11.86176,0.019012,0.004113,9.089432,0.059179,0.00259,8.50538,0.046742,0.001671,5.82402,3362.0,2050.0,5.0,5.0,,,,,206,Prefabs/GPU/EKWB/EKWB_Watercooled_Vega_5664GPU_ClearRGB,AMD Radeon VII ENTHUSIAST-ED | EKWB EK-FC Plexi RGB
GPU - Water,AMD Radeon,VII,Radeon VII,AMD,Radeon VII LN2-Ready | EKWB EK-FC Acetal,Y,Y,8403,2140,1580,25,66,,PC,,16,-950,2625,4972,6200,-900,1500,3060,3900,500,545,CrossFire,2.0,95,200,8-pin + 8-pin,,10.2,10.5,12038,24128.0,1.917210060549604,,,0.024516,0.005211,11.86176,0.019012,0.004113,9.089432,0.059179,0.00259,8.50538,0.046742,0.001671,5.82402,4922.0,3010.0,5.0,5.0,,,,,206,Prefabs/GPU/EKWB/EKWB_Watercooled_Vega_5664GPU_Silver,AMD Radeon VII LN2-Ready | EKWB EK-FC Acetal
GPU,AMD Radeon,RX 5000,Radeon RX 5500 XT,ASUS,ROG Strix Radeon RX 5500 XT 8GB Gaming,,Y,3153,400,133,26,60,1.8,PC,RGB,8,1374,1737,1950,2100,1500,1750,1850,2000,280,130,,2.5,95,20,8-pin,,11.4,11.5,4562,0.0,,4968.0,0.0,0.013615,6.44e-05,7.777,0.01012,4.03e-05,7.233,0.0,0.0,0.0,0.0,0.0,0.0,,,,,,,,,207,v1_8_0/Prefabs/GPU/ASUS/GPU_ASUS_ROG_Strix_Radeon_RX_5500_XT_8G_Gaming,ASUS ROG Strix Radeon RX 5500 XT 8GB Gaming
GPU,AMD Radeon,RX 5000,Radeon RX 5500 XT,GIGABYTE,Radeon RX 5500 XT GAMING OC 8G,,Y,3076,390,130,26,70,1.8,PC,,8,1260,1680,1950,2100,1500,1750,1850,2000,265,130,,2.0,95,20,8-pin,RTX,11.4,11.5,4453,0.0,,4968.0,0.0,0.013615,6.44e-05,7.777,0.01012,4.03e-05,7.233,0.0,0.0,0.0,0.0,0.0,0.0,,,,,,,,,207,v1_8_0/Prefabs/GPU/GigaByte/GPU_Gigabyte_Aorus_Radeon_RX_5500_XT_GAMING_OC_8G,GIGABYTE Radeon RX 5500 XT GAMING OC 8G
GPU,AMD Radeon,RX 5000,Radeon RX 5500 XT,GIGABYTE,Radeon RX 5500 XT OC 8G,,Y,3148,365,122,26,50,1.9,PC,,8,1366,1733,1950,2100,1500,1750,1850,2000,225,130,,2.0,95,20,8-pin,,12.5,12.5,4554,0.0,,4968.0,0.0,0.013615,6.44e-05,7.777,0.01012,4.03e-05,7.233,0.0,0.0,0.0,0.0,0.0,0.0,,,,,,,,,207,v1_9_0/Prefabs/GPU/GigaByte/GPU_Gigabyte_Radeon_RX_5500_XT_OC_8G,GIGABYTE Radeon RX 5500 XT OC 8G
GPU,AMD Radeon,RX 5000,Radeon RX 5500 XT,MSI,Radeon RX 5500 XT GAMING X 8G,,Y,3300,380,127,26,1,1.10,PC,RGB,8,1590,1845,1950,2100,1500,1750,1850,2000,247,130,,2.5,95,20,8-pin,,12.5,12.5,4767,0.0,,4968.0,0.0,0.013615,6.44e-05,7.777,0.01012,4.03e-05,7.233,0.0,0.0,0.0,0.0,0.0,0.0,,,,,,,,,207,v1_10_0/Prefabs/GPU/MSI/GPU_MSI_Radeon_RX_5500_XT_Gaming_X_8G,MSI Radeon RX 5500 XT GAMING X 8G
GPU,AMD Radeon,RX 5000,Radeon RX 5600 XT,ASUS,ROG Strix Radeon RX 5600 XT OC Edition 6GB,,Y,5194,650,217,26,1,1.8,PC,RGB,6,1640,1770,1800,1900,1500,1750,1850,2000,304,150,,2.5,95,20,8-pin + 8-pin,,11.5,11.5,7477,0.0,,7695.0,0.0,0.011128,0.012001,11.24457,0.007926,0.009315,10.30304,0.0,0.0,0.0,0.0,0.0,0.0,,,,,,,,,207,v1_8_0/Prefabs/GPU/ASUS/GPU_ASUS_ROG_Strix_Radeon_RX_5700_OC_8G_Gaming,ASUS ROG Strix Radeon RX 5600 XT OC Edition 6GB
GPU,AMD Radeon,RX 5000,Radeon RX 5600 XT,GIGABYTE,Radeon RX 5600 XT GAMING OC 6G,,Y,4727,570,190,26,70,1.9,PC,RGB,6,1340,1620,1800,1900,900,1500,1850,2100,280,150,,2.5,95,20,8-pin,,12.0,12.0,6819,0.0,,7695.0,0.0,0.011128,0.012001,11.24457,0.007926,0.009315,10.30304,0.0,0.0,0.0,0.0,0.0,0.0,,,,,,,,,207,v1_9_0/Prefabs/GPU/GigaByte/GPU_GigaByte_Radeon_RX_5600_XT_GAMING_OC_6G,GIGABYTE Radeon RX 5600 XT GAMING OC 6G
GPU,AMD Radeon,RX 5000,Radeon RX 5600 XT,GIGABYTE,Radeon RX 5600 XT WINDFORCE OC 6G,,Y,4727,570,190,26,70,1.9,PC,,6,1340,1620,1800,1900,900,1500,1850,2100,228,150,,2.0,95,20,8-pin,,12.0,12.0,6819,0.0,,7695.0,0.0,0.011128,0.012001,11.24457,0.007926,0.009315,10.30304,0.0,0.0,0.0,0.0,0.0,0.0,,,,,,,,,207,v1_9_0/Prefabs/GPU/GigaByte/GPU_Gigabyte_Radeon_RX_5600_XT_Windforce_OC_6G,GIGABYTE Radeon RX 5600 XT WINDFORCE OC 6G
GPU,AMD Radeon,RX 5000,Radeon RX 5600 XT,MSI,Radeon RX 5600 XT GAMING X,,Y,4872,585,195,26,70,1.10,PC,RGB,6,1600,1750,1800,1900,900,1500,1850,2100,297,150,,2.5,95,20,8-pin + 8-pin,,12.0,12.0,7017,0.0,,7695.0,0.0,0.011128,0.012001,11.24457,0.007926,0.009315,10.30304,0.0,0.0,0.0,0.0,0.0,0.0,,,,,,,,,207,v1_8_0/Prefabs/GPU/MSI/GPU_MSI_Radeon_RX_5700_XT_Gaming_X,MSI Radeon RX 5600 XT GAMING X
GPU,AMD Radeon,RX 5000,Radeon RX 5700 XT Crossfire Edition,ASUS,ROG Strix Radeon RX 5700 XT Crossfire Edition,Y,Y,6425,1075,576,27,80,,,RGB,8,900,2000,2715,3100,110,1855,3000,3600,298,295,CrossFire,2.5,95,65,8-pin + 8-pin,,10.5,10.5,9468,20554.0,1.8885836431226766,7445.0,13877.0,0.00081,0.0342,-0.8058,0.002,0.02597,0.242911,0.02297,0.051197,-0.94599,0.002,0.058777,0.442911,,,,,,,,,207,Prefabs/GPU/ASUS/ASUS_Strix_RX_VEGA64_OC,ASUS ROG Strix Radeon RX 5700 XT Crossfire Edition
GPU - Water,AMD Radeon,RX 5000,Radeon RX 5700 XT Crossfire Edition,AMD,Radeon RX 5700 XT Crossfire Edition | EKWB EK-FC Acetal,Y,,6734,1250,815,29,1,,,RGB,8,800,2150,3000,3500,260,1980,3125,3700,258,275,CrossFire,2.0,100,95,8-pin + 8-pin,,8.5,,9876,21880.0,1.9478308717057633,,,0.00297,0.031197,-0.80584,0.0024,0.024777,0.242911,0.02297,0.051197,-0.94584,0.0016,0.058777,0.442911,2950.0,3075.0,6.6,5.0,,,,,207,Prefabs/GPU/EKWB/EKWB_Watercooled_Vega_5664GPU_Silver,AMD Radeon RX 5700 XT Crossfire Edition | EKWB EK-FC Acetal
GPU,AMD Radeon,RX 5000,Radeon RX5700,AMD,Radeon RX 5700,,Y,5370,750,250,26,1,1.5,PC,Red,8,1550,1725,1800,1900,1500,1750,1900,2000,268,225,,2.0,95,50,8-pin + 6-pin,,10.5,10.5,7893,0.0,,7925.0,0.0,0.002977,0.0,48.56937,0.002326,0.0,39.59666,0.0,0.0,0.0,0.0,0.0,0.0,,,,,,,,,207,Prefabs/GPU/AMD/GPU_AMD_Radeon_RX_5700,AMD Radeon RX 5700
GPU,AMD Radeon,RX 5000,Radeon RX5700,ASUS,ROG Strix Radeon RX 5700 OC Edition 8GB,,Y,5377,720,240,26,60,1.8,PC,RGB,8,1600,1750,1800,1900,1500,1750,1900,2000,305,225,,2.5,95,20,8-pin + 8-pin,,11.0,11.0,7904,0.0,,7925.0,0.0,0.002977,0.0,48.56937,0.002326,0.0,39.59666,0.0,0.0,0.0,0.0,0.0,0.0,,,,,,,,,207,v1_8_0/Prefabs/GPU/ASUS/GPU_ASUS_ROG_Strix_Radeon_RX_5700_OC_8G_Gaming,ASUS ROG Strix Radeon RX 5700 OC Edition 8GB
GPU,AMD Radeon,RX 5000,Radeon RX5700,GIGABYTE,Radeon RX 5700 GAMING OC 8G,,Y,5377,685,228,26,70,1.9,PC,RGB,8,1600,1750,1800,1900,1500,1750,1900,2000,280,225,,2.0,95,20,8-pin,RTX,11.5,11.5,7904,0.0,,7925.0,0.0,0.002977,0.0,48.56937,0.002326,0.0,39.59666,0.0,0.0,0.0,0.0,0.0,0.0,,,,,,,,,207,v1_9_0/Prefabs/GPU/GigaByte/GPU_GigaByte_Radeon_RX_5700_GAMING_OC_8G,GIGABYTE Radeon RX 5700 GAMING OC 8G
GPU,AMD Radeon,RX 5000,Radeon RX5700,MSI,Radeon RX 5700 EVOKE GP OC,,Y,5377,685,228,26,1,1.10,PC,,8,1600,1750,1800,1900,1500,1750,1900,2000,254,225,,2.5,95,20,8-pin + 6-pin,,11.5,11.5,7904,0.0,,7925.0,0.0,0.002977,0.0,48.56937,0.002326,0.0,39.59666,0.0,0.0,0.0,0.0,0.0,0.0,,,,,,,,,207,v1_10_0/Prefabs/GPU/MSI/GPU_MSI_Radeon_RX_5700_Evoke_GP_OC,MSI Radeon RX 5700 EVOKE GP OC
GPU,AMD Radeon,RX 5000,Radeon RX5700,MSI,Radeon RX 5700 GAMING X,,Y,5370,750,250,26,70,1.12,PC,RGB,8,1550,1725,1800,1900,1500,1750,1900,2000,297,225,,2.5,95,20,8-pin + 8-pin,,10.5,10.5,7893,0.0,,7925.0,0.0,0.002977,0.0,48.56937,0.002326,0.0,39.59666,0.0,0.0,0.0,0.0,0.0,0.0,,,,,,,,,207,v1_8_0/Prefabs/GPU/MSI/GPU_MSI_Radeon_RX_5700_XT_Gaming_X,MSI Radeon RX 5700 GAMING X
GPU,AMD Radeon,RX 5000,Radeon RX5700 XT,AMD,Radeon RX 5700 XT,,Y,5944,830,277,26,30,1.5,PC,Red,8,1610,1905,2075,2200,1600,1750,1800,1900,272,180,,2.0,95,50,8-pin + 6-pin,,10.5,10.5,8728,0.0,,9028.0,0.0,0.00297,0.031197,-0.80584,0.0024,0.024777,0.242911,0.0,0.0,0.0,0.0,0.0,0.0,,,,,,,,,207,Prefabs/GPU/AMD/GPU_AMD_Radeon_RX_5700XT,AMD Radeon RX 5700 XT
GPU,AMD Radeon,RX 5000,Radeon RX5700 XT,ASUS,ROG Strix Radeon RX 5700 XT OC Edition 8GB,,Y,5983,840,280,26,80,1.8,PC,RGB,8,1970,2035,2075,2100,1600,1750,1800,1900,305,180,,2.5,95,20,8-pin + 8-pin,,10.5,10.5,8784,0.0,,9028.0,0.0,0.00297,0.031197,-0.80584,0.0024,0.024777,0.242911,0.0,0.0,0.0,0.0,0.0,0.0,,,,,,,,,207,v1_8_0/Prefabs/GPU/ASUS/GPU_ASUS_ROG_Strix_Radeon_RX_5700_OC_8G_Gaming,ASUS ROG Strix Radeon RX 5700 XT OC Edition 8GB
GPU,AMD Radeon,RX 5000,Radeon RX5700 XT,GIGABYTE,AORUS Radeon RX 5700 XT 8G,,Y,5975,800,267,26,90,1.9,PC,RGB,8,1820,2010,2075,2200,1600,1750,1800,1900,290,180,,2.5,95,20,8-pin + 8-pin,,11.0,11.0,8773,0.0,,9028.0,0.0,0.00297,0.031197,-0.80584,0.0024,0.024777,0.242911,0.0,0.0,0.0,0.0,0.0,0.0,,,,,,,,,207,v1_9_0/Prefabs/GPU/GigaByte/GPU_GigaByte_Aorus_Radeon_RX_5700_XT_8G,GIGABYTE AORUS Radeon RX 5700 XT 8G
GPU,AMD Radeon,RX 5000,Radeon RX5700 XT,GIGABYTE,Radeon RX 5700 XT GAMING OC 8G,,Y,5944,795,265,26,90,1.9,PC,RGB,8,1610,1905,2075,2200,1600,1750,1800,1900,280,180,,2.0,95,20,8-pin + 6-pin,,11.0,11.0,8728,0.0,,9028.0,0.0,0.00297,0.031197,-0.80584,0.0024,0.024777,0.242911,0.0,0.0,0.0,0.0,0.0,0.0,,,,,,,,,207,v1_9_0/Prefabs/GPU/GigaByte/GPU_Gigabyte_Radeon_RX_5700_XT_GAMING_OC_8G,GIGABYTE Radeon RX 5700 XT GAMING OC 8G
GPU,AMD Radeon,RX 5000,Radeon RX5700 XT,MSI,Radeon RX 5700 XT GAMING X,,Y,5966,830,277,26,90,1.8,,RGB,8,1760,1980,2075,2200,1600,1750,1800,1900,297,180,,2.5,95,50,8-pin + 8-pin,,10.6,10.5,8760,0.0,,9028.0,0.0,0.00297,0.031197,-0.80584,0.0024,0.024777,0.242911,0.0,0.0,0.0,0.0,0.0,0.0,,,,,,,,,207,v1_8_0/Prefabs/GPU/MSI/GPU_MSI_Radeon_RX_5700_XT_Gaming_X,MSI Radeon RX 5700 XT GAMING X
GPU,AMD Radeon,RX 5000,Radeon RX5700 XT,MSI,Radeon RX 5700 XT Mech OC,,Y,5950,830,277,26,90,1.8,,,8,1650,1925,2075,2200,1600,1750,1800,1900,232,180,,2.5,95,50,8-pin + 6-pin,,10.5,10.5,8736,0.0,,9028.0,0.0,0.00297,0.031197,-0.80584,0.0024,0.024777,0.242911,0.0,0.0,0.0,0.0,0.0,0.0,,,,,,,,,207,v1_8_0/Prefabs/GPU/MSI/GPU_MSI_Radeon_RX_5700_XT_Mech_OC,MSI Radeon RX 5700 XT Mech OC
GPU,AMD Radeon,RX 6000,Radeon RX 6700 XT,ASRock,Radeon RX 6700 XT Phantom Gaming D 12GB OC,,Y,7920,1085,362,33,1,1.13,PC,RGB,12,2444,2622,2700,2800,1700,2000,2150,2300,305,230,CrossFire,2.5,95,50,8-pin + 8-pin,,11.0,11.0,11909,23077.0,1.9377781509782517,12200.0,24597.0,0.020049,0.002147,22.34231,0.015847,0.002918,19.65888,0.101783,0.023107,-160.979,0.097555,0.0,-124.874,,,,,,,,,208,v1_13_0/Prefabs/GPU/ASRock/GPU_ASROCK_RADEON_RX_6700_XT_PHANTOM_GAMING_D_12GB_OC,ASRock Radeon RX 6700 XT Phantom Gaming D 12GB OC
GPU,AMD Radeon,RX 6000,Radeon RX 6800,AMD,Radeon RX 6800,,Y,8758,1315,438,33,1,1.10.5,PC,Red,16,1330,1815,2100,2300,1900,2000,2050,2100,267,250,CrossFire,2.0,95,50,8-pin + 8-pin,,10.5,10.5,13092,20168.0,1.580628803245436,14754.0,25193.0,0.029363,0.000177,33.93681,0.023817,0.000131,29.85339,0.051952,0.234271,-430.301,0.067543,0.071266,-150.411,,,,,,,,,208,v1_10_0/Prefabs/GPU/AMD/GPU_AMD_Radeon_RX_6800,AMD Radeon RX 6800
GPU,AMD Radeon,RX 6000,Radeon RX 6800,ASRock,Radeon RX 6800 Phantom Gaming D 16G OC,,Y,9242,1190,397,33,1,1.13,PC,RGB,16,1760,1980,2100,2200,1900,2000,2050,2100,305,250,CrossFire,2.5,95,50,8-pin + 8-pin,,10.5,11.0,13804,21819.0,1.5404827375496486,14323.0,24191.0,0.029363,0.000177,33.93681,0.023817,0.000131,29.85339,0.051952,0.234271,-430.301,0.067543,0.071266,-150.411,,,,,,,,,208,v1_13_0/Prefabs/GPU/ASRock/GPU_ASROCK_RADEON_RX_6800_PHANTOM_GAMING_D_16G_OC,ASRock Radeon RX 6800 Phantom Gaming D 16G OC
GPU,AMD Radeon,RX 6000,Radeon RX 6800,MSI,Radeon RX 6800 GAMING TRIO 16G,,Y,8758,1245,415,33,70,1.11,PC,RGB,16,1330,1815,2100,2300,1900,2000,2050,2100,324,250,CrossFire,2.5,95,20,8-pin + 8-pin,,10.5,10.5,13092,20168.0,1.5404827375496486,14323.0,24191.0,0.029363,0.000177,33.93681,0.023817,0.000131,29.85339,0.051952,0.234271,-430.301,0.067543,0.071266,-150.411,,,,,,,,,208,v1_11_0/Prefabs/GPU/MSI/GPU_MSI_RADEON_RX_6800_XT_GAMING_X_TRIO,MSI Radeon RX 6800 GAMING TRIO 16G
GPU,AMD Radeon,RX 6000,Radeon RX 6800,MSI,Radeon RX 6800 GAMING X TRIO 16G,,Y,9081,1290,430,33,70,1.11,PC,RGB,16,1650,1925,2100,2200,1900,2000,2050,2100,324,250,CrossFire,2.5,95,20,8-pin + 8-pin,,10.5,10.5,13567,21270.0,1.5677747475492003,14323.0,24191.0,0.029363,0.000177,33.93681,0.023817,0.000131,29.85339,0.051952,0.234271,-430.301,0.067543,0.071266,-150.411,,,,,,,,,208,v1_11_0/Prefabs/GPU/MSI/GPU_MSI_RADEON_RX_6800_XT_GAMING_X_TRIO,MSI Radeon RX 6800 GAMING X TRIO 16G
GPU,AMD Radeon,RX 6000,Radeon RX 6800 XT,AMD,Radeon RX 6800 XT,,Y,10815,1575,525,33,20,1.10.5,PC,RGB,16,1430,2015,2400,2600,1700,2000,2150,2300,267,300,CrossFire,2.5,95,50,8-pin + 8-pin,,10.5,10.5,16155,19322.0,1.3872919818456884,17461.0,32655.0,0.026364,0.000178,54.67308,0.021609,0.000143,46.61601,0.212636,0.157119,-609.238,0.2395,0.03177,-440.674,,,,,,,,,208,v1_10_0/Prefabs/GPU/AMD/GPU_AMD_Radeon_RX_6800_XT,AMD Radeon RX 6800 XT
GPU,AMD Radeon,RX 6000,Radeon RX 6800 XT,ASRock,Radeon RX 6800 XT Phantom Gaming D 16G OC,,Y,10947,1470,490,33,20,1.13,PC,RGB,16,1530,2065,2400,2600,1700,2000,2150,2300,330,300,CrossFire,2.5,95,50,8-pin + 8-pin + 8-pin,,10.5,11.0,16350,21222.0,1.1960383782110802,16487.0,23224.0,0.026364,0.000178,54.67308,0.021609,0.000143,46.61601,0.212636,0.157119,-609.238,0.2395,0.03177,-440.674,,,,,,,,,208,v1_13_0/Prefabs/GPU/ASRock/GPU_ASROCK_RADEON_RX_6800_XT_PHANTOM_GAMING_D_16G_OC,ASRock Radeon RX 6800 XT Phantom Gaming D 16G OC
GPU,AMD Radeon,RX 6000,Radeon RX 6800 XT,ASRock,Radeon RX 6800 XT Taichi X 16G OC,,Y,11724,1590,530,33,20,1.13,PC,RGB,16,2220,2360,2400,2500,1700,2000,2150,2300,330,300,CrossFire,2.5,95,50,8-pin + 8-pin + 8-pin,,10.5,11.0,17499,32309.0,1.8463340762329277,17659.0,35941.0,0.026364,0.000178,54.67308,0.021609,0.000143,46.61601,0.212636,0.157119,-609.238,0.2395,0.03177,-440.674,,,,,,,,,208,v1_13_0/Prefabs/GPU/ASRock/GPU_ASROCK_RADEON_RX_6800_XT_TAICHI_X_16G_OC,ASRock Radeon RX 6800 XT Taichi X 16G OC
GPU,AMD Radeon,RX 6000,Radeon RX 6800 XT,MSI,Radeon RX 6800 XT GAMING TRIO 16G,,Y,10815,1540,513,33,70,1.11,PC,RGB,16,1430,2015,2400,2600,1700,2000,2150,2300,324,300,CrossFire,2.5,95,20,8-pin + 8-pin,,10.5,10.5,16155,19322.0,1.1960383782110802,16487.0,23224.0,0.026364,0.000178,54.67308,0.021609,0.000143,46.61601,0.212636,0.157119,-609.238,0.2395,0.03177,-440.674,,,,,,,,,208,v1_11_0/Prefabs/GPU/MSI/GPU_MSI_RADEON_RX_6800_XT_GAMING_X_TRIO,MSI Radeon RX 6800 XT GAMING TRIO 16G
GPU,AMD Radeon,RX 6000,Radeon RX 6800 XT,MSI,Radeon RX 6800 XT GAMING X TRIO 16G,,Y,10894,1550,517,33,70,1.11,PC,RGB,16,1490,2045,2400,2600,1700,2000,2150,2300,324,300,CrossFire,2.5,95,20,8-pin + 8-pin,,10.5,10.5,16272,20463.0,1.2575589970501475,16487.0,23224.0,0.026364,0.000178,54.67308,0.021609,0.000143,46.61601,0.212636,0.157119,-609.238,0.2395,0.03177,-440.674,,,,,,,,,208,v1_11_0/Prefabs/GPU/MSI/GPU_MSI_RADEON_RX_6800_XT_GAMING_X_TRIO,MSI Radeon RX 6800 XT GAMING X TRIO 16G
GPU - Water,AMD Radeon,RX 6000,Radeon RX 6800 XT,CORSAIR,Radeon RX 6800 XT | Corsair Hydro Series XG7 RGB,,Y,10380,1600,533,33,90,1.11,,RGB,16,700,1850,2558,3000,1500,2000,2292,2500,263,300,CrossFire,2.0,95,20,8-pin + 8-pin,,9.7,,15512,12949.0,0.8347730789066529,,,0.026364,0.000178,54.67308,0.021609,0.000143,46.61601,0.212636,0.157119,-609.238,0.2395,0.03177,-440.674,2400.0,2150.0,6.6,5.0,,,,,208,v1_11_0/Prefabs/GPU/Corsair/GPU_CORSAIR_Hydro_X_Series_XG7_RGB_RX_SERIES_GPU_Water_Block_6800_XT,CORSAIR Radeon RX 6800 XT | Corsair Hydro Series XG7 RGB
GPU,AMD Radeon,RX 6000,Radeon RX 6900 XT,AMD,Radeon RX 6900 XT,,Y,11411,1695,565,33,40,1.10.5,PC,RGB,16,1730,2015,2150,2300,1900,2000,2050,2100,267,300,CrossFire,2.5,95,50,8-pin + 8-pin,,10.0,10.0,16954,23197.0,1.368231685737879,18162.0,29637.0,0.026054,0.011659,38.30114,0.022238,0.009601,30.47505,0.15178,0.00324,-161.062,0.125149,0.002499,-124.335,,,,,,,,,208,v1_10_0/Prefabs/GPU/AMD/GPU_AMD_Radeon_RX_6900_XT,AMD Radeon RX 6900 XT
GPU,AMD Radeon,RX 6000,Radeon RX 6900 XT,ASRock,Radeon RX 6900 XT Phantom Gaming D 16G OC,,Y,11646,1540,513,33,50,1.13,PC,RGB,16,2010,2105,2150,2200,1900,2000,2050,2100,330,300,CrossFire,2.5,95,50,8-pin + 8-pin + 8-pin,,10.0,11.0,17308,25224.0,1.368231685737879,17571.0,26260.0,0.026054,0.011659,38.30114,0.022238,0.009601,30.47505,0.15178,0.00324,-161.062,0.125149,0.002499,-124.335,,,,,,,,,208,v1_13_0/Prefabs/GPU/ASRock/GPU_ASROCK_RADEON_RX_6900_XT_PHANTOM_GAMING_D_16G_OC,ASRock Radeon RX 6900 XT Phantom Gaming D 16G OC
GPU,AMD Radeon,RX 6000,Radeon RX 6900 XT,MSI,Radeon RX 6900 XT GAMING TRIO 16G,,Y,11411,1695,565,33,70,1.11,PC,RGB,16,1730,2015,2150,2300,1900,2000,2050,2100,324,300,CrossFire,2.5,95,20,8-pin + 8-pin + 8-pin,,10.0,10.0,16954,23197.0,1.368231685737879,17571.0,26260.0,0.026054,0.011659,38.30114,0.022238,0.009601,30.47505,0.15178,0.00324,-161.062,0.125149,0.002499,-124.335,,,,,,,,,208,v1_11_0/Prefabs/GPU/MSI/GPU_MSI_Radeon_RX_6900_XT_GAMING_X_TRIO_16G,MSI Radeon RX 6900 XT GAMING TRIO 16G
GPU,AMD Radeon,RX 6000,Radeon RX 6900 XT,MSI,Radeon RX 6900 XT GAMING X TRIO 16G,,Y,11646,1730,577,33,70,1.11,PC,RGB,16,2010,2105,2150,2200,1900,2000,2050,2100,324,300,CrossFire,2.5,95,20,8-pin + 8-pin + 8-pin,,10.0,10.0,17308,25224.0,1.4573607580309684,17571.0,26260.0,0.026054,0.011659,38.30114,0.022238,0.009601,30.47505,0.15178,0.00324,-161.062,0.125149,0.002499,-124.335,,,,,,,,,208,v1_11_0/Prefabs/GPU/MSI/GPU_MSI_Radeon_RX_6900_XT_GAMING_X_TRIO_16G,MSI Radeon RX 6900 XT GAMING X TRIO 16G
GPU,AMD Radeon,RX 6000,Radeon RX 6900 XT,RED Digital Cinema,ROCKET (Radeon RX 6900 XT),Y,Y,0,847,282,33,40,,PC,,16,1840,2020,2100,2200,1910,2005,2030,2100,147,225,CrossFire,1.5,95,50,,,10.0,10.0,0,0.0,1.368231685737879,18162.0,29637.0,0.0,0.0,0.0,0.0,0.0,0.0,0.0,0.0,0.0,0.0,0.0,0.0,,,,,,,,,208,Prefabs/Generic/GPU,RED Digital Cinema ROCKET (Radeon RX 6900 XT)
GPU,AMD Radeon,RX 6000,Radeon RX 6900 XT,RED Digital Cinema,ROCKET-X (Radeon RX 6900 XT),Y,Y,0,1017,339,33,40,,PC,,16,1740,2020,2150,2300,1910,2005,2055,2100,280,250,CrossFire,2.0,95,50,8-pin + 6-pin,,10.0,10.0,0,0.0,1.368231685737879,18162.0,29637.0,0.0,0.0,0.0,0.0,0.0,0.0,0.0,0.0,0.0,0.0,0.0,0.0,,,,,,,,,208,Prefabs/GPU/AMD/GPU_AMD_Radeon_RX_5700,RED Digital Cinema ROCKET-X (Radeon RX 6900 XT)
GPU - Water,AMD Radeon,RX 6000,Radeon RX 6900 XT,CORSAIR,Radeon RX 6900 XT | Corsair Hydro Series XG7 RGB,,Y,11112,1700,567,33,90,1.11,,RGB,16,1300,1900,2292,2500,1700,2000,2185,2300,263,300,CrossFire,2.0,95,20,8-pin + 8-pin,,9.7,,16501,20607.0,1.248833404036119,,,0.026054,0.011659,38.30114,0.022238,0.009601,30.47505,0.15178,0.00324,-161.062,0.125149,0.002499,-124.335,2150.0,2050.0,6.6,5.0,,,,,208,v1_11_0/Prefabs/GPU/Corsair/GPU_CORSAIR_Hydro_X_Series_XG7_RGB_RX_SERIES_GPU_Water_Block_6900_XT,CORSAIR Radeon RX 6900 XT | Corsair Hydro Series XG7 RGB
GPU,AMD FirePro,Sx000,2x FirePro S10000,AMD,FirePro S10000 (2-Way),Y,Y,11736,2798,2498,5,50,,,,12,200,950,1415,1700,500,1250,1700,2000,279,750,CrossFire,2.0,95,45,8-pin,0,12.1,12.0,18731,37462.0,1.9639175257731958,2147.0,4346.0,0.005824,0.003815,107.06286790437551,0.005079,0.003471,102.07286790437544,0.038541,0.017041,176.7471320956245,0.033555,0.015044,171.83471320956247,,,,,,,,,299,Prefabs/GPU/GigaByte/GigaByte_AORUS_GTX1060,AMD FirePro S10000 (2-Way)
GPU,AMD FirePro,Sx000,2x FirePro S10000 X2,AMD,FirePro S10000 X2 (2-Way),Y,Y,12976,3598,3178,6,15,,,,24,200,950,1445,1700,500,1250,1730,2000,300,750,CrossFire,2.0,95,50,8-pin,0,12.1,12.0,20795,41590.0,1.9639175257731958,2147.0,4346.0,0.005824,0.003815,119.46286790437547,0.005079,0.003471,114.81286790437548,0.068941,0.035041,151.6971320956245,0.062955,0.032044,146.7547132095624,,,,,,,,,299,Prefabs/GPU/GigaByte/GigaByte_AORUS_GTX1060,AMD FirePro S10000 X2 (2-Way)
GPU,AMD FirePro,Sx000,2x FirePro S7000,AMD,FirePro S7000 (2-Way),Y,Y,4071,1198,998,5,50,,,,8,200,900,1300,1600,500,1200,1655,1900,168,300,CrossFire,1.0,95,25,,0,12.1,12.0,6138,12276.0,1.9639175257731958,2147.0,4346.0,0.005824,0.003815,30.892867904375475,0.005079,0.003471,25.902867904375455,0.034541,0.015041,34.09713209562448,0.028555,0.011044,29.05471320956238,,,,,,,,,299,Prefabs/GPU/GigaByte/GigaByte_GTX1030,AMD FirePro S7000 (2-Way)
GPU,AMD FirePro,Sx100,2x FirePro S7150,AMD,FirePro S7150 (2-Way),Y,Y,4343,1398,1078,7,1,,,,8,340,920,1300,1500,600,1250,1655,1900,168,300,CrossFire,2.0,95,40,6-pin,0,12.1,12.0,6584,13168.0,1.9639175257731958,2147.0,4346.0,0.005824,0.003815,33.31286790437547,0.005079,0.003471,28.312867904375455,0.045541,0.020041,21.447132095624486,0.041555,0.015044,16.52471320956237,,,,,,,,,299,Prefabs/GPU/EVGA/EVGA_GTX_1060_Gaming_3GB,AMD FirePro S7150 (2-Way)
GPU,AMD FirePro,Sx100,2x FirePro S7150 X2,AMD,FirePro S7150 X2 (2-Way),Y,Y,9083,2398,1862,7,135,,,,16,300,1050,1500,1800,600,1250,1655,1900,267,530,CrossFire,2.0,95,50,8-pin,0,12.1,12.0,14371,28742.0,1.9639175257731958,2147.0,4346.0,0.005824,0.003815,79.9528679043755,0.005079,0.003471,74.97286790437542,0.065541,0.028541,77.46713209562448,0.060555,0.026544,72.27471320956238,,,,,,,,,299,Prefabs/GPU/EVGA/EVGA_GTX_1060_FTW2_Gaming,AMD FirePro S7150 X2 (2-Way)
GPU,AMD FirePro,Sx000,2x FirePro S9000,AMD,FirePro S9000 (2-Way),Y,Y,6380,1598,1398,5,50,,,,12,200,900,1300,1600,950,1375,1655,1800,279,450,CrossFire,2.0,95,30,8-pin,0,12.1,12.0,9933,19866.0,1.9639175257731958,2147.0,4346.0,0.005824,0.003815,53.31286790437548,0.005079,0.003471,48.312867904375445,0.038541,0.015041,73.75713209562448,0.033555,0.011044,68.69471320956241,,,,,,,,,299,Prefabs/GPU/AsRock/GPU_ASRock_PhantomGamingX_Radeon_RX590_8G_OC,AMD FirePro S9000 (2-Way)
GPU,AMD FirePro,Sx000,2x FirePro S9010,AMD,FirePro S9010 (2-Way),Y,Y,5847,1598,1398,5,50,,,,6,200,800,1150,1400,900,1250,1455,1600,279,400,CrossFire,2.0,95,20,8-pin,0,12.1,12.0,9082,18164.0,1.9639175257731958,2147.0,4346.0,0.005824,0.003815,49.04286790437548,0.005079,0.003471,44.20286790437546,0.038541,0.015041,68.5571320956245,0.033555,0.011044,63.554713209562394,,,,,,,,,299,Prefabs/GPU/AsRock/GPU_ASRock_PhantomGamingX_Radeon_RX590_8G_OC,AMD FirePro S9010 (2-Way)
GPU,AMD FirePro,Sx000,2x FirePro S9050,AMD,FirePro S9050 (2-Way),Y,Y,6693,2198,1878,5,50,,,,24,200,900,1360,1600,850,1375,1700,1900,279,450,CrossFire,2.0,95,30,8-pin,0,12.1,12.0,10451,20902.0,1.9639175257731958,2147.0,4346.0,0.005824,0.003815,56.442867904375476,0.005079,0.003471,51.47286790437547,0.050541,0.033541,42.41713209562447,0.047555,0.029544,38.07471320956234,,,,,,,,,299,Prefabs/GPU/AsRock/GPU_ASRock_PhantomGamingX_Radeon_RX590_8G_OC,AMD FirePro S9050 (2-Way)
GPU,AMD FirePro,Sx100,2x FirePro S9100,AMD,FirePro S9100 (2-Way),Y,Y,13200,3198,2738,7,25,,,,24,-52,824,1350,1700,700,1250,1600,1800,283,450,CrossFire,2.0,95,30,8-pin + 8-pin,0,12.1,12.0,21141,42282.0,1.9639175257731958,2147.0,4346.0,0.005824,0.003815,122.43286790437547,0.005079,0.003471,117.44286790437546,0.048041,0.033041,183.99713209562452,0.045055,0.028044,178.94471320956237,,,,,,,,,299,Prefabs/GPU/AMD/AMD_RadeonVega_RX64_8GB,AMD FirePro S9100 (2-Way)
GPU,AMD FirePro,Sx100,2x FirePro S9150,AMD,FirePro S9150 (2-Way),Y,Y,14283,3798,3298,7,50,,,,32,200,900,1350,1600,700,1250,1600,1800,283,470,CrossFire,2.0,95,35,8-pin + 8-pin,0,12.1,12.0,22951,45902.0,1.9639175257731958,2147.0,4346.0,0.005824,0.003815,132.82286790437547,0.005079,0.003471,128.27286790437552,0.069041,0.035041,181.57713209562448,0.065055,0.030044,176.56471320956237,,,,,,,,,299,Prefabs/GPU/AMD/AMD_RadeonVega_RX64_8GB,AMD FirePro S9150 (2-Way)
GPU,AMD FirePro,Sx100,2x FirePro S9170,AMD,FirePro S9170 (2-Way),Y,Y,16665,4598,4078,7,75,,,,64,160,930,1400,1700,600,1250,1635,1900,283,550,CrossFire,2.0,95,40,8-pin + 8-pin,0,12.1,12.0,26833,53666.0,1.9639175257731958,2147.0,4346.0,0.005824,0.003815,156.47286790437548,0.005079,0.003471,151.62286790437554,0.039041,0.025041,265.9671320956244,0.035055,0.022044,260.97471320956225,,,,,,,,,299,Prefabs/GPU/AMD/AMD_RadeonVega_RX64_8GB,AMD FirePro S9170 (2-Way)
GPU,AMD FirePro,Sx300,2x FirePro S9300 X2,AMD,FirePro S9300 X2 (2-Way),Y,Y,17761,5198,3530,8,35,,,,16,150,975,1500,1800,-1100,500,1550,2100,280,600,CrossFire,2.0,95,75,8-pin + 8-pin,0,12.5,12.5,28531,57062.0,1.9787709497206705,3050.0,5933.0,0.013626,0.001814,163.41932899999998,0.011454,0.001259,158.68210100000002,0.035033,0.020975,308.9438200000001,0.030665,0.016769,304.19041000000004,,,,,,,,,299,Prefabs/GPU/AsRock/GPU_ASRock_PhantomGamingX_RadeonRXVEGA_56_8G,AMD FirePro S9300 X2 (2-Way)
GPU,AMD FirePro,Wx100,2x FirePro W5100,AMD,FirePro W5100 (2-Way),Y,,2510,750,556,15,1,,,,8,360,930,1300,1500,1100,1500,1750,1900,147,150,CrossFire,1.5,95,20,,,12.1,12.0,3569,7138.0,1.9639175257731958,6741.0,14724.0,0.005624,0.000815,18.65286790437546,0.005079,0.00071,13.422867904375481,0.009541,0.013541,17.967132095624503,0.008955,0.013144,12.377132095624518,,,,,,,,,299,Prefabs/Generic/GPU,AMD FirePro W5100 (2-Way)
GPU,AMD FirePro,Wx100,2x FirePro W7100,AMD,FirePro W7100 (2-Way),Y,Y,5184,1110,730,15,1,,,,16,340,920,1300,1500,400,1250,1750,2100,257,300,CrossFire,2.0,95,35,6-pin,GTX,12.1,12.0,8435,16870.0,1.9639175257731958,6741.0,14724.0,0.005824,0.000815,45.472867904375484,0.005079,0.00471,40.472867904375484,0.042541,0.013541,49.85713209562449,0.041955,0.013144,44.964713209562454,,,,,,,,,299,Prefabs/GPU/EVGA/EVGA_GeForceGTX1050_Ti_FTW_GAMING,AMD FirePro W7100 (2-Way)
GPU,AMD FirePro,Wx100,2x FirePro W8100,AMD,FirePro W8100 (2-Way),Y,Y,6922,1430,970,15,1,,,,16,-52,824,1400,1700,400,1250,1750,2100,228,440,CrossFire,2.0,95,45,8-pin,GTX,12.1,12.0,10963,21926.0,1.9639175257731958,6741.0,14724.0,0.005824,0.000815,63.40286790437549,0.005079,0.00171,58.31286790437546,0.022541,0.008541,110.2071320956245,0.021555,0.004344,105.20471320956244,,,,,,,,,299,v1_9_0/Prefabs/GPU/GigaByte/GPU_Gigabyte_Radeon_RX_5600_XT_Windforce_OC_6G,AMD FirePro W8100 (2-Way)
GPU,AMD FirePro,Wx100,2x FirePro W9100,AMD,FirePro W9100 (2-Way),Y,Y,8689,1770,1310,15,1,,,,32,160,930,1435,1700,400,1250,1800,2100,272,550,CrossFire,2.0,95,50,8-pin + 6-pin,GTX,12.1,12.0,13865,27730.0,1.9639175257731958,6741.0,14724.0,0.005824,0.000815,80.46286790437546,0.005079,0.00171,75.45286790437547,0.042541,0.019041,111.10713209562448,0.041555,0.015044,106.57471320956243,,,,,,,,,299,Prefabs/GPU/AMD/GPU_AMD_Radeon_RX_5700,AMD FirePro W9100 (2-Way)
GPU,AMD Radeon Instinct,MAx,2x Radeon Instinct MA100,AMD,Radeon Instinct MA100 (2-Way),Y,Y,28253288,63998,57110,39,60,,,Red,160,1300,1800,2085,2300,750,1575,2100,2400,280,1000,CrossFire,2.0,95,50,8-pin + 8-pin,0,8.0,8.0,45666834,,2.0,24121.0,42671.0,0.142957,179.2225,0.123342,0.131608,174.13250000000005,0.11071,0.149504,839.514,0.098653,0.137751,834.514,,,,,,,,0.136184,,299,Prefabs/GPU/AMD/GPU_AMD_Radeon_VII,AMD Radeon Instinct MA100 (2-Way)
GPU,AMD Radeon Instinct,MAx,2x Radeon Instinct MA25,AMD,Radeon Instinct MA25 (2-Way),Y,Y,45738,37998,31110,36,90,,,Red,64,1230,1665,1900,2100,430,1315,1850,2200,280,600,CrossFire,2.0,95,45,8-pin + 6-pin,0,8.0,8.0,72655,145310.0,2.0,24121.0,42671.0,0.106184,0.132957,105.7525,0.093342,0.131608,101.05250000000002,0.10071,0.139504,573.3409999999999,0.068653,0.127751,568.3739999999999,,,,,,,,,299,Prefabs/GPU/AMD/GPU_AMD_Radeon_RX_5700,AMD Radeon Instinct MA25 (2-Way)
GPU,AMD Radeon Instinct,MAx,2x Radeon Instinct MA50,AMD,Radeon Instinct MA50 (2-Way),Y,Y,49224,41998,35110,37,60,,,Red,80,1230,1665,1935,2100,530,1365,1900,2200,280,670,CrossFire,2.0,95,45,8-pin + 6-pin,0,8.0,8.0,78344,156688.0,2.0,24121.0,42671.0,0.106184,0.132957,133.9625,0.093342,0.131608,128.95250000000004,0.10071,0.139504,635.741,0.068653,0.127751,631.1639999999999,,,,,,,,,299,Prefabs/GPU/AMD/GPU_AMD_Radeon_RX_5700,AMD Radeon Instinct MA50 (2-Way)
GPU,AMD Radeon Instinct,MAx,2x Radeon Instinct MA60,AMD,Radeon Instinct MA60 (2-Way),Y,Y,51918,47998,41110,38,26,,,Red,96,1200,1700,1985,2200,600,1400,1900,2200,280,750,CrossFire,2.0,95,50,8-pin + 6-pin,0,8.0,8.0,82715,165430.0,2.0,24121.0,42671.0,0.126184,0.132957,118.53250000000003,0.113342,0.131608,113.43250000000003,0.10071,0.139504,663.621,0.088653,0.127751,658.624,,,,,,,,,299,Prefabs/GPU/AMD/GPU_AMD_Radeon_RX_5700,AMD Radeon Instinct MA60 (2-Way)
GPU,AMD Radeon Instinct,MAx,2x Radeon Instinct MA80,AMD,Radeon Instinct MA80 (2-Way),Y,Y,58684,53998,47110,38,70,,,Red,128,1370,1785,2015,2200,630,1465,2000,2300,276,870,CrossFire,2.0,95,50,8-pin + 6-pin,0,8.0,8.0,92444,184888.0,2.0,24121.0,42671.0,0.136184,0.142957,134.3225,0.123342,0.131608,129.31250000000006,0.11071,0.149504,733.194,0.098653,0.137751,727.864,,,,,,,,,299,Prefabs/GPU/AMD/GPU_AMD_Radeon_RX_5700XT,AMD Radeon Instinct MA80 (2-Way)
GPU,AMD Radeon Instinct,MIx,2x Radeon Instinct MI100,AMD,Radeon Instinct MI100 (2-Way),Y,Y,42645,31000,19800,35,40,,,Red,64,904,1502,1850,2100,300,1200,1750,2100,280,600,CrossFire,2.0,95,45,8-pin + 8-pin,0,8.0,8.0,69241,138482.0,2.0,24121.0,42671.0,0.086184,0.048957,238.26250000000002,0.083342,0.049608,233.32300000000004,0.07071,0.099504,632.7510000000001,0.068653,0.083751,627.274,,,,,,,,,299,Prefabs/GPU/AsRock/GPU_ASRock_PhantomGamingX_RadeonRXVEGA_56_8G,AMD Radeon Instinct MI100 (2-Way)
GPU,AMD Radeon Instinct,MIx,2x Radeon Instinct MI100 Duo,AMD,Radeon Instinct MI100 Duo (2-Way),Y,Y,45605,37000,23000,36,10,,,Red,128,900,1550,1950,2200,300,1250,1850,2200,280,1170,CrossFire,2.0,95,65,8-pin + 8-pin,0,8.0,8.0,74082,148164.0,3.5,24121.0,42671.0,0.086184,0.048957,261.2724999999999,0.083342,0.049608,256.28299999999996,0.07071,0.099504,683.621,0.068653,0.083751,678.6139999999999,,,,,,,,,299,Prefabs/GPU/AMD/AMD_RadeonVega_RX64_8GB,AMD Radeon Instinct MI100 Duo (2-Way)
GPU,AMD Radeon Instinct,MIx,2x Radeon Instinct MI25,AMD,Radeon Instinct MI25 (2-Way),Y,Y,16948,4998,4066,24,40,,,,32,800,1500,1950,2200,-496,852,1704,2200,268,600,CrossFire,2.0,95,45,8-pin + 6-pin,0,8.0,8.0,26885,53770.0,2.5,24121.0,42671.0,0.051436,0.098545,8.365829999999994,0.050806,0.092139,4.031794,0.058604,0.106296,158.62226900000007,0.0529969,0.100973,153.61436900000004,,,,,,,,,299,Prefabs/GPU/AMD/GPU_AMD_Radeon_RX_5700,AMD Radeon Instinct MI25 (2-Way)
GPU,AMD Radeon Instinct,MIx,2x Radeon Instinct MI50 16GB,AMD,Radeon Instinct MI50 16GB (2-Way),Y,Y,28016,11998,9700,28,40,,,Yellow,32,892,1746,2300,2600,-100,1000,1675,2100,268,600,CrossFire,2.0,95,45,8-pin + 6-pin,0,8.0,8.0,45059,90118.0,2.5,24121.0,42671.0,0.050516,0.082211,109.74824000000002,0.048012,0.081013,104.71056800000001,0.089179,0.079559,320.39538,0.086742,0.07671,315.3240199999999,,,,,,,,,299,Prefabs/GPU/AMD/GPU_AMD_Radeon_RX_5700,AMD Radeon Instinct MI50 16GB (2-Way)
GPU,AMD Radeon Instinct,MIx,2x Radeon Instinct MI50 32GB,AMD,Radeon Instinct MI50 32GB (2-Way),Y,Y,32218,15998,13700,29,75,,,Yellow,64,760,1730,2325,2700,-100,1000,1725,2100,268,600,CrossFire,2.0,95,45,8-pin + 6-pin,0,8.0,8.0,51968,103936.0,2.5,24121.0,42671.0,0.050516,0.082211,152.57824,0.048012,0.081013,147.68056800000005,0.089179,0.079559,406.20537999999993,0.086742,0.07671,400.82402,,,,,,,,,299,Prefabs/GPU/AMD/GPU_AMD_Radeon_RX_5700,AMD Radeon Instinct MI50 32GB (2-Way)
GPU,AMD Radeon Instinct,MIx,2x Radeon Instinct MI6,AMD,Radeon Instinct MI6 (2-Way),Y,Y,11860,1900,1146,23,50,,,Yellow,16,766,1233,1500,1700,600,1750,2500,2900,268,300,CrossFire,1.0,95,45,,0,8.0,8.0,18853,37706.0,2.85,24121.0,42671.0,0.01285,0.000352,102.14887999999999,0.011422,0.000222,97.05629500000003,0.051136,0.049439,79.46457899999996,0.05947,0.047451,74.439424,,,,,,,,,299,Prefabs/GPU/GigaByte/GigaByte_GTX1030,AMD Radeon Instinct MI6 (2-Way)
GPU,AMD Radeon Instinct,MIx,2x Radeon Instinct MI60,AMD,Radeon Instinct MI60 (2-Way),Y,Y,34029,19100,16700,29,60,,,Yellow,64,800,1800,2400,2800,-200,1000,1785,2200,268,600,CrossFire,2.0,95,45,8-pin + 6-pin,0,8.0,8.0,54946,109892.0,2.0,24121.0,42671.0,0.050516,0.082211,167.15824,0.048012,0.081013,162.51056800000003,0.089179,0.079559,436.16537999999997,0.086742,0.07671,431.1740199999999,,,,,,,,,299,Prefabs/GPU/AMD/GPU_AMD_Radeon_RX_5700,AMD Radeon Instinct MI60 (2-Way)
GPU,AMD Radeon Instinct,MIx,2x Radeon Instinct MI8,AMD,Radeon Instinct MI8 (2-Way),Y,Y,12610,2300,1560,23,75,,,Yellow,8,600,1000,1250,1400,-300,500,1000,1300,268,350,CrossFire,2.0,95,45,6-pin,0,8.0,8.0,20029,40058.0,2.85,24121.0,42671.0,0.023626,0.031814,86.56932899999997,0.021454,0.031259,81.317899,0.098033,0.102375,102.03618000000003,0.094665,0.091769,97.08959000000002,,,,,,,,,299,Prefabs/GPU/EVGA/EVGA_GTX_1060_Gaming_3GB,AMD Radeon Instinct MI8 (2-Way)
GPU,AMD Radeon Pro,Vega II,2x Radeon Pro Vega II,AMD,Radeon Pro Vega II (2-Way),Y,Y,22661,9998,5790,26,75,,PC,Red,64,1140,1720,2050,2300,-488,806,1635,2100,280,550,CrossFire,2.0,100,65,8-pin + 8-pin,GTX,10.2,10.5,36299,72598.0,4.917210060549604,6741.0,14724.0,0.030516,0.022211,156.22176000000005,0.028012,0.021013,151.18943200000004,0.089179,0.079559,231.0353800000001,0.086742,0.07671,225.92402,,,,,,,,,299,Prefabs/GPU/AMD/GPU_AMD_Radeon_VII,AMD Radeon Pro Vega II (2-Way)
GPU,AMD Radeon Pro,Vega II,2x Radeon Pro Vega II Duo,AMD,Radeon Pro Vega II Duo (2-Way),Y,Y,25925,15900,9900,32,75,,PC,Red,128,840,1720,2250,2600,-600,1000,2000,2600,280,950,CrossFire,2.0,100,75,8-pin + 8-pin,,10.2,10.5,41606,83212.0,7.917210060549604,6741.0,14724.0,0.030516,0.022211,184.55176000000006,0.028012,0.021013,179.18943199999998,0.099179,0.079559,263.35538,0.096742,0.07671,258.3240199999999,,,,,,,,,299,Prefabs/GPU/AMD/GPU_AMD_Radeon_VII,AMD Radeon Pro Vega II Duo (2-Way)
GPU,AMD Radeon Pro,W6x00,2x Radeon Pro W6600,AMD,x MSI Radeon Pro W6600 (2-Way),Y,Y,25013,13998,8510,36,50,,PC,RGB,16,2706,2903,3000,3100,600,1750,2500,2900,247,200,CrossFire,2.5,95,45,8-pin,GTX,10.0,10.0,39051,78102.0,1.368231685737879,6741.0,14724.0,0.046054,0.038659,48.78886,0.041238,0.036601,43.43886,0.15178,0.033243,23.917999999999985,0.125149,0.031499,18.914999999999974,,,,,,,,,299,v1_10_0/Prefabs/GPU/MSI/GPU_MSI_Radeon_RX_5500_XT_Gaming_X_8G,AMD x MSI Radeon Pro W6600 (2-Way)
GPU,AMD Radeon Pro,W6x00,2x Radeon Pro W6800,AMD,x MSI Radeon Pro W6800 (2-Way),Y,Y,26605,23998,19710,36,90,,PC,RGB,64,1240,2320,3000,3400,1200,2000,2500,2800,247,500,CrossFire,2.5,95,45,8-pin,GTX,10.0,10.0,41902,83804.0,1.368231685737879,6741.0,14724.0,0.046054,0.038659,81.88885999999998,0.041238,0.036601,76.88495,0.15178,0.033243,129.928,0.125149,0.031499,124.92500000000001,,,,,,,,,299,v1_10_0/Prefabs/GPU/MSI/GPU_MSI_Radeon_RX_5500_XT_Gaming_X_8G,AMD x MSI Radeon Pro W6800 (2-Way)
GPU,AMD Radeon Pro,W6x00,2x Radeon Pro W6800X,AMD,x MSI Radeon Pro W6800X (2-Way),Y,Y,28644,24998,20910,37,40,,PC,RGB,64,650,2075,3000,3500,1000,2000,2650,3000,297,600,CrossFire,2.5,95,45,8-pin + 8-pin,GTX,10.0,10.0,45355,90710.0,1.368231685737879,6741.0,14724.0,0.046054,0.038659,113.56886,0.041238,0.036601,108.55886,0.095078,0.033243,298.198,0.0910149,0.031499,292.67499999999995,,,,,,,,,299,v1_8_0/Prefabs/GPU/MSI/GPU_MSI_Radeon_RX_5700_XT_Gaming_X,AMD x MSI Radeon Pro W6800X (2-Way)
GPU,AMD Radeon Pro,W6x00,2x Radeon Pro W6800X Duo,AMD,x MSI Radeon Pro W6800X Duo (2-Way),Y,Y,37988,30198,25108,37,90,,PC,RGB,128,150,1975,3125,3800,800,2000,2750,3200,254,800,CrossFire,2.5,95,70,8-pin + 6-pin,GTX,10.0,10.0,60734,121468.0,1.368231685737879,6741.0,14724.0,0.046054,0.038659,211.60886000000002,0.041238,0.036601,206.59886000000003,0.070078,0.033243,548.3180000000001,0.0629149,0.030499,543.2750000000004,,,,,,,,,299,v1_10_0/Prefabs/GPU/MSI/GPU_MSI_Radeon_RX_5700_Evoke_GP_OC,AMD x MSI Radeon Pro W6800X Duo (2-Way)
GPU,AMD Radeon Pro,W6x00,2x Radeon Pro W6900X,AMD,x MSI Radeon Pro W6900X (2-Way),Y,Y,36482,27998,23710,38,20,,PC,RGB,64,800,2150,3000,3500,1000,2000,2650,3000,297,600,CrossFire,2.5,95,65,8-pin + 8-pin,GTX,10.0,10.0,57658,115316.0,1.368231685737879,6741.0,14724.0,0.050054,0.043659,169.89086000000003,0.045238,0.038601,164.79086000000004,0.056178,0.036243,525.9480000000001,0.0485149,0.031499,520.4850000000002,,,,,,,,,299,v1_8_0/Prefabs/GPU/MSI/GPU_MSI_Radeon_RX_5700_XT_Gaming_X,AMD x MSI Radeon Pro W6900X (2-Way)
GPU,AMD Radeon Pro,W6x00,2x Radeon Pro W6900X Duo,AMD,x MSI Radeon Pro W6900X Duo (2-Way),Y,Y,43151,33998,29710,38,60,,PC,RGB,128,200,2050,3250,3900,700,2000,2825,3300,254,900,CrossFire,2.5,95,80,8-pin + 6-pin,GTX,10.0,10.0,68658,137316.0,1.368231685737879,6741.0,14724.0,0.050054,0.043659,241.59085999999996,0.045238,0.038601,236.58085999999997,0.056178,0.036243,664.7680000000008,0.0475149,0.032499,660.2950000000005,,,,,,,,,299,v1_10_0/Prefabs/GPU/MSI/GPU_MSI_Radeon_RX_5700_Evoke_GP_OC,AMD x MSI Radeon Pro W6900X Duo (2-Way)
GPU,AMD Radeon Pro,WX x100,2x Radeon Pro WX 2100,AMD,Radeon Pro WX 2100 (2-Way),Y,Y,1620,300,110,16,26,,,,4,938,1219,1357,1500,1000,1500,1825,2000,147,70,CrossFire,1.5,90,20,,GTX,12.9,13.0,1981,3962.0,0.0,6741.0,14724.0,0.007928,0.001358,4.505384000000001,0.006675,0.001319,-0.4822160000000002,0.020416,0.001331,2.2072599999999998,0.016964,0.001853,-2.7980500000000013,,,,,,,,,299,Prefabs/Generic/GPU,AMD Radeon Pro WX 2100 (2-Way)
GPU,AMD Radeon Pro,WX x100,2x Radeon Pro WX 3100,AMD,Radeon Pro WX 3100 (2-Way),Y,Y,2290,500,230,16,70,,,,8,938,1219,1365,1500,1000,1500,1825,2000,147,130,CrossFire,1.5,90,20,,GTX,12.9,13.0,3125,6250.0,0.0,6741.0,14724.0,0.007928,0.001358,11.204616000000001,0.006675,0.001319,6.197784000000001,0.020416,0.006331,9.127260000000003,0.016964,0.006153,4.001949999999999,,,,,,,,,299,Prefabs/Generic/GPU,AMD Radeon Pro WX 3100 (2-Way)
GPU,AMD Radeon Pro,WX x200,2x Radeon Pro WX 3200,AMD,Radeon Pro WX 3200 (2-Way),Y,Y,2734,650,150,21,60,,,,8,890,1295,1557,1700,800,1500,1965,2200,147,130,CrossFire,1.5,90,25,,GTX,12.9,13.0,3860,7720.0,0.0,6741.0,14724.0,0.007928,0.007358,6.044616000000003,0.006675,0.007319,1.0377839999999996,0.020416,0.006331,15.887259999999992,0.016964,0.006853,10.88195,,,,,,,,,299,Prefabs/Generic/GPU,AMD Radeon Pro WX 3200 (2-Way)
GPU,AMD Radeon Pro,WX x100,2x Radeon Pro WX 4100,AMD,Radeon Pro WX 4100 (2-Way),Y,Y,3640,800,500,17,20,,,,8,902,1201,1385,1500,900,1500,1850,2100,147,100,CrossFire,1.5,90,20,,GTX,12.9,13.0,5378,10756.0,0.0,6741.0,14724.0,0.007928,0.001358,24.844616,0.006675,0.001319,19.842215999999986,0.022416,0.011331,26.26725999999999,0.018964,0.011853,21.00195,,,,,,,,,299,Prefabs/Generic/GPU,AMD Radeon Pro WX 4100 (2-Way)
GPU,AMD Radeon Pro,WX x100,2x Radeon Pro WX 5100,AMD,Radeon Pro WX 5100 (2-Way),Y,Y,5740,1000,650,17,90,,,,16,672,1086,1350,1500,500,1250,1725,2000,147,150,CrossFire,1.5,90,20,,GTX,12.9,13.0,8836,17672.0,0.0,6741.0,14724.0,0.01285,0.000352,43.00888,0.011422,0.000222,38.08629499999999,0.021136,0.019439,65.345421,0.01947,0.017451,60.360575999999995,,,,,,,,,299,Prefabs/Generic/GPU,AMD Radeon Pro WX 5100 (2-Way)
GPU,AMD Radeon Pro,WX x100,2x Radeon Pro WX 7100,AMD,Radeon Pro WX 7100 (2-Way),Y,Y,7020,1370,770,18,50,,,,16,686,1243,1550,1800,1100,1750,2150,2400,169,260,CrossFire,1.0,90,25,,GTX,12.9,13.0,10852,21704.0,0.0,6741.0,14724.0,0.013601,0.001703,50.31402,0.012,0.001288,45.418352000000006,0.027248,0.03528,79.14563000000001,0.021909,0.003323,73.45007,,,,,,,,,299,Prefabs/GPU/GigaByte/GigaByte_GTX1030,AMD Radeon Pro WX 7100 (2-Way)
GPU,AMD Radeon Pro,WX x100,2x Radeon Pro WX 8100,AMD,Radeon Pro WX 8100 (2-Way),Y,Y,13630,1930,700,19,60,,,Red,16,1200,1500,1690,1800,500,1000,1300,1500,283,460,CrossFire,2.0,90,35,8-pin + 8-pin,GTX,10.9,10.5,21466,42932.0,2.298706420571068,6741.0,14724.0,0.008593,0.015392,108.01885000000001,0.007137,0.012182,103.00918,0.038116,0.086929,121.21024,0.038447,0.084519,116.15593999999999,,,,,,,,,299,Prefabs/GPU/AMD/AMD_RadeonVega_RX64_8GB,AMD Radeon Pro WX 8100 (2-Way)
GPU,AMD Radeon Pro,WX x200,2x Radeon Pro WX 8200,AMD,Radeon Pro WX 8200 (2-Way),Y,Y,13929,2170,990,22,10,,,Red,16,1100,1500,1745,1900,700,1000,1150,1300,283,460,CrossFire,2.0,90,35,8-pin + 8-pin,GTX,10.9,10.5,21958,43916.0,2.898706420571068,6741.0,14724.0,0.008593,0.015392,111.00885000000001,0.007137,0.012182,106.00918,0.038116,0.086929,127.21024,0.038447,0.084519,122.15593999999999,,,,,,,,,299,Prefabs/GPU/AMD/AMD_RadeonVega_RX64_8GB,AMD Radeon Pro WX 8200 (2-Way)
GPU,AMD Radeon Pro,WX x100,2x Radeon Pro WX 9100,AMD,Radeon Pro WX 9100 (2-Way),Y,Y,14875,2998,1798,20,60,,,,32,1100,1500,1750,1900,300,1000,1455,1700,280,460,CrossFire,2.0,90,20,8-pin + 8-pin,GTX,12.9,13.0,23388,46776.0,2.0,6741.0,14724.0,0.011436,0.018545,113.05417,0.008806,0.015139,108.60820599999998,0.008116,0.081929,196.69024,0.006447,0.078119,192.07594000000003,,,,,,,,,299,Prefabs/GPU/AsRock/GPU_ASRock_PhantomGamingX_RadeonRXVEGA_56_8G,AMD Radeon Pro WX 9100 (2-Way)
GPU,AMD Radeon Pro,WX x200,2x Radeon Pro WX 9200,AMD,Radeon Pro WX 9200 (2-Way),Y,Y,19025,3000,1710,23,10,,,,32,1300,1650,1875,2000,300,1150,1655,2000,283,500,CrossFire,2.0,95,50,8-pin + 8-pin,GTX,12.9,13.0,29930,59860.0,2.4,6741.0,14724.0,0.012436,0.018545,148.40417,0.008806,0.015139,143.41820600000005,0.048116,0.096929,177.65024,0.048447,0.094519,172.92594000000003,,,,,,,,,299,Prefabs/GPU/AsRock/GPU_ASRock_PhantomGamingX_RadeonRXVEGA_56_8G,AMD Radeon Pro WX 9200 (2-Way)
GPU,AMD FirePro,Sx000,4x FirePro S10000,AMD,FirePro S10000 (4-Way),Y,Y,23161,5596,4996,16,1,,,,24,200,950,1415,1700,500,1250,1700,2000,279,1500,CrossFire,2.0,95,45,8-pin,0,12.1,12.0,37462,67432.0,1.9639175257731958,2147.0,4346.0,0.005824,0.003815,221.3128679043756,0.005079,0.003471,216.17286790437544,0.038541,0.017041,359.45824320662433,0.033555,0.015044,354.4674311895627,,,,,,,,,299,Prefabs/GPU/GigaByte/GigaByte_AORUS_GTX1060,AMD FirePro S10000 (4-Way)
GPU,AMD FirePro,Sx000,4x FirePro S10000 X2,AMD,FirePro S10000 X2 (4-Way),Y,Y,25671,7196,6356,16,1,,,,48,200,950,1445,1700,500,1250,1730,2000,300,1500,CrossFire,2.0,95,50,8-pin,0,12.1,12.0,41590,74862.0,1.9639175257731958,2147.0,4346.0,0.005824,0.003815,246.4128679043755,0.005079,0.003471,241.4028679043755,0.068941,0.035041,354.49713209562447,0.062955,0.032044,349.53471320956237,,,,,,,,,299,Prefabs/GPU/GigaByte/GigaByte_AORUS_GTX1060,AMD FirePro S10000 X2 (4-Way)
GPU,AMD FirePro,Sx000,4x FirePro S7000,AMD,FirePro S7000 (4-Way),Y,Y,7826,2396,1996,16,1,,,,16,200,900,1300,1600,500,1200,1655,1900,168,600,CrossFire,1.0,95,25,,0,12.1,12.0,12276,22097.0,1.9639175257731958,2147.0,4346.0,0.005824,0.003815,68.44286790437548,0.005079,0.003471,63.00286790437546,0.034541,0.015041,93.30824420662448,0.028555,0.011044,88.87004645456236,,,,,,,,,299,Prefabs/GPU/GigaByte/GigaByte_GTX1030,AMD FirePro S7000 (4-Way)
GPU,AMD FirePro,Sx100,4x FirePro S7150,AMD,FirePro S7150 (4-Way),Y,Y,8350,2796,2156,16,1,,,,16,340,920,1300,1500,600,1250,1655,1900,168,600,CrossFire,2.0,95,40,6-pin,0,12.1,12.0,13168,23703.0,1.9639175257731958,2147.0,4346.0,0.005824,0.003815,73.38286790437546,0.005079,0.003471,68.31286790437551,0.045541,0.020041,85.4219774216245,0.041555,0.015044,80.42182432056237,,,,,,,,,299,Prefabs/GPU/EVGA/EVGA_GTX_1060_Gaming_3GB,AMD FirePro S7150 (4-Way)
GPU,AMD FirePro,Sx100,4x FirePro S7150 X2,AMD,FirePro S7150 X2 (4-Way),Y,Y,17841,4796,3724,16,1,,,,32,300,1050,1500,1800,600,1250,1655,1900,267,1060,CrossFire,2.0,95,50,8-pin,0,12.1,12.0,28742,51736.0,1.9639175257731958,2147.0,4346.0,0.005824,0.003815,167.53286790437554,0.005079,0.003471,162.54286790437547,0.065541,0.028541,217.46324420662447,0.060555,0.026544,212.4633382525625,,,,,,,,,299,Prefabs/GPU/EVGA/EVGA_GTX_1060_FTW2_Gaming,AMD FirePro S7150 X2 (4-Way)
GPU,AMD FirePro,Sx000,4x FirePro S9000,AMD,FirePro S9000 (4-Way),Y,Y,12390,3196,2796,16,1,,,,24,200,900,1300,1600,950,1375,1655,1800,279,900,CrossFire,2.0,95,30,8-pin,0,12.1,12.0,19866,35759.0,1.9639175257731958,2147.0,4346.0,0.005824,0.003815,113.41286790437547,0.005079,0.003471,109.15286790437543,0.038541,0.015041,170.4430172506245,0.033555,0.011044,165.4058243205624,,,,,,,,,299,Prefabs/GPU/AsRock/GPU_ASRock_PhantomGamingX_Radeon_RX590_8G_OC,AMD FirePro S9000 (4-Way)
GPU,AMD FirePro,Sx000,4x FirePro S9010,AMD,FirePro S9010 (4-Way),Y,Y,11399,3196,2796,16,1,,,,12,200,800,1150,1400,900,1250,1455,1600,279,800,CrossFire,2.0,95,20,8-pin,0,12.1,12.0,18164,32696.0,1.9639175257731958,2147.0,4346.0,0.005824,0.003815,104.56286790437545,0.005079,0.003471,99.30286790437546,0.038541,0.015041,156.6693532066245,0.033555,0.011044,152.23071452856237,,,,,,,,,299,Prefabs/GPU/AsRock/GPU_ASRock_PhantomGamingX_Radeon_RX590_8G_OC,AMD FirePro S9010 (4-Way)
GPU,AMD FirePro,Sx000,4x FirePro S9050,AMD,FirePro S9050 (4-Way),Y,Y,13060,4396,3756,16,1,,,,48,200,900,1360,1600,850,1375,1700,1900,279,900,CrossFire,2.0,95,30,8-pin,0,12.1,12.0,20902,37624.0,1.9639175257731958,2147.0,4346.0,0.005824,0.003815,120.11286790437548,0.005079,0.003471,115.11286790437546,0.050541,0.033541,144.53924320662446,0.047555,0.029544,139.63476496756232,,,,,,,,,299,Prefabs/GPU/AsRock/GPU_ASRock_PhantomGamingX_Radeon_RX590_8G_OC,AMD FirePro S9050 (4-Way)
GPU,AMD FirePro,Sx100,4x FirePro S9100,AMD,FirePro S9100 (4-Way),Y,Y,26088,6396,5476,16,1,,,,48,-52,824,1350,1700,700,1250,1600,1800,283,900,CrossFire,2.0,95,30,8-pin + 8-pin,0,12.1,12.0,42282,76108.0,1.9639175257731958,2147.0,4346.0,0.005824,0.003815,251.3128679043755,0.005079,0.003471,246.30286790437552,0.048041,0.033041,390.10825320662445,0.045055,0.028044,385.1712529915626,,,,,,,,,299,Prefabs/GPU/AMD/AMD_RadeonVega_RX64_8GB,AMD FirePro S9100 (4-Way)
GPU,AMD FirePro,Sx100,4x FirePro S9150,AMD,FirePro S9150 (4-Way),Y,Y,28293,7596,6596,16,1,,,,64,200,900,1350,1600,700,1250,1600,1800,283,940,CrossFire,2.0,95,35,8-pin + 8-pin,0,12.1,12.0,45902,82624.0,1.9639175257731958,2147.0,4346.0,0.005824,0.003815,272.9228679043755,0.005079,0.003471,268.0128679043755,0.069041,0.035041,405.3882432066244,0.065055,0.030044,400.3969352375627,,,,,,,,,299,Prefabs/GPU/AMD/AMD_RadeonVega_RX64_8GB,AMD FirePro S9150 (4-Way)
GPU,AMD FirePro,Sx100,4x FirePro S9170,AMD,FirePro S9170 (4-Way),Y,Y,33034,9196,8156,16,1,,,,128,160,930,1400,1700,600,1250,1635,1900,283,1100,CrossFire,2.0,95,40,8-pin + 8-pin,0,12.1,12.0,53666,96599.0,1.9639175257731958,2147.0,4346.0,0.005824,0.003815,320.1628679043754,0.005079,0.003471,315.1228679043754,0.039041,0.025041,527.717532694625,0.035055,0.022044,522.685824320562,,,,,,,,,299,Prefabs/GPU/AMD/AMD_RadeonVega_RX64_8GB,AMD FirePro S9170 (4-Way)
GPU,AMD FirePro,Sx300,4x FirePro S9300 X2,AMD,FirePro S9300 X2 (4-Way),Y,Y,35168,10396,7060,16,1,,,,32,150,975,1500,1800,-1100,500,1550,2100,280,1200,CrossFire,2.0,95,75,8-pin + 8-pin,0,12.5,12.5,57062,102712.0,1.9787709497206705,3050.0,5933.0,0.013626,0.001814,337.489329,0.011454,0.001259,332.48210099999994,0.035033,0.020975,587.4622820730007,0.030665,0.016769,582.3015211109999,,,,,,,,,299,Prefabs/GPU/AsRock/GPU_ASRock_PhantomGamingX_RadeonRXVEGA_56_8G,AMD FirePro S9300 X2 (4-Way)
GPU,AMD Radeon Instinct,MAx,4x Radeon Instinct MA100,AMD,Radeon Instinct MA100 (4-Way),Y,Y,126706538,127996,114220,39,85,,,Red,320,1300,1800,2085,2300,750,1575,2100,2400,280,2000,CrossFire,2.0,95,50,8-pin + 8-pin,0,8.0,8.0,207162268,,2.0,24121.0,42671.0,0.142957,804.3225,0.123342,0.131608,799.4224999999999,0.11071,0.149504,1840.3366844060008,0.098653,0.137751,1835.3251111110003,,,,,,,,0.136184,,299,Prefabs/GPU/AMD/GPU_AMD_Radeon_VII,AMD Radeon Instinct MA100 (4-Way)
GPU,AMD Radeon Instinct,MAx,4x Radeon Instinct MA25,AMD,Radeon Instinct MA25 (4-Way),Y,Y,90028,75996,62220,37,15,,,Red,128,1230,1665,1900,2100,430,1315,1850,2200,280,1200,CrossFire,2.0,95,45,8-pin + 6-pin,0,8.0,8.0,145310,261558.0,2.0,24121.0,42671.0,0.106184,0.132957,548.6525,0.093342,0.131608,543.7524999999999,0.10071,0.139504,1281.5510000000006,0.068653,0.127751,1276.4739999999997,,,,,,,,,299,Prefabs/GPU/AMD/GPU_AMD_Radeon_RX_5700,AMD Radeon Instinct MA25 (4-Way)
GPU,AMD Radeon Instinct,MAx,4x Radeon Instinct MA50,AMD,Radeon Instinct MA50 (4-Way),Y,Y,96934,83996,70220,37,85,,,Red,160,1230,1665,1935,2100,530,1365,1900,2200,280,1340,CrossFire,2.0,95,45,8-pin + 6-pin,0,8.0,8.0,156688,282039.0,2.0,24121.0,42671.0,0.106184,0.132957,611.0625,0.093342,0.131608,606.8225000000001,0.10071,0.139504,1399.6588144539999,0.068653,0.127751,1394.6581111110004,,,,,,,,,299,Prefabs/GPU/AMD/GPU_AMD_Radeon_RX_5700,AMD Radeon Instinct MA50 (4-Way)
GPU,AMD Radeon Instinct,MAx,4x Radeon Instinct MA60,AMD,Radeon Instinct MA60 (4-Way),Y,Y,102318,95996,82220,38,51,,,Red,192,1200,1700,1985,2200,600,1400,1900,2200,280,1500,CrossFire,2.0,95,50,8-pin + 6-pin,0,8.0,8.0,165430,297774.0,2.0,24121.0,42671.0,0.126184,0.132957,622.5325,0.113342,0.131608,617.7324999999998,0.10071,0.139504,1470.4010000000003,0.088653,0.127751,1465.4040000000002,,,,,,,,,299,Prefabs/GPU/AMD/GPU_AMD_Radeon_RX_5700,AMD Radeon Instinct MA60 (4-Way)
GPU,AMD Radeon Instinct,MAx,4x Radeon Instinct MA80,AMD,Radeon Instinct MA80 (4-Way),Y,Y,114994,107996,94220,38,95,,,Red,256,1370,1785,2015,2200,630,1465,2000,2300,276,1740,CrossFire,2.0,95,50,8-pin + 6-pin,0,8.0,8.0,184888,332799.0,2.0,24121.0,42671.0,0.136184,0.142957,697.4225,0.123342,0.131608,692.6924999999999,0.11071,0.149504,1634.7051111110004,0.098653,0.137751,1629.7481645000007,,,,,,,,,299,Prefabs/GPU/AMD/GPU_AMD_Radeon_RX_5700XT,AMD Radeon Instinct MA80 (4-Way)
GPU,AMD Radeon Instinct,MIx,4x Radeon Instinct MI100,AMD,Radeon Instinct MI100 (4-Way),Y,Y,84871,62000,39600,35,65,,,Red,128,904,1502,1850,2100,300,1200,1750,2100,280,1200,CrossFire,2.0,95,45,8-pin + 8-pin,0,8.0,8.0,138482,249268.0,2.0,24121.0,42671.0,0.086184,0.048957,660.5224999999999,0.083342,0.049608,655.4230000000001,0.07071,0.099504,1307.862111111,0.068653,0.083751,1302.9995617100003,,,,,,,,,299,Prefabs/GPU/AsRock/GPU_ASRock_PhantomGamingX_RadeonRXVEGA_56_8G,AMD Radeon Instinct MI100 (4-Way)
GPU,AMD Radeon Instinct,MIx,4x Radeon Instinct MI100 Duo,AMD,Radeon Instinct MI100 Duo (4-Way),Y,Y,90775,74000,46000,36,35,,,Red,256,900,1550,1950,2200,300,1250,1850,2200,280,2340,CrossFire,2.0,95,65,8-pin + 8-pin,0,8.0,8.0,148164,266696.0,3.5,24121.0,42671.0,0.086184,0.048957,712.9724999999999,0.083342,0.049608,707.9829999999998,0.07071,0.099504,1406.2739056150008,0.068653,0.083751,1401.2739056109997,,,,,,,,,299,Prefabs/GPU/AMD/AMD_RadeonVega_RX64_8GB,AMD Radeon Instinct MI100 Duo (4-Way)
GPU,AMD Radeon Instinct,MIx,4x Radeon Instinct MI25,AMD,Radeon Instinct MI25 (4-Way),Y,Y,33348,9996,8132,24,65,,,,64,800,1500,1950,2200,-496,852,1704,2200,268,1200,CrossFire,2.0,95,45,8-pin + 6-pin,0,8.0,8.0,53770,96786.0,2.5,24121.0,42671.0,0.051436,0.098545,172.36583,0.050806,0.092139,167.731794,0.058604,0.106296,420.7222690000001,0.0529969,0.100973,415.8743689999999,,,,,,,,,299,Prefabs/GPU/AMD/GPU_AMD_Radeon_RX_5700,AMD Radeon Instinct MI25 (4-Way)
GPU,AMD Radeon Instinct,MIx,4x Radeon Instinct MI50 16GB,AMD,Radeon Instinct MI50 16GB (4-Way),Y,Y,55486,23996,19400,28,65,,,Yellow,64,892,1746,2300,2600,-100,1000,1675,2100,268,1200,CrossFire,2.0,95,45,8-pin + 6-pin,0,8.0,8.0,90118,162213.0,2.5,24121.0,42671.0,0.050516,0.082211,384.44823999999994,0.048012,0.081013,379.41056799999996,0.089179,0.079559,759.9264911109998,0.086742,0.07671,754.9278015750002,,,,,,,,,299,Prefabs/GPU/AMD/GPU_AMD_Radeon_RX_5700,AMD Radeon Instinct MI50 16GB (4-Way)
GPU,AMD Radeon Instinct,MIx,4x Radeon Instinct MI50 32GB,AMD,Radeon Instinct MI50 32GB (4-Way),Y,Y,63907,31996,27400,30,75,,,Yellow,128,760,1730,2325,2700,-100,1000,1725,2100,268,1200,CrossFire,2.0,95,45,8-pin + 6-pin,0,8.0,8.0,103936,187085.0,2.5,24121.0,42671.0,0.050516,0.082211,469.46824,0.048012,0.081013,464.460568,0.089179,0.079559,913.0418625060003,0.086742,0.07671,907.9351311109999,,,,,,,,,299,Prefabs/GPU/AMD/GPU_AMD_Radeon_RX_5700,AMD Radeon Instinct MI50 32GB (4-Way)
GPU,AMD Radeon Instinct,MIx,4x Radeon Instinct MI6,AMD,Radeon Instinct MI6 (4-Way),Y,Y,23346,3800,2292,23,75,,,Yellow,32,766,1233,1500,1700,600,1750,2500,2900,268,600,CrossFire,1.0,95,45,,0,8.0,8.0,37706,67871.0,2.85,24121.0,42671.0,0.01285,0.000352,217.00888000000003,0.011422,0.000222,212.00629500000008,0.051136,0.049439,263.37569011099987,0.05947,0.047451,258.38869114800036,,,,,,,,,299,Prefabs/GPU/GigaByte/GigaByte_GTX1030,AMD Radeon Instinct MI6 (4-Way)
GPU,AMD Radeon Instinct,MIx,4x Radeon Instinct MI60,AMD,Radeon Instinct MI60 (4-Way),Y,Y,67539,38200,33400,29,85,,,Yellow,128,800,1800,2400,2800,-200,1000,1785,2200,268,1200,CrossFire,2.0,95,45,8-pin + 6-pin,0,8.0,8.0,109892,197806.0,2.0,24121.0,42671.0,0.050516,0.082211,502.25824,0.048012,0.081013,497.400568,0.089179,0.079559,972.2187634910002,0.086742,0.07671,967.1851311109998,,,,,,,,,299,Prefabs/GPU/AMD/GPU_AMD_Radeon_RX_5700,AMD Radeon Instinct MI60 (4-Way)
GPU,AMD Radeon Instinct,MIx,4x Radeon Instinct MI8,AMD,Radeon Instinct MI8 (4-Way),Y,Y,24804,4600,3120,24,75,,,Yellow,16,600,1000,1250,1400,-300,500,1000,1300,268,700,CrossFire,2.0,95,45,6-pin,0,8.0,8.0,40058,72105.0,2.85,24121.0,42671.0,0.023626,0.031814,208.50932900000004,0.021454,0.031259,203.50789900000007,0.098033,0.102375,297.5831109510003,0.094665,0.091769,292.200701111,,,,,,,,,299,Prefabs/GPU/EVGA/EVGA_GTX_1060_Gaming_3GB,AMD Radeon Instinct MI8 (4-Way)
GPU,AMD Radeon Instinct,MAx,6x Radeon Instinct MA100,AMD,Radeon Instinct MA100 (6-Way),Y,Y,171250,191994,171330,40,35,,,Red,480,1300,1800,2085,2300,750,1575,2100,2400,280,3000,CrossFire,2.0,95,50,8-pin + 8-pin,0,8.0,8.0,277026,480179.0,2.0,24121.0,42671.0,0.136184,0.142957,1242.2125,0.123342,0.131608,1237.2025,0.11071,0.149504,2515.947795517002,0.098653,0.137751,2510.9624939989985,,,,,,,,,299,Prefabs/GPU/AMD/GPU_AMD_Radeon_VII,AMD Radeon Instinct MA100 (6-Way)
GPU,AMD Radeon Instinct,MAx,6x Radeon Instinct MA25,AMD,Radeon Instinct MA25 (6-Way),Y,Y,121039,113994,93330,37,65,,,Red,192,1230,1665,1900,2100,430,1315,1850,2200,280,1800,CrossFire,2.0,95,45,8-pin + 6-pin,0,8.0,8.0,196169,340026.0,2.0,24121.0,42671.0,0.106184,0.132957,858.7612326880002,0.093342,0.131608,853.761211111,0.10071,0.139504,1759.6722111110005,0.068653,0.127751,1754.8639005980008,,,,,,,,,299,Prefabs/GPU/AMD/GPU_AMD_Radeon_RX_5700,AMD Radeon Instinct MA25 (6-Way)
GPU,AMD Radeon Instinct,MAx,6x Radeon Instinct MA50,AMD,Radeon Instinct MA50 (6-Way),Y,Y,130408,125994,105330,38,35,,,Red,240,1230,1665,1935,2100,530,1365,1900,2200,280,2010,CrossFire,2.0,95,45,8-pin + 6-pin,0,8.0,8.0,211530,366651.0,2.0,24121.0,42671.0,0.106184,0.132957,945.8004708160001,0.093342,0.131608,940.8004111110001,0.10071,0.139504,1915.3799255650001,0.068653,0.127751,1910.4181985870007,,,,,,,,,299,Prefabs/GPU/AMD/GPU_AMD_Radeon_RX_5700,AMD Radeon Instinct MA50 (6-Way)
GPU,AMD Radeon Instinct,MAx,6x Radeon Instinct MA60,AMD,Radeon Instinct MA60 (6-Way),Y,Y,137628,143994,123330,39,1,,,Red,288,1200,1700,1985,2200,600,1400,1900,2200,280,2250,CrossFire,2.0,95,50,8-pin + 6-pin,0,8.0,8.0,223331,387107.0,2.0,24121.0,42671.0,0.126184,0.132957,975.6332005120005,0.113342,0.131608,970.6332005840004,0.10071,0.139504,2015.0578691590006,0.088653,0.127751,2010.0578691110006,,,,,,,,,299,Prefabs/GPU/AMD/GPU_AMD_Radeon_RX_5700,AMD Radeon Instinct MA60 (6-Way)
GPU,AMD Radeon Instinct,MAx,6x Radeon Instinct MA80,AMD,Radeon Instinct MA80 (6-Way),Y,Y,154479,161994,141330,39,45,,,Red,384,1370,1785,2015,2200,630,1465,2000,2300,276,2610,CrossFire,2.0,95,50,8-pin + 6-pin,0,8.0,8.0,249600,432639.0,2.0,24121.0,42671.0,0.136184,0.142957,1092.2728589549993,0.123342,0.131608,1086.8036111109998,0.11071,0.149504,2243.4532120219974,0.098653,0.137751,2238.4532120710005,,,,,,,,,299,Prefabs/GPU/AMD/GPU_AMD_Radeon_RX_5700XT,AMD Radeon Instinct MA80 (6-Way)
GPU,AMD Radeon Instinct,MIx,6x Radeon Instinct MI100,AMD,Radeon Instinct MI100 (6-Way),Y,Y,114420,93000,59400,36,15,,,Red,192,904,1502,1850,2100,300,1200,1750,2100,280,1800,CrossFire,2.0,95,45,8-pin + 8-pin,0,8.0,8.0,186951,324049.0,2.0,24121.0,42671.0,0.086184,0.048957,956.0124999999998,0.083342,0.049608,951.013,0.07071,0.099504,1763.8861089780003,0.068653,0.083751,1758.8861089770003,,,,,,,,,299,Prefabs/GPU/AsRock/GPU_ASRock_PhantomGamingX_RadeonRXVEGA_56_8G,AMD Radeon Instinct MI100 (6-Way)
GPU,AMD Radeon Instinct,MIx,6x Radeon Instinct MI100 Duo,AMD,Radeon Instinct MI100 Duo (6-Way),Y,Y,122415,148000,96000,36,85,,,Red,384,900,1550,1950,2200,300,1250,1850,2200,280,3510,CrossFire,2.0,95,65,8-pin + 8-pin,0,8.0,8.0,200022,346705.0,3.5,24121.0,42671.0,0.086184,0.048957,1029.3725000000004,0.083342,0.049608,1023.9829999999998,0.07071,0.099504,1894.085016726001,0.068653,0.083751,1889.1266176329996,,,,,,,,,299,Prefabs/GPU/AMD/AMD_RadeonVega_RX64_8GB,AMD Radeon Instinct MI100 Duo (6-Way)
GPU,AMD Radeon Instinct,MIx,6x Radeon Instinct MI25,AMD,Radeon Instinct MI25 (6-Way),Y,Y,44839,14994,12198,25,15,,,,96,800,1500,1950,2200,-496,852,1704,2200,268,1800,CrossFire,2.0,95,45,8-pin + 6-pin,0,8.0,8.0,72590,125822.0,2.5,24121.0,42671.0,0.051436,0.098545,287.27694111099987,0.050806,0.092139,282.2877721670002,0.058604,0.106296,597.8149771420004,0.0529969,0.100973,592.8149771110002,,,,,,,,,299,Prefabs/GPU/AMD/GPU_AMD_Radeon_RX_5700,AMD Radeon Instinct MI25 (6-Way)
GPU,AMD Radeon Instinct,MIx,6x Radeon Instinct MI50 16GB,AMD,Radeon Instinct MI50 16GB (6-Way),Y,Y,74697,35994,29100,29,15,,,Yellow,96,892,1746,2300,2600,-100,1000,1675,2100,268,1800,CrossFire,2.0,95,45,8-pin + 6-pin,0,8.0,8.0,121660,210877.0,2.5,24121.0,42671.0,0.050516,0.082211,576.5593611109998,0.048012,0.081013,571.9155972530008,0.089179,0.079559,1056.6619382300005,0.086742,0.07671,1051.6389126860004,,,,,,,,,299,Prefabs/GPU/AMD/GPU_AMD_Radeon_RX_5700,AMD Radeon Instinct MI50 16GB (6-Way)
GPU,AMD Radeon Instinct,MIx,6x Radeon Instinct MI50 32GB,AMD,Radeon Instinct MI50 32GB (6-Way),Y,Y,86087,47994,41100,31,25,,,Yellow,192,760,1730,2325,2700,-100,1000,1725,2100,268,1800,CrossFire,2.0,95,45,8-pin + 6-pin,0,8.0,8.0,140314,243211.0,2.5,24121.0,42671.0,0.050516,0.082211,691.2670223300003,0.048012,0.081013,686.266679111,0.089179,0.079559,1255.152973617,0.086742,0.07671,1250.2706258830005,,,,,,,,,299,Prefabs/GPU/AMD/GPU_AMD_Radeon_RX_5700,AMD Radeon Instinct MI50 32GB (6-Way)
GPU,AMD Radeon Instinct,MIx,6x Radeon Instinct MI6,AMD,Radeon Instinct MI6 (6-Way),Y,Y,31358,5700,3438,24,25,,,Yellow,48,766,1233,1500,1700,600,1750,2500,2900,268,900,CrossFire,1.0,95,45,,0,8.0,8.0,50904,88233.0,2.85,24121.0,42671.0,0.01285,0.000352,297.119991111,0.011422,0.000222,292.7928616980002,0.051136,0.049439,387.58043210799985,0.05947,0.047451,382.4998022590003,,,,,,,,,299,Prefabs/GPU/GigaByte/GigaByte_GTX1030,AMD Radeon Instinct MI6 (6-Way)
GPU,AMD Radeon Instinct,MIx,6x Radeon Instinct MI60,AMD,Radeon Instinct MI60 (6-Way),Y,Y,90998,57300,50100,30,35,,,Yellow,192,800,1800,2400,2800,-200,1000,1785,2200,268,1800,CrossFire,2.0,95,45,8-pin + 6-pin,0,8.0,8.0,148355,257148.0,2.0,24121.0,42671.0,0.050516,0.082211,736.8481291260002,0.048012,0.081013,731.8481291110002,0.089179,0.079559,1334.0298746020003,0.086742,0.07671,1329.0421880190004,,,,,,,,,299,Prefabs/GPU/AMD/GPU_AMD_Radeon_RX_5700,AMD Radeon Instinct MI60 (6-Way)
GPU,AMD Radeon Instinct,MIx,6x Radeon Instinct MI8,AMD,Radeon Instinct MI8 (6-Way),Y,Y,33315,6900,4680,25,25,,,Yellow,24,600,1000,1250,1400,-300,500,1000,1300,268,1050,CrossFire,2.0,95,45,6-pin,0,8.0,8.0,54079,93737.0,2.85,24121.0,42671.0,0.023626,0.031814,293.620440111,0.021454,0.031259,289.3318946410007,0.098033,0.102375,429.2638087620005,0.094665,0.091769,424.26380878600014,,,,,,,,,299,Prefabs/GPU/EVGA/EVGA_GTX_1060_Gaming_3GB,AMD Radeon Instinct MI8 (6-Way)
GPU,AMD Radeon Instinct,MAx,8x Radeon Instinct MA100,AMD,Radeon Instinct MA100 (8-Way),Y,Y,215031,255992,228440,40,60,,,Red,640,1300,1800,2085,2300,750,1575,2100,2400,280,4000,CrossFire,2.0,95,50,8-pin + 8-pin,0,8.0,8.0,348841,738276.0,2.0,24121.0,42671.0,0.136184,0.142957,1680.0236111110003,0.123342,0.131608,1675.044917300001,0.11071,0.149504,4089.656406627999,0.098653,0.137751,4084.6564715559985,,,,,,,,,299,Prefabs/GPU/AMD/GPU_AMD_Radeon_VII,AMD Radeon Instinct MA100 (8-Way)
GPU,AMD Radeon Instinct,MAx,8x Radeon Instinct MA25,AMD,Radeon Instinct MA25 (8-Way),Y,Y,152044,151992,124440,37,90,,,Red,256,1230,1665,1900,2100,430,1315,1850,2200,280,2400,CrossFire,2.0,95,45,8-pin + 6-pin,0,8.0,8.0,247023,522790.0,2.0,24121.0,42671.0,0.106184,0.132957,1168.8123438990003,0.093342,0.131608,1163.8126291080016,0.10071,0.139504,2873.9580029610006,0.068653,0.127751,2868.9550117090007,,,,,,,,,299,Prefabs/GPU/AMD/GPU_AMD_Radeon_RX_5700,AMD Radeon Instinct MA25 (8-Way)
GPU,AMD Radeon Instinct,MAx,8x Radeon Instinct MA50,AMD,Radeon Instinct MA50 (8-Way),Y,Y,163819,167992,140440,38,60,,,Red,320,1230,1665,1935,2100,530,1365,1900,2200,280,2680,CrossFire,2.0,95,45,8-pin + 6-pin,0,8.0,8.0,266365,563726.0,2.0,24121.0,42671.0,0.106184,0.132957,1279.911592027,0.093342,0.131608,1275.3379003070004,0.10071,0.139504,3117.2057117819977,0.068653,0.127751,3111.5293096980013,,,,,,,,,299,Prefabs/GPU/AMD/GPU_AMD_Radeon_RX_5700,AMD Radeon Instinct MA50 (8-Way)
GPU,AMD Radeon Instinct,MAx,8x Radeon Instinct MA60,AMD,Radeon Instinct MA60 (8-Way),Y,Y,172927,191992,164440,39,26,,,Red,384,1200,1700,1985,2200,600,1400,1900,2200,280,3000,CrossFire,2.0,95,50,8-pin + 6-pin,0,8.0,8.0,281226,595178.0,2.0,24121.0,42671.0,0.126184,0.132957,1328.6203445879999,0.113342,0.131608,1323.6203116950005,0.10071,0.139504,3283.71798027,0.088653,0.127751,3278.718663996997,,,,,,,,,299,Prefabs/GPU/AMD/GPU_AMD_Radeon_RX_5700,AMD Radeon Instinct MA60 (8-Way)
GPU,AMD Radeon Instinct,MAx,8x Radeon Instinct MA80,AMD,Radeon Instinct MA80 (8-Way),Y,Y,193890,215992,188440,39,70,,,Red,512,1370,1785,2015,2200,630,1465,2000,2300,276,3480,CrossFire,2.0,95,50,8-pin + 6-pin,0,8.0,8.0,314304,665183.0,2.0,24121.0,42671.0,0.136184,0.142957,1486.3839700659992,0.123342,0.131608,1481.6124189320008,0.11071,0.149504,3661.3410913409994,0.098653,0.137751,3656.3410231819994,,,,,,,,,299,Prefabs/GPU/AMD/GPU_AMD_Radeon_RX_5700XT,AMD Radeon Instinct MA80 (8-Way)
GPU,AMD Radeon Instinct,MIx,8x Radeon Instinct MI100,AMD,Radeon Instinct MI100 (8-Way),Y,Y,143971,124000,79200,36,40,,,Red,256,904,1502,1850,2100,300,1200,1750,2100,280,2400,CrossFire,2.0,95,45,8-pin + 8-pin,0,8.0,8.0,235416,498226.0,2.0,24121.0,42671.0,0.086184,0.048957,1251.5229111110007,0.083342,0.049608,1246.5229576940012,0.07071,0.099504,2825.897320089001,0.068653,0.083751,2820.920000772997,,,,,,,,,299,Prefabs/GPU/AsRock/GPU_ASRock_PhantomGamingX_RadeonRXVEGA_56_8G,AMD Radeon Instinct MI100 (8-Way)
GPU,AMD Radeon Instinct,MIx,8x Radeon Instinct MI100 Duo,AMD,Radeon Instinct MI100 Duo (8-Way),Y,Y,154013,296000,192000,37,10,,,Red,512,900,1550,1950,2200,300,1250,1850,2200,280,4680,CrossFire,2.0,95,65,8-pin + 8-pin,0,8.0,8.0,251875,533059.0,3.5,24121.0,42671.0,0.086184,0.048957,1345.3494105789996,0.083342,0.049608,1340.3494105780005,0.07071,0.099504,3030.5224024719996,0.068653,0.083751,3025.237728744,,,,,,,,,299,Prefabs/GPU/AMD/AMD_RadeonVega_RX64_8GB,AMD Radeon Instinct MI100 Duo (8-Way)
GPU,AMD Radeon Instinct,MIx,8x Radeon Instinct MI25,AMD,Radeon Instinct MI25 (8-Way),Y,Y,56313,19992,16264,25,40,,,,128,800,1500,1950,2200,-496,852,1704,2200,268,2400,CrossFire,2.0,95,45,8-pin + 6-pin,0,8.0,8.0,91408,193452.0,2.5,24121.0,42671.0,0.051436,0.098545,402.02420604499997,0.050806,0.092139,396.99888327800005,0.058604,0.106296,1009.9260882530003,0.0529969,0.100973,1005.3797943050007,,,,,,,,,299,Prefabs/GPU/AMD/GPU_AMD_Radeon_RX_5700,AMD Radeon Instinct MI25 (8-Way)
GPU,AMD Radeon Instinct,MIx,8x Radeon Instinct MI50 16GB,AMD,Radeon Instinct MI50 16GB (8-Way),Y,Y,93945,47992,38800,29,40,,,Yellow,128,892,1746,2300,2600,-100,1000,1675,2100,268,2400,CrossFire,2.0,95,45,8-pin + 6-pin,0,8.0,8.0,153198,324224.0,2.5,24121.0,42671.0,0.050516,0.082211,769.0477336670002,0.048012,0.081013,764.0267083640007,0.089179,0.079559,1747.7730493410004,0.086742,0.07671,1742.7880652290012,,,,,,,,,299,Prefabs/GPU/AMD/GPU_AMD_Radeon_RX_5700,AMD Radeon Instinct MI50 16GB (8-Way)
GPU,AMD Radeon Instinct,MIx,8x Radeon Instinct MI50 32GB,AMD,Radeon Instinct MI50 32GB (8-Way),Y,Y,108265,63992,54800,31,50,,,Yellow,256,760,1730,2325,2700,-100,1000,1725,2100,268,2400,CrossFire,2.0,95,45,8-pin + 6-pin,0,8.0,8.0,176688,373937.0,2.5,24121.0,42671.0,0.050516,0.082211,913.0528622850005,0.048012,0.081013,908.0528622820005,0.089179,0.079559,2052.3134537159985,0.086742,0.07671,2047.3134537150013,,,,,,,,,299,Prefabs/GPU/AMD/GPU_AMD_Radeon_RX_5700,AMD Radeon Instinct MI50 32GB (8-Way)
GPU,AMD Radeon Instinct,MIx,8x Radeon Instinct MI6,AMD,Radeon Instinct MI6 (8-Way),Y,Y,39439,7600,4584,24,50,,,Yellow,64,766,1233,1500,1700,600,1750,2500,2900,268,1200,CrossFire,1.0,95,45,,0,8.0,8.0,64100,135659.0,2.85,24121.0,42671.0,0.01285,0.000352,377.93448245200045,0.011422,0.000222,372.90397280900015,0.051136,0.049439,676.6915432189998,0.05947,0.047451,671.7538968850008,,,,,,,,,299,Prefabs/GPU/GigaByte/GigaByte_GTX1030,AMD Radeon Instinct MI6 (8-Way)
GPU,AMD Radeon Instinct,MIx,8x Radeon Instinct MI60,AMD,Radeon Instinct MI60 (8-Way),Y,Y,114410,76400,66800,30,60,,,Yellow,256,800,1800,2400,2800,-200,1000,1785,2200,268,2400,CrossFire,2.0,95,45,8-pin + 6-pin,0,8.0,8.0,186813,395366.0,2.0,24121.0,42671.0,0.050516,0.082211,970.9692402370001,0.048012,0.081013,966.707282322001,0.089179,0.079559,2176.8205374940026,0.086742,0.07671,2171.82029913,,,,,,,,,299,Prefabs/GPU/AMD/GPU_AMD_Radeon_RX_5700,AMD Radeon Instinct MI60 (8-Way)
GPU,AMD Radeon Instinct,MIx,8x Radeon Instinct MI8,AMD,Radeon Instinct MI8 (8-Way),Y,Y,41901,9200,6240,25,50,,,Yellow,32,600,1000,1250,1400,-300,500,1000,1300,268,1400,CrossFire,2.0,95,45,6-pin,0,8.0,8.0,68099,144121.0,2.85,24121.0,42671.0,0.023626,0.031814,379.4836529380005,0.021454,0.031259,374.44300575200066,0.098033,0.102375,736.5371200290011,0.094665,0.091769,731.374919897,,,,,,,,,299,Prefabs/GPU/EVGA/EVGA_GTX_1060_Gaming_3GB,AMD Radeon Instinct MI8 (8-Way)
GPU,AMD FirePro,Sx000,FirePro S10000,AMD,FirePro S10000,Y,Y,2076,1399,1249,5,15,,,,6,200,950,1415,1700,500,1250,1700,2000,279,375,CrossFire,2.0,95,45,8-pin,,12.1,12.0,3003,18731.0,1.9639175257731958,2147.0,4346.0,0.005824,0.003815,10.462867904375477,0.005079,0.003471,7.21286790437546,0.038541,0.017041,62.74713209562449,0.033555,0.015044,57.7447132095624,,,,,,,,,299,Prefabs/GPU/GigaByte/GigaByte_AORUS_GTX1060,AMD FirePro S10000
GPU,AMD FirePro,Sx000,FirePro S10000 X2,AMD,FirePro S10000 X2,Y,Y,2866,1799,1589,5,65,,,,12,200,950,1445,1700,500,1250,1730,2000,300,375,CrossFire,2.0,95,50,8-pin,,12.1,12.0,4320,20795.0,1.9639175257731958,2147.0,4346.0,0.005824,0.003815,18.362867904375477,0.005079,0.003471,15.21286790437546,0.068941,0.035041,25.0971320956245,0.062955,0.032044,20.16471320956236,,,,,,,,,299,Prefabs/GPU/GigaByte/GigaByte_AORUS_GTX1060,AMD FirePro S10000 X2
GPU,AMD FirePro,Sx000,FirePro S7000,AMD,FirePro S7000,Y,Y,1682,599,499,4,1,,,,4,200,900,1300,1600,500,1200,1655,1900,168,150,CrossFire,1.0,95,25,,,12.1,12.0,2501,6138.0,1.9639175257731958,2147.0,4346.0,0.005824,0.003815,7.002867904375476,0.005079,0.003471,5.21286790437546,0.034541,0.015041,-2.6028679043755103,0.028555,0.011044,-7.6452867904376145,,,,,,,,,299,Prefabs/GPU/GigaByte/GigaByte_GTX1030,AMD FirePro S7000
GPU,AMD FirePro,Sx100,FirePro S7150,AMD,FirePro S7150,Y,Y,1773,699,539,6,1,,,,4,340,920,1300,1500,600,1250,1655,1900,168,150,CrossFire,2.0,95,40,6-pin,,12.1,12.0,2639,6584.0,1.9639175257731958,2147.0,4346.0,0.005824,0.003815,7.612867904375476,0.005079,0.003471,5.71286790437546,0.045541,0.020041,-18.052867904375507,0.041555,0.015044,-22.97528679043762,,,,,,,,,299,Prefabs/GPU/EVGA/EVGA_GTX_1060_Gaming_3GB,AMD FirePro S7150
GPU,AMD FirePro,Sx100,FirePro S7150 X2,AMD,FirePro S7150 X2,Y,Y,1933,1199,931,6,35,,,,8,300,1050,1500,1800,600,1250,1655,1900,267,265,CrossFire,2.0,95,50,8-pin,,12.1,12.0,2932,14371.0,1.9639175257731958,2147.0,4346.0,0.005824,0.003815,8.452867904375475,0.005079,0.003471,6.95286790437546,0.065541,0.028541,-10.31286790437552,0.060555,0.026544,-14.825286790437614,,,,,,,,,299,Prefabs/GPU/EVGA/EVGA_GTX_1060_FTW2_Gaming,AMD FirePro S7150 X2
GPU,AMD FirePro,Sx000,FirePro S9000,AMD,FirePro S9000,Y,Y,1883,799,699,4,35,,,,6,200,900,1300,1600,950,1375,1655,1800,279,225,CrossFire,2.0,95,30,8-pin,,12.1,12.0,2794,9933.0,1.9639175257731958,2147.0,4346.0,0.005824,0.003815,8.342867904375476,0.005079,0.003471,6.21286790437546,0.038541,0.015041,12.987132095624489,0.033555,0.011044,8.99471320956239,,,,,,,,,299,Prefabs/GPU/AsRock/GPU_ASRock_PhantomGamingX_Radeon_RX590_8G_OC,AMD FirePro S9000
GPU,AMD FirePro,Sx000,FirePro S9010,AMD,FirePro S9010,Y,Y,1837,649,459,4,35,,,,3,200,800,1150,1400,900,1250,1455,1600,279,200,CrossFire,2.0,95,20,8-pin,,12.1,12.0,2679,9082.0,1.9639175257731958,2147.0,4346.0,0.005824,0.003815,8.942867904375476,0.005079,0.003471,6.31286790437546,0.038541,0.015041,12.987132095624489,0.033555,0.011044,8.99471320956239,,,,,,,,,299,Prefabs/GPU/AsRock/GPU_ASRock_PhantomGamingX_Radeon_RX590_8G_OC,AMD FirePro S9010
GPU,AMD FirePro,Sx000,FirePro S9050,AMD,FirePro S9050,Y,Y,2013,1099,939,4,85,,,,12,200,900,1360,1600,850,1375,1700,1900,279,225,CrossFire,2.0,95,30,8-pin,,12.1,12.0,2919,10451.0,1.9639175257731958,2147.0,4346.0,0.005824,0.003815,9.642867904375477,0.005079,0.003471,6.61286790437546,0.050541,0.033541,-20.582867904375536,0.047555,0.029544,-25.625286790437652,,,,,,,,,299,Prefabs/GPU/AsRock/GPU_ASRock_PhantomGamingX_Radeon_RX590_8G_OC,AMD FirePro S9050
GPU,AMD FirePro,Sx100,FirePro S9100,AMD,FirePro S9100,Y,Y,3002,1599,1369,6,25,,,,12,-52,824,1350,1700,700,1250,1600,1800,283,225,CrossFire,2.0,95,30,8-pin + 8-pin,,12.1,12.0,4471,21141.0,1.9639175257731958,2147.0,4346.0,0.005824,0.003815,20.452867904375477,0.005079,0.003471,16.45286790437546,0.048041,0.033041,55.23713209562447,0.045055,0.028044,50.24471320956235,,,,,,,,,299,Prefabs/GPU/AMD/AMD_RadeonVega_RX64_8GB,AMD FirePro S9100
GPU,AMD FirePro,Sx100,FirePro S9150,AMD,FirePro S9150,Y,Y,3073,1899,1349,6,50,,,,16,200,900,1350,1600,700,1250,1600,1800,283,235,CrossFire,2.0,95,35,8-pin + 8-pin,,12.1,12.0,4584,22951.0,1.9639175257731958,2147.0,4346.0,0.005824,0.003815,20.722867904375477,0.005079,0.003471,16.72286790437546,0.069041,0.035041,41.51713209562446,0.065055,0.030044,37.064713209562356,,,,,,,,,299,Prefabs/GPU/AMD/AMD_RadeonVega_RX64_8GB,AMD FirePro S9150
GPU,AMD FirePro,Sx100,FirePro S9170,AMD,FirePro S9170,Y,Y,3255,2299,2039,6,75,,,,32,160,930,1400,1700,600,1250,1635,1900,283,275,CrossFire,2.0,95,40,8-pin + 8-pin,,12.1,12.0,5245,26833.0,1.9639175257731958,2147.0,4346.0,0.005824,0.003815,22.372867904375475,0.005079,0.003471,22.37286790437546,0.039041,0.025041,102.46713209562448,0.035055,0.022044,97.47471320956237,,,,,,,,,299,Prefabs/GPU/AMD/AMD_RadeonVega_RX64_8GB,AMD FirePro S9170
GPU,AMD FirePro,Sx300,FirePro S9300 X2,AMD,FirePro S9300 X2,Y,Y,4551,2599,1765,6,75,,,,8,150,975,1500,1800,-1100,500,1550,2100,280,300,CrossFire,2.0,95,75,8-pin + 8-pin,,12.5,12.5,6848,28531.0,1.9787709497206705,3050.0,5933.0,0.013626,0.001814,31.319329,0.011454,0.001259,26.782101,0.035033,0.020975,134.84382000000005,0.030665,0.016769,130.5004100000001,,,,,,,,,299,Prefabs/GPU/AsRock/GPU_ASRock_PhantomGamingX_RadeonRXVEGA_56_8G,AMD FirePro S9300 X2
GPU,AMD FirePro,Wx100,FirePro W2100,AMD,FirePro W2100,Y,Y,713,115,67,2,1,,,,2,60,680,1050,1300,500,900,1150,1300,147,26,,1.5,95,10,,,12.1,12.0,1029,0.0,1.9639175257731958,2147.0,4346.0,0.003624,0.000815,3.941993240000075,0.002279,0.00171,2.511581,0.0,0.0,0.0,0.0,0.0,0.0,,,,,,,,,299,Prefabs/Generic/GPU,AMD FirePro W2100
GPU,AMD FirePro,Wx100,FirePro W4100,AMD,FirePro W4100,Y,Y,768,165,108,2,25,,,,2,-40,630,1050,1300,600,1000,1200,1400,147,50,,1.5,95,15,,,12.1,12.0,1041,0.0,1.9639175257731958,2147.0,4346.0,0.005624,0.000815,3.3228679043754816,0.005079,0.00071,1.501581,0.0,0.0,0.0,0.0,0.0,0.0,,,,,,,,,299,Prefabs/Generic/GPU,AMD FirePro W4100
GPU,AMD FirePro,Wx300,FirePro W4300,AMD,FirePro W4300,Y,Y,1001,245,188,3,55,,,,4,360,930,1250,1500,1000,1500,1825,2000,147,50,CrossFire,1.5,95,25,,,12.1,12.0,1389,0.0,1.9639175257731958,2147.0,4346.0,0.006524,0.000615,3.027132095624519,0.005079,0.00301,-1.898418999999999,0.0,0.0,0.0,0.0,0.0,0.0,,,,,,,,,299,Prefabs/Generic/GPU,AMD FirePro W4300
GPU,AMD FirePro,Wx100,FirePro W5100,AMD,FirePro W5100,Y,Y,1171,375,278,2,45,,,,4,360,930,1300,1500,1100,1500,1750,1900,147,75,CrossFire,1.5,95,20,,,12.1,12.0,1681,3569.0,1.9639175257731958,2147.0,4346.0,0.005624,0.000815,5.262867904375482,0.005079,0.00071,3.3228679043754816,0.009541,0.013541,-5.752867904375481,0.008955,0.013144,-7.722867904375482,,,,,,,,,299,Prefabs/Generic/GPU,AMD FirePro W5100
GPU,AMD FirePro,Wx100,FirePro W7100,AMD,FirePro W7100,Y,Y,2485,555,365,2,75,,,,8,340,920,1300,1500,400,1250,1750,2100,257,150,CrossFire,2.0,95,35,6-pin,,12.1,12.0,4159,8435.0,1.9639175257731958,2147.0,4346.0,0.005824,0.000815,18.48286790437548,0.005079,0.00471,15.322867904375482,0.042541,0.013541,-1.2428679043755073,0.041955,0.013144,-6.585286790437554,,,,,,,,,299,Prefabs/GPU/EVGA/EVGA_GeForceGTX1050_Ti_FTW_GAMING,AMD FirePro W7100
GPU,AMD FirePro,Wx100,FirePro W8100,AMD,FirePro W8100,Y,Y,3561,715,485,3,1,,,,8,-52,824,1400,1700,400,1250,1750,2100,228,220,CrossFire,2.0,95,45,8-pin,,12.1,12.0,5576,10963.0,1.9639175257731958,2147.0,4346.0,0.005824,0.000815,29.792867904375477,0.005079,0.00171,26.21286790437546,0.022541,0.008541,43.507132095624485,0.021555,0.004344,38.64471320956243,,,,,,,,,299,v1_9_0/Prefabs/GPU/GigaByte/GPU_Gigabyte_Radeon_RX_5600_XT_Windforce_OC_6G,AMD FirePro W8100
GPU,AMD FirePro,Wx100,FirePro W9100,AMD,FirePro W9100,Y,Y,3803,885,655,3,35,,,,16,160,930,1435,1700,400,1250,1800,2100,272,275,CrossFire,2.0,95,50,8-pin + 6-pin,,12.1,12.0,5985,13865.0,1.9639175257731958,2147.0,4346.0,0.005824,0.000815,31.602867904375476,0.005079,0.00171,28.21286790437546,0.042541,0.019041,27.00713209562449,0.041555,0.015044,21.97471320956241,,,,,,,,,299,Prefabs/GPU/AMD/GPU_AMD_Radeon_RX_5700,AMD FirePro W9100
GPU - Water,AMD Radeon,Vega,Radeon HD 8990,AMD,Radeon HD 8990 | EKWB EK-FC Plexi,Y,,3048,495,175,16,50,,,,6,450,1175,1615,1900,630,1815,2545,3000,258,400,CrossFire,2.0,95,20,8-pin + 8-pin,,8.5,,4421,8591.0,2.4596976854038735,,,0.018288,0.002945,3.655719,0.015332,0.002047,2.430446,0.034822,0.006114,7.0,0.029737,0.003394,6.0,1615.0,2475.0,6.6,4.0,,,,,299,Prefabs/GPU/EKWB/EKWB_Watercooled_Vega_5664GPU_Clear,AMD Radeon HD 8990 | EKWB EK-FC Plexi
GPU,AMD Radeon Instinct,MAx,Radeon Instinct MA100,AMD,Radeon Instinct MA100,Y,Y,21952,31999,28555,39,35,,,Red,80,1300,1800,2085,2300,750,1575,2100,2400,280,500,CrossFire,2.0,95,50,8-pin + 8-pin,,8.0,8.0,32845,102602.0,2.0,24121.0,42671.0,0.136184,0.142957,-250.7675,0.123342,0.131608,-245.1675,0.11071,0.149504,213.764,0.098653,0.137751,209.764,,,,,,,,,299,Prefabs/GPU/AMD/GPU_AMD_Radeon_VII,AMD Radeon Instinct MA100
GPU,AMD Radeon Instinct,MAx,Radeon Instinct MA25,AMD,Radeon Instinct MA25,Y,Y,16428,18999,15555,36,65,,,Red,32,1230,1665,1900,2100,430,1315,1850,2200,280,300,CrossFire,2.0,95,45,8-pin + 6-pin,,8.0,8.0,24584,72655.0,2.0,24121.0,42671.0,0.106184,0.132957,-187.3475,0.093342,0.131608,-190.6375,0.10071,0.139504,131.841,0.068653,0.127751,126.874,,,,,,,,,299,Prefabs/GPU/AMD/GPU_AMD_Radeon_RX_5700,AMD Radeon Instinct MA25
GPU,AMD Radeon Instinct,MAx,Radeon Instinct MA50,AMD,Radeon Instinct MA50,Y,Y,17226,20999,17555,37,35,,,Red,40,1230,1665,1935,2100,530,1365,1900,2200,280,335,CrossFire,2.0,95,45,8-pin + 6-pin,,8.0,8.0,25767,78344.0,2.0,24121.0,42671.0,0.106184,0.132957,-186.0175,0.093342,0.131608,-190.6375,0.10071,0.139504,159.741,0.068653,0.127751,154.664,,,,,,,,,299,Prefabs/GPU/AMD/GPU_AMD_Radeon_RX_5700,AMD Radeon Instinct MA50
GPU,AMD Radeon Instinct,MAx,Radeon Instinct MA60,AMD,Radeon Instinct MA60,Y,Y,18648,23999,20555,38,1,,,Red,48,1200,1700,1985,2200,600,1400,1900,2200,280,375,CrossFire,2.0,95,50,8-pin + 6-pin,,8.0,8.0,28032,82715.0,2.0,24121.0,42671.0,0.126184,0.132957,-214.1675,0.113342,0.131608,-219.1675,0.10071,0.139504,159.741,0.088653,0.127751,154.664,,,,,,,,,299,Prefabs/GPU/AMD/GPU_AMD_Radeon_RX_5700,AMD Radeon Instinct MA60
GPU - Water,AMD Radeon Instinct,MAx,Radeon Instinct MA60,AMD,Radeon Instinct MA60 | EKWB EK-FC Plexi,Y,Y,22655,24249,20805,38,51,,0,,48,940,1870,2481,2800,280,1540,2375,2800,295,400,CrossFire,2.0,95,85,8-pin + 8-pin,0,8.0,8.0,34416,88408.0,2.0,,,0.126184,0.132957,-214.1675,0.113342,0.131608,-219.1675,0.10071,0.139504,159.741,0.088653,0.127751,154.664,2431.0,2325.0,5.0,5.0,,,,,299,Prefabs/GPU/EKWB/EKWB_Watercooled_Vega_5664GPU_Clear,AMD Radeon Instinct MA60 | EKWB EK-FC Plexi
GPU - Water,AMD Radeon Instinct,MAx,Radeon Instinct MA60,AMD,Radeon Instinct MA60 ENTHUSIAST-ED | EKWB EK-FC Plexi RGB,Y,Y,32671,24649,21205,39,1,,0,RGB,48,490,2295,3473,4100,-320,1890,3325,4100,295,450,CrossFire,2.0,95,200,8-pin + 8-pin,0,8.0,8.0,50362,102639.0,2.0,,,0.126184,0.132957,-214.1675,0.113342,0.131608,-219.1675,0.10071,0.139504,159.741,0.088653,0.127751,154.664,3423.0,3275.0,5.0,5.0,,,,,299,Prefabs/GPU/EKWB/EKWB_Watercooled_Vega_5664GPU_ClearRGB,AMD Radeon Instinct MA60 ENTHUSIAST-ED | EKWB EK-FC Plexi RGB
GPU - Water,AMD Radeon Instinct,MAx,Radeon Instinct MA60,AMD,Radeon Instinct MA60 LN2-Ready | EKWB EK-FC Acetal,Y,Y,38681,25299,21855,39,66,,0,,48,-1300,2550,5061,6400,-2100,2100,4845,6300,500,625,CrossFire,2.0,95,200,8-pin + 8-pin,0,8.0,8.0,59925,111177.0,2.0,,,0.126184,0.132957,-214.1675,0.113342,0.131608,-219.1675,0.10071,0.139504,159.741,0.088653,0.127751,154.664,5011.0,4795.0,5.0,5.0,,,,,299,Prefabs/GPU/EKWB/EKWB_Watercooled_Vega_5664GPU_Silver,AMD Radeon Instinct MA60 LN2-Ready | EKWB EK-FC Acetal
GPU,AMD Radeon Instinct,MAx,Radeon Instinct MA80,AMD,Radeon Instinct MA80,Y,Y,20175,26999,23555,38,45,,,Red,64,1370,1785,2015,2200,630,1465,2000,2300,276,435,CrossFire,2.0,95,50,8-pin + 6-pin,,8.0,8.0,30047,92444.0,2.0,24121.0,42671.0,0.136184,0.142957,-250.7675,0.123342,0.131608,-245.1675,0.11071,0.149504,169.764,0.098653,0.137751,164.764,,,,,,,,,299,Prefabs/GPU/AMD/GPU_AMD_Radeon_RX_5700XT,AMD Radeon Instinct MA80
GPU,AMD Radeon Instinct,MIx,Radeon Instinct MI100,AMD,Radeon Instinct MI100,Y,Y,14955,15500,9900,35,15,,,Red,32,904,1502,1850,2100,300,1200,1750,2100,280,300,CrossFire,2.0,95,45,8-pin + 8-pin,,8.0,8.0,23844,69241.0,2.0,24121.0,42671.0,0.086184,0.048957,-38.6375,0.083342,0.049608,-43.257,0.07071,0.099504,210.921,0.068653,0.083751,205.174,,,,,,,,,299,Prefabs/GPU/AsRock/GPU_ASRock_PhantomGamingX_RadeonRXVEGA_56_8G,AMD Radeon Instinct MI100
GPU,AMD Radeon Instinct,MIx,Radeon Instinct MI100,AMD,x MSI Radeon Instinct MI100 Golden-Edition,Y,Y,15411,15999,11225,31,85,,,RGB,32,770,1535,2000,2300,170,1235,1885,2300,254,325,CrossFire,2.5,95,45,8-pin + 6-pin,,8.0,8.0,24586,70142.0,2.0,24121.0,42671.0,0.086184,0.048957,-38.6375,0.083342,0.049608,-43.257,0.07071,0.099504,210.921,0.068653,0.083751,205.174,,,,,,,,,299,v1_10_0/Prefabs/GPU/MSI/GPU_MSI_Radeon_RX_5700_Evoke_GP_OC,AMD x MSI Radeon Instinct MI100 Golden-Edition
GPU - Water,AMD Radeon Instinct,MIx,Radeon Instinct MI100,AMD,Radeon Instinct MI100 | EKWB EK-FC Plexi,Y,Y,16836,15750,10150,35,65,,,,32,604,1652,2312,2700,-60,1320,2187,2700,280,325,CrossFire,2.0,95,80,8-pin + 8-pin,,8.0,8.0,26900,72751.0,2.0,,,0.086184,0.048957,-38.6375,0.083342,0.049608,-43.257,0.07071,0.099504,210.921,0.068653,0.083751,205.174,2262.0,2137.0,5.0,5.0,,,,,299,Prefabs/GPU/EKWB/EKWB_Watercooled_Vega_5664GPU_Clear,AMD Radeon Instinct MI100 | EKWB EK-FC Plexi
GPU - Water,AMD Radeon Instinct,MIx,Radeon Instinct MI100,AMD,Radeon Instinct MI100 ENTHUSIAST-ED | EKWB EK-FC Plexi RGB,Y,Y,21536,16150,10550,36,15,,,RGB,32,154,2027,3237,3900,-560,1620,3062,3800,280,375,CrossFire,2.0,95,195,8-pin + 8-pin,,8.0,8.0,34538,81524.0,2.0,,,0.086184,0.048957,-38.6375,0.083342,0.049608,-43.257,0.07071,0.099504,210.921,0.068653,0.083751,205.174,3187.0,3012.0,5.0,5.0,,,,,299,Prefabs/GPU/EKWB/EKWB_Watercooled_Vega_5664GPU_ClearRGB,AMD Radeon Instinct MI100 ENTHUSIAST-ED | EKWB EK-FC Plexi RGB
GPU - Water,AMD Radeon Instinct,MIx,Radeon Instinct MI100,AMD,Radeon Instinct MI100 LN2-Ready | EKWB EK-FC Plexi Acetal,Y,Y,24365,16800,11200,36,80,,,Red,32,-1494,2253,4717,6000,-2200,1800,4462,5800,500,550,CrossFire,2.0,95,195,8-pin + 8-pin,,8.0,8.0,39135,86798.0,2.0,,,0.086184,0.048957,-38.6375,0.083342,0.049608,-43.257,0.07071,0.099504,210.921,0.068653,0.083751,205.174,4667.0,4412.0,5.0,5.0,,,,,299,Prefabs/GPU/EKWB/EKWB_Watercooled_Vega_5664GPU_Silver,AMD Radeon Instinct MI100 LN2-Ready | EKWB EK-FC Plexi Acetal
GPU,AMD Radeon Instinct,MIx,Radeon Instinct MI100 Duo,AMD,Radeon Instinct MI100 Duo,Y,Y,16255,18500,11500,35,85,,,Red,64,900,1550,1950,2200,300,1250,1850,2200,280,585,CrossFire,2.0,95,65,8-pin + 8-pin,,8.0,8.0,25403,74082.0,3.5,24121.0,42671.0,0.086184,0.048957,-32.2275,0.083342,0.049608,-43.257,0.07071,0.099504,236.921,0.068653,0.083751,222.944,,,,,,,,,299,Prefabs/GPU/AMD/AMD_RadeonVega_RX64_8GB,AMD Radeon Instinct MI100 Duo
GPU - Water,AMD Radeon Instinct,MIx,Radeon Instinct MI100 Duo,AMD,Radeon Instinct MI100 Duo | EKWB EK-FC Plexi,Y,Y,18203,22750,16750,36,35,,,Red,64,510,1705,2437,2900,-50,1375,2312,2800,280,610,CrossFire,2.0,95,100,8-pin + 8-pin,,8.0,8.0,28572,77722.0,3.5,,,0.086184,0.048957,-32.2275,0.083342,0.049608,-43.257,0.07071,0.099504,236.921,0.068653,0.083751,222.944,2387.0,2262.0,5.0,5.0,,,,,299,Prefabs/GPU/EKWB/EKWB_Watercooled_Vega_5664GPU_Clear,AMD Radeon Instinct MI100 Duo | EKWB EK-FC Plexi
GPU - Water,AMD Radeon Instinct,MIx,Radeon Instinct MI100 Duo,AMD,Radeon Instinct MI100 Duo ENTHUSIAST-ED | EKWB EK-FC Plexi RGB,Y,Y,23065,23150,17150,36,85,,,RGB,64,84,2092,3412,4100,-726,1687,3237,4100,280,660,CrossFire,2.0,95,215,8-pin + 8-pin,,8.0,8.0,36479,86810.0,3.5,,,0.086184,0.048957,-32.2275,0.083342,0.049608,-43.257,0.07071,0.099504,236.921,0.068653,0.083751,222.944,3362.0,3187.0,5.0,5.0,,,,,299,Prefabs/GPU/EKWB/EKWB_Watercooled_Vega_5664GPU_ClearRGB,AMD Radeon Instinct MI100 Duo ENTHUSIAST-ED | EKWB EK-FC Plexi RGB
GPU - Water,AMD Radeon Instinct,MIx,Radeon Instinct MI100 Duo,AMD,Radeon Instinct MI100 Duo LN2-Ready | EKWB EK-FC Plexi Acetal,Y,Y,25994,23800,17800,37,50,,,Red,64,-1650,2325,4972,6300,-2450,1875,4717,6200,500,835,CrossFire,2.0,95,215,8-pin + 8-pin,,8.0,8.0,41240,92284.0,3.5,,,0.086184,0.048957,-32.2275,0.083342,0.049608,-43.257,0.07071,0.099504,236.921,0.068653,0.083751,222.944,4922.0,4667.0,5.0,5.0,,,,,299,Prefabs/GPU/EKWB/EKWB_Watercooled_Vega_5664GPU_Silver,AMD Radeon Instinct MI100 Duo LN2-Ready | EKWB EK-FC Plexi Acetal
GPU,AMD Radeon Instinct,MIx,Radeon Instinct MI25,AMD,Radeon Instinct MI25,Y,Y,6138,2499,2033,24,15,,,,16,800,1500,1950,2200,-496,852,1704,2200,268,300,CrossFire,2.0,95,45,8-pin + 6-pin,,8.0,8.0,9131,26885.0,2.5,24121.0,42671.0,0.051436,0.098545,-99.73417,0.050806,0.092139,-103.758206,0.058604,0.106296,-5.307731,0.0529969,0.100973,-9.885631,,,,,,,,,299,Prefabs/GPU/AMD/GPU_AMD_Radeon_RX_5700,AMD Radeon Instinct MI25
GPU,AMD Radeon Instinct,MIx,Radeon Instinct MI50 16GB,AMD,Radeon Instinct MI50 16GB,Y,Y,8189,5999,4850,28,15,,,Yellow,16,892,1746,2300,2600,-100,1000,1675,2100,268,300,CrossFire,2.0,95,45,8-pin + 6-pin,,8.0,8.0,12636,45059.0,2.5,24121.0,42671.0,0.050516,0.082211,-88.52176,0.048012,0.081013,-92.089432,0.089179,0.079559,45.50538,0.086742,0.07671,40.82402,,,,,,,,,299,Prefabs/GPU/AMD/GPU_AMD_Radeon_RX_5700,AMD Radeon Instinct MI50 16GB
GPU,AMD Radeon Instinct,MIx,Radeon Instinct MI50 32GB,AMD,Radeon Instinct MI50 32GB,Y,Y,8508,7999,6850,28,75,,,Yellow,32,760,1730,2325,2700,-100,1000,1725,2100,268,300,CrossFire,2.0,95,45,8-pin + 6-pin,,8.0,8.0,13165,51968.0,2.5,24121.0,42671.0,0.050516,0.082211,-84.52176,0.048012,0.081013,-88.089432,0.089179,0.079559,88.50538,0.086742,0.07671,84.82402,,,,,,,,,299,Prefabs/GPU/AMD/GPU_AMD_Radeon_RX_5700,AMD Radeon Instinct MI50 32GB
GPU,AMD Radeon Instinct,MIx,Radeon Instinct MI6,AMD,Radeon Instinct MI6,Y,Y,3850,950,573,23,25,,,Yellow,8,766,1233,1500,1700,600,1750,2500,2900,268,150,CrossFire,1.0,95,45,,,8.0,8.0,5850,18853.0,2.85,24121.0,42671.0,0.01285,0.000352,22.04888,0.011422,0.000222,18.756295,0.051136,0.049439,-35.345421,0.05947,0.047451,-40.660576,,,,,,,,,299,Prefabs/GPU/GigaByte/GigaByte_GTX1030,AMD Radeon Instinct MI6
GPU,AMD Radeon Instinct,MIx,Radeon Instinct MI60,AMD,Radeon Instinct MI60,Y,Y,-8279374,9550,8350,29,35,,,Yellow,32,800,1800,2400,2800,-200,1000,1785,2200,268,300,CrossFire,2.0,95,45,8-pin + 6-pin,,8.0,8.0,-13987718,,2.0,24121.0,42671.0,0.082211,-82.94176,0.048012,0.081013,-88.089432,0.089179,0.079559,100.50538,0.086742,0.07671,96.82402,,,,,,,,0.050516,,299,Prefabs/GPU/AMD/GPU_AMD_Radeon_RX_5700,AMD Radeon Instinct MI60
GPU,AMD Radeon Instinct,MIx,Radeon Instinct MI8,AMD,Radeon Instinct MI8,Y,Y,4250,1150,780,23,50,,,Yellow,4,600,1000,1250,1400,-300,500,1000,1300,268,175,CrossFire,2.0,95,45,6-pin,,8.0,8.0,6124,20029.0,2.85,24121.0,42671.0,0.023626,0.031814,2.969329,0.021454,0.031259,-3.782101,0.098033,0.102375,-20.46382,0.094665,0.091769,-24.39041,,,,,,,,,299,Prefabs/GPU/EVGA/EVGA_GTX_1060_Gaming_3GB,AMD Radeon Instinct MI8
GPU,AMD Radeon Pro,Vega II,Radeon Pro Vega II,AMD,Radeon Pro Vega II,Y,Y,8365,4999,2895,26,50,,PC,Red,32,1140,1720,2050,2300,-488,806,1635,2100,280,275,CrossFire,2.0,100,65,8-pin + 8-pin,,10.2,10.5,12898,36299.0,4.917210060549604,9441.0,18245.0,0.030516,0.022211,13.26176,0.028012,0.021013,9.089432,0.089179,0.079559,8.50538,0.086742,0.07671,5.82402,,,,,,,,,299,Prefabs/GPU/AMD/GPU_AMD_Radeon_VII,AMD Radeon Pro Vega II
GPU - Water,AMD Radeon Pro,Vega II,Radeon Pro Vega II,AMD,Radeon Pro Vega II | EKWB EK-FC Plexi,Y,Y,9067,5249,3145,27,1,,PC,,32,884,1892,2562,2900,-928,886,2043,2700,280,300,CrossFire,2.0,100,100,8-pin + 8-pin,,10.2,10.5,14005,39805.0,4.917210060549604,,,0.030516,0.022211,13.26176,0.028012,0.021013,9.089432,0.089179,0.079559,8.50538,0.086742,0.07671,5.82402,2512.0,1993.0,5.0,5.0,,,,,299,Prefabs/GPU/EKWB/EKWB_Watercooled_Vega_5664GPU_Clear,AMD Radeon Pro Vega II | EKWB EK-FC Plexi
GPU - Water,AMD Radeon Pro,Vega II,Radeon Pro Vega II,AMD,Radeon Pro Vega II ENTHUSIAST-ED | EKWB EK-FC Plexi RGB,Y,Y,10828,5649,3545,27,50,,PC,RGB,32,344,2322,3587,4300,-1624,1088,2861,3800,280,350,CrossFire,2.0,100,215,8-pin + 8-pin,,10.2,10.5,16782,48594.0,4.917210060549604,,,0.030516,0.022211,13.26176,0.028012,0.021013,9.089432,0.089179,0.079559,8.50538,0.086742,0.07671,5.82402,3537.0,2811.0,5.0,5.0,,,,,299,Prefabs/GPU/EKWB/EKWB_Watercooled_Vega_5664GPU_ClearRGB,AMD Radeon Pro Vega II ENTHUSIAST-ED | EKWB EK-FC Plexi RGB
GPU - Water,AMD Radeon Pro,Vega II,Radeon Pro Vega II,AMD,Radeon Pro Vega II LN2-Ready | EKWB EK-FC Plexi Acetal,Y,Y,11884,6299,4195,28,15,,PC,,32,-1440,2580,5227,6600,-3282,1209,4169,5700,500,525,CrossFire,2.0,100,215,8-pin + 8-pin,,10.2,10.5,18447,53865.0,4.917210060549604,,,0.030516,0.022211,13.26176,0.028012,0.021013,9.089432,0.089179,0.079559,8.50538,0.086742,0.07671,5.82402,5177.0,4119.0,5.0,5.0,,,,,299,Prefabs/GPU/EKWB/EKWB_Watercooled_Vega_5664GPU_Silver,AMD Radeon Pro Vega II LN2-Ready | EKWB EK-FC Plexi Acetal
GPU,AMD Radeon Pro,Vega II,Radeon Pro Vega II Duo,AMD,Radeon Pro Vega II Duo,Y,Y,10950,7950,4950,31,75,,PC,Red,64,840,1720,2250,2600,-600,1000,2000,2600,280,475,CrossFire,2.0,100,75,8-pin + 8-pin,,10.2,10.5,16988,41606.0,7.917210060549604,9441.0,18245.0,0.030516,0.022211,34.80176,0.028012,0.021013,29.089432,0.099179,0.079559,8.50538,0.096742,0.07671,5.82402,,,,,,,,,299,Prefabs/GPU/AMD/GPU_AMD_Radeon_VII,AMD Radeon Pro Vega II Duo
GPU - Water,AMD Radeon Pro,Vega II,Radeon Pro Vega II Duo,AMD,Radeon Pro Vega II Duo | EKWB EK-FC Plexi,Y,Y,11697,8200,5200,32,25,,PC,,64,484,1892,2812,3300,-1100,1100,2500,3300,280,500,CrossFire,2.0,100,110,8-pin + 8-pin,,10.2,10.5,18167,45650.0,7.917210060549604,,,0.030516,0.022211,34.80176,0.028012,0.021013,29.089432,0.099179,0.079559,8.50538,0.096742,0.07671,5.82402,2762.0,2450.0,5.0,5.0,,,,,299,Prefabs/GPU/EKWB/EKWB_Watercooled_Vega_5664GPU_Clear,AMD Radeon Pro Vega II Duo | EKWB EK-FC Plexi
GPU - Water,AMD Radeon Pro,Vega II,Radeon Pro Vega II Duo,AMD,Radeon Pro Vega II Duo ENTHUSIAST-ED | EKWB EK-FC Plexi RGB,Y,Y,13564,8600,5600,32,75,,PC,RGB,64,-156,2322,3937,4800,-1900,1350,3500,4600,280,550,CrossFire,2.0,100,225,8-pin + 8-pin,,10.2,10.5,21113,55760.0,7.917210060549604,,,0.030516,0.022211,34.80176,0.028012,0.021013,29.089432,0.099179,0.079559,8.50538,0.096742,0.07671,5.82402,3887.0,3450.0,5.0,5.0,,,,,299,Prefabs/GPU/EKWB/EKWB_Watercooled_Vega_5664GPU_ClearRGB,AMD Radeon Pro Vega II Duo ENTHUSIAST-ED | EKWB EK-FC Plexi RGB
GPU - Water,AMD Radeon Pro,Vega II,Radeon Pro Vega II Duo,AMD,Radeon Pro Vega II Duo LN2-Ready | EKWB EK-FC Acetal,Y,Y,14684,9250,6250,33,40,,PC,,64,-2240,2580,5737,7400,-4000,1500,5100,7000,500,725,CrossFire,2.0,100,225,8-pin + 8-pin,,10.2,10.5,22880,61826.0,7.917210060549604,,,0.030516,0.022211,34.80176,0.028012,0.021013,29.089432,0.099179,0.079559,8.50538,0.096742,0.07671,5.82402,5687.0,5050.0,5.0,5.0,,,,,299,Prefabs/GPU/EKWB/EKWB_Watercooled_Vega_5664GPU_Silver,AMD Radeon Pro Vega II Duo LN2-Ready | EKWB EK-FC Acetal
GPU,AMD Radeon Pro,W6x00,Radeon Pro W6600,AMD,x MSI Radeon Pro W6600,Y,Y,9268,6999,4255,36,25,,PC,RGB,8,2706,2903,3000,3100,600,1750,2500,2900,247,100,CrossFire,2.5,95,45,8-pin,,10.0,10.0,13092,39051.0,1.368231685737879,18162.0,29637.0,0.046054,0.038659,-108.66114,0.041238,0.036601,-113.66114,0.15178,0.033243,-211.062,0.125149,0.031499,-215.335,,,,,,,,,299,v1_10_0/Prefabs/GPU/MSI/GPU_MSI_Radeon_RX_5500_XT_Gaming_X_8G,AMD x MSI Radeon Pro W6600
GPU,AMD Radeon Pro,W6x00,Radeon Pro W6800,AMD,x MSI Radeon Pro W6800,Y,Y,13309,11999,9855,36,65,,PC,RGB,32,1240,2320,3000,3400,1200,2000,2500,2800,247,250,CrossFire,2.5,95,45,8-pin,,10.0,10.0,20083,41902.0,1.368231685737879,18162.0,29637.0,0.046054,0.038659,-51.07114,0.041238,0.036601,-55.47505,0.15178,0.033243,-123.062,0.125149,0.031499,-128.335,,,,,,,,,299,v1_10_0/Prefabs/GPU/MSI/GPU_MSI_Radeon_RX_5500_XT_Gaming_X_8G,AMD x MSI Radeon Pro W6800
GPU,AMD Radeon Pro,W6x00,Radeon Pro W6800X,AMD,x MSI Radeon Pro W6800X,Y,Y,13855,12499,10455,37,15,,PC,RGB,32,650,2075,3000,3500,1000,2000,2650,3000,297,300,CrossFire,2.5,95,45,8-pin + 8-pin,,10.0,10.0,21040,45355.0,1.368231685737879,18162.0,29637.0,0.046054,0.038659,-34.32114,0.041238,0.036601,-39.32114,0.095078,0.033243,21.42800000000001,0.0910149,0.031499,16.574999999999953,,,,,,,,,299,v1_8_0/Prefabs/GPU/MSI/GPU_MSI_Radeon_RX_5700_XT_Gaming_X,AMD x MSI Radeon Pro W6800X
GPU,AMD Radeon Pro,W6x00,Radeon Pro W6800X Duo,AMD,x MSI Radeon Pro W6800X Duo,Y,Y,15609,15099,12554,37,65,,PC,RGB,64,150,1975,3125,3800,800,2000,2750,3200,254,400,CrossFire,2.5,95,70,8-pin + 6-pin,,10.0,10.0,23974,60734.0,1.368231685737879,18162.0,29637.0,0.046054,0.038659,-12.18114,0.041238,0.036601,-17.18114,0.070078,0.033243,178.16800000000026,0.0629149,0.030499,173.17500000000035,,,,,,,,,299,v1_10_0/Prefabs/GPU/MSI/GPU_MSI_Radeon_RX_5700_Evoke_GP_OC,AMD x MSI Radeon Pro W6800X Duo
GPU,AMD Radeon Pro,W6x00,Radeon Pro W6900X,AMD,x MSI Radeon Pro W6900X,Y,Y,14422,13999,11855,37,95,,PC,RGB,32,800,2150,3000,3500,1000,2000,2650,3000,297,300,CrossFire,2.5,95,65,8-pin + 8-pin,,10.0,10.0,21362,57658.0,1.368231685737879,18162.0,29637.0,0.050054,0.043659,-50.709140000000005,0.045238,0.038601,-55.709140000000005,0.056178,0.036243,174.44800000000018,0.0485149,0.031499,169.48500000000024,,,,,,,,,299,v1_8_0/Prefabs/GPU/MSI/GPU_MSI_Radeon_RX_5700_XT_Gaming_X,AMD x MSI Radeon Pro W6900X
GPU,AMD Radeon Pro,W6x00,Radeon Pro W6900X Duo,AMD,x MSI Radeon Pro W6900X Duo,Y,Y,16251,16999,14855,38,35,,PC,RGB,64,200,2050,3250,3900,700,2000,2825,3300,254,450,CrossFire,2.5,95,80,8-pin + 6-pin,,10.0,10.0,24433,68658.0,1.368231685737879,18162.0,29637.0,0.050054,0.043659,-27.409140000000026,0.045238,0.038601,-32.40914000000003,0.056178,0.036243,246.66800000000077,0.0475149,0.032499,241.66500000000056,,,,,,,,,299,v1_10_0/Prefabs/GPU/MSI/GPU_MSI_Radeon_RX_5700_Evoke_GP_OC,AMD x MSI Radeon Pro W6900X Duo
GPU,AMD Radeon Pro,WX x100,Radeon Pro WX 2100,AMD,Radeon Pro WX 2100,Y,Y,850,150,55,14,1,,,,2,938,1219,1357,1500,1000,1500,1825,2000,147,35,CrossFire,1.5,90,20,,,12.9,13.0,1091,1981.0,,1740.0,0.0,0.007928,0.001358,-3.194616,0.006675,0.001319,-4.652216,0.020416,0.001331,-12.39274,0.016964,0.001853,-13.09805,,,,,,,,,299,Prefabs/Generic/GPU,AMD Radeon Pro WX 2100
GPU,AMD Radeon Pro,WX x100,Radeon Pro WX 3100,AMD,Radeon Pro WX 3100,Y,Y,1350,250,115,14,45,,,,4,938,1219,1365,1500,1000,1500,1825,2000,147,65,CrossFire,1.5,90,20,,,12.9,13.0,1576,3125.0,,1940.0,0.0,0.007928,0.001358,1.804616,0.006675,0.001319,-2.652216,0.020416,0.006331,-12.39274,0.016964,0.006153,-13.09805,,,,,,,,,299,Prefabs/Generic/GPU,AMD Radeon Pro WX 3100
GPU,AMD Radeon Pro,WX x200,Radeon Pro WX 3200,AMD,Radeon Pro WX 3200,Y,Y,2281,325,75,19,35,,,,4,890,1295,1557,1700,800,1500,1965,2200,147,65,CrossFire,1.5,90,25,,,12.9,13.0,3192,3860.0,,1940.0,0.0,0.007928,0.007358,1.514616,0.006675,0.007319,-2.652216,0.020416,0.006331,-9.39274,0.016964,0.006853,-11.09805,,,,,,,,,299,Prefabs/Generic/GPU,AMD Radeon Pro WX 3200
GPU,AMD Radeon Pro,WX x100,Radeon Pro WX 4100,AMD,Radeon Pro WX 4100,Y,Y,1750,400,250,14,95,,,,4,902,1201,1385,1500,900,1500,1850,2100,147,50,CrossFire,1.5,90,20,,,12.9,13.0,2515,5378.0,,2040.0,0.0,0.007928,0.001358,5.944616,0.006675,0.001319,3.652216,0.022416,0.011331,-8.39274,0.018964,0.011853,-10.09805,,,,,,,,,299,Prefabs/Generic/GPU,AMD Radeon Pro WX 4100
GPU,AMD Radeon Pro,WX x100,Radeon Pro WX 5100,AMD,Radeon Pro WX 5100,Y,Y,2750,500,325,15,65,,,,8,672,1086,1350,1500,500,1250,1725,2000,147,75,CrossFire,1.5,90,20,,,12.9,13.0,3933,8836.0,,2563.0,0.0,0.01285,0.000352,13.10888,0.011422,0.000222,8.586295,0.021136,0.019439,10.345421,0.01947,0.017451,7.660576,,,,,,,,,299,Prefabs/Generic/GPU,AMD Radeon Pro WX 5100
GPU,AMD Radeon Pro,WX x100,Radeon Pro WX 7100,AMD,Radeon Pro WX 7100,Y,Y,3310,685,385,16,25,,,,8,686,1243,1550,1800,1100,1750,2150,2400,169,130,CrossFire,1.0,90,25,,,12.9,13.0,4989,10852.0,,3451.0,0.0,0.013601,0.001703,13.21402,0.012,0.001288,10.978352,0.027248,0.03528,13.44563,0.021909,0.003323,14.45007,,,,,,,,,299,Prefabs/GPU/GigaByte/GigaByte_GTX1030,AMD Radeon Pro WX 7100
GPU,AMD Radeon Pro,WX x100,Radeon Pro WX 8100,AMD,Radeon Pro WX 8100,Y,Y,4750,965,350,17,35,,,Red,8,1200,1500,1690,1800,500,1000,1300,1500,283,230,CrossFire,2.0,90,35,8-pin + 8-pin,,10.9,10.5,6957,21466.0,2.298706420571068,6658.0,12091.0,0.008593,0.015392,19.21885,0.007137,0.012182,15.43918,0.038116,0.086929,-10.44976,0.038447,0.084519,-13.94406,,,,,,,,,299,Prefabs/GPU/AMD/AMD_RadeonVega_RX64_8GB,AMD Radeon Pro WX 8100
GPU,AMD Radeon Pro,WX x200,Radeon Pro WX 8200,AMD,Radeon Pro WX 8200,Y,Y,5150,1085,495,19,85,,,Red,8,1100,1500,1745,1900,700,1000,1150,1300,283,230,CrossFire,2.0,90,35,8-pin + 8-pin,,10.9,10.5,7520,21958.0,2.898706420571068,6658.0,12091.0,0.008593,0.015392,23.21885,0.007137,0.012182,18.43918,0.038116,0.086929,-7.44976,0.038447,0.084519,-10.94406,,,,,,,,,299,Prefabs/GPU/AMD/AMD_RadeonVega_RX64_8GB,AMD Radeon Pro WX 8200
GPU,AMD Radeon Pro,WX x100,Radeon Pro WX 9100,AMD,Radeon Pro WX 9100,Y,Y,5065,1499,899,18,35,,,,16,1100,1500,1750,1900,300,1000,1455,1700,280,230,CrossFire,2.0,90,20,8-pin + 8-pin,,12.9,13.0,7132,23388.0,2.0,7431.0,15431.0,0.011436,0.018545,14.95417,0.008806,0.015139,9.758206,0.008116,0.081929,54.59023999999999,0.006447,0.078119,49.225939999999994,,,,,,,,,299,Prefabs/GPU/AsRock/GPU_ASRock_PhantomGamingX_RadeonRXVEGA_56_8G,AMD Radeon Pro WX 9100
GPU,AMD Radeon Pro,WX x200,Radeon Pro WX 9200,AMD,Radeon Pro WX 9200,Y,Y,5615,1500,855,20,85,,,,16,1300,1650,1875,2000,300,1150,1655,2000,283,250,CrossFire,2.0,95,50,8-pin + 8-pin,,12.9,13.0,8060,29930.0,2.4,7431.0,15431.0,0.012436,0.018545,14.30417,0.008806,0.015139,11.758206,0.048116,0.096929,-5.44976,0.048447,0.094519,-8.94406,,,,,,,,,299,Prefabs/GPU/AsRock/GPU_ASRock_PhantomGamingX_RadeonRXVEGA_56_8G,AMD Radeon Pro WX 9200
GPU - Water,AMD Radeon,Vega,Radeon RX VEGA 64,AMD,Radeon Vega 64 ENTHUSIAST-ED. | EKWB EK-FC Acetal,Y,,5303,810,270,17,90,,,,8,272,1736,2705,3200,-500,1100,2150,2700,258,355,CrossFire,2.0,101,45,8-pin + 8-pin,,8.5,,7656,14323.0,1.8278308717057632,,,0.011436,0.018545,12.78417,0.008806,0.015139,9.758206,0.038604,0.026296,3.307731,0.029969,0.020973,2.885631,2400.0,1550.0,6.9,6.0,,,,,299,Prefabs/GPU/EKWB/EKWB_Watercooled_Vega_5664GPU_Silver,AMD Radeon Vega 64 ENTHUSIAST-ED. | EKWB EK-FC Acetal
GPU - Water,AMD Radeon,Vega,Radeon RX VEGA 64,AMD,Radeon Vega 64 ENTHUSIAST-ED. | EKWB EK-FC Plexi,Y,,5303,1150,270,23,90,,,,8,272,1736,2705,3200,-500,1100,2150,2700,258,355,CrossFire,2.0,101,45,8-pin + 8-pin,,8.5,,7656,14323.0,1.8278308717057632,,,0.011436,0.018545,12.78417,0.008806,0.015139,9.758206,0.038604,0.026296,3.307731,0.029969,0.020973,2.885631,2400.0,1550.0,6.9,6.0,,,,,299,Prefabs/GPU/EKWB/EKWB_Watercooled_Vega_5664GPU_Clear,AMD Radeon Vega 64 ENTHUSIAST-ED. | EKWB EK-FC Plexi
GPU - Water,AMD Radeon,Vega,Radeon RX VEGA 64,AMD,Radeon Vega 64 ENTHUSIAST-ED. | EKWB EK-FC Plexi RGB,Y,,5303,1200,270,23,90,,,RGB,8,272,1736,2705,3200,-500,1100,2150,2700,258,355,CrossFire,2.0,101,45,8-pin + 8-pin,,8.5,,7656,14323.0,1.8278308717057632,,,0.011436,0.018545,12.78417,0.008806,0.015139,9.758206,0.038604,0.026296,3.307731,0.029969,0.020973,2.885631,2400.0,1550.0,6.9,6.0,,,,,299,Prefabs/GPU/EKWB/EKWB_Watercooled_Vega_5664GPU_ClearRGB,AMD Radeon Vega 64 ENTHUSIAST-ED. | EKWB EK-FC Plexi RGB
GPU - Water,AMD Radeon,Vega,Radeon RX VEGA 64,AMD,Radeon Vega 64 LN2-READY | EKWB EK-FC Acetal,Y,,8487,1810,850,20,15,,,,8,-2800,2250,5550,7300,-3900,2500,6700,8900,500,560,CrossFire,2.0,107,145,8-pin + 8-pin,,8.5,,12324,22526.0,1.9378308717057633,,,0.011436,0.018545,12.78417,0.008806,0.015139,9.758206,0.038604,0.026296,3.307731,0.029969,0.020973,2.885631,5515.0,6500.0,6.9,8.0,,,,,299,Prefabs/GPU/EKWB/EKWB_Watercooled_Vega_5664GPU_Silver,AMD Radeon Vega 64 LN2-READY | EKWB EK-FC Acetal
GPU,AMD Radeon,Vega,Radeon Vega Frontier Edition,AMD,Radeon Vega Frontier Edition,Y,Y,4887,1000,545,17,75,,,,16,1400,1600,1690,1800,690,945,1050,1200,283,300,CrossFire,2.0,95,50,8-pin + 8-pin,,9.0,9.0,6997,23716.0,3.9514314603495593,7851.0,29522.0,0.011436,0.018545,13.05417,0.008806,0.015139,9.458206,0.044116,0.086929,-5.44976,0.044447,0.084519,-8.94406,,,,,,,,,299,Prefabs/GPU/AMD/AMD_RadeonVega_RX64_8GB,AMD Radeon Vega Frontier Edition
GPU - Water,AMD Radeon,Vega,Radeon Vega Frontier Edition,AMD,Radeon Vega Frontier Edition | EKWB EK-FC Plexi,Y,Y,5244,1250,795,18,25,,,,16,1220,1760,2112,2300,578,1039,1312,1500,283,325,CrossFire,2.0,95,85,8-pin + 8-pin,,9.0,9.0,7515,26200.0,3.9514314603495593,,,0.011436,0.018545,13.05417,0.008806,0.015139,9.458206,0.044116,0.086929,-5.44976,0.044447,0.084519,-8.94406,2062.0,1262.0,5.0,5.0,,,,,299,Prefabs/GPU/EKWB/EKWB_Watercooled_Vega_5664GPU_Clear,AMD Radeon Vega Frontier Edition | EKWB EK-FC Plexi
GPU - Water,AMD Radeon,Vega,Radeon Vega Frontier Edition,AMD,Radeon Vega Frontier Edition ENTHUSIAST-ED | EKWB EK-FC Plexi RGB,Y,Y,6140,1650,1195,18,75,,,RGB,16,920,2160,2957,3400,350,1275,1837,2200,283,375,CrossFire,2.0,95,200,8-pin + 8-pin,,9.0,9.0,8813,32423.0,3.9514314603495593,,,0.011436,0.018545,13.05417,0.008806,0.015139,9.458206,0.044116,0.086929,-5.44976,0.044447,0.084519,-8.94406,2907.0,1787.0,5.0,5.0,,,,,299,Prefabs/GPU/EKWB/EKWB_Watercooled_Vega_5664GPU_ClearRGB,AMD Radeon Vega Frontier Edition ENTHUSIAST-ED | EKWB EK-FC Plexi RGB
GPU - Water,AMD Radeon,Vega,Radeon Vega Frontier Edition,AMD,Radeon Vega Frontier Edition LN2-Ready | EKWB EK-FC Acetal,Y,Y,6677,2300,1845,19,40,,,,16,-500,2400,4309,5300,-566,1417,2677,3400,500,550,CrossFire,2.0,95,200,8-pin + 8-pin,,9.0,9.0,9593,36163.0,3.9514314603495593,,,0.011436,0.018545,13.05417,0.008806,0.015139,9.458206,0.044116,0.086929,-5.44976,0.044447,0.084519,-8.94406,4259.0,2627.0,5.0,5.0,,,,,299,Prefabs/GPU/EKWB/EKWB_Watercooled_Vega_5664GPU_Silver,AMD Radeon Vega Frontier Edition LN2-Ready | EKWB EK-FC Acetal
GPU,AMD Radeon,Vega,Radeon Vega Frontier Edition (HBLC),AMD,Radeon Vega Frontier Edition (HBLC),Y,Y,4890,1259,823,17,75,,,,16,1200,1600,1800,2000,590,945,1150,1300,283,350,CrossFire,2.0,115,65,8-pin + 8-pin,,9.0,9.0,6998,23716.0,3.9514314603495593,7851.0,29522.0,0.011436,0.018545,13.08417,0.008806,0.015139,9.458206,0.044116,0.086929,-5.44976,0.044447,0.084519,-8.94406,,,,,,,,,299,Prefabs/GPU/AMD/AMD_RadeonVega_RX64_8GB,AMD Radeon Vega Frontier Edition (HBLC)
GPU,Intel Xe-HP,Arctic Sound,2x Xe-HP Arctic Sound 1T,Intel,Xe-HP Arctic Sound 1T (2-Way),Y,Y,36972,29998,23398,36,50,,,,32,100,900,1385,1700,-100,1200,2000,2500,269,700,SLI,3.0,95,40,6-pin,RTX 3000,9.5,10.0,59880,119760.0,3.7818,14164.0,25810.0,0.08115,0.125375,146.23850000000007,0.07834,0.12408,141.24300000000002,0.07115,0.05037,615.1099999999999,0.06334,0.04508,610.0399999999998,,,,,,,,,399,v1_10_0/Prefabs/GPU/EVGA/GPU_EVGA_GeForce_GTX_1650_XC_Ultra_Black_Gaming,Intel Xe-HP Arctic Sound 1T (2-Way)
GPU,Intel Xe-HP,Arctic Sound,2x Xe-HP Arctic Sound 2T,Intel,Xe-HP Arctic Sound 2T (2-Way),Y,Y,40798,35998,29398,36,80,,,,64,300,1000,1425,1700,-100,1200,2045,2500,190,1000,SLI,3.0,95,50,8-pin,RTX 3000,9.5,10.0,66133,132266.0,3.781843706130089,14164.0,25810.0,0.08115,0.125375,176.38850000000002,0.07834,0.12408,171.39300000000006,0.11115,0.14037,534.9749999999999,0.10534,0.13608,529.9649999999999,,,,,,,,,399,v1_11_0/Prefabs/GPU/EVGA/EVGA_GEFORCE_GTX_1660_TI_XC,Intel Xe-HP Arctic Sound 2T (2-Way)
GPU,Intel Xe-HP,Arctic Sound,2x Xe-HP Arctic Sound 4T,Intel,Xe-HP Arctic Sound 4T (2-Way),Y,Y,50784,47998,41398,37,10,,,,128,200,1000,1515,1800,-200,1200,2100,2600,268,1600,SLI,2.0,95,65,8-pin,RTX 3000,9.5,10.0,82511,165022.0,3.781843706130089,14164.0,25810.0,0.08115,0.125375,276.24850000000004,0.07834,0.12408,271.2429999999999,0.07115,0.13038,787.2869999999999,0.06534,0.12508,782.288,,,,,,,,,399,v1_10_0/Prefabs/GPU/EVGA/GPU_EVGA_GeForce_GTX_1660_Ti_XC_Ultra_Gaming,Intel Xe-HP Arctic Sound 4T (2-Way)
GPU,Intel Xe-HP,Arctic Sound,4x Xe-HP Arctic Sound 1T,Intel,Xe-HP Arctic Sound 1T (4-Way),Y,Y,73481,59996,46796,36,75,,,,64,100,900,1385,1700,-100,1200,2000,2500,269,1400,SLI,3.0,95,40,6-pin,RTX 3000,9.5,10.0,119760,215568.0,3.7818,14164.0,25810.0,0.08115,0.125375,511.32849999999985,0.07834,0.12408,506.3330000000001,0.07115,0.05037,1199.2099999999998,0.06334,0.04508,1194.2200000000007,,,,,,,,,399,v1_10_0/Prefabs/GPU/EVGA/GPU_EVGA_GeForce_GTX_1650_XC_Ultra_Black_Gaming,Intel Xe-HP Arctic Sound 1T (4-Way)
GPU,Intel Xe-HP,Arctic Sound,4x Xe-HP Arctic Sound 2T,Intel,Xe-HP Arctic Sound 2T (4-Way),Y,Y,81133,71996,58796,37,5,,,,128,300,1000,1425,1700,-100,1200,2045,2500,190,2000,SLI,3.0,95,50,8-pin,RTX 3000,9.5,10.0,132266,238079.0,3.781843706130089,14164.0,25810.0,0.08115,0.125375,579.7384999999999,0.07834,0.12408,574.493,0.11115,0.14037,1180.0861111109998,0.10534,0.13608,1175.1730820050004,,,,,,,,,399,v1_11_0/Prefabs/GPU/EVGA/EVGA_GEFORCE_GTX_1660_TI_XC,Intel Xe-HP Arctic Sound 2T (4-Way)
GPU,Intel Xe-HP,Arctic Sound,4x Xe-HP Arctic Sound 4T,Intel,Xe-HP Arctic Sound 4T (4-Way),Y,Y,101093,95996,82796,37,35,,,,256,200,1000,1515,1800,-200,1200,2100,2600,268,3200,SLI,2.0,95,65,8-pin,RTX 3000,9.5,10.0,165022,297040.0,3.781843706130089,14164.0,25810.0,0.08115,0.125375,779.3385000000001,0.07834,0.12408,774.3429999999997,0.07115,0.13038,1592.2392973050007,0.06534,0.12508,1587.239111111,,,,,,,,,399,v1_10_0/Prefabs/GPU/EVGA/GPU_EVGA_GeForce_GTX_1660_Ti_XC_Ultra_Gaming,Intel Xe-HP Arctic Sound 4T (4-Way)
GPU,Intel Xe-HP,Arctic Sound,6x Xe-HP Arctic Sound 1T,Intel,Xe-HP Arctic Sound 1T (6-Way),Y,Y,99039,89994,70194,37,25,,,,96,100,900,1385,1700,-100,1200,2000,2500,269,2100,SLI,3.0,95,40,6-pin,RTX 3000,9.5,10.0,161676,280239.0,3.7818,14164.0,25810.0,0.08115,0.125375,766.9084999999998,0.07834,0.12408,761.913,0.07115,0.05037,1593.739929442,0.06334,0.04508,1588.3311111110006,,,,,,,,,399,v1_10_0/Prefabs/GPU/EVGA/GPU_EVGA_GeForce_GTX_1650_XC_Ultra_Black_Gaming,Intel Xe-HP Arctic Sound 1T (6-Way)
GPU,Intel Xe-HP,Arctic Sound,6x Xe-HP Arctic Sound 2T,Intel,Xe-HP Arctic Sound 2T (6-Way),Y,Y,109344,107994,88194,37,55,,,,192,300,1000,1425,1700,-100,1200,2045,2500,190,3000,SLI,3.0,95,50,8-pin,RTX 3000,9.5,10.0,178560,309503.0,3.781843706130089,14164.0,25810.0,0.08115,0.125375,861.8496111109998,0.07834,0.12408,856.9150700640008,0.11115,0.14037,1615.6321486319996,0.10534,0.13608,1610.6321486850009,,,,,,,,,399,v1_11_0/Prefabs/GPU/EVGA/EVGA_GEFORCE_GTX_1660_TI_XC,Intel Xe-HP Arctic Sound 2T (6-Way)
GPU,Intel Xe-HP,Arctic Sound,6x Xe-HP Arctic Sound 4T,Intel,Xe-HP Arctic Sound 4T (6-Way),Y,Y,136318,143994,124194,37,85,,,,384,200,1000,1515,1800,-200,1200,2100,2600,268,4800,SLI,2.0,95,65,8-pin,RTX 3000,9.5,10.0,222780,386152.0,3.781843706130089,14164.0,25810.0,0.08115,0.125375,1131.5885000000007,0.07834,0.12408,1126.4429999999998,0.07115,0.13038,2135.339297305001,0.06534,0.12508,2130.8591111109986,,,,,,,,,399,v1_10_0/Prefabs/GPU/EVGA/GPU_EVGA_GeForce_GTX_1660_Ti_XC_Ultra_Gaming,Intel Xe-HP Arctic Sound 4T (6-Way)
GPU,Intel Xe-HP,Arctic Sound,8x Xe-HP Arctic Sound 1T,Intel,Xe-HP Arctic Sound 1T (8-Way),Y,Y,124595,119992,93592,37,50,,,,128,100,900,1385,1700,-100,1200,2000,2500,269,2800,SLI,3.0,95,40,6-pin,RTX 3000,9.5,10.0,203589,430868.0,3.7818,14164.0,25810.0,0.08115,0.125375,1022.4694557759999,0.07834,0.12408,1017.4694557750004,0.07115,0.05037,2511.8510505530007,0.06334,0.04508,2507.1181702790004,,,,,,,,,399,v1_10_0/Prefabs/GPU/EVGA/GPU_EVGA_GeForce_GTX_1650_XC_Ultra_Black_Gaming,Intel Xe-HP Arctic Sound 1T (8-Way)
GPU,Intel Xe-HP,Arctic Sound,8x Xe-HP Arctic Sound 2T,Intel,Xe-HP Arctic Sound 2T (8-Way),Y,Y,137581,143992,117592,37,80,,,,256,300,1000,1425,1700,-100,1200,2045,2500,190,4000,SLI,3.0,95,50,8-pin,RTX 3000,9.5,10.0,224848,475861.0,3.781843706130089,14164.0,25810.0,0.08115,0.125375,1144.219913505001,0.07834,0.12408,1139.0261811750006,0.11115,0.14037,2630.256416692997,0.10534,0.13608,2624.7432597960014,,,,,,,,,399,v1_11_0/Prefabs/GPU/EVGA/EVGA_GEFORCE_GTX_1660_TI_XC,Intel Xe-HP Arctic Sound 2T (8-Way)
GPU,Intel Xe-HP,Arctic Sound,8x Xe-HP Arctic Sound 4T,Intel,Xe-HP Arctic Sound 4T (8-Way),Y,Y,171525,191992,165592,38,10,,,,512,200,1000,1515,1800,-200,1200,2100,2600,268,6400,SLI,2.0,95,65,8-pin,RTX 3000,9.5,10.0,280532,593709.0,3.781843706130089,14164.0,25810.0,0.08115,0.125375,1483.6574887430017,0.07834,0.12408,1478.6541111110005,0.07115,0.13038,3401.1822104359976,0.06534,0.12508,3396.1702222219997,,,,,,,,,399,v1_10_0/Prefabs/GPU/EVGA/GPU_EVGA_GeForce_GTX_1660_Ti_XC_Ultra_Gaming,Intel Xe-HP Arctic Sound 4T (8-Way)
GPU,Intel Xe-HP,Arctic Sound,Xe-HP Arctic Sound 1T,Intel,Xe-HP Arctic Sound 1T,Y,Y,13998,14999,11699,36,25,,,,16,100,900,1385,1700,-100,1200,2000,2500,269,350,SLI,3.0,95,40,6-pin,RTX 3000,9.5,10.0,22296,59880.0,3.7818,14164.0,25810.0,0.08115,0.125375,-83.5015,0.07834,0.12408,-87.257,0.07115,0.05037,249.54,0.06334,0.04508,245.54,,,,,,,,,399,v1_10_0/Prefabs/GPU/EVGA/GPU_EVGA_GeForce_GTX_1650_XC_Ultra_Black_Gaming,Intel Xe-HP Arctic Sound 1T
GPU,Intel Xe-HP,Arctic Sound,Xe-HP Arctic Sound 2T,Intel,Xe-HP Arctic Sound 2T,Y,Y,14809,17999,14699,36,55,,,,32,300,1000,1425,1700,-100,1200,2045,2500,190,500,SLI,3.0,95,50,8-pin,RTX 3000,9.5,10.0,23603,66133.0,3.781843706130089,14164.0,25810.0,0.08115,0.125375,-83.5015,0.07834,0.12408,-87.257,0.11115,0.14037,131.275,0.10534,0.13608,127.275,,,,,,,,,399,v1_11_0/Prefabs/GPU/EVGA/EVGA_GEFORCE_GTX_1660_TI_XC,Intel Xe-HP Arctic Sound 2T
GPU,Intel Xe-HP,Arctic Sound,Xe-HP Arctic Sound 4T,Intel,Xe-HP Arctic Sound 4T,Y,Y,14809,23999,20699,36,85,,,,64,200,1000,1515,1800,-200,1200,2100,2600,268,800,SLI,2.0,95,65,8-pin,RTX 3000,9.5,10.0,23603,82511.0,3.781843706130089,14164.0,25810.0,0.08115,0.125375,-83.5015,0.07834,0.12408,-87.257,0.07115,0.13038,283.727,0.06534,0.12508,279.728,,,,,,,,,399,v1_10_0/Prefabs/GPU/EVGA/GPU_EVGA_GeForce_GTX_1660_Ti_XC_Ultra_Gaming,Intel Xe-HP Arctic Sound 4T
GPU,Intel Xeon,Phi 3100,Xeon Phi 3120A,Intel,Xeon Phi 3120A,Y,,2994,1695,1035,16,50,,,,6,-1500,1100,2825,3700,606,1003,1250,1400,147,300,SLI,1.5,95,5,,RTX,9.0,9.0,4134,16715.0,5.497889182,11512.0,24724.0,0.024121,0.001,2.405064,0.018016,0.00085,1.10466,0.068122,0.009268,30.88329,0.052122,0.006477,27.61863,,,,,,,,,399,Prefabs/Generic/GPU,Intel Xeon Phi 3120A
GPU,Intel Xeon,Phi 3100,Xeon Phi 3120P,Intel,Xeon Phi 3120P,Y,,3194,2195,1435,16,95,,,,6,-2600,1100,3525,4800,406,1003,1350,1600,147,300,SLI,1.5,95,15,,RTX,9.0,9.0,4360,20031.0,5.497889182,11512.0,24724.0,0.024121,0.001,4.405064,0.018016,0.00085,2.10466,0.068122,0.009268,50.88329,0.052122,0.006477,47.61863,,,,,,,,,399,Prefabs/Generic/GPU,Intel Xeon Phi 3120P
GPU,Intel Xeon,Phi 3100,Xeon Phi 31S1P,Intel,Xeon Phi 31S1P,Y,,3594,2995,1835,17,45,,,,8,-1800,1100,3015,4000,306,1003,1450,1700,147,270,SLI,1.5,95,5,,RTX,9.0,9.0,4810,22016.0,5.497889182,11512.0,24724.0,0.024121,0.001,8.405064,0.018016,0.00085,4.10466,0.068122,0.009268,62.88329,0.052122,0.006477,59.61863,,,,,,,,,399,Prefabs/Generic/GPU,Intel Xeon Phi 31S1P
GPU,Intel Xeon,Phi 5100,Xeon Phi 5110P,Intel,Xeon Phi 5110P,Y,,4181,3595,2135,18,15,,,,8,-1194,1053,2515,3300,222,1011,1500,1800,147,225,SLI,1.5,95,5,,RTX,9.0,9.0,5832,22726.0,5.497889182,11512.0,24724.0,0.024121,0.001,15.405064,0.018016,0.00085,11.10466,0.068122,0.009268,69.88329,0.052122,0.006477,66.61863,,,,,,,,,399,Prefabs/Generic/GPU,Intel Xeon Phi 5110P
GPU,Intel Xeon,Phi 5100,Xeon Phi 5120D,Intel,Xeon Phi 5120D,Y,,4281,3995,2535,18,75,,,,8,-1594,1053,2815,3700,122,1011,1550,1900,147,245,SLI,1.5,95,10,,RTX,9.0,9.0,6105,25366.0,5.497889182,11512.0,24724.0,0.024121,0.001,16.405064,0.018016,0.00085,13.10466,0.068122,0.009268,85.88329,0.052122,0.006477,82.61863,,,,,,,,,399,Prefabs/Generic/GPU,Intel Xeon Phi 5120D
GPU,Intel Xeon,Phi 7100,Xeon Phi 7110P,Intel,Xeon Phi 7110P,Y,,4997,4750,3435,19,85,,,,16,-1000,1250,2685,3500,840,1220,1450,1600,147,300,SLI,1.5,95,10,,RTX,9.0,9.0,7044,29948.0,5.497889182,11512.0,24724.0,0.024121,0.001,18.605064,0.018016,0.00085,14.10466,0.068122,0.009268,99.88329,0.052122,0.006477,97.61863,,,,,,,,,399,Prefabs/Generic/GPU,Intel Xeon Phi 7110P
GPU,Intel Xeon,Phi 7100,Xeon Phi 7110X,Intel,Xeon Phi 7110X,Y,,5082,5150,3735,20,45,,,,16,-1330,1285,2985,3900,640,1220,1550,1800,147,300,SLI,1.5,95,15,,RTX,9.0,9.0,7162,30288.0,5.497889182,11512.0,24724.0,0.024121,0.001,18.605064,0.018016,0.00085,14.10466,0.068122,0.009268,99.88329,0.052122,0.006477,97.61863,,,,,,,,,399,Prefabs/Generic/GPU,Intel Xeon Phi 7110X
GPU,Intel Xeon,Phi 7100,Xeon Phi 7120A,Intel,Xeon Phi 7120A,Y,,5296,5750,4435,21,85,,,,16,-934,1333,2785,3600,916,1208,1400,1500,147,300,SLI,1.5,95,10,,RTX,9.0,9.0,7490,31870.0,5.497889182,11512.0,24724.0,0.024121,0.001,19.605064,0.018016,0.00085,15.10466,0.068122,0.009268,107.88329,0.052122,0.006477,103.61863,,,,,,,,,399,Prefabs/Generic/GPU,Intel Xeon Phi 7120A
GPU,Intel Xeon,Phi 7100,Xeon Phi 7120X,Intel,Xeon Phi 7120X,Y,,5396,6250,4835,22,35,,,,16,-1634,1333,3300,4300,316,1208,1750,2100,147,300,SLI,1.5,95,20,,RTX,9.0,9.0,7762,33282.0,5.497889182,11512.0,24724.0,0.024121,0.001,20.605064,0.018016,0.00085,17.10466,0.068122,0.009268,115.88329,0.052122,0.006477,112.61863,,,,,,,,,399,Prefabs/Generic/GPU,Intel Xeon Phi 7120X
GPU,Intel Xeon,Phi 7100,Xeon Phi 7150A,Intel,Xeon Phi 7150A,Y,,5993,6750,4835,22,35,,,,20,-800,1450,2900,3700,1000,1350,1550,1700,147,335,SLI,1.5,95,15,,RTX,9.0,9.0,8678,35094.0,5.497889182,11512.0,24724.0,0.024121,0.001,23.605064,0.018016,0.00085,20.10466,0.068122,0.009268,118.88329,0.052122,0.006477,115.61863,,,,,,,,,399,Prefabs/Generic/GPU,Intel Xeon Phi 7150A
GPU,Intel Xeon,Phi 7100,Xeon Phi 7150X,Intel,Xeon Phi 7150X,Y,,6113,7150,5635,22,85,,,,20,-1000,1500,3100,4000,1000,1350,1550,1700,147,340,SLI,1.5,95,20,,RTX,9.0,9.0,8847,35745.0,5.497889182,11512.0,24724.0,0.024121,0.001,23.605064,0.018016,0.00085,20.10466,0.068122,0.009268,119.88329,0.052122,0.006477,116.61863,,,,,,,,,399,Prefabs/Generic/GPU,Intel Xeon Phi 7150X
GPU,Intel Xeon,Phi 7100,Xeon Phi 7190A,Intel,Xeon Phi 7190A,Y,,5998,7650,6135,23,45,,,,24,-600,1450,2800,3500,800,1400,1750,2000,147,365,SLI,1.5,95,15,,RTX,9.0,9.0,8686,35322.0,5.497889182,11512.0,24724.0,0.024121,0.001,23.605064,0.018016,0.00085,20.10466,0.068122,0.009268,119.88329,0.052122,0.006477,116.61863,,,,,,,,,399,Prefabs/Generic/GPU,Intel Xeon Phi 7190A
GPU,Intel Xeon,Phi 7100,Xeon Phi 7190X,Intel,Xeon Phi 7190X,Y,,6118,8250,6435,23,95,,,,24,-1200,1500,3250,4200,500,1400,1950,2300,147,375,SLI,1.5,95,25,,RTX,9.0,9.0,8855,36633.0,5.497889182,11512.0,24724.0,0.024121,0.001,23.605064,0.018016,0.00085,20.10466,0.068122,0.009268,124.88329,0.052122,0.006477,121.61863,,,,,,,,,399,Prefabs/Generic/GPU,Intel Xeon Phi 7190X
GPU,Intel Xeon,Phi 7100,Xeon Phi 7195X,Intel,Xeon Phi 7195X,Y,,6559,8950,6935,24,55,,,,28,-1400,1600,3550,4600,400,1400,2050,2400,147,400,SLI,1.5,95,25,,RTX,9.0,9.0,9526,38924.0,5.497889182,11512.0,24724.0,0.024121,0.001,25.605064,0.018016,0.00085,22.10466,0.068122,0.009268,132.88329,0.052122,0.006477,129.61863,,,,,,,,,399,Prefabs/Generic/GPU,Intel Xeon Phi 7195X
GPU,Intel Xeon,Phi 7300,Xeon Phi 7310A,Intel,Xeon Phi 7310A,Y,,6071,6500,3850,26,15,,,,24,-300,2000,3500,4300,1032,1866,2400,2700,147,270,SLI,1.5,95,25,,RTX,9.0,9.0,8159,32643.0,5.497889182,11512.0,24724.0,0.024121,0.0025,7.805064,0.018016,0.00215,2.10466,0.068122,0.014268,64.99329,0.052122,0.007377,58.68863,,,,,,,,,399,Prefabs/Generic/GPU,Intel Xeon Phi 7310A
GPU,Intel Xeon,Phi 7300,Xeon Phi 7310P,Intel,Xeon Phi 7310P,Y,,6312,7435,4550,26,45,,,,28,-400,2100,3750,4600,1032,1866,2400,2700,147,285,SLI,1.5,95,35,,RTX,9.0,9.0,8498,48439.0,5.497889182,11512.0,24724.0,0.024121,0.0025,7.805064,0.018016,0.00215,2.10466,0.068122,0.014268,155.99329,0.052122,0.007377,146.98863,,,,,,,,,399,Prefabs/Generic/GPU,Intel Xeon Phi 7310P
GPU,Intel Xeon,Phi 7300,Xeon Phi 7330A,Intel,Xeon Phi 7330A,Y,,6607,8185,5150,26,85,,,,24,-300,2200,3850,4700,1032,1866,2400,2700,147,305,SLI,1.5,95,25,,RTX,9.0,9.0,8866,35465.0,5.497889182,11512.0,24724.0,0.024121,0.0025,8.34064,0.018016,0.00215,2.10466,0.068122,0.014268,70.99329,0.052122,0.007377,63.58863,,,,,,,,,399,Prefabs/Generic/GPU,Intel Xeon Phi 7330A
GPU,Intel Xeon,Phi 7300,Xeon Phi 7330P,Intel,Xeon Phi 7330P,Y,,6981,9065,5650,27,25,,,,28,-300,2300,4000,4900,1000,2000,2666,3000,147,325,SLI,1.5,95,35,,RTX,9.0,9.0,9426,53729.0,5.497889182,11512.0,24724.0,0.024121,0.0025,9.34064,0.018016,0.00215,3.10466,0.068122,0.014268,171.99329,0.052122,0.007377,167.91863,,,,,,,,,399,Prefabs/Generic/GPU,Intel Xeon Phi 7330P
GPU,Intel Xeon,Phi 7300,Xeon Phi 7350A,Intel,Xeon Phi 7350A,Y,,7345,9815,6250,27,65,,,,32,400,2300,3500,4200,1266,2133,2666,3000,147,345,SLI,1.5,95,25,,RTX,9.0,9.0,10111,40450.0,5.497889182,11512.0,24724.0,0.024121,0.0025,12.64064,0.018016,0.00215,7.10466,0.068122,0.014268,91.59329,0.052122,0.007377,85.58863,,,,,,,,,399,Prefabs/Generic/GPU,Intel Xeon Phi 7350A
GPU,Intel Xeon,Phi 7300,Xeon Phi 7350P,Intel,Xeon Phi 7350P,Y,,7790,10565,6850,28,1,,,,36,400,2400,3700,4400,1166,2133,2733,3100,147,360,SLI,1.5,95,35,,RTX,9.0,9.0,10678,60864.0,5.497889182,11512.0,24724.0,0.024121,0.0025,14.68064,0.018016,0.00215,8.10466,0.068122,0.014268,208.53329,0.052122,0.007377,203.48863,,,,,,,,,399,Prefabs/Generic/GPU,Intel Xeon Phi 7350P
GPU,Intel Xeon,Phi 7300,Xeon Phi 7390A,Intel,Xeon Phi 7390A,Y,,8192,11565,7350,28,1,,,,36,400,2400,3700,4400,1066,2133,2800,3200,147,375,SLI,1.5,95,25,,RTX,9.0,9.0,11352,43602.0,5.497889182,11512.0,24724.0,0.024121,0.0025,18.70064,0.018016,0.00215,12.10466,0.068122,0.014268,104.79329,0.052122,0.007377,98.69863,,,,,,,,,399,Prefabs/Generic/GPU,Intel Xeon Phi 7390A
GPU,Intel Xeon,Phi 7300,Xeon Phi 7390P,Intel,Xeon Phi 7390P,Y,,8384,12375,7950,28,35,,,,40,300,2500,3900,4700,1600,2400,2933,3200,147,390,SLI,1.5,95,25,,RTX,9.0,9.0,11615,66207.0,5.497889182,11512.0,24724.0,0.024121,0.0025,17.54064,0.018016,0.00215,11.10466,0.068122,0.014268,233.29329,0.052122,0.007377,226.49863,,,,,,,,,399,Prefabs/Generic/GPU,Intel Xeon Phi 7390P
GPU,Intel Xeon,Phi 7300,Xeon Phi 7395P,Intel,Xeon Phi 7395P,Y,,8552,13875,8650,29,1,,,,40,0,2500,4100,5000,1400,2400,3000,3400,147,405,SLI,1.5,95,35,,RTX,9.0,9.0,11931,68008.0,5.497889182,11512.0,24724.0,0.024121,0.0025,19.22064,0.018016,0.00215,13.10466,0.068122,0.014268,243.69329,0.052122,0.007377,237.79863,,,,,,,,,399,Prefabs/Generic/GPU,Intel Xeon Phi 7395P
GPU,Intel Xeon,Phi 7300,Xeon Phi 7395X,Intel,Xeon Phi 7395X,Y,,8944,15000,9135,29,35,,,,44,100,2600,4200,5100,1832,2666,3200,3500,147,420,SLI,1.5,95,45,,RTX,9.0,9.0,12421,86948.0,5.497889182,11512.0,24724.0,0.024121,0.0025,20.06064,0.018016,0.00215,13.10466,0.068122,0.014268,350.49329,0.052122,0.007377,343.69863,,,,,,,,,399,Prefabs/Generic/GPU,Intel Xeon Phi 7395X
GPU,Intel Xeon,Phi 7300,Xeon Phi 7395XE,Intel,Xeon Phi 7395XE,Y,,10101,16850,9835,29,75,,,,48,300,2900,4600,5500,1432,2666,3466,3900,147,490,SLI,1.5,95,60,,RTX,9.0,9.0,14234,120989.0,5.497889182,11512.0,24724.0,0.024121,0.0025,24.40064,0.018016,0.00215,18.10466,0.068122,0.014268,538.92329,0.052122,0.007377,533.47863,,,,,,,,,399,Prefabs/Generic/GPU,Intel Xeon Phi 7395XE
GPU,Intel Xeon,Phi 7100,Xeon Phi SE10P,Intel,Xeon Phi SE10P,Y,,4641,4350,2935,19,25,,,,8,-1700,1100,2915,3900,448,1074,1450,1700,147,300,SLI,1.5,95,10,,RTX,9.0,9.0,6632,27362.0,5.497889182,11512.0,24724.0,0.024121,0.001,18.805064,0.018016,0.00085,15.10466,0.068122,0.009268,95.88329,0.052122,0.006477,90.61863,,,,,,,,,399,Prefabs/Generic/GPU,Intel Xeon Phi SE10P
GPU,Intel Xeon,Phi 7100,Xeon Phi SE10X,Intel,Xeon Phi SE10X,Y,,4711,4750,3435,19,85,,,,8,-2500,1100,3485,4700,148,1074,1650,2000,147,300,SLI,1.5,95,15,,RTX,9.0,9.0,6780,28375.0,5.497889182,11512.0,24724.0,0.024121,0.001,19.505064,0.018016,0.00085,16.10466,0.068122,0.009268,100.88329,0.052122,0.006477,97.61863,,,,,,,,,399,Prefabs/Generic/GPU,Intel Xeon Phi SE10X
