Part Type,Manufacturer,Part Name,HEM,In Shop,Price,Sell Price,Level,Level %,Steam Version,Platform Lock,Lighting,Size (GB),Frequency,RAM Type,Voltage,Size each (GB),Number,Price per GB,Part Name (Base),DLC2 Random Jobs,OC Base Voltage,OC Base Freq,Asset Path,Full Part Name
Memory,ADATA,ECC U-DIMM 16 GB 2133 MHz,Y,Y,155,80,15,1,,,,16,2133,DDR4 (ECC),1.25,16,1,9.3,ECC U-DIMM,,1.58,3200,Prefabs/RAM/ADATA/ADATA_Premier_DDR4,ADATA ECC U-DIMM 16 GB 2133 MHz
Memory,ADATA,ECC U-DIMM 16 GB 2400 MHz,Y,Y,175,90,15,45,,,,16,2400,DDR4 (ECC),1.25,16,1,9.3,ECC U-DIMM,,1.58,3300,Prefabs/RAM/ADATA/ADATA_Premier_DDR4,ADATA ECC U-DIMM 16 GB 2400 MHz
Memory,ADATA,ECC U-DIMM 16 GB 2666 MHz,Y,Y,195,97,16,15,,,,16,2666,DDR4 (ECC),1.25,16,1,9.3,ECC U-DIMM,,1.58,3400,Prefabs/RAM/ADATA/ADATA_Premier_DDR4,ADATA ECC U-DIMM 16 GB 2666 MHz
Memory,ADATA,ECC U-DIMM 16 GB 2933 MHz,Y,Y,215,105,16,95,,,,16,2933,DDR4 (ECC),1.25,16,1,9.3,ECC U-DIMM,,1.58,3600,Prefabs/RAM/ADATA/ADATA_Premier_DDR4,ADATA ECC U-DIMM 16 GB 2933 MHz
Memory,ADATA,ECC U-DIMM 16 GB 3200 MHz,Y,Y,230,120,17,35,,,,16,3200,DDR4 (ECC),1.25,16,1,9.3,ECC U-DIMM,,1.58,3866,Prefabs/RAM/ADATA/ADATA_Premier_DDR4,ADATA ECC U-DIMM 16 GB 3200 MHz
Memory,ADATA,ECC U-DIMM 2X 128 GB 2133 MHz,Y,Y,970,710,23,25,,,,128,2133,DDR4 (ECC) 2X,1.25,128,1,9.3,ECC U-DIMM 2X,,1.58,2700,Prefabs/RAM/ADATA/ADATA_Premier_DDR4,ADATA ECC U-DIMM 2X 128 GB 2133 MHz
Memory,ADATA,ECC U-DIMM 2X 128 GB 2400 MHz,Y,Y,1010,740,23,75,,,,128,2400,DDR4 (ECC) 2X,1.25,128,1,9.3,ECC U-DIMM 2X,,1.58,2900,Prefabs/RAM/ADATA/ADATA_Premier_DDR4,ADATA ECC U-DIMM 2X 128 GB 2400 MHz
Memory,ADATA,ECC U-DIMM 2X 128 GB 2400 MHz,Y,Y,1010,780,24,1,,,,128,2400,DDR4 (ECC) 2X,1.25,128,1,9.3,ECC U-DIMM 2X,,1.58,2900,Prefabs/RAM/ADATA/ADATA_Premier_DDR4,ADATA ECC U-DIMM 2X 128 GB 2400 MHz
Memory,ADATA,ECC U-DIMM 2X 128 GB 2666 MHz,Y,Y,1050,810,24,45,,,,128,2666,DDR4 (ECC) 2X,1.25,128,1,9.3,ECC U-DIMM 2X,,1.58,3100,Prefabs/RAM/ADATA/ADATA_Premier_DDR4,ADATA ECC U-DIMM 2X 128 GB 2666 MHz
Memory,ADATA,ECC U-DIMM 2X 128 GB 2933 MHz,Y,Y,1090,810,24,45,,,,128,2933,DDR4 (ECC) 2X,1.25,128,1,9.3,ECC U-DIMM 2X,,1.58,3333,Prefabs/RAM/ADATA/ADATA_Premier_DDR4,ADATA ECC U-DIMM 2X 128 GB 2933 MHz
Memory,ADATA,ECC U-DIMM 2X 128 GB 3200 MHz,Y,Y,1120,810,25,15,,,,128,3200,DDR4 (ECC) 2X,1.25,128,1,9.3,ECC U-DIMM 2X,,1.58,3550,Prefabs/RAM/ADATA/ADATA_Premier_DDR4,ADATA ECC U-DIMM 2X 128 GB 3200 MHz
Memory,ADATA,ECC U-DIMM 2X 16 GB 2133 MHz,Y,Y,190,110,16,1,,,,16,2133,DDR4 (ECC) 2X,1.25,16,1,9.3,ECC U-DIMM 2X,,1.58,3500,Prefabs/RAM/ADATA/ADATA_Premier_DDR4,ADATA ECC U-DIMM 2X 16 GB 2133 MHz
Memory,ADATA,ECC U-DIMM 2X 16 GB 2400 MHz,Y,Y,230,130,16,45,,,,16,2400,DDR4 (ECC) 2X,1.25,16,1,9.3,ECC U-DIMM 2X,,1.58,3650,Prefabs/RAM/ADATA/ADATA_Premier_DDR4,ADATA ECC U-DIMM 2X 16 GB 2400 MHz
Memory,ADATA,ECC U-DIMM 2X 16 GB 2666 MHz,Y,Y,270,170,17,15,,,,16,2666,DDR4 (ECC) 2X,1.25,16,1,9.3,ECC U-DIMM 2X,,1.58,3750,Prefabs/RAM/ADATA/ADATA_Premier_DDR4,ADATA ECC U-DIMM 2X 16 GB 2666 MHz
Memory,ADATA,ECC U-DIMM 2X 16 GB 2933 MHz,Y,Y,310,190,17,95,,,,16,2933,DDR4 (ECC) 2X,1.25,16,1,9.3,ECC U-DIMM 2X,,1.58,3900,Prefabs/RAM/ADATA/ADATA_Premier_DDR4,ADATA ECC U-DIMM 2X 16 GB 2933 MHz
Memory,ADATA,ECC U-DIMM 2X 16 GB 3200 MHz,Y,Y,340,230,18,35,,,,16,3200,DDR4 (ECC) 2X,1.25,16,1,9.3,ECC U-DIMM 2X,,1.58,4100,Prefabs/RAM/ADATA/ADATA_Premier_DDR4,ADATA ECC U-DIMM 2X 16 GB 3200 MHz
Memory,ADATA,ECC U-DIMM 2X 32 GB 2133 MHz,Y,Y,310,160,16,1,,,,32,2133,DDR4 (ECC) 2X,1.25,32,1,9.3,ECC U-DIMM 2X,,1.58,3100,Prefabs/RAM/ADATA/ADATA_Premier_DDR4,ADATA ECC U-DIMM 2X 32 GB 2133 MHz
Memory,ADATA,ECC U-DIMM 2X 32 GB 2400 MHz,Y,Y,350,180,16,45,,,,32,2400,DDR4 (ECC) 2X,1.25,32,1,9.3,ECC U-DIMM 2X,,1.58,3200,Prefabs/RAM/ADATA/ADATA_Premier_DDR4,ADATA ECC U-DIMM 2X 32 GB 2400 MHz
Memory,ADATA,ECC U-DIMM 2X 32 GB 2666 MHz,Y,Y,390,194,17,15,,,,32,2666,DDR4 (ECC) 2X,1.25,32,1,9.3,ECC U-DIMM 2X,,1.58,3300,Prefabs/RAM/ADATA/ADATA_Premier_DDR4,ADATA ECC U-DIMM 2X 32 GB 2666 MHz
Memory,ADATA,ECC U-DIMM 2X 32 GB 2933 MHz,Y,Y,430,210,17,95,,,,32,2933,DDR4 (ECC) 2X,1.25,32,1,9.3,ECC U-DIMM 2X,,1.58,3500,Prefabs/RAM/ADATA/ADATA_Premier_DDR4,ADATA ECC U-DIMM 2X 32 GB 2933 MHz
Memory,ADATA,ECC U-DIMM 2X 32 GB 3200 MHz,Y,Y,460,240,18,35,,,,32,3200,DDR4 (ECC) 2X,1.25,32,1,9.3,ECC U-DIMM 2X,,1.58,3766,Prefabs/RAM/ADATA/ADATA_Premier_DDR4,ADATA ECC U-DIMM 2X 32 GB 3200 MHz
Memory,ADATA,ECC U-DIMM 2X 64 GB 2133 MHz,Y,Y,490,270,19,1,,,,64,2133,DDR4 (ECC) 2X,1.25,64,1,9.3,ECC U-DIMM 2X,,1.58,2900,Prefabs/RAM/ADATA/ADATA_Premier_DDR4,ADATA ECC U-DIMM 2X 64 GB 2133 MHz
Memory,ADATA,ECC U-DIMM 2X 64 GB 2400 MHz,Y,Y,530,300,19,45,,,,64,2400,DDR4 (ECC) 2X,1.25,64,1,9.3,ECC U-DIMM 2X,,1.58,3100,Prefabs/RAM/ADATA/ADATA_Premier_DDR4,ADATA ECC U-DIMM 2X 64 GB 2400 MHz
Memory,ADATA,ECC U-DIMM 2X 64 GB 2666 MHz,Y,Y,570,340,20,15,,,,64,2666,DDR4 (ECC) 2X,1.25,64,1,9.3,ECC U-DIMM 2X,,1.58,3300,Prefabs/RAM/ADATA/ADATA_Premier_DDR4,ADATA ECC U-DIMM 2X 64 GB 2666 MHz
Memory,ADATA,ECC U-DIMM 2X 64 GB 2993 MHz,Y,Y,610,360,20,95,,,,64,2993,DDR4 (ECC) 2X,1.25,64,1,9.3,ECC U-DIMM 2X,,1.58,3300,Prefabs/RAM/ADATA/ADATA_Premier_DDR4,ADATA ECC U-DIMM 2X 64 GB 2993 MHz
Memory,ADATA,ECC U-DIMM 2X 64 GB 3200 MHz,Y,Y,640,380,21,25,,,,64,3200,DDR4 (ECC) 2X,1.25,64,1,9.3,ECC U-DIMM 2X,,1.58,3500,Prefabs/RAM/ADATA/ADATA_Premier_DDR4,ADATA ECC U-DIMM 2X 64 GB 3200 MHz
Memory,ADATA,ECC U-DIMM 2X 64 GB 3200 MHz,Y,,640,380,21,25,,,,64,3200,DDR4 (ECC) 2X,1.25,64,1,9.3,ECC U-DIMM 2X,,1.58,3500,Prefabs/RAM/ADATA/ADATA_Premier_DDR4,ADATA ECC U-DIMM 2X 64 GB 3200 MHz
Memory,ADATA,ECC U-DIMM 32 GB 2133 MHz,Y,Y,245,135,18,1,,,,32,2133,DDR4 (ECC),1.25,32,1,9.3,ECC U-DIMM,,1.58,3000,Prefabs/RAM/ADATA/ADATA_Premier_DDR4,ADATA ECC U-DIMM 32 GB 2133 MHz
Memory,ADATA,ECC U-DIMM 32 GB 2400 MHz,Y,Y,265,150,18,45,,,,32,2400,DDR4 (ECC),1.25,32,1,9.3,ECC U-DIMM,,1.58,3200,Prefabs/RAM/ADATA/ADATA_Premier_DDR4,ADATA ECC U-DIMM 32 GB 2400 MHz
Memory,ADATA,ECC U-DIMM 32 GB 2666 MHz,Y,Y,285,170,19,15,,,,32,2666,DDR4 (ECC),1.25,32,1,9.3,ECC U-DIMM,,1.58,3400,Prefabs/RAM/ADATA/ADATA_Premier_DDR4,ADATA ECC U-DIMM 32 GB 2666 MHz
Memory,ADATA,ECC U-DIMM 32 GB 2993 MHz,Y,Y,305,180,19,95,,,,32,2993,DDR4 (ECC),1.25,32,1,9.3,ECC U-DIMM,,1.58,3400,Prefabs/RAM/ADATA/ADATA_Premier_DDR4,ADATA ECC U-DIMM 32 GB 2993 MHz
Memory,ADATA,ECC U-DIMM 32 GB 3200 MHz,Y,,320,190,20,25,,,,32,3200,DDR4 (ECC),1.25,32,1,9.3,ECC U-DIMM,,1.58,3600,Prefabs/RAM/ADATA/ADATA_Premier_DDR4,ADATA ECC U-DIMM 32 GB 3200 MHz
Memory,ADATA,ECC U-DIMM 32 GB 3200 MHz,Y,Y,320,190,20,25,,,,32,3200,DDR4 (ECC),1.25,32,1,9.3,ECC U-DIMM,,1.58,3600,Prefabs/RAM/ADATA/ADATA_Premier_DDR4,ADATA ECC U-DIMM 32 GB 3200 MHz
Memory,ADATA,ECC U-DIMM 4X 128 GB 2133 MHz,Y,Y,980,540,19,1,,,,128,2133,DDR4 (ECC) 4X,1.25,128,1,7.7,ECC U-DIMM 4X,,1.58,2800,Prefabs/RAM/ADATA/ADATA_Premier_DDR4,ADATA ECC U-DIMM 4X 128 GB 2133 MHz
Memory,ADATA,ECC U-DIMM 4X 128 GB 2400 MHz,Y,Y,1060,600,19,45,,,,128,2400,DDR4 (ECC) 4X,1.25,128,1,8.3,ECC U-DIMM 4X,,1.58,3000,Prefabs/RAM/ADATA/ADATA_Premier_DDR4,ADATA ECC U-DIMM 4X 128 GB 2400 MHz
Memory,ADATA,ECC U-DIMM 4X 128 GB 2666 MHz,Y,Y,1140,680,20,15,,,,128,2666,DDR4 (ECC) 4X,1.25,128,1,8.9,ECC U-DIMM 4X,,1.58,3200,Prefabs/RAM/ADATA/ADATA_Premier_DDR4,ADATA ECC U-DIMM 4X 128 GB 2666 MHz
Memory,ADATA,ECC U-DIMM 4X 128 GB 2993 MHz,Y,Y,1220,720,20,95,,,,128,2993,DDR4 (ECC) 4X,1.25,128,1,9.5,ECC U-DIMM 4X,,1.58,3200,Prefabs/RAM/ADATA/ADATA_Premier_DDR4,ADATA ECC U-DIMM 4X 128 GB 2993 MHz
Memory,ADATA,ECC U-DIMM 4X 128 GB 3200 MHz,Y,,1280,760,21,25,,,,128,3200,DDR4 (ECC) 4X,1.25,128,1,10.0,ECC U-DIMM 4X,,1.58,3400,Prefabs/RAM/ADATA/ADATA_Premier_DDR4,ADATA ECC U-DIMM 4X 128 GB 3200 MHz
Memory,ADATA,ECC U-DIMM 4X 128 GB 3200 MHz,Y,Y,1280,760,21,25,,,,128,3200,DDR4 (ECC) 4X,1.25,128,1,10.0,ECC U-DIMM 4X,,1.58,3400,Prefabs/RAM/ADATA/ADATA_Premier_DDR4,ADATA ECC U-DIMM 4X 128 GB 3200 MHz
Memory,ADATA,ECC U-DIMM 4X 256 GB 2133 MHz,Y,Y,1940,1420,23,25,,,,256,2133,DDR4 (ECC) 4X,1.25,256,1,7.6,ECC U-DIMM 4X,,1.58,2600,Prefabs/RAM/ADATA/ADATA_Premier_DDR4,ADATA ECC U-DIMM 4X 256 GB 2133 MHz
Memory,ADATA,ECC U-DIMM 4X 256 GB 2400 MHz,Y,Y,2020,1480,23,75,,,,256,2400,DDR4 (ECC) 4X,1.25,256,1,7.9,ECC U-DIMM 4X,,1.58,2800,Prefabs/RAM/ADATA/ADATA_Premier_DDR4,ADATA ECC U-DIMM 4X 256 GB 2400 MHz
Memory,ADATA,ECC U-DIMM 4X 256 GB 2400 MHz,Y,Y,2020,1560,24,1,,,,256,2400,DDR4 (ECC) 4X,1.25,256,1,7.9,ECC U-DIMM 4X,,1.58,2800,Prefabs/RAM/ADATA/ADATA_Premier_DDR4,ADATA ECC U-DIMM 4X 256 GB 2400 MHz
Memory,ADATA,ECC U-DIMM 4X 256 GB 2666 MHz,Y,Y,2100,1620,24,45,,,,256,2666,DDR4 (ECC) 4X,1.25,256,1,8.2,ECC U-DIMM 4X,,1.58,3000,Prefabs/RAM/ADATA/ADATA_Premier_DDR4,ADATA ECC U-DIMM 4X 256 GB 2666 MHz
Memory,ADATA,ECC U-DIMM 4X 256 GB 2933 MHz,Y,Y,2180,1620,24,45,,,,256,2933,DDR4 (ECC) 4X,1.25,256,1,8.5,ECC U-DIMM 4X,,1.58,3233,Prefabs/RAM/ADATA/ADATA_Premier_DDR4,ADATA ECC U-DIMM 4X 256 GB 2933 MHz
Memory,ADATA,ECC U-DIMM 4X 256 GB 3200 MHz,Y,Y,2240,1620,25,15,,,,256,3200,DDR4 (ECC) 4X,1.25,256,1,8.8,ECC U-DIMM 4X,,1.58,3450,Prefabs/RAM/ADATA/ADATA_Premier_DDR4,ADATA ECC U-DIMM 4X 256 GB 3200 MHz
Memory,ADATA,ECC U-DIMM 4X 32 GB 2133 MHz,Y,Y,380,220,16,1,,,,32,2133,DDR4 (ECC) 4X,1.25,32,1,11.9,ECC U-DIMM 4X,,1.58,3400,Prefabs/RAM/ADATA/ADATA_Premier_DDR4,ADATA ECC U-DIMM 4X 32 GB 2133 MHz
Memory,ADATA,ECC U-DIMM 4X 32 GB 2400 MHz,Y,Y,460,260,16,45,,,,32,2400,DDR4 (ECC) 4X,1.25,32,1,14.4,ECC U-DIMM 4X,,1.58,3550,Prefabs/RAM/ADATA/ADATA_Premier_DDR4,ADATA ECC U-DIMM 4X 32 GB 2400 MHz
Memory,ADATA,ECC U-DIMM 4X 32 GB 2666 MHz,Y,Y,540,340,17,15,,,,32,2666,DDR4 (ECC) 4X,1.25,32,1,16.9,ECC U-DIMM 4X,,1.58,3650,Prefabs/RAM/ADATA/ADATA_Premier_DDR4,ADATA ECC U-DIMM 4X 32 GB 2666 MHz
Memory,ADATA,ECC U-DIMM 4X 32 GB 2933 MHz,Y,Y,620,380,17,95,,,,32,2933,DDR4 (ECC) 4X,1.25,32,1,19.4,ECC U-DIMM 4X,,1.58,3800,Prefabs/RAM/ADATA/ADATA_Premier_DDR4,ADATA ECC U-DIMM 4X 32 GB 2933 MHz
Memory,ADATA,ECC U-DIMM 4X 32 GB 3200 MHz,Y,Y,680,460,18,35,,,,32,3200,DDR4 (ECC) 4X,1.25,32,1,21.3,ECC U-DIMM 4X,,1.58,4000,Prefabs/RAM/ADATA/ADATA_Premier_DDR4,ADATA ECC U-DIMM 4X 32 GB 3200 MHz
Memory,ADATA,ECC U-DIMM 4X 64 GB 2133 MHz,Y,Y,620,320,16,1,,,,64,2133,DDR4 (ECC) 4X,1.25,64,1,9.7,ECC U-DIMM 4X,,1.58,3000,Prefabs/RAM/ADATA/ADATA_Premier_DDR4,ADATA ECC U-DIMM 4X 64 GB 2133 MHz
Memory,ADATA,ECC U-DIMM 4X 64 GB 2400 MHz,Y,Y,700,360,16,45,,,,64,2400,DDR4 (ECC) 4X,1.25,64,1,10.9,ECC U-DIMM 4X,,1.58,3100,Prefabs/RAM/ADATA/ADATA_Premier_DDR4,ADATA ECC U-DIMM 4X 64 GB 2400 MHz
Memory,ADATA,ECC U-DIMM 4X 64 GB 2666 MHz,Y,Y,780,388,17,15,,,,64,2666,DDR4 (ECC) 4X,1.25,64,1,12.2,ECC U-DIMM 4X,,1.58,3200,Prefabs/RAM/ADATA/ADATA_Premier_DDR4,ADATA ECC U-DIMM 4X 64 GB 2666 MHz
Memory,ADATA,ECC U-DIMM 4X 64 GB 2933 MHz,Y,Y,860,420,17,95,,,,64,2933,DDR4 (ECC) 4X,1.25,64,1,13.4,ECC U-DIMM 4X,,1.58,3400,Prefabs/RAM/ADATA/ADATA_Premier_DDR4,ADATA ECC U-DIMM 4X 64 GB 2933 MHz
Memory,ADATA,ECC U-DIMM 4X 64 GB 3200 MHz,Y,Y,920,480,18,35,,,,64,3200,DDR4 (ECC) 4X,1.25,64,1,14.4,ECC U-DIMM 4X,,1.58,3666,Prefabs/RAM/ADATA/ADATA_Premier_DDR4,ADATA ECC U-DIMM 4X 64 GB 3200 MHz
Memory,ADATA,ECC U-DIMM 64 GB 2133 MHz,Y,Y,485,355,22,25,,,,64,2133,DDR4 (ECC),1.25,64,1,9.3,ECC U-DIMM,,1.58,2800,Prefabs/RAM/ADATA/ADATA_Premier_DDR4,ADATA ECC U-DIMM 64 GB 2133 MHz
Memory,ADATA,ECC U-DIMM 64 GB 2400 MHz,Y,Y,505,370,22,75,,,,64,2400,DDR4 (ECC),1.25,64,1,9.3,ECC U-DIMM,,1.58,3000,Prefabs/RAM/ADATA/ADATA_Premier_DDR4,ADATA ECC U-DIMM 64 GB 2400 MHz
Memory,ADATA,ECC U-DIMM 64 GB 2400 MHz,Y,Y,505,390,23,1,,,,64,2400,DDR4 (ECC),1.25,64,1,9.3,ECC U-DIMM,,1.58,3000,Prefabs/RAM/ADATA/ADATA_Premier_DDR4,ADATA ECC U-DIMM 64 GB 2400 MHz
Memory,ADATA,ECC U-DIMM 64 GB 2666 MHz,Y,Y,525,405,23,45,,,,64,2666,DDR4 (ECC),1.25,64,1,9.3,ECC U-DIMM,,1.58,3200,Prefabs/RAM/ADATA/ADATA_Premier_DDR4,ADATA ECC U-DIMM 64 GB 2666 MHz
Memory,ADATA,ECC U-DIMM 64 GB 2933 MHz,Y,Y,545,405,23,45,,,,64,2933,DDR4 (ECC),1.25,64,1,9.3,ECC U-DIMM,,1.58,3433,Prefabs/RAM/ADATA/ADATA_Premier_DDR4,ADATA ECC U-DIMM 64 GB 2933 MHz
Memory,ADATA,ECC U-DIMM 64 GB 3200 MHz,Y,Y,560,405,24,15,,,,64,3200,DDR4 (ECC),1.25,64,1,9.3,ECC U-DIMM,,1.58,3650,Prefabs/RAM/ADATA/ADATA_Premier_DDR4,ADATA ECC U-DIMM 64 GB 3200 MHz
Memory,ADATA,ECC U-DIMM 8 GB 2133 MHz,Y,Y,95,55,15,1,,,,8,2133,DDR4 (ECC),1.25,8,1,9.3,ECC U-DIMM,,1.58,3600,Prefabs/RAM/ADATA/ADATA_Premier_DDR4,ADATA ECC U-DIMM 8 GB 2133 MHz
Memory,ADATA,ECC U-DIMM 8 GB 2400 MHz,Y,Y,115,65,15,45,,,,8,2400,DDR4 (ECC),1.25,8,1,9.3,ECC U-DIMM,,1.58,3750,Prefabs/RAM/ADATA/ADATA_Premier_DDR4,ADATA ECC U-DIMM 8 GB 2400 MHz
Memory,ADATA,ECC U-DIMM 8 GB 2666 MHz,Y,Y,135,85,16,15,,,,8,2666,DDR4 (ECC),1.25,8,1,9.3,ECC U-DIMM,,1.58,3850,Prefabs/RAM/ADATA/ADATA_Premier_DDR4,ADATA ECC U-DIMM 8 GB 2666 MHz
Memory,ADATA,ECC U-DIMM 8 GB 2933 MHz,Y,Y,155,95,16,95,,,,8,2933,DDR4 (ECC),1.25,8,1,9.3,ECC U-DIMM,,1.58,4000,Prefabs/RAM/ADATA/ADATA_Premier_DDR4,ADATA ECC U-DIMM 8 GB 2933 MHz
Memory,ADATA,ECC U-DIMM 8 GB 3200 MHz,Y,Y,170,115,17,35,,,,8,3200,DDR4 (ECC),1.25,8,1,9.3,ECC U-DIMM,,1.58,4200,Prefabs/RAM/ADATA/ADATA_Premier_DDR4,ADATA ECC U-DIMM 8 GB 3200 MHz
Memory,ADATA,ECC U-DIMM 8X 128 GB 2133 MHz,Y,Y,1240,640,16,1,,,,128,2133,DDR4 (ECC) 8X,1.25,128,1,9.7,ECC U-DIMM 8X,,1.58,2800,Prefabs/RAM/ADATA/ADATA_Premier_DDR4,ADATA ECC U-DIMM 8X 128 GB 2133 MHz
Memory,ADATA,ECC U-DIMM 8X 128 GB 2400 MHz,Y,Y,1400,720,16,45,,,,128,2400,DDR4 (ECC) 8X,1.25,128,1,10.9,ECC U-DIMM 8X,,1.58,2900,Prefabs/RAM/ADATA/ADATA_Premier_DDR4,ADATA ECC U-DIMM 8X 128 GB 2400 MHz
Memory,ADATA,ECC U-DIMM 8X 128 GB 2666 MHz,Y,Y,1560,776,17,15,,,,128,2666,DDR4 (ECC) 8X,1.25,128,1,12.2,ECC U-DIMM 8X,,1.58,3000,Prefabs/RAM/ADATA/ADATA_Premier_DDR4,ADATA ECC U-DIMM 8X 128 GB 2666 MHz
Memory,ADATA,ECC U-DIMM 8X 128 GB 2933 MHz,Y,Y,1720,840,17,95,,,,128,2933,DDR4 (ECC) 8X,1.25,128,1,13.4,ECC U-DIMM 8X,,1.58,3200,Prefabs/RAM/ADATA/ADATA_Premier_DDR4,ADATA ECC U-DIMM 8X 128 GB 2933 MHz
Memory,ADATA,ECC U-DIMM 8X 128 GB 3200 MHz,Y,Y,1840,960,18,35,,,,128,3200,DDR4 (ECC) 8X,1.25,128,1,14.4,ECC U-DIMM 8X,,1.58,3466,Prefabs/RAM/ADATA/ADATA_Premier_DDR4,ADATA ECC U-DIMM 8X 128 GB 3200 MHz
Memory,ADATA,ECC U-DIMM 8X 256 GB 2133 MHz,Y,Y,1960,1080,19,1,,,,256,2133,DDR4 (ECC) 8X,1.25,256,1,7.7,ECC U-DIMM 8X,,1.58,2600,Prefabs/RAM/ADATA/ADATA_Premier_DDR4,ADATA ECC U-DIMM 8X 256 GB 2133 MHz
Memory,ADATA,ECC U-DIMM 8X 256 GB 2400 MHz,Y,Y,2120,1200,19,45,,,,256,2400,DDR4 (ECC) 8X,1.25,256,1,8.3,ECC U-DIMM 8X,,1.58,2800,Prefabs/RAM/ADATA/ADATA_Premier_DDR4,ADATA ECC U-DIMM 8X 256 GB 2400 MHz
Memory,ADATA,ECC U-DIMM 8X 256 GB 2666 MHz,Y,Y,2280,1360,20,15,,,,256,2666,DDR4 (ECC) 8X,1.25,256,1,8.9,ECC U-DIMM 8X,,1.58,3000,Prefabs/RAM/ADATA/ADATA_Premier_DDR4,ADATA ECC U-DIMM 8X 256 GB 2666 MHz
Memory,ADATA,ECC U-DIMM 8X 256 GB 2993 MHz,Y,Y,2440,1440,20,95,,,,256,2993,DDR4 (ECC) 8X,1.25,256,1,9.5,ECC U-DIMM 8X,,1.58,3000,Prefabs/RAM/ADATA/ADATA_Premier_DDR4,ADATA ECC U-DIMM 8X 256 GB 2993 MHz
Memory,ADATA,ECC U-DIMM 8X 256 GB 3200 MHz,Y,,2560,1520,21,25,,,,256,3200,DDR4 (ECC) 8X,1.25,256,1,10.0,ECC U-DIMM 8X,,1.58,3200,Prefabs/RAM/ADATA/ADATA_Premier_DDR4,ADATA ECC U-DIMM 8X 256 GB 3200 MHz
Memory,ADATA,ECC U-DIMM 8X 256 GB 3200 MHz,Y,Y,2560,1520,21,25,,,,256,3200,DDR4 (ECC) 8X,1.25,256,1,10.0,ECC U-DIMM 8X,,1.58,3200,Prefabs/RAM/ADATA/ADATA_Premier_DDR4,ADATA ECC U-DIMM 8X 256 GB 3200 MHz
Memory,ADATA,ECC U-DIMM 8X 512 GB 2133 MHz,Y,Y,3880,2840,23,25,,,,512,2133,DDR4 (ECC) 8X,1.25,512,1,7.6,ECC U-DIMM 8X,,1.58,2400,Prefabs/RAM/ADATA/ADATA_Premier_DDR4,ADATA ECC U-DIMM 8X 512 GB 2133 MHz
Memory,ADATA,ECC U-DIMM 8X 512 GB 2400 MHz,Y,Y,4040,2960,23,75,,,,512,2400,DDR4 (ECC) 8X,1.25,512,1,7.9,ECC U-DIMM 8X,,1.58,2600,Prefabs/RAM/ADATA/ADATA_Premier_DDR4,ADATA ECC U-DIMM 8X 512 GB 2400 MHz
Memory,ADATA,ECC U-DIMM 8X 512 GB 2400 MHz,Y,Y,4040,3120,24,1,,,,512,2400,DDR4 (ECC) 8X,1.25,512,1,7.9,ECC U-DIMM 8X,,1.58,2600,Prefabs/RAM/ADATA/ADATA_Premier_DDR4,ADATA ECC U-DIMM 8X 512 GB 2400 MHz
Memory,ADATA,ECC U-DIMM 8X 512 GB 2666 MHz,Y,Y,4200,3240,24,45,,,,512,2666,DDR4 (ECC) 8X,1.25,512,1,8.2,ECC U-DIMM 8X,,1.58,2800,Prefabs/RAM/ADATA/ADATA_Premier_DDR4,ADATA ECC U-DIMM 8X 512 GB 2666 MHz
Memory,ADATA,ECC U-DIMM 8X 512 GB 2933 MHz,Y,Y,4360,3240,24,45,,,,512,2933,DDR4 (ECC) 8X,1.25,512,1,8.5,ECC U-DIMM 8X,,1.58,3033,Prefabs/RAM/ADATA/ADATA_Premier_DDR4,ADATA ECC U-DIMM 8X 512 GB 2933 MHz
Memory,ADATA,ECC U-DIMM 8X 512 GB 3200 MHz,Y,Y,4480,3240,25,15,,,,512,3200,DDR4 (ECC) 8X,1.25,512,1,8.8,ECC U-DIMM 8X,,1.58,3250,Prefabs/RAM/ADATA/ADATA_Premier_DDR4,ADATA ECC U-DIMM 8X 512 GB 3200 MHz
Memory,ADATA,ECC U-DIMM 8X 64 GB 2133 MHz,Y,Y,760,440,16,1,,,,64,2133,DDR4 (ECC) 8X,1.25,64,1,11.9,ECC U-DIMM 8X,,1.58,3200,Prefabs/RAM/ADATA/ADATA_Premier_DDR4,ADATA ECC U-DIMM 8X 64 GB 2133 MHz
Memory,ADATA,ECC U-DIMM 8X 64 GB 2400 MHz,Y,Y,920,520,16,45,,,,64,2400,DDR4 (ECC) 8X,1.25,64,1,14.4,ECC U-DIMM 8X,,1.58,3350,Prefabs/RAM/ADATA/ADATA_Premier_DDR4,ADATA ECC U-DIMM 8X 64 GB 2400 MHz
Memory,ADATA,ECC U-DIMM 8X 64 GB 2666 MHz,Y,Y,1080,680,17,15,,,,64,2666,DDR4 (ECC) 8X,1.25,64,1,16.9,ECC U-DIMM 8X,,1.58,3450,Prefabs/RAM/ADATA/ADATA_Premier_DDR4,ADATA ECC U-DIMM 8X 64 GB 2666 MHz
Memory,ADATA,ECC U-DIMM 8X 64 GB 2933 MHz,Y,Y,1240,760,17,95,,,,64,2933,DDR4 (ECC) 8X,1.25,64,1,19.4,ECC U-DIMM 8X,,1.58,3600,Prefabs/RAM/ADATA/ADATA_Premier_DDR4,ADATA ECC U-DIMM 8X 64 GB 2933 MHz
Memory,ADATA,ECC U-DIMM 8X 64 GB 3200 MHz,Y,Y,1360,920,18,35,,,,64,3200,DDR4 (ECC) 8X,1.25,64,1,21.3,ECC U-DIMM 8X,,1.58,3800,Prefabs/RAM/ADATA/ADATA_Premier_DDR4,ADATA ECC U-DIMM 8X 64 GB 3200 MHz
Memory,ADATA,Premier Series 4 GB 2133 MHz,,Y,35,12,2,1,1.0,,,4,2133,DDR4,1.2,4,1,8.8,Premier Series,,1.65,2282,Prefabs/RAM/ADATA/ADATA_Premier_DDR4,ADATA Premier Series 4 GB 2133 MHz
Memory,ADATA,Premier Series 8 GB 2133 MHz,,Y,60,20,2,1,1.0,,,8,2133,DDR4,1.2,8,1,7.5,Premier Series,,1.65,2282,Prefabs/RAM/ADATA/ADATA_Premier_DDR4,ADATA Premier Series 8 GB 2133 MHz
Memory,ADATA,Premier Series DDR5 16 GB 4800 MHz,Y,Y,630,485,31,1,,,,16,4800,DDR5,1.1,16,1,8.8,Premier Series DDR5,,1.85,5425,Prefabs/RAM/ADATA/ADATA_Premier_DDR4,ADATA Premier Series DDR5 16 GB 4800 MHz
Memory,ADATA,Premier Series DDR5 32 GB 4800 MHz,Y,Y,760,615,32,1,,,,32,4800,DDR5,1.1,32,1,8.8,Premier Series DDR5,,1.85,5300,Prefabs/RAM/ADATA/ADATA_Premier_DDR4,ADATA Premier Series DDR5 32 GB 4800 MHz
Memory,ADATA,Premier Series DDR5 64 GB 4800 MHz,Y,Y,990,845,33,50,,,,64,4800,DDR5,1.1,64,1,8.8,Premier Series DDR5,,1.85,5175,Prefabs/RAM/ADATA/ADATA_Premier_DDR4,ADATA Premier Series DDR5 64 GB 4800 MHz
Memory,ADATA,Premier Series DDR5 8 GB 4800 MHz,Y,Y,500,385,31,1,,,,8,4800,DDR5,1.1,8,1,8.8,Premier Series DDR5,,1.85,5550,Prefabs/RAM/ADATA/ADATA_Premier_DDR4,ADATA Premier Series DDR5 8 GB 4800 MHz
Memory,ADATA,RDIMM DDR5 16 GB 3200 MHz,Y,Y,450,285,35,35,,,,16,3200,DDR5 (RDIMM),1.1,16,1,9.3,RDIMM DDR5,,1.58,3900,Prefabs/RAM/ADATA/ADATA_Premier_DDR4,ADATA RDIMM DDR5 16 GB 3200 MHz
Memory,ADATA,RDIMM DDR5 16 GB 4800 MHz,Y,Y,790,625,35,70,,,,16,4800,DDR5 (RDIMM),1.1,16,1,9.3,RDIMM DDR5,,1.58,5500,Prefabs/RAM/ADATA/ADATA_Premier_DDR4,ADATA RDIMM DDR5 16 GB 4800 MHz
Memory,ADATA,RDIMM DDR5 16 GB 5600 MHz,Y,Y,885,715,36,5,,,,16,5600,DDR5 (RDIMM),1.1,16,1,9.3,RDIMM DDR5,,1.58,6300,Prefabs/RAM/ADATA/ADATA_Premier_DDR4,ADATA RDIMM DDR5 16 GB 5600 MHz
Memory,ADATA,RDIMM DDR5 16 GB 6400 MHz,Y,Y,990,820,36,40,,,,16,6400,DDR5 (RDIMM),1.1,16,1,9.3,RDIMM DDR5,,1.58,7100,Prefabs/RAM/ADATA/ADATA_Premier_DDR4,ADATA RDIMM DDR5 16 GB 6400 MHz
Memory,ADATA,RDIMM DDR5 16 GB 7200 MHz,Y,Y,1100,1020,36,75,,,,16,7200,DDR5 (RDIMM),1.1,16,1,9.3,RDIMM DDR5,,1.58,8200,Prefabs/RAM/ADATA/ADATA_Premier_DDR4,ADATA RDIMM DDR5 16 GB 7200 MHz
Memory,ADATA,RDIMM DDR5 16 GB 8400 MHz,Y,Y,1250,1170,37,10,,,,16,8400,DDR5 (RDIMM),1.1,16,1,9.3,RDIMM DDR5,,1.58,8900,Prefabs/RAM/ADATA/ADATA_Premier_DDR4,ADATA RDIMM DDR5 16 GB 8400 MHz
Memory,ADATA,RDIMM DDR5 2X 128 GB 3200 MHz,Y,Y,1790,1460,37,1,,,,128,3200,DDR5 (RDIMM) 2X,1.1,128,1,9.3,RDIMM DDR5 2X,,1.58,3500,Prefabs/RAM/ADATA/ADATA_Premier_DDR4,ADATA RDIMM DDR5 2X 128 GB 3200 MHz
Memory,ADATA,RDIMM DDR5 2X 128 GB 4800 MHz,Y,Y,2470,2140,37,30,,,,128,4800,DDR5 (RDIMM) 2X,1.1,128,1,9.3,RDIMM DDR5 2X,,1.58,5100,Prefabs/RAM/ADATA/ADATA_Premier_DDR4,ADATA RDIMM DDR5 2X 128 GB 4800 MHz
Memory,ADATA,RDIMM DDR5 2X 128 GB 5600 MHz,Y,Y,2670,2340,37,75,,,,128,5600,DDR5 (RDIMM) 2X,1.1,128,1,9.3,RDIMM DDR5 2X,,1.58,6000,Prefabs/RAM/ADATA/ADATA_Premier_DDR4,ADATA RDIMM DDR5 2X 128 GB 5600 MHz
Memory,ADATA,RDIMM DDR5 2X 128 GB 6400 MHz,Y,Y,2900,2740,38,1,,,,128,6400,DDR5 (RDIMM) 2X,1.1,128,1,9.3,RDIMM DDR5 2X,,1.58,6700,Prefabs/RAM/ADATA/ADATA_Premier_DDR4,ADATA RDIMM DDR5 2X 128 GB 6400 MHz
Memory,ADATA,RDIMM DDR5 2X 128 GB 7200 MHz,Y,Y,3300,3140,38,35,,,,128,7200,DDR5 (RDIMM) 2X,1.1,128,1,9.3,RDIMM DDR5 2X,,1.58,7800,Prefabs/RAM/ADATA/ADATA_Premier_DDR4,ADATA RDIMM DDR5 2X 128 GB 7200 MHz
Memory,ADATA,RDIMM DDR5 2X 128 GB 8400 MHz,Y,Y,3600,3440,38,65,,,,128,8400,DDR5 (RDIMM) 2X,1.1,128,1,9.3,RDIMM DDR5 2X,,1.58,8500,Prefabs/RAM/ADATA/ADATA_Premier_DDR4,ADATA RDIMM DDR5 2X 128 GB 8400 MHz
Memory,ADATA,RDIMM DDR5 2X 32 GB 3200 MHz,Y,Y,900,570,36,35,,,,32,3200,DDR5 (RDIMM) 2X,1.1,32,1,9.3,RDIMM DDR5 2X,,1.58,3800,Prefabs/RAM/ADATA/ADATA_Premier_DDR4,ADATA RDIMM DDR5 2X 32 GB 3200 MHz
Memory,ADATA,RDIMM DDR5 2X 32 GB 4800 MHz,Y,Y,1580,1250,36,70,,,,32,4800,DDR5 (RDIMM) 2X,1.1,32,1,9.3,RDIMM DDR5 2X,,1.58,5400,Prefabs/RAM/ADATA/ADATA_Premier_DDR4,ADATA RDIMM DDR5 2X 32 GB 4800 MHz
Memory,ADATA,RDIMM DDR5 2X 32 GB 5600 MHz,Y,Y,1770,1430,37,5,,,,32,5600,DDR5 (RDIMM) 2X,1.1,32,1,9.3,RDIMM DDR5 2X,,1.58,6200,Prefabs/RAM/ADATA/ADATA_Premier_DDR4,ADATA RDIMM DDR5 2X 32 GB 5600 MHz
Memory,ADATA,RDIMM DDR5 2X 32 GB 6400 MHz,Y,Y,1980,1640,37,40,,,,32,6400,DDR5 (RDIMM) 2X,1.1,32,1,9.3,RDIMM DDR5 2X,,1.58,7000,Prefabs/RAM/ADATA/ADATA_Premier_DDR4,ADATA RDIMM DDR5 2X 32 GB 6400 MHz
Memory,ADATA,RDIMM DDR5 2X 32 GB 7200 MHz,Y,Y,2200,2040,37,75,,,,32,7200,DDR5 (RDIMM) 2X,1.1,32,1,9.3,RDIMM DDR5 2X,,1.58,8100,Prefabs/RAM/ADATA/ADATA_Premier_DDR4,ADATA RDIMM DDR5 2X 32 GB 7200 MHz
Memory,ADATA,RDIMM DDR5 2X 32 GB 8400 MHz,Y,Y,2500,2340,38,10,,,,32,8400,DDR5 (RDIMM) 2X,1.1,32,1,9.3,RDIMM DDR5 2X,,1.58,8800,Prefabs/RAM/ADATA/ADATA_Premier_DDR4,ADATA RDIMM DDR5 2X 32 GB 8400 MHz
Memory,ADATA,RDIMM DDR5 2X 64 GB 3200 MHz,Y,Y,1220,890,36,50,,,,64,3200,DDR5 (RDIMM) 2X,1.1,64,1,9.3,RDIMM DDR5 2X,,1.58,3700,Prefabs/RAM/ADATA/ADATA_Premier_DDR4,ADATA RDIMM DDR5 2X 64 GB 3200 MHz
Memory,ADATA,RDIMM DDR5 2X 64 GB 4800 MHz,Y,Y,1900,1570,36,85,,,,64,4800,DDR5 (RDIMM) 2X,1.1,64,1,9.3,RDIMM DDR5 2X,,1.58,5300,Prefabs/RAM/ADATA/ADATA_Premier_DDR4,ADATA RDIMM DDR5 2X 64 GB 4800 MHz
Memory,ADATA,RDIMM DDR5 2X 64 GB 5600 MHz,Y,Y,2100,1770,37,15,,,,64,5600,DDR5 (RDIMM) 2X,1.1,64,1,9.3,RDIMM DDR5 2X,,1.58,6200,Prefabs/RAM/ADATA/ADATA_Premier_DDR4,ADATA RDIMM DDR5 2X 64 GB 5600 MHz
Memory,ADATA,RDIMM DDR5 2X 64 GB 6400 MHz,Y,Y,2300,1840,37,45,,,,64,6400,DDR5 (RDIMM) 2X,1.1,64,1,9.3,RDIMM DDR5 2X,,1.58,6900,Prefabs/RAM/ADATA/ADATA_Premier_DDR4,ADATA RDIMM DDR5 2X 64 GB 6400 MHz
Memory,ADATA,RDIMM DDR5 2X 64 GB 7200 MHz,Y,Y,2500,2340,37,80,,,,64,7200,DDR5 (RDIMM) 2X,1.1,64,1,9.3,RDIMM DDR5 2X,,1.58,8000,Prefabs/RAM/ADATA/ADATA_Premier_DDR4,ADATA RDIMM DDR5 2X 64 GB 7200 MHz
Memory,ADATA,RDIMM DDR5 2X 64 GB 8400 MHz,Y,Y,2800,2840,38,10,,,,64,8400,DDR5 (RDIMM) 2X,1.1,64,1,9.3,RDIMM DDR5 2X,,1.58,8700,Prefabs/RAM/ADATA/ADATA_Premier_DDR4,ADATA RDIMM DDR5 2X 64 GB 8400 MHz
Memory,ADATA,RDIMM DDR5 32 GB 3200 MHz,Y,Y,610,445,35,50,,,,32,3200,DDR5 (RDIMM),1.1,32,1,9.3,RDIMM DDR5,,1.58,3800,Prefabs/RAM/ADATA/ADATA_Premier_DDR4,ADATA RDIMM DDR5 32 GB 3200 MHz
Memory,ADATA,RDIMM DDR5 32 GB 4800 MHz,Y,Y,950,785,35,85,,,,32,4800,DDR5 (RDIMM),1.1,32,1,9.3,RDIMM DDR5,,1.58,5400,Prefabs/RAM/ADATA/ADATA_Premier_DDR4,ADATA RDIMM DDR5 32 GB 4800 MHz
Memory,ADATA,RDIMM DDR5 32 GB 5600 MHz,Y,Y,1050,885,36,15,,,,32,5600,DDR5 (RDIMM),1.1,32,1,9.3,RDIMM DDR5,,1.58,6300,Prefabs/RAM/ADATA/ADATA_Premier_DDR4,ADATA RDIMM DDR5 32 GB 5600 MHz
Memory,ADATA,RDIMM DDR5 32 GB 6400 MHz,Y,Y,1150,920,36,45,,,,32,6400,DDR5 (RDIMM),1.1,32,1,9.3,RDIMM DDR5,,1.58,7000,Prefabs/RAM/ADATA/ADATA_Premier_DDR4,ADATA RDIMM DDR5 32 GB 6400 MHz
Memory,ADATA,RDIMM DDR5 32 GB 7200 MHz,Y,Y,1250,1170,36,80,,,,32,7200,DDR5 (RDIMM),1.1,32,1,9.3,RDIMM DDR5,,1.58,8100,Prefabs/RAM/ADATA/ADATA_Premier_DDR4,ADATA RDIMM DDR5 32 GB 7200 MHz
Memory,ADATA,RDIMM DDR5 32 GB 8400 MHz,Y,Y,1400,1420,37,10,,,,32,8400,DDR5 (RDIMM),1.1,32,1,9.3,RDIMM DDR5,,1.58,8800,Prefabs/RAM/ADATA/ADATA_Premier_DDR4,ADATA RDIMM DDR5 32 GB 8400 MHz
Memory,ADATA,RDIMM DDR5 64 GB 3200 MHz,Y,Y,895,730,36,1,,,,64,3200,DDR5 (RDIMM),1.1,64,1,9.3,RDIMM DDR5,,1.58,3600,Prefabs/RAM/ADATA/ADATA_Premier_DDR4,ADATA RDIMM DDR5 64 GB 3200 MHz
Memory,ADATA,RDIMM DDR5 64 GB 4800 MHz,Y,Y,1235,1070,36,30,,,,64,4800,DDR5 (RDIMM),1.1,64,1,9.3,RDIMM DDR5,,1.58,5200,Prefabs/RAM/ADATA/ADATA_Premier_DDR4,ADATA RDIMM DDR5 64 GB 4800 MHz
Memory,ADATA,RDIMM DDR5 64 GB 5600 MHz,Y,Y,1335,1170,36,75,,,,64,5600,DDR5 (RDIMM),1.1,64,1,9.3,RDIMM DDR5,,1.58,6100,Prefabs/RAM/ADATA/ADATA_Premier_DDR4,ADATA RDIMM DDR5 64 GB 5600 MHz
Memory,ADATA,RDIMM DDR5 64 GB 6400 MHz,Y,Y,1450,1370,37,1,,,,64,6400,DDR5 (RDIMM),1.1,64,1,9.3,RDIMM DDR5,,1.58,6800,Prefabs/RAM/ADATA/ADATA_Premier_DDR4,ADATA RDIMM DDR5 64 GB 6400 MHz
Memory,ADATA,RDIMM DDR5 64 GB 7200 MHz,Y,Y,1650,1570,37,35,,,,64,7200,DDR5 (RDIMM),1.1,64,1,9.3,RDIMM DDR5,,1.58,7900,Prefabs/RAM/ADATA/ADATA_Premier_DDR4,ADATA RDIMM DDR5 64 GB 7200 MHz
Memory,ADATA,RDIMM DDR5 64 GB 8400 MHz,Y,Y,1800,1720,37,65,,,,64,8400,DDR5 (RDIMM),1.1,64,1,9.3,RDIMM DDR5,,1.58,8600,Prefabs/RAM/ADATA/ADATA_Premier_DDR4,ADATA RDIMM DDR5 64 GB 8400 MHz
Memory,ADATA,SPECTRIX D40 RGB 8 GB 4000 MHz,,Y,150,50,24,20,1.0,,RGB,8,4000,DDR4,1.35,8,1,18.8,SPECTRIX D40 RGB,,1.65,4280,Prefabs/RAM/XPG/XPG_Spectrix_D40,ADATA SPECTRIX D40 RGB 8 GB 4000 MHz
Memory,ADATA,SPECTRIX D40 RGB 8 GB 4133 MHz,,Y,170,57,24,40,1.0,,RGB,8,4133,DDR4,1.4,8,1,21.3,SPECTRIX D40 RGB,,1.65,4422,Prefabs/RAM/XPG/XPG_Spectrix_D40,ADATA SPECTRIX D40 RGB 8 GB 4133 MHz
Memory,ADATA,SPECTRIX D40 RGB 8 GB 4266 MHz,,Y,190,63,24,60,1.0,,RGB,8,4266,DDR4,1.4,8,1,23.8,SPECTRIX D40 RGB,,1.65,4564,Prefabs/RAM/XPG/XPG_Spectrix_D40,ADATA SPECTRIX D40 RGB 8 GB 4266 MHz
Memory,ADATA,SPECTRIX D40 RGB 8 GB 4400 MHz,,Y,230,77,24,80,1.0,,RGB,8,4400,DDR4,1.4,8,1,28.8,SPECTRIX D40 RGB,,1.65,4708,Prefabs/RAM/XPG/XPG_Spectrix_D40,ADATA SPECTRIX D40 RGB 8 GB 4400 MHz
Memory,ADATA,SPECTRIX D41 RGB (Red) 8 GB 3000 MHz,,Y,110,37,19,20,1.0,,RGB,8,3000,DDR4,1.35,8,1,13.8,SPECTRIX D41 RGB (Red),,1.65,3210,Prefabs/RAM/XPG/XPG_Spectrix_D41,ADATA SPECTRIX D41 RGB (Red) 8 GB 3000 MHz
Memory,ADATA,SPECTRIX D41 RGB (Red) 8 GB 3200 MHz,,Y,120,40,19,50,1.0,,RGB,8,3200,DDR4,1.35,8,1,15.0,SPECTRIX D41 RGB (Red),,1.65,3424,Prefabs/RAM/XPG/XPG_Spectrix_D41,ADATA SPECTRIX D41 RGB (Red) 8 GB 3200 MHz
Memory,ADATA,SPECTRIX D41 RGB (Red) 8 GB 3600 MHz,,Y,130,43,19,80,1.0,,RGB,8,3600,DDR4,1.35,8,1,16.3,SPECTRIX D41 RGB (Red),,1.65,3852,Prefabs/RAM/XPG/XPG_Spectrix_D41,ADATA SPECTRIX D41 RGB (Red) 8 GB 3600 MHz
Memory,ADATA,SPECTRIX D45 RGB (Red) 16 GB 6000 MHz,Y,Y,750,545,34,85,,,RGB,16,6000,DDR5,1.1,16,1,13.8,SPECTRIX D45 RGB (Red),,1.85,6675,Prefabs/RAM/XPG/XPG_Spectrix_D41,ADATA SPECTRIX D45 RGB (Red) 16 GB 6000 MHz
Memory,ADATA,SPECTRIX D45 RGB (Red) 32 GB 6000 MHz,Y,Y,880,765,36,35,,,RGB,32,6000,DDR5,1.1,32,1,13.8,SPECTRIX D45 RGB (Red),,1.85,6550,Prefabs/RAM/XPG/XPG_Spectrix_D41,ADATA SPECTRIX D45 RGB (Red) 32 GB 6000 MHz
Memory,ADATA,SPECTRIX D45 RGB (Red) 64 GB 6000 MHz,Y,Y,1110,995,37,85,,,RGB,64,6000,DDR5,1.1,64,1,13.8,SPECTRIX D45 RGB (Red),,1.85,6425,Prefabs/RAM/XPG/XPG_Spectrix_D41,ADATA SPECTRIX D45 RGB (Red) 64 GB 6000 MHz
Memory,ADATA,SPECTRIX D45 RGB (Red) 8 GB 6000 MHz,Y,Y,620,505,34,85,,,RGB,8,6000,DDR5,1.1,8,1,13.8,SPECTRIX D45 RGB (Red),,1.85,6800,Prefabs/RAM/XPG/XPG_Spectrix_D41,ADATA SPECTRIX D45 RGB (Red) 8 GB 6000 MHz
Memory,ADATA,SPECTRIX D60G RGB 16 GB 3000 MHz,,Y,200,67,19,25,1.6,PC,RGB,16,3000,DDR4,1.35,16,1,12.5,SPECTRIX D60G RGB,,1.65,3210,Prefabs/RAM/ADATA/RAM_ADATA_Spectrix_D60G_DDR4_RGB_3000_16,ADATA SPECTRIX D60G RGB 16 GB 3000 MHz
Memory,ADATA,SPECTRIX D60G RGB 16 GB 3200 MHz,,Y,220,73,19,25,1.6,PC,RGB,16,3200,DDR4,1.35,16,1,13.8,SPECTRIX D60G RGB,,1.65,3424,Prefabs/RAM/ADATA/RAM_ADATA_Spectrix_D60G_DDR4_RGB_3200_16,ADATA SPECTRIX D60G RGB 16 GB 3200 MHz
Memory,ADATA,SPECTRIX D60G RGB 8 GB 3000 MHz,,Y,110,37,19,25,1.6,PC,RGB,8,3000,DDR4,1.35,8,1,13.8,SPECTRIX D60G RGB,,1.65,3210,Prefabs/RAM/ADATA/RAM_ADATA_Spectrix_D60G_DDR4_RGB_3000_8,ADATA SPECTRIX D60G RGB 8 GB 3000 MHz
Memory,ADATA,SPECTRIX D60G RGB 8 GB 3200 MHz,,Y,120,40,19,25,1.6,PC,RGB,8,3200,DDR4,1.35,8,1,15.0,SPECTRIX D60G RGB,,1.65,3424,Prefabs/RAM/ADATA/RAM_ADATA_Spectrix_D60G_DDR4_RGB_3200_8,ADATA SPECTRIX D60G RGB 8 GB 3200 MHz
Memory,ADATA,SPECTRIX D60G RGB 8 GB 3600 MHz,,Y,130,43,19,25,1.6,PC,RGB,8,3600,DDR4,1.4,8,1,16.3,SPECTRIX D60G RGB,,1.65,3852,Prefabs/RAM/ADATA/RAM_ADATA_Spectrix_D60G_DDR4_RGB_3600_8,ADATA SPECTRIX D60G RGB 8 GB 3600 MHz
Memory,ADATA,SPECTRIX D60G RGB 8 GB 4133 MHz,,Y,170,57,19,25,1.6,PC,RGB,8,4133,DDR4,1.4,8,1,21.3,SPECTRIX D60G RGB,,1.65,4422,Prefabs/RAM/ADATA/RAM_ADATA_Spectrix_D60G_DDR4_RGB_4133_8,ADATA SPECTRIX D60G RGB 8 GB 4133 MHz
Memory,ADATA,SPECTRIX D60X RGB 8 GB 5600 MHz,Y,Y,565,230,31,55,,PC,RGB,8,5600,DDR4,1.35,8,1,13.8,SPECTRIX D60X RGB,,1.75,6900,Prefabs/RAM/ADATA/RAM_ADATA_Spectrix_D60G_DDR4_RGB_3000_8,ADATA SPECTRIX D60X RGB 8 GB 5600 MHz
Memory,ADATA,SPECTRIX D80 RGB 8 GB 3000 MHz,,Y,110,37,23,10,1.0,,RGB,8,3000,DDR4,1.35,8,1,13.8,SPECTRIX D80 RGB,,1.65,3210,Prefabs/RAM/XPG/XPG_Spectrix_D80,ADATA SPECTRIX D80 RGB 8 GB 3000 MHz
Memory,ADATA,SPECTRIX D80 RGB 8 GB 3200 MHz,,Y,120,40,23,20,1.0,,RGB,8,3200,DDR4,1.35,8,1,15.0,SPECTRIX D80 RGB,,1.65,3424,Prefabs/RAM/XPG/XPG_Spectrix_D80,ADATA SPECTRIX D80 RGB 8 GB 3200 MHz
Memory,ADATA,SPECTRIX D80 RGB 8 GB 3600 MHz,,Y,130,43,23,50,1.0,,RGB,8,3600,DDR4,1.35,8,1,16.3,SPECTRIX D80 RGB,,1.65,3852,Prefabs/RAM/XPG/XPG_Spectrix_D80,ADATA SPECTRIX D80 RGB 8 GB 3600 MHz
Memory,ADATA,SPECTRIX D80 RGB 8 GB 4133 MHz,,Y,170,57,23,80,1.0,,RGB,8,4133,DDR4,1.35,8,1,21.3,SPECTRIX D80 RGB,,1.65,4422,Prefabs/RAM/XPG/XPG_Spectrix_D80,ADATA SPECTRIX D80 RGB 8 GB 4133 MHz
Memory,ADATA,SPECTRIX D80 RGB 8 GB 4600 MHz,Y,Y,235,60,24,10,,,RGB,8,4600,DDR4,1.35,8,1,29.3,SPECTRIX D80 RGB,,1.7,5300,Prefabs/RAM/XPG/XPG_Spectrix_D80,ADATA SPECTRIX D80 RGB 8 GB 4600 MHz
Memory,ADATA,SPECTRIX D80X RGB 8 GB 5600 MHz,Y,Y,575,210,31,35,,,RGB,8,5600,DDR4,1.35,8,1,29.3,SPECTRIX D80X RGB,,1.75,6200,Prefabs/RAM/XPG/XPG_Spectrix_D80,ADATA SPECTRIX D80X RGB 8 GB 5600 MHz
Memory,ADATA,SPECTRIX D85 RGB 16 GB 6400 MHz,Y,Y,790,675,35,35,,,RGB,16,6400,DDR5,1.1,16,1,13.8,SPECTRIX D85 RGB,,1.85,7225,Prefabs/RAM/XPG/XPG_Spectrix_D80,ADATA SPECTRIX D85 RGB 16 GB 6400 MHz
Memory,ADATA,SPECTRIX D85 RGB 32 GB 6400 MHz,Y,Y,920,805,36,35,,,RGB,32,6400,DDR5,1.1,32,1,13.8,SPECTRIX D85 RGB,,1.85,7100,Prefabs/RAM/XPG/XPG_Spectrix_D80,ADATA SPECTRIX D85 RGB 32 GB 6400 MHz
Memory,ADATA,SPECTRIX D85 RGB 64 GB 6400 MHz,Y,Y,1160,1045,37,85,,,RGB,64,6400,DDR5,1.1,64,1,13.8,SPECTRIX D85 RGB,,1.85,6975,Prefabs/RAM/XPG/XPG_Spectrix_D80,ADATA SPECTRIX D85 RGB 64 GB 6400 MHz
Memory,ADATA,SPECTRIX D85 RGB 8 GB 6400 MHz,Y,Y,660,545,35,35,,,RGB,8,6400,DDR5,1.1,8,1,13.8,SPECTRIX D85 RGB,,1.85,7350,Prefabs/RAM/XPG/XPG_Spectrix_D80,ADATA SPECTRIX D85 RGB 8 GB 6400 MHz
Memory,ADATA,XPG Dazzle (Red LED) 16 GB 2400 MHz,,Y,135,45,6,1,1.0,,Red,16,2400,DDR4,1.2,16,1,8.4,XPG Dazzle (Red LED),,1.65,2568,Prefabs/RAM/XPG/XPG_Dazzle_DDR4,ADATA XPG Dazzle (Red LED) 16 GB 2400 MHz
Memory,ADATA,XPG Dazzle (Red LED) 16 GB 3000 MHz,,Y,195,65,6,1,1.0,,Red,16,3000,DDR4,1.35,16,1,12.2,XPG Dazzle (Red LED),,1.65,3210,Prefabs/RAM/XPG/XPG_Dazzle_DDR4,ADATA XPG Dazzle (Red LED) 16 GB 3000 MHz
Memory,ADATA,XPG Dazzle (Red LED) 8 GB 2400 MHz,,Y,75,25,6,1,1.0,,Red,8,2400,DDR4,1.2,8,1,9.4,XPG Dazzle (Red LED),,1.65,2568,Prefabs/RAM/XPG/XPG_Dazzle_DDR4,ADATA XPG Dazzle (Red LED) 8 GB 2400 MHz
Memory,ADATA,XPG Dazzle (Red LED) 8 GB 3000 MHz,,Y,105,35,6,1,1.0,,Red,8,3000,DDR4,1.35,8,1,13.1,XPG Dazzle (Red LED),,1.65,3210,Prefabs/RAM/XPG/XPG_Dazzle_DDR4,ADATA XPG Dazzle (Red LED) 8 GB 3000 MHz
Memory,ADATA,XPG Flame 16 GB 3000 MHz,,Y,190,63,13,1,1.0,,,16,3000,DDR4,1.35,16,1,11.9,XPG Flame,,1.65,3210,Prefabs/RAM/XPG/XPG_Flame_DDR4,ADATA XPG Flame 16 GB 3000 MHz
Memory,ADATA,XPG Flame 8 GB 2666 MHz,,Y,80,27,13,1,1.0,,,8,2666,DDR4,1.2,8,1,10.0,XPG Flame,,1.65,2852,Prefabs/RAM/XPG/XPG_Flame_DDR4,ADATA XPG Flame 8 GB 2666 MHz
Memory,ADATA,XPG Flame 8 GB 3000 MHz,,Y,100,33,13,1,1.0,,,8,3000,DDR4,1.35,8,1,12.5,XPG Flame,,1.65,3210,Prefabs/RAM/XPG/XPG_Flame_DDR4,ADATA XPG Flame 8 GB 3000 MHz
Memory,ADATA,XPG GAMMIX D10 4 GB 2400 MHz,,Y,40,13,5,35,1.0,,,4,2400,DDR4,1.2,4,1,10.0,XPG GAMMIX D10,,1.65,2568,Prefabs/RAM/XPG/XPG_Gammix_D10,ADATA XPG GAMMIX D10 4 GB 2400 MHz
Memory,ADATA,XPG GAMMIX D10 4 GB 2666 MHz,,Y,45,15,5,35,1.0,,,4,2666,DDR4,1.2,4,1,11.3,XPG GAMMIX D10,,1.65,2852,Prefabs/RAM/XPG/XPG_Gammix_D10,ADATA XPG GAMMIX D10 4 GB 2666 MHz
Memory,ADATA,XPG GAMMIX D10 8 GB 2400 MHz,,Y,70,23,5,35,1.0,,,8,2400,DDR4,1.2,8,1,8.8,XPG GAMMIX D10,,1.65,2568,Prefabs/RAM/XPG/XPG_Gammix_D10,ADATA XPG GAMMIX D10 8 GB 2400 MHz
Memory,ADATA,XPG GAMMIX D10 8 GB 2666 MHz,,Y,80,27,5,35,1.0,,,8,2666,DDR4,1.2,8,1,10.0,XPG GAMMIX D10,,1.65,2852,Prefabs/RAM/XPG/XPG_Gammix_D10,ADATA XPG GAMMIX D10 8 GB 2666 MHz
Memory,ADATA,XPG GAMMIX D20 16 GB 5200 MHz,Y,Y,670,525,31,35,,,,16,5200,DDR5,1.1,16,1,10.0,XPG GAMMIX D20,,1.85,5825,Prefabs/RAM/XPG/XPG_Gammix_D10,ADATA XPG GAMMIX D20 16 GB 5200 MHz
Memory,ADATA,XPG GAMMIX D20 32 GB 5200 MHz,Y,Y,800,755,32,35,,,,32,5200,DDR5,1.1,32,1,10.0,XPG GAMMIX D20,,1.85,5700,Prefabs/RAM/XPG/XPG_Gammix_D10,ADATA XPG GAMMIX D20 32 GB 5200 MHz
Memory,ADATA,XPG GAMMIX D20 64 GB 5200 MHz,Y,Y,1030,985,33,85,,,,64,5200,DDR5,1.1,64,1,10.0,XPG GAMMIX D20,,1.85,5675,Prefabs/RAM/XPG/XPG_Gammix_D10,ADATA XPG GAMMIX D20 64 GB 5200 MHz
Memory,ADATA,XPG GAMMIX D20 8 GB 5200 MHz,Y,Y,540,425,31,35,,,,8,5200,DDR5,1.1,8,1,10.0,XPG GAMMIX D20,,1.85,5950,Prefabs/RAM/XPG/XPG_Gammix_D10,ADATA XPG GAMMIX D20 8 GB 5200 MHz
Memory,ADATA,XPG Z1 8 GB 4000 MHz,,Y,140,47,14,1,1.0,,,8,4000,DDR4,1.35,8,1,17.5,XPG Z1,,1.65,4280,Prefabs/RAM/XPG/XPG_Z1_DDR4,ADATA XPG Z1 8 GB 4000 MHz
Memory,ADATA,XPG Z1 8 GB 4133 MHz,,Y,160,53,17,1,1.0,,,8,4133,DDR4,1.4,8,1,20.0,XPG Z1,,1.65,4422,Prefabs/RAM/XPG/XPG_Z1_DDR4,ADATA XPG Z1 8 GB 4133 MHz
Memory,ADATA,XPG Z1 8 GB 4266 MHz,,Y,180,60,22,1,1.0,,,8,4266,DDR4,1.4,8,1,22.5,XPG Z1,,1.65,4564,Prefabs/RAM/XPG/XPG_Z1_DDR4,ADATA XPG Z1 8 GB 4266 MHz
Memory,ADATA,XPG Z1 8 GB 4400 MHz,,Y,220,73,24,1,1.0,,,8,4400,DDR4,1.4,8,1,27.5,XPG Z1,,1.65,4708,Prefabs/RAM/XPG/XPG_Z1_DDR4,ADATA XPG Z1 8 GB 4400 MHz
Memory,ADATA,XPG Z1 8 GB 4600 MHz,,Y,280,93,28,1,1.0,,,8,4600,DDR4,1.5,8,1,35.0,XPG Z1,,1.65,4922,Prefabs/RAM/XPG/XPG_Z1_DDR4,ADATA XPG Z1 8 GB 4600 MHz
Memory,ADATA,XPG Z2 16 GB 8400 MHz,Y,Y,1000,825,37,25,,,,16,8400,DDR5,1.2,16,1,27.5,XPG Z2,,1.9,9000,Prefabs/RAM/XPG/XPG_Z1_DDR4,ADATA XPG Z2 16 GB 8400 MHz
Memory,ADATA,XPG Z2 32 GB 8400 MHz,Y,Y,1085,910,38,25,,,,32,8400,DDR5,1.2,32,1,27.5,XPG Z2,,1.9,8875,Prefabs/RAM/XPG/XPG_Z1_DDR4,ADATA XPG Z2 32 GB 8400 MHz
Memory,ADATA,XPG Z2 64 GB 8400 MHz,Y,Y,1435,1160,39,75,,,,64,8400,DDR5,1.2,64,1,27.5,XPG Z2,,1.9,8675,Prefabs/RAM/XPG/XPG_Z1_DDR4,ADATA XPG Z2 64 GB 8400 MHz
Memory,ADATA,XPG Z2 8 GB 8400 MHz,Y,Y,860,685,37,25,,,,8,8400,DDR5,1.2,8,1,27.5,XPG Z2,,1.9,9200,Prefabs/RAM/XPG/XPG_Z1_DDR4,ADATA XPG Z2 8 GB 8400 MHz
Memory,Colorful,CVN Guardian DDR4 16 GB 3200 MHz,,Y,220,73,31,1,1.13,PC,RGB,16,3200,DDR4,1.35,16,1,13.8,CVN Guardian DDR4,,1.65,3424,v1_13_0/Prefabs/RAM/Colorful/RAM_Colorful_CVN_Guardian_DDR4_16G_3200,Colorful CVN Guardian DDR4 16 GB 3200 MHz
Memory,Colorful,CVN Guardian DDR4 8 GB 2666 MHz,,Y,90,30,31,1,1.13,PC,RGB,8,2666,DDR4,1.2,8,1,11.3,CVN Guardian DDR4,,1.65,2852,v1_13_0/Prefabs/RAM/Colorful/RAM_Colorful_CVN_Guardian_DDR4_16G_3200,Colorful CVN Guardian DDR4 8 GB 2666 MHz
Memory,Colorful,CVN Guardian DDR4 8 GB 3200 MHz,,Y,120,40,31,1,1.13,PC,RGB,8,3200,DDR4,1.35,8,1,15.0,CVN Guardian DDR4,,1.65,3424,v1_13_0/Prefabs/RAM/Colorful/RAM_Colorful_CVN_Guardian_DDR4_16G_3200,Colorful CVN Guardian DDR4 8 GB 3200 MHz
Memory,Colorful,iGame Vulcan DDR4 8 GB 3600 MHz,,Y,130,43,31,1,1.13,PC,RGB,8,3600,DDR4,1.35,8,1,16.3,iGame Vulcan DDR4,,1.65,3852,v1_13_0/Prefabs/RAM/Colorful/RAM_Colorful_iGame_Vulcan_DDR4_8G_4266,Colorful iGame Vulcan DDR4 8 GB 3600 MHz
Memory,Colorful,iGame Vulcan DDR4 8 GB 4266 MHz,,Y,190,63,31,1,1.13,PC,RGB,8,4266,DDR4,1.4,8,1,23.8,iGame Vulcan DDR4,,1.65,4564,v1_13_0/Prefabs/RAM/Colorful/RAM_Colorful_iGame_Vulcan_DDR4_8G_4266,Colorful iGame Vulcan DDR4 8 GB 4266 MHz
Memory,CORSAIR,Dominator Platinum 16 GB 2400 MHz,,Y,135,45,8,10,1.0,,White,16,2400,DDR4,1.2,16,1,8.4,Dominator Platinum,,1.65,2568,Prefabs/RAM/Corsair/Dominator,CORSAIR Dominator Platinum 16 GB 2400 MHz
Memory,CORSAIR,Dominator Platinum 16 GB 2666 MHz,,Y,155,52,6,70,1.0,,White,16,2666,DDR4,1.2,16,1,9.7,Dominator Platinum,,1.65,2852,Prefabs/RAM/Corsair/Dominator,CORSAIR Dominator Platinum 16 GB 2666 MHz
Memory,CORSAIR,Dominator Platinum 16 GB 2800 MHz,,Y,175,58,6,15,1.0,,White,16,2800,DDR4,1.2,16,1,10.9,Dominator Platinum,,1.65,2996,Prefabs/RAM/Corsair/Dominator,CORSAIR Dominator Platinum 16 GB 2800 MHz
Memory,CORSAIR,Dominator Platinum 16 GB 3000 MHz,,Y,195,65,6,75,1.0,,White,16,3000,DDR4,1.35,16,1,12.2,Dominator Platinum,,1.65,3210,Prefabs/RAM/Corsair/Dominator,CORSAIR Dominator Platinum 16 GB 3000 MHz
Memory,CORSAIR,Dominator Platinum 16 GB 3200 MHz,,Y,215,72,8,50,1.0,,White,16,3200,DDR4,1.35,16,1,13.4,Dominator Platinum,,1.65,3424,Prefabs/RAM/Corsair/Dominator,CORSAIR Dominator Platinum 16 GB 3200 MHz
Memory,CORSAIR,Dominator Platinum 4 GB 2666 MHz,,Y,50,17,6,50,1.0,,White,4,2666,DDR4,1.2,4,1,12.5,Dominator Platinum,,1.65,2852,Prefabs/RAM/Corsair/Dominator,CORSAIR Dominator Platinum 4 GB 2666 MHz
Memory,CORSAIR,Dominator Platinum 4 GB 3000 MHz,,Y,60,20,6,30,1.0,,White,4,3000,DDR4,1.35,4,1,15.0,Dominator Platinum,,1.65,3210,Prefabs/RAM/Corsair/Dominator,CORSAIR Dominator Platinum 4 GB 3000 MHz
Memory,CORSAIR,Dominator Platinum 4 GB 3200 MHz,,Y,65,22,8,1,1.0,,White,4,3200,DDR4,1.35,4,1,16.3,Dominator Platinum,,1.65,3424,Prefabs/RAM/Corsair/Dominator,CORSAIR Dominator Platinum 4 GB 3200 MHz
Memory,CORSAIR,Dominator Platinum 4 GB 4000 MHz,,Y,80,27,14,30,1.0,,White,4,4000,DDR4,1.35,4,1,20.0,Dominator Platinum,,1.65,4280,Prefabs/RAM/Corsair/Dominator,CORSAIR Dominator Platinum 4 GB 4000 MHz
Memory,CORSAIR,Dominator Platinum 8 GB 2400 MHz,,Y,75,25,6,1,1.0,,White,8,2400,DDR4,1.2,8,1,9.4,Dominator Platinum,,1.65,2568,Prefabs/RAM/Corsair/Dominator,CORSAIR Dominator Platinum 8 GB 2400 MHz
Memory,CORSAIR,Dominator Platinum 8 GB 2666 MHz,,Y,85,28,6,60,1.0,,White,8,2666,DDR4,1.2,8,1,10.6,Dominator Platinum,,1.65,2852,Prefabs/RAM/Corsair/Dominator,CORSAIR Dominator Platinum 8 GB 2666 MHz
Memory,CORSAIR,Dominator Platinum 8 GB 2800 MHz,,Y,95,32,6,1,1.0,,White,8,2800,DDR4,1.2,8,1,11.9,Dominator Platinum,,1.65,2996,Prefabs/RAM/Corsair/Dominator,CORSAIR Dominator Platinum 8 GB 2800 MHz
Memory,CORSAIR,Dominator Platinum 8 GB 3000 MHz,,Y,105,35,6,60,1.0,,White,8,3000,DDR4,1.35,8,1,13.1,Dominator Platinum,,1.65,3210,Prefabs/RAM/Corsair/Dominator,CORSAIR Dominator Platinum 8 GB 3000 MHz
Memory,CORSAIR,Dominator Platinum 8 GB 3200 MHz,,Y,115,38,8,1,1.0,,White,8,3200,DDR4,1.35,8,1,14.4,Dominator Platinum,,1.65,3424,Prefabs/RAM/Corsair/Dominator,CORSAIR Dominator Platinum 8 GB 3200 MHz
Memory,CORSAIR,Dominator Platinum 8 GB 3600 MHz,,Y,125,42,10,1,1.0,,White,8,3600,DDR4,1.35,8,1,15.6,Dominator Platinum,,1.65,3852,Prefabs/RAM/Corsair/Dominator,CORSAIR Dominator Platinum 8 GB 3600 MHz
Memory,CORSAIR,Dominator Platinum 8 GB 3733 MHz,,Y,135,45,12,1,1.0,,White,8,3733,DDR4,1.35,8,1,16.9,Dominator Platinum,,1.65,3994,Prefabs/RAM/Corsair/Dominator,CORSAIR Dominator Platinum 8 GB 3733 MHz
Memory,CORSAIR,Dominator Platinum DDR5 16 GB 9400 MHz,Y,Y,1145,970,38,1,,,White,16,9400,DDR5,1.2,16,1,16.9,Dominator Platinum DDR5,,1.95,10200,Prefabs/RAM/Corsair/Dominator,CORSAIR Dominator Platinum DDR5 16 GB 9400 MHz
Memory,CORSAIR,Dominator Platinum DDR5 8 GB 9400 MHz,Y,Y,1055,880,38,1,,,White,8,9400,DDR5,1.2,8,1,16.9,Dominator Platinum DDR5,,1.95,10400,Prefabs/RAM/Corsair/Dominator,CORSAIR Dominator Platinum DDR5 8 GB 9400 MHz
Memory,CORSAIR,Dominator Platinum DDR5 CONTRAST 8 GB 9800 MHz,Y,Y,1100,925,38,55,,PC,White,8,9800,DDR5,1.25,8,1,15.4,Dominator Platinum DDR5 CONTRAST,,1.95,10800,v1_9_0/Prefabs/RAM/Corsair/RAM_Corsair_Dominator_Platinum_Contrast,CORSAIR Dominator Platinum DDR5 CONTRAST 8 GB 9800 MHz
Memory,CORSAIR,Dominator Platinum RGB (Black) 16 GB 3200 MHz,,Y,220,73,28,1,1.15,PC,RGB,16,3200,DDR4,1.35,16,1,13.8,Dominator Platinum RGB (Black),,1.65,3424,v1_15_0/Prefabs/RAM/Corsair/RAM_CORSAIR_DOMINATOR_PLATINUM_RGB_DDR4_DRAM,CORSAIR Dominator Platinum RGB (Black) 16 GB 3200 MHz
Memory,CORSAIR,Dominator Platinum RGB (Black) 16 GB 3600 MHz,,Y,240,80,28,1,1.15,PC,RGB,16,3600,DDR4,1.35,16,1,15.0,Dominator Platinum RGB (Black),,1.65,3852,v1_15_0/Prefabs/RAM/Corsair/RAM_CORSAIR_DOMINATOR_PLATINUM_RGB_DDR4_DRAM,CORSAIR Dominator Platinum RGB (Black) 16 GB 3600 MHz
Memory,CORSAIR,Dominator Platinum RGB (Black) 16 GB 4000 MHz,,Y,280,93,28,1,1.15,PC,RGB,16,4000,DDR4,1.35,16,1,17.5,Dominator Platinum RGB (Black),,1.65,4280,v1_15_0/Prefabs/RAM/Corsair/RAM_CORSAIR_DOMINATOR_PLATINUM_RGB_DDR4_DRAM,CORSAIR Dominator Platinum RGB (Black) 16 GB 4000 MHz
Memory,CORSAIR,Dominator Platinum RGB (Black) 16 GB 4800 MHz,,Y,840,280,28,1,1.15,PC,RGB,16,4800,DDR4,1.35,16,1,52.5,Dominator Platinum RGB (Black),,1.65,5136,v1_15_0/Prefabs/RAM/Corsair/RAM_CORSAIR_DOMINATOR_PLATINUM_RGB_DDR4_DRAM,CORSAIR Dominator Platinum RGB (Black) 16 GB 4800 MHz
Memory,CORSAIR,Dominator Platinum RGB (Black) 8 GB 3200 MHz,,Y,120,40,28,1,1.15,PC,RGB,8,3200,DDR4,1.35,8,1,15.0,Dominator Platinum RGB (Black),,1.65,3424,v1_15_0/Prefabs/RAM/Corsair/RAM_CORSAIR_DOMINATOR_PLATINUM_RGB_DDR4_DRAM,CORSAIR Dominator Platinum RGB (Black) 8 GB 3200 MHz
Memory,CORSAIR,Dominator Platinum RGB (Black) 8 GB 3600 MHz,,Y,130,43,28,1,1.15,PC,RGB,8,3600,DDR4,1.35,8,1,16.3,Dominator Platinum RGB (Black),,1.65,3852,v1_15_0/Prefabs/RAM/Corsair/RAM_CORSAIR_DOMINATOR_PLATINUM_RGB_DDR4_DRAM,CORSAIR Dominator Platinum RGB (Black) 8 GB 3600 MHz
Memory,CORSAIR,Dominator Platinum RGB (Black) 8 GB 4000 MHz,,Y,150,50,28,1,1.15,PC,RGB,8,4000,DDR4,1.35,8,1,18.8,Dominator Platinum RGB (Black),,1.65,4280,v1_15_0/Prefabs/RAM/Corsair/RAM_CORSAIR_DOMINATOR_PLATINUM_RGB_DDR4_DRAM,CORSAIR Dominator Platinum RGB (Black) 8 GB 4000 MHz
Memory,CORSAIR,Dominator Platinum RGB (Black) 8 GB 4800 MHz,,Y,430,143,28,1,1.15,PC,RGB,8,4800,DDR4,1.35,8,1,53.8,Dominator Platinum RGB (Black),,1.65,5136,v1_15_0/Prefabs/RAM/Corsair/RAM_CORSAIR_DOMINATOR_PLATINUM_RGB_DDR4_DRAM,CORSAIR Dominator Platinum RGB (Black) 8 GB 4800 MHz
Memory,CORSAIR,Dominator Platinum RGB (White) 16 GB 3200 MHz,,Y,220,73,28,1,1.15,PC,RGB,16,3200,DDR4,1.35,16,1,13.8,Dominator Platinum RGB (White),,1.65,3424,v1_15_0/Prefabs/RAM/Corsair/RAM_CORSAIR_DOMINATOR_PLATINUM_RGB_DDR4_DRAM_WHITE,CORSAIR Dominator Platinum RGB (White) 16 GB 3200 MHz
Memory,CORSAIR,Dominator Platinum RGB (White) 16 GB 3600 MHz,,Y,240,80,28,1,1.15,PC,RGB,16,3600,DDR4,1.35,16,1,15.0,Dominator Platinum RGB (White),,1.65,3852,v1_15_0/Prefabs/RAM/Corsair/RAM_CORSAIR_DOMINATOR_PLATINUM_RGB_DDR4_DRAM_WHITE,CORSAIR Dominator Platinum RGB (White) 16 GB 3600 MHz
Memory,CORSAIR,Dominator Platinum RGB (White) 16 GB 4000 MHz,,Y,280,93,28,1,1.15,PC,RGB,16,4000,DDR4,1.35,16,1,17.5,Dominator Platinum RGB (White),,1.65,4280,v1_15_0/Prefabs/RAM/Corsair/RAM_CORSAIR_DOMINATOR_PLATINUM_RGB_DDR4_DRAM_WHITE,CORSAIR Dominator Platinum RGB (White) 16 GB 4000 MHz
Memory,CORSAIR,Dominator Platinum RGB (White) 16 GB 4800 MHz,,Y,840,280,28,1,1.15,PC,RGB,16,4800,DDR4,1.35,16,1,52.5,Dominator Platinum RGB (White),,1.65,5136,v1_15_0/Prefabs/RAM/Corsair/RAM_CORSAIR_DOMINATOR_PLATINUM_RGB_DDR4_DRAM_WHITE,CORSAIR Dominator Platinum RGB (White) 16 GB 4800 MHz
Memory,CORSAIR,Dominator Platinum RGB (White) 8 GB 3200 MHz,,Y,120,40,28,1,1.15,PC,RGB,8,3200,DDR4,1.35,8,1,15.0,Dominator Platinum RGB (White),,1.65,3424,v1_15_0/Prefabs/RAM/Corsair/RAM_CORSAIR_DOMINATOR_PLATINUM_RGB_DDR4_DRAM_WHITE,CORSAIR Dominator Platinum RGB (White) 8 GB 3200 MHz
Memory,CORSAIR,Dominator Platinum RGB (White) 8 GB 3600 MHz,,Y,130,43,28,1,1.15,PC,RGB,8,3600,DDR4,1.35,8,1,16.3,Dominator Platinum RGB (White),,1.65,3852,v1_15_0/Prefabs/RAM/Corsair/RAM_CORSAIR_DOMINATOR_PLATINUM_RGB_DDR4_DRAM_WHITE,CORSAIR Dominator Platinum RGB (White) 8 GB 3600 MHz
Memory,CORSAIR,Dominator Platinum RGB (White) 8 GB 4000 MHz,,Y,150,50,28,1,1.15,PC,RGB,8,4000,DDR4,1.35,8,1,18.8,Dominator Platinum RGB (White),,1.65,4280,v1_15_0/Prefabs/RAM/Corsair/RAM_CORSAIR_DOMINATOR_PLATINUM_RGB_DDR4_DRAM_WHITE,CORSAIR Dominator Platinum RGB (White) 8 GB 4000 MHz
Memory,CORSAIR,Dominator Platinum RGB (White) 8 GB 4800 MHz,,Y,430,143,28,1,1.15,PC,RGB,8,4800,DDR4,1.35,8,1,53.8,Dominator Platinum RGB (White),,1.65,5136,v1_15_0/Prefabs/RAM/Corsair/RAM_CORSAIR_DOMINATOR_PLATINUM_RGB_DDR4_DRAM_WHITE,CORSAIR Dominator Platinum RGB (White) 8 GB 4800 MHz
Memory,CORSAIR,Dominator Platinum Special Edition CONTRAST 8 GB 3466 MHz,,Y,123,41,28,1,1.9,PC,White,8,3466,DDR4,1.35,8,1,15.4,Dominator Platinum Special Edition CONTRAST,,1.65,3708,v1_9_0/Prefabs/RAM/Corsair/RAM_Corsair_Dominator_Platinum_Contrast,CORSAIR Dominator Platinum Special Edition CONTRAST 8 GB 3466 MHz
Memory,CORSAIR,Vengeance LPX (Black) 16 GB 2400 MHz,,Y,130,43,28,1,1.15,PC,,16,2400,DDR4,1.35,16,1,8.1,Vengeance LPX (Black),,1.65,2568,v1_15_0/Prefabs/RAM/Corsair/RAM_CORSAIR_VENGEANCE_LPX_DDR4_BLACK,CORSAIR Vengeance LPX (Black) 16 GB 2400 MHz
Memory,CORSAIR,Vengeance LPX (Black) 16 GB 2666 MHz,,Y,150,50,28,1,1.15,PC,,16,2666,DDR4,1.35,16,1,9.4,Vengeance LPX (Black),,1.65,2852,v1_15_0/Prefabs/RAM/Corsair/RAM_CORSAIR_VENGEANCE_LPX_DDR4_BLACK,CORSAIR Vengeance LPX (Black) 16 GB 2666 MHz
Memory,CORSAIR,Vengeance LPX (Black) 16 GB 3200 MHz,,Y,210,70,28,1,1.15,PC,,16,3200,DDR4,1.35,16,1,13.1,Vengeance LPX (Black),,1.65,3424,v1_15_0/Prefabs/RAM/Corsair/RAM_CORSAIR_VENGEANCE_LPX_DDR4_BLACK,CORSAIR Vengeance LPX (Black) 16 GB 3200 MHz
Memory,CORSAIR,Vengeance LPX (Black) 16 GB 3600 MHz,,Y,230,77,28,1,1.15,PC,,16,3600,DDR4,1.35,16,1,14.4,Vengeance LPX (Black),,1.65,3852,v1_15_0/Prefabs/RAM/Corsair/RAM_CORSAIR_VENGEANCE_LPX_DDR4_BLACK,CORSAIR Vengeance LPX (Black) 16 GB 3600 MHz
Memory,CORSAIR,Vengeance LPX (Black) 32 GB 2666 MHz,,Y,285,95,28,1,1.15,PC,,32,2666,DDR4,1.35,32,1,8.9,Vengeance LPX (Black),,1.65,2852,v1_15_0/Prefabs/RAM/Corsair/RAM_CORSAIR_VENGEANCE_LPX_DDR4_BLACK,CORSAIR Vengeance LPX (Black) 32 GB 2666 MHz
Memory,CORSAIR,Vengeance LPX (Black) 32 GB 3200 MHz,,Y,405,135,28,1,1.15,PC,,32,3200,DDR4,1.35,32,1,12.7,Vengeance LPX (Black),,1.65,3424,v1_15_0/Prefabs/RAM/Corsair/RAM_CORSAIR_VENGEANCE_LPX_DDR4_BLACK,CORSAIR Vengeance LPX (Black) 32 GB 3200 MHz
Memory,CORSAIR,Vengeance LPX (Black) 32 GB 3600 MHz,,Y,445,148,28,1,1.15,PC,,32,3600,DDR4,1.35,32,1,13.9,Vengeance LPX (Black),,1.65,3852,v1_15_0/Prefabs/RAM/Corsair/RAM_CORSAIR_VENGEANCE_LPX_DDR4_BLACK,CORSAIR Vengeance LPX (Black) 32 GB 3600 MHz
Memory,CORSAIR,Vengeance LPX (Black) 4 GB 2133 MHz,,Y,35,12,28,1,1.15,PC,,4,2133,DDR4,1.35,4,1,8.8,Vengeance LPX (Black),,1.65,2282,v1_15_0/Prefabs/RAM/Corsair/RAM_CORSAIR_VENGEANCE_LPX_DDR4_BLACK,CORSAIR Vengeance LPX (Black) 4 GB 2133 MHz
Memory,CORSAIR,Vengeance LPX (Black) 4 GB 2400 MHz,,Y,40,13,28,1,1.15,PC,,4,2400,DDR4,1.35,4,1,10.0,Vengeance LPX (Black),,1.65,2568,v1_15_0/Prefabs/RAM/Corsair/RAM_CORSAIR_VENGEANCE_LPX_DDR4_BLACK,CORSAIR Vengeance LPX (Black) 4 GB 2400 MHz
Memory,CORSAIR,Vengeance LPX (Black) 4 GB 2666 MHz,,Y,45,15,28,1,1.15,PC,,4,2666,DDR4,1.35,4,1,11.3,Vengeance LPX (Black),,1.65,2852,v1_15_0/Prefabs/RAM/Corsair/RAM_CORSAIR_VENGEANCE_LPX_DDR4_BLACK,CORSAIR Vengeance LPX (Black) 4 GB 2666 MHz
Memory,CORSAIR,Vengeance LPX (Black) 8 GB 2400 MHz,,Y,70,23,28,1,1.15,PC,,8,2400,DDR4,1.35,8,1,8.8,Vengeance LPX (Black),,1.65,2568,v1_15_0/Prefabs/RAM/Corsair/RAM_CORSAIR_VENGEANCE_LPX_DDR4_BLACK,CORSAIR Vengeance LPX (Black) 8 GB 2400 MHz
Memory,CORSAIR,Vengeance LPX (Black) 8 GB 2666 MHz,,Y,80,27,28,1,1.15,PC,,8,2666,DDR4,1.35,8,1,10.0,Vengeance LPX (Black),,1.65,2852,v1_15_0/Prefabs/RAM/Corsair/RAM_CORSAIR_VENGEANCE_LPX_DDR4_BLACK,CORSAIR Vengeance LPX (Black) 8 GB 2666 MHz
Memory,CORSAIR,Vengeance LPX (Black) 8 GB 2933 MHz,,Y,96,32,28,1,1.15,PC,,8,2933,DDR4,1.35,8,1,12.0,Vengeance LPX (Black),,1.65,3138,v1_15_0/Prefabs/RAM/Corsair/RAM_CORSAIR_VENGEANCE_LPX_DDR4_BLACK,CORSAIR Vengeance LPX (Black) 8 GB 2933 MHz
Memory,CORSAIR,Vengeance LPX (Black) 8 GB 3200 MHz,,Y,110,37,28,1,1.15,PC,,8,3200,DDR4,1.35,8,1,13.8,Vengeance LPX (Black),,1.65,3424,v1_15_0/Prefabs/RAM/Corsair/RAM_CORSAIR_VENGEANCE_LPX_DDR4_BLACK,CORSAIR Vengeance LPX (Black) 8 GB 3200 MHz
Memory,CORSAIR,Vengeance LPX (Black) 8 GB 3600 MHz,,Y,120,40,28,1,1.15,PC,,8,3600,DDR4,1.35,8,1,15.0,Vengeance LPX (Black),,1.65,3852,v1_15_0/Prefabs/RAM/Corsair/RAM_CORSAIR_VENGEANCE_LPX_DDR4_BLACK,CORSAIR Vengeance LPX (Black) 8 GB 3600 MHz
Memory,CORSAIR,Vengeance LPX (Black) 8 GB 4000 MHz,,Y,140,47,28,1,1.15,PC,,8,4000,DDR4,1.35,8,1,17.5,Vengeance LPX (Black),,1.65,4280,v1_15_0/Prefabs/RAM/Corsair/RAM_CORSAIR_VENGEANCE_LPX_DDR4_BLACK,CORSAIR Vengeance LPX (Black) 8 GB 4000 MHz
Memory,CORSAIR,Vengeance LPX (Black) 8 GB 4333 MHz,,Y,200,67,28,1,1.15,PC,,8,4333,DDR4,1.35,8,1,25.0,Vengeance LPX (Black),,1.65,4636,v1_15_0/Prefabs/RAM/Corsair/RAM_CORSAIR_VENGEANCE_LPX_DDR4_BLACK,CORSAIR Vengeance LPX (Black) 8 GB 4333 MHz
Memory,CORSAIR,Vengeance LPX (Blue) 4 GB 2133 MHz,,Y,35,12,28,1,1.15,PC,,4,2133,DDR4,1.35,4,1,8.8,Vengeance LPX (Blue),,1.65,2282,v1_15_0/Prefabs/RAM/Corsair/RAM_CORSAIR_VENGEANCE_LPX_DDR4_BLUE,CORSAIR Vengeance LPX (Blue) 4 GB 2133 MHz
Memory,CORSAIR,Vengeance LPX (Blue) 4 GB 2400 MHz,,Y,40,13,28,1,1.15,PC,,4,2400,DDR4,1.35,4,1,10.0,Vengeance LPX (Blue),,1.65,2568,v1_15_0/Prefabs/RAM/Corsair/RAM_CORSAIR_VENGEANCE_LPX_DDR4_BLUE,CORSAIR Vengeance LPX (Blue) 4 GB 2400 MHz
Memory,CORSAIR,Vengeance LPX (Blue) 4 GB 2666 MHz,,Y,45,15,28,1,1.15,PC,,4,2666,DDR4,1.35,4,1,11.3,Vengeance LPX (Blue),,1.65,2852,v1_15_0/Prefabs/RAM/Corsair/RAM_CORSAIR_VENGEANCE_LPX_DDR4_BLUE,CORSAIR Vengeance LPX (Blue) 4 GB 2666 MHz
Memory,CORSAIR,Vengeance LPX (Blue) 4 GB 2800 MHz,,Y,50,17,28,1,1.15,PC,,4,2800,DDR4,1.35,4,1,12.5,Vengeance LPX (Blue),,1.65,2996,v1_15_0/Prefabs/RAM/Corsair/RAM_CORSAIR_VENGEANCE_LPX_DDR4_BLUE,CORSAIR Vengeance LPX (Blue) 4 GB 2800 MHz
Memory,CORSAIR,Vengeance LPX (Blue) 4 GB 3000 MHz,,Y,55,18,28,1,1.15,PC,,4,3000,DDR4,1.35,4,1,13.8,Vengeance LPX (Blue),,1.65,3210,v1_15_0/Prefabs/RAM/Corsair/RAM_CORSAIR_VENGEANCE_LPX_DDR4_BLUE,CORSAIR Vengeance LPX (Blue) 4 GB 3000 MHz
Memory,CORSAIR,Vengeance LPX (Blue) 8 GB 2400 MHz,,Y,70,23,28,1,1.15,PC,,8,2400,DDR4,1.35,8,1,8.8,Vengeance LPX (Blue),,1.65,2568,v1_15_0/Prefabs/RAM/Corsair/RAM_CORSAIR_VENGEANCE_LPX_DDR4_BLUE,CORSAIR Vengeance LPX (Blue) 8 GB 2400 MHz
Memory,CORSAIR,Vengeance LPX (Blue) 8 GB 2666 MHz,,Y,80,27,28,1,1.15,PC,,8,2666,DDR4,1.35,8,1,10.0,Vengeance LPX (Blue),,1.65,2852,v1_15_0/Prefabs/RAM/Corsair/RAM_CORSAIR_VENGEANCE_LPX_DDR4_BLUE,CORSAIR Vengeance LPX (Blue) 8 GB 2666 MHz
Memory,CORSAIR,Vengeance LPX (Blue) 8 GB 3000 MHz,,Y,100,33,28,1,1.15,PC,,8,3000,DDR4,1.35,8,1,12.5,Vengeance LPX (Blue),,1.65,3210,v1_15_0/Prefabs/RAM/Corsair/RAM_CORSAIR_VENGEANCE_LPX_DDR4_BLUE,CORSAIR Vengeance LPX (Blue) 8 GB 3000 MHz
Memory,CORSAIR,Vengeance LPX (Cool Gray) 16 GB 3000 MHz,,Y,190,63,28,1,1.15,PC,,16,3000,DDR4,1.35,16,1,11.9,Vengeance LPX (Cool Gray),,1.65,3210,v1_15_0/Prefabs/RAM/Corsair/RAM_CORSAIR_VENGEANCE_LPX_DDR4_COOL_GREY,CORSAIR Vengeance LPX (Cool Gray) 16 GB 3000 MHz
Memory,CORSAIR,Vengeance LPX (Cool Gray) 16 GB 3200 MHz,,Y,210,70,28,1,1.15,PC,,16,3200,DDR4,1.35,16,1,13.1,Vengeance LPX (Cool Gray),,1.65,3424,v1_15_0/Prefabs/RAM/Corsair/RAM_CORSAIR_VENGEANCE_LPX_DDR4_COOL_GREY,CORSAIR Vengeance LPX (Cool Gray) 16 GB 3200 MHz
Memory,CORSAIR,Vengeance LPX (Cool Gray) 8 GB 3000 MHz,,Y,100,33,28,1,1.15,PC,,8,3000,DDR4,1.35,8,1,12.5,Vengeance LPX (Cool Gray),,1.65,3210,v1_15_0/Prefabs/RAM/Corsair/RAM_CORSAIR_VENGEANCE_LPX_DDR4_COOL_GREY,CORSAIR Vengeance LPX (Cool Gray) 8 GB 3000 MHz
Memory,CORSAIR,Vengeance LPX (Cool Gray) 8 GB 3200 MHz,,Y,110,37,28,1,1.15,PC,,8,3200,DDR4,1.35,8,1,13.8,Vengeance LPX (Cool Gray),,1.65,3424,v1_15_0/Prefabs/RAM/Corsair/RAM_CORSAIR_VENGEANCE_LPX_DDR4_COOL_GREY,CORSAIR Vengeance LPX (Cool Gray) 8 GB 3200 MHz
Memory,CORSAIR,Vengeance LPX (Red) 16 GB 2400 MHz,,Y,130,43,28,1,1.15,PC,,16,2400,DDR4,1.35,16,1,8.1,Vengeance LPX (Red),,1.65,2568,v1_15_0/Prefabs/RAM/Corsair/RAM_CORSAIR_VENGEANCE_LPX_DDR4_RED,CORSAIR Vengeance LPX (Red) 16 GB 2400 MHz
Memory,CORSAIR,Vengeance LPX (Red) 16 GB 2666 MHz,,Y,150,50,28,1,1.15,PC,,16,2666,DDR4,1.35,16,1,9.4,Vengeance LPX (Red),,1.65,2852,v1_15_0/Prefabs/RAM/Corsair/RAM_CORSAIR_VENGEANCE_LPX_DDR4_RED,CORSAIR Vengeance LPX (Red) 16 GB 2666 MHz
Memory,CORSAIR,Vengeance LPX (Red) 16 GB 3200 MHz,,Y,210,70,28,1,1.15,PC,,16,3200,DDR4,1.35,16,1,13.1,Vengeance LPX (Red),,1.65,3424,v1_15_0/Prefabs/RAM/Corsair/RAM_CORSAIR_VENGEANCE_LPX_DDR4_RED,CORSAIR Vengeance LPX (Red) 16 GB 3200 MHz
Memory,CORSAIR,Vengeance LPX (Red) 16 GB 3600 MHz,,Y,230,77,28,1,1.15,PC,,16,3600,DDR4,1.35,16,1,14.4,Vengeance LPX (Red),,1.65,3852,v1_15_0/Prefabs/RAM/Corsair/RAM_CORSAIR_VENGEANCE_LPX_DDR4_RED,CORSAIR Vengeance LPX (Red) 16 GB 3600 MHz
Memory,CORSAIR,Vengeance LPX (Red) 32 GB 2666 MHz,,Y,285,95,28,1,1.15,PC,,32,2666,DDR4,1.35,32,1,8.9,Vengeance LPX (Red),,1.65,2852,v1_15_0/Prefabs/RAM/Corsair/RAM_CORSAIR_VENGEANCE_LPX_DDR4_RED,CORSAIR Vengeance LPX (Red) 32 GB 2666 MHz
Memory,CORSAIR,Vengeance LPX (Red) 32 GB 3200 MHz,,Y,405,135,28,1,1.15,PC,,32,3200,DDR4,1.35,32,1,12.7,Vengeance LPX (Red),,1.65,3424,v1_15_0/Prefabs/RAM/Corsair/RAM_CORSAIR_VENGEANCE_LPX_DDR4_RED,CORSAIR Vengeance LPX (Red) 32 GB 3200 MHz
Memory,CORSAIR,Vengeance LPX (Red) 32 GB 3600 MHz,,Y,445,148,28,1,1.15,PC,,32,3600,DDR4,1.35,32,1,13.9,Vengeance LPX (Red),,1.65,3852,v1_15_0/Prefabs/RAM/Corsair/RAM_CORSAIR_VENGEANCE_LPX_DDR4_RED,CORSAIR Vengeance LPX (Red) 32 GB 3600 MHz
Memory,CORSAIR,Vengeance LPX (Red) 32 GB 3600 MHz,,,445,148,28,1,1.15,PC,,32,3600,DDR4,1.35,32,1,13.9,Vengeance LPX (Red),,1.65,3852,v1_15_0/Prefabs/RAM/Corsair/RAM_CORSAIR_VENGEANCE_LPX_DDR4_RED,CORSAIR Vengeance LPX (Red) 32 GB 3600 MHz
Memory,CORSAIR,Vengeance LPX (Red) 4 GB 2133 MHz,,Y,35,12,28,1,1.15,PC,,4,2133,DDR4,1.35,4,1,8.8,Vengeance LPX (Red),,1.65,2282,v1_15_0/Prefabs/RAM/Corsair/RAM_CORSAIR_VENGEANCE_LPX_DDR4_RED,CORSAIR Vengeance LPX (Red) 4 GB 2133 MHz
Memory,CORSAIR,Vengeance LPX (Red) 4 GB 2400 MHz,,Y,40,13,28,1,1.15,PC,,4,2400,DDR4,1.35,4,1,10.0,Vengeance LPX (Red),,1.65,2568,v1_15_0/Prefabs/RAM/Corsair/RAM_CORSAIR_VENGEANCE_LPX_DDR4_RED,CORSAIR Vengeance LPX (Red) 4 GB 2400 MHz
Memory,CORSAIR,Vengeance LPX (Red) 4 GB 2666 MHz,,Y,45,15,28,1,1.15,PC,,4,2666,DDR4,1.35,4,1,11.3,Vengeance LPX (Red),,1.65,2852,v1_15_0/Prefabs/RAM/Corsair/RAM_CORSAIR_VENGEANCE_LPX_DDR4_RED,CORSAIR Vengeance LPX (Red) 4 GB 2666 MHz
Memory,CORSAIR,Vengeance LPX (Red) 8 GB 2400 MHz,,Y,70,23,28,1,1.15,PC,,8,2400,DDR4,1.35,8,1,8.8,Vengeance LPX (Red),,1.65,2568,v1_15_0/Prefabs/RAM/Corsair/RAM_CORSAIR_VENGEANCE_LPX_DDR4_RED,CORSAIR Vengeance LPX (Red) 8 GB 2400 MHz
Memory,CORSAIR,Vengeance LPX (Red) 8 GB 2666 MHz,,Y,80,27,28,1,1.15,PC,,8,2666,DDR4,1.35,8,1,10.0,Vengeance LPX (Red),,1.65,2852,v1_15_0/Prefabs/RAM/Corsair/RAM_CORSAIR_VENGEANCE_LPX_DDR4_RED,CORSAIR Vengeance LPX (Red) 8 GB 2666 MHz
Memory,CORSAIR,Vengeance LPX (Red) 8 GB 2933 MHz,,Y,96,32,28,1,1.15,PC,,8,2933,DDR4,1.35,8,1,12.0,Vengeance LPX (Red),,1.65,3138,v1_15_0/Prefabs/RAM/Corsair/RAM_CORSAIR_VENGEANCE_LPX_DDR4_RED,CORSAIR Vengeance LPX (Red) 8 GB 2933 MHz
Memory,CORSAIR,Vengeance LPX (Red) 8 GB 3200 MHz,,Y,110,37,28,1,1.15,PC,,8,3200,DDR4,1.35,8,1,13.8,Vengeance LPX (Red),,1.65,3424,v1_15_0/Prefabs/RAM/Corsair/RAM_CORSAIR_VENGEANCE_LPX_DDR4_RED,CORSAIR Vengeance LPX (Red) 8 GB 3200 MHz
Memory,CORSAIR,Vengeance LPX (Red) 8 GB 3600 MHz,,Y,120,40,28,1,1.15,PC,,8,3600,DDR4,1.35,8,1,15.0,Vengeance LPX (Red),,1.65,3852,v1_15_0/Prefabs/RAM/Corsair/RAM_CORSAIR_VENGEANCE_LPX_DDR4_RED,CORSAIR Vengeance LPX (Red) 8 GB 3600 MHz
Memory,CORSAIR,Vengeance LPX (Red) 8 GB 4000 MHz,,Y,140,47,28,1,1.15,PC,,8,4000,DDR4,1.35,8,1,17.5,Vengeance LPX (Red),,1.65,4280,v1_15_0/Prefabs/RAM/Corsair/RAM_CORSAIR_VENGEANCE_LPX_DDR4_RED,CORSAIR Vengeance LPX (Red) 8 GB 4000 MHz
Memory,CORSAIR,Vengeance LPX (Red) 8 GB 4333 MHz,,Y,200,67,28,1,1.15,PC,,8,4333,DDR4,1.35,8,1,25.0,Vengeance LPX (Red),,1.65,4636,v1_15_0/Prefabs/RAM/Corsair/RAM_CORSAIR_VENGEANCE_LPX_DDR4_RED,CORSAIR Vengeance LPX (Red) 8 GB 4333 MHz
Memory,CORSAIR,Vengeance LPX (White) 16 GB 2666 MHz,,Y,150,50,28,1,1.15,PC,,16,2666,DDR4,1.35,16,1,9.4,Vengeance LPX (White),,1.65,2852,v1_15_0/Prefabs/RAM/Corsair/RAM_CORSAIR_VENGEANCE_LPX_DDR4_WHITE,CORSAIR Vengeance LPX (White) 16 GB 2666 MHz
Memory,CORSAIR,Vengeance LPX (White) 16 GB 3000 MHz,,Y,190,63,28,1,1.15,PC,,16,3000,DDR4,1.35,16,1,11.9,Vengeance LPX (White),,1.65,3210,v1_15_0/Prefabs/RAM/Corsair/RAM_CORSAIR_VENGEANCE_LPX_DDR4_WHITE,CORSAIR Vengeance LPX (White) 16 GB 3000 MHz
Memory,CORSAIR,Vengeance LPX (White) 16 GB 3200 MHz,,Y,210,70,28,1,1.15,PC,,16,3200,DDR4,1.35,16,1,13.1,Vengeance LPX (White),,1.65,3424,v1_15_0/Prefabs/RAM/Corsair/RAM_CORSAIR_VENGEANCE_LPX_DDR4_WHITE,CORSAIR Vengeance LPX (White) 16 GB 3200 MHz
Memory,CORSAIR,Vengeance LPX (White) 8 GB 2666 MHz,,Y,80,27,28,1,1.15,PC,,8,2666,DDR4,1.35,8,1,10.0,Vengeance LPX (White),,1.65,2852,v1_15_0/Prefabs/RAM/Corsair/RAM_CORSAIR_VENGEANCE_LPX_DDR4_WHITE,CORSAIR Vengeance LPX (White) 8 GB 2666 MHz
Memory,CORSAIR,Vengeance LPX (White) 8 GB 3000 MHz,,Y,100,33,28,1,1.15,PC,,8,3000,DDR4,1.35,8,1,12.5,Vengeance LPX (White),,1.65,3210,v1_15_0/Prefabs/RAM/Corsair/RAM_CORSAIR_VENGEANCE_LPX_DDR4_WHITE,CORSAIR Vengeance LPX (White) 8 GB 3000 MHz
Memory,CORSAIR,Vengeance LPX (White) 8 GB 3200 MHz,,Y,110,37,28,1,1.15,PC,,8,3200,DDR4,1.35,8,1,13.8,Vengeance LPX (White),,1.65,3424,v1_15_0/Prefabs/RAM/Corsair/RAM_CORSAIR_VENGEANCE_LPX_DDR4_WHITE,CORSAIR Vengeance LPX (White) 8 GB 3200 MHz
Memory,CORSAIR,VENGEANCE RGB PRO (Black) 8 GB 3600 MHz,,Y,130,43,22,30,1.0,,RGB,8,3600,DDR4,1.35,8,1,16.3,VENGEANCE RGB PRO (Black),,1.65,3852,Prefabs/RAM/Corsair/Corsair_VENGEANCE_RGB_PRO,CORSAIR VENGEANCE RGB PRO (Black) 8 GB 3600 MHz
Memory,CORSAIR,VENGEANCE RGB PRO (Black) 8 GB 4000 MHz,,Y,150,50,22,45,1.0,,RGB,8,4000,DDR4,1.35,8,1,18.8,VENGEANCE RGB PRO (Black),,1.65,4280,Prefabs/RAM/Corsair/Corsair_VENGEANCE_RGB_PRO,CORSAIR VENGEANCE RGB PRO (Black) 8 GB 4000 MHz
Memory,CORSAIR,VENGEANCE RGB PRO (Black) 8 GB 4266 MHz,,Y,190,63,22,45,1.0,,RGB,8,4266,DDR4,1.35,8,1,23.8,VENGEANCE RGB PRO (Black),,1.65,4564,Prefabs/RAM/Corsair/Corsair_VENGEANCE_RGB_PRO,CORSAIR VENGEANCE RGB PRO (Black) 8 GB 4266 MHz
Memory,CORSAIR,VENGEANCE RGB PRO (Black) 8 GB 4700 MHz,,Y,370,123,29,1,1.0,,RGB,8,4700,DDR4,1.45,8,1,46.3,VENGEANCE RGB PRO (Black),,1.65,5029,Prefabs/RAM/Corsair/Corsair_VENGEANCE_RGB_PRO,CORSAIR VENGEANCE RGB PRO (Black) 8 GB 4700 MHz
Memory,CORSAIR,VENGEANCE RGB PRO (White) 8 GB 2666 MHz,,Y,90,30,22,1,1.0,,RGB,8,2666,DDR4,1.2,8,1,11.3,VENGEANCE RGB PRO (White),,1.65,2852,Prefabs/RAM/Corsair/Corsair_VENGERANCE_RGB,CORSAIR VENGEANCE RGB PRO (White) 8 GB 2666 MHz
Memory,CORSAIR,VENGEANCE RGB PRO (White) 8 GB 3000 MHz,,Y,110,37,22,1,1.0,,RGB,8,3000,DDR4,1.35,8,1,13.8,VENGEANCE RGB PRO (White),,1.65,3210,Prefabs/RAM/Corsair/Corsair_VENGERANCE_RGB,CORSAIR VENGEANCE RGB PRO (White) 8 GB 3000 MHz
Memory,CORSAIR,VENGEANCE RGB PRO (White) 8 GB 3200 MHz,,Y,120,40,22,1,1.0,,RGB,8,3200,DDR4,1.35,8,1,15.0,VENGEANCE RGB PRO (White),,1.65,3424,Prefabs/RAM/Corsair/Corsair_VENGERANCE_RGB,CORSAIR VENGEANCE RGB PRO (White) 8 GB 3200 MHz
Memory,CORSAIR,VENGEANCE RGB PRO (White) 8 GB 3600 MHz,,Y,130,43,22,30,1.0,,RGB,8,3600,DDR4,1.35,8,1,16.3,VENGEANCE RGB PRO (White),,1.65,3852,Prefabs/RAM/Corsair/Corsair_VENGERANCE_RGB,CORSAIR VENGEANCE RGB PRO (White) 8 GB 3600 MHz
Memory,CORSAIR,VENGEANCE RGB PRO (White) 8 GB 4000 MHz,Y,Y,150,50,22,45,,,RGB,8,4000,DDR4,1.35,8,1,18.8,VENGEANCE RGB PRO (White),,1.65,4280,Prefabs/RAM/Corsair/Corsair_VENGERANCE_RGB,CORSAIR VENGEANCE RGB PRO (White) 8 GB 4000 MHz
Memory,CORSAIR,VENGEANCE RGB PRO (White) 8 GB 4266 MHz,Y,Y,190,63,22,45,,,RGB,8,4266,DDR4,1.35,8,1,23.8,VENGEANCE RGB PRO (White),,1.65,4564,Prefabs/RAM/Corsair/Corsair_VENGERANCE_RGB,CORSAIR VENGEANCE RGB PRO (White) 8 GB 4266 MHz
Memory,CORSAIR,VENGEANCE RGB PRO (White) 8 GB 4700 MHz,Y,Y,370,123,29,1,,,RGB,8,4700,DDR4,1.45,8,1,46.3,VENGEANCE RGB PRO (White),,1.65,5029,Prefabs/RAM/Corsair/Corsair_VENGERANCE_RGB,CORSAIR VENGEANCE RGB PRO (White) 8 GB 4700 MHz
Memory,Crucial,ECC LRDIMM 128 GB 2133 MHz,Y,Y,965,500,27,1,,,,128,2133,DDR4 (ECC),1.25,128,1,11.7,ECC LRDIMM,,1.7,2666,Prefabs/Generic/RAM,Crucial ECC LRDIMM 128 GB 2133 MHz
Memory,Crucial,ECC LRDIMM 128 GB 2400 MHz,Y,Y,990,520,27,55,,,,128,2400,DDR4 (ECC),1.25,128,1,11.7,ECC LRDIMM,,1.7,2966,Prefabs/Generic/RAM,Crucial ECC LRDIMM 128 GB 2400 MHz
Memory,Crucial,ECC LRDIMM 128 GB 2666 MHz,Y,Y,1010,535,28,15,,,,128,2666,DDR4 (ECC),1.25,128,1,11.7,ECC LRDIMM,,1.7,3100,Prefabs/Generic/RAM,Crucial ECC LRDIMM 128 GB 2666 MHz
Memory,Crucial,ECC LRDIMM 128 GB 2933 MHz,Y,Y,1030,560,28,95,,,,128,2933,DDR4 (ECC),1.25,128,1,11.7,ECC LRDIMM,,1.7,3300,Prefabs/Generic/RAM,Crucial ECC LRDIMM 128 GB 2933 MHz
Memory,Crucial,ECC LRDIMM 128 GB 3000 MHz,Y,Y,1050,585,29,45,,,,128,3000,DDR4 (ECC),1.25,128,1,11.7,ECC LRDIMM,,1.7,3400,Prefabs/Generic/RAM,Crucial ECC LRDIMM 128 GB 3000 MHz
Memory,Crucial,ECC LRDIMM 2X 256 GB 2133 MHz,Y,Y,1930,1000,28,1,,,,256,2133,DDR4 (ECC) 2X,1.25,256,1,11.7,ECC LRDIMM 2X,,1.7,2566,Prefabs/Generic/RAM,Crucial ECC LRDIMM 2X 256 GB 2133 MHz
Memory,Crucial,ECC LRDIMM 2X 256 GB 2400 MHz,Y,Y,1980,1040,28,55,,,,256,2400,DDR4 (ECC) 2X,1.25,256,1,11.7,ECC LRDIMM 2X,,1.7,2866,Prefabs/Generic/RAM,Crucial ECC LRDIMM 2X 256 GB 2400 MHz
Memory,Crucial,ECC LRDIMM 2X 256 GB 2666 MHz,Y,Y,2020,1070,29,15,,,,256,2666,DDR4 (ECC) 2X,1.25,256,1,11.7,ECC LRDIMM 2X,,1.7,3000,Prefabs/Generic/RAM,Crucial ECC LRDIMM 2X 256 GB 2666 MHz
Memory,Crucial,ECC LRDIMM 2X 256 GB 2933 MHz,Y,Y,2060,1120,29,95,,,,256,2933,DDR4 (ECC) 2X,1.25,256,1,11.7,ECC LRDIMM 2X,,1.7,3200,Prefabs/Generic/RAM,Crucial ECC LRDIMM 2X 256 GB 2933 MHz
Memory,Crucial,ECC LRDIMM 2X 256 GB 3000 MHz,Y,Y,2100,1170,30,45,,,,256,3000,DDR4 (ECC) 2X,1.25,256,1,11.7,ECC LRDIMM 2X,,1.7,3300,Prefabs/Generic/RAM,Crucial ECC LRDIMM 2X 256 GB 3000 MHz
Memory,Crucial,RDIMM DDR5 128 GB 3200 MHz,Y,Y,1465,1385,36,45,,,,128,3200,DDR5 (RDIMM),1.1,128,1,9.3,RDIMM DDR5,,1.58,3800,Prefabs/Generic/RAM,Crucial RDIMM DDR5 128 GB 3200 MHz
Memory,Crucial,RDIMM DDR5 128 GB 4800 MHz,Y,Y,1805,1735,36,70,,,,128,4800,DDR5 (RDIMM),1.1,128,1,9.3,RDIMM DDR5,,1.58,5400,Prefabs/Generic/RAM,Crucial RDIMM DDR5 128 GB 4800 MHz
Memory,Crucial,RDIMM DDR5 128 GB 5600 MHz,Y,Y,1905,1835,36,95,,,,128,5600,DDR5 (RDIMM),1.1,128,1,9.3,RDIMM DDR5,,1.58,6300,Prefabs/Generic/RAM,Crucial RDIMM DDR5 128 GB 5600 MHz
Memory,Crucial,RDIMM DDR5 128 GB 6400 MHz,Y,Y,2020,1950,37,25,,,,128,6400,DDR5 (RDIMM),1.1,128,1,9.3,RDIMM DDR5,,1.58,7000,Prefabs/Generic/RAM,Crucial RDIMM DDR5 128 GB 6400 MHz
Memory,Crucial,RDIMM DDR5 128 GB 7200 MHz,Y,Y,2220,2150,37,60,,,,128,7200,DDR5 (RDIMM),1.1,128,1,9.3,RDIMM DDR5,,1.58,8000,Prefabs/Generic/RAM,Crucial RDIMM DDR5 128 GB 7200 MHz
Memory,Crucial,RDIMM DDR5 128 GB 8400 MHz,Y,Y,2370,2300,37,95,,,,128,8400,DDR5 (RDIMM),1.1,128,1,9.3,RDIMM DDR5,,1.58,8900,Prefabs/Generic/RAM,Crucial RDIMM DDR5 128 GB 8400 MHz
Memory,Crucial,RDIMM DDR5 2X 256 GB 3200 MHz,Y,Y,2930,2770,37,45,,,,256,3200,DDR5 (RDIMM) 2X,1.1,256,1,9.3,RDIMM DDR5 2X,,1.58,3700,Prefabs/Generic/RAM,Crucial RDIMM DDR5 2X 256 GB 3200 MHz
Memory,Crucial,RDIMM DDR5 2X 256 GB 4800 MHz,Y,Y,3610,3470,37,70,,,,256,4800,DDR5 (RDIMM) 2X,1.1,256,1,9.3,RDIMM DDR5 2X,,1.58,5300,Prefabs/Generic/RAM,Crucial RDIMM DDR5 2X 256 GB 4800 MHz
Memory,Crucial,RDIMM DDR5 2X 256 GB 5600 MHz,Y,Y,3810,3670,37,95,,,,256,5600,DDR5 (RDIMM) 2X,1.1,256,1,9.3,RDIMM DDR5 2X,,1.58,6200,Prefabs/Generic/RAM,Crucial RDIMM DDR5 2X 256 GB 5600 MHz
Memory,Crucial,RDIMM DDR5 2X 256 GB 6400 MHz,Y,Y,4040,3900,38,25,,,,256,6400,DDR5 (RDIMM) 2X,1.1,256,1,9.3,RDIMM DDR5 2X,,1.58,6900,Prefabs/Generic/RAM,Crucial RDIMM DDR5 2X 256 GB 6400 MHz
Memory,Crucial,RDIMM DDR5 2X 256 GB 7200 MHz,Y,Y,4440,4300,38,60,,,,256,7200,DDR5 (RDIMM) 2X,1.1,256,1,9.3,RDIMM DDR5 2X,,1.58,7900,Prefabs/Generic/RAM,Crucial RDIMM DDR5 2X 256 GB 7200 MHz
Memory,Crucial,RDIMM DDR5 2X 256 GB 8400 MHz,Y,Y,4590,4450,38,95,,,,256,8400,DDR5 (RDIMM) 2X,1.1,256,1,9.3,RDIMM DDR5 2X,,1.58,8800,Prefabs/Generic/RAM,Crucial RDIMM DDR5 2X 256 GB 8400 MHz
Memory,DFL,MOTIV8OR 4 GB 2400 MHz,,Y,40,13,1,1,1.0,,,4,2400,DDR4,1.2,4,1,10.0,MOTIV8OR,,1.65,2568,Prefabs/Generic/Deluxe RAM,DFL MOTIV8OR 4 GB 2400 MHz
Memory,DFL,MOTIV8OR 8 GB 2400 MHz,,Y,70,23,1,1,1.0,,,8,2400,DDR4,1.2,8,1,8.8,MOTIV8OR,,1.65,2568,Prefabs/Generic/Deluxe RAM,DFL MOTIV8OR 8 GB 2400 MHz
Memory,G.SKILL,Flare X 8 GB 2400 MHz,,Y,70,23,2,90,1.0,,,8,2400,DDR4,1.2,8,1,8.8,Flare X,,1.65,2568,Prefabs/RAM/GSKILL/GSkill_Ripjaw4_FlareX,G.SKILL Flare X 8 GB 2400 MHz
Memory,G.SKILL,Flare X 8 GB 3200 MHz,,Y,110,37,7,1,1.0,,,8,3200,DDR4,1.35,8,1,13.8,Flare X,,1.65,3424,Prefabs/RAM/GSKILL/GSkill_Ripjaw4_FlareX,G.SKILL Flare X 8 GB 3200 MHz
Memory,G.SKILL,FORTIS 8 GB 2133 MHz,,Y,60,20,2,50,1.0,,,8,2133,DDR4,1.2,8,1,7.5,FORTIS,,1.65,2282,Prefabs/RAM/GSKILL/GSkill_Fortis,G.SKILL FORTIS 8 GB 2133 MHz
Memory,G.SKILL,FORTIS 8 GB 2400 MHz,,Y,70,23,2,50,1.0,,,8,2400,DDR4,1.2,8,1,8.8,FORTIS,,1.65,2568,Prefabs/RAM/GSKILL/GSkill_Fortis,G.SKILL FORTIS 8 GB 2400 MHz
Memory,G.SKILL,Ripjaws 4 (Black) 8 GB 2800 MHz,,Y,90,30,4,70,1.0,,,8,2800,DDR4,1.2,8,1,11.3,Ripjaws 4 (Black),,1.65,2996,Prefabs/RAM/GSKILL/GSkill_Ripjaw4_Black,G.SKILL Ripjaws 4 (Black) 8 GB 2800 MHz
Memory,G.SKILL,Ripjaws 4 (Black) 8 GB 3200 MHz,,Y,110,37,7,1,1.0,,,8,3200,DDR4,1.35,8,1,13.8,Ripjaws 4 (Black),,1.65,3424,Prefabs/RAM/GSKILL/GSkill_Ripjaw4_Black,G.SKILL Ripjaws 4 (Black) 8 GB 3200 MHz
Memory,G.SKILL,Ripjaws 4 (Blue) 8 GB 3000 MHz,,Y,100,33,7,1,1.0,,,8,3000,DDR4,1.35,8,1,12.5,Ripjaws 4 (Blue),,1.65,3210,Prefabs/RAM/GSKILL/GSkill_Ripjaw4_Blue,G.SKILL Ripjaws 4 (Blue) 8 GB 3000 MHz
Memory,G.SKILL,Ripjaws 4 (Red) 8 GB 3000 MHz,,Y,100,33,7,1,1.0,,,8,3000,DDR4,1.35,8,1,12.5,Ripjaws 4 (Red),,1.65,3210,Prefabs/RAM/GSKILL/GSkill_Ripjaw4_Red,G.SKILL Ripjaws 4 (Red) 8 GB 3000 MHz
Memory,G.SKILL,Ripjaws V (Black) 16 GB 3200 MHz,,Y,210,70,7,40,1.0,,,16,3200,DDR4,1.35,16,1,13.1,Ripjaws V (Black),,1.65,3424,Prefabs/RAM/GSKILL/GSkill_Ripjaws_V_Black,G.SKILL Ripjaws V (Black) 16 GB 3200 MHz
Memory,G.SKILL,Ripjaws V (Black) 16 GB 3400 MHz,,Y,222,74,9,1,1.0,,,16,3400,DDR4,1.35,16,1,13.9,Ripjaws V (Black),,1.65,3638,Prefabs/RAM/GSKILL/GSkill_Ripjaws_V_Black,G.SKILL Ripjaws V (Black) 16 GB 3400 MHz
Memory,G.SKILL,Ripjaws V (Black) 8 GB 3200 MHz,,Y,110,37,7,40,1.0,,,8,3200,DDR4,1.35,8,1,13.8,Ripjaws V (Black),,1.65,3424,Prefabs/RAM/GSKILL/GSkill_Ripjaws_V_Black,G.SKILL Ripjaws V (Black) 8 GB 3200 MHz
Memory,G.SKILL,Ripjaws V (Black) 8 GB 3600 MHz,,Y,120,40,11,40,1.0,,,8,3600,DDR4,1.35,8,1,15.0,Ripjaws V (Black),,1.65,3852,Prefabs/RAM/GSKILL/GSkill_Ripjaws_V_Black,G.SKILL Ripjaws V (Black) 8 GB 3600 MHz
Memory,G.SKILL,Ripjaws V (Red) 16 GB 3400 MHz,,Y,222,74,9,1,1.0,,,16,3400,DDR4,1.35,16,1,13.9,Ripjaws V (Red),,1.65,3638,Prefabs/RAM/GSKILL/GSkill_Ripjaws_V_Red,G.SKILL Ripjaws V (Red) 16 GB 3400 MHz
Memory,G.SKILL,Ripjaws V (Red) 8 GB 3600 MHz,,Y,120,40,11,40,1.0,,,8,3600,DDR4,1.35,8,1,15.0,Ripjaws V (Red),,1.65,3852,Prefabs/RAM/GSKILL/GSkill_Ripjaws_V_Red,G.SKILL Ripjaws V (Red) 8 GB 3600 MHz
Memory,G.SKILL,Sniper X (Black) 8 GB 3400 MHz,,Y,116,39,9,80,1.0,,,8,3400,DDR4,1.35,8,1,14.5,Sniper X (Black),,1.65,3638,Prefabs/RAM/GSKILL/G_Skill_Sniper_X_Black,G.SKILL Sniper X (Black) 8 GB 3400 MHz
Memory,G.SKILL,Sniper X (Black) 8 GB 3600 MHz,,Y,120,40,11,80,1.0,,,8,3600,DDR4,1.35,8,1,15.0,Sniper X (Black),,1.65,3852,Prefabs/RAM/GSKILL/G_Skill_Sniper_X_Black,G.SKILL Sniper X (Black) 8 GB 3600 MHz
Memory,G.SKILL,Sniper X (Black) 8 GB 4000 MHz,Y,Y,135,55,12,80,,,,8,4000,DDR4,1.35,8,1,15.0,Sniper X (Black),,1.65,4350,Prefabs/RAM/GSKILL/G_Skill_Sniper_X_Black,G.SKILL Sniper X (Black) 8 GB 4000 MHz
Memory,G.SKILL,Sniper X (Black) 8 GB 4400 MHz,Y,Y,145,39,13,15,,,,8,4400,DDR4,1.35,8,1,14.5,Sniper X (Black),,1.65,4700,Prefabs/RAM/GSKILL/G_Skill_Sniper_X_Black,G.SKILL Sniper X (Black) 8 GB 4400 MHz
Memory,G.SKILL,Sniper X (Silver) 8 GB 3200 MHz,,Y,110,37,7,80,1.0,,,8,3200,DDR4,1.35,8,1,13.8,Sniper X (Silver),,1.65,3424,Prefabs/RAM/GSKILL/G_Skill_Sniper_X_Silver,G.SKILL Sniper X (Silver) 8 GB 3200 MHz
Memory,G.SKILL,Sniper X (Silver) 8 GB 3600 MHz,,Y,120,40,11,80,1.0,,,8,3600,DDR4,1.35,8,1,15.0,Sniper X (Silver),,1.65,3852,Prefabs/RAM/GSKILL/G_Skill_Sniper_X_Silver,G.SKILL Sniper X (Silver) 8 GB 3600 MHz
Memory,G.SKILL,Sniper X (Silver) 8 GB 4000 MHz,Y,Y,135,55,12,80,,,,8,4000,DDR4,1.35,8,1,15.0,Sniper X (Silver),,1.65,4350,Prefabs/RAM/GSKILL/G_Skill_Sniper_X_Silver,G.SKILL Sniper X (Silver) 8 GB 4000 MHz
Memory,G.SKILL,Sniper X (Silver) 8 GB 4400 MHz,Y,Y,145,39,13,15,,,,8,4400,DDR4,1.35,8,1,14.5,Sniper X (Silver),,1.65,4700,Prefabs/RAM/GSKILL/G_Skill_Sniper_X_Silver,G.SKILL Sniper X (Silver) 8 GB 4400 MHz
Memory,G.SKILL,Sniper X Zeroed Edition (Black) 8 GB 11000 MHz,Y,Y,1355,1100,40,45,,,,8,11000,DDR5,1.4,8,1,15.0,Sniper X Zeroed Edition (Black),,2.1,12225,Prefabs/RAM/GSKILL/G_Skill_Sniper_X_Black,G.SKILL Sniper X Zeroed Edition (Black) 8 GB 11000 MHz
Memory,G.SKILL,Sniper X Zeroed Edition (Silver) 8 GB 11000 MHz,Y,Y,1355,1000,40,45,,,,8,11000,DDR5,1.4,8,1,15.0,Sniper X Zeroed Edition (Silver),,2.1,12225,Prefabs/RAM/GSKILL/G_Skill_Sniper_X_Silver,G.SKILL Sniper X Zeroed Edition (Silver) 8 GB 11000 MHz
Memory,G.SKILL,Trident X (Black) 8 GB 5800 MHz,Y,Y,615,285,31,55,,,,8,5800,DDR4,1.45,8,1,16.9,Trident X (Black),,1.7,7158,Prefabs/RAM/GSKILL/G_Skill_Trident_Z_Black,G.SKILL Trident X (Black) 8 GB 5800 MHz
Memory,G.SKILL,Trident X (Silver) 8 GB 5800 MHz,Y,Y,615,285,31,55,,,,8,5800,DDR4,1.45,8,1,16.9,Trident X (Silver),,1.7,7158,Prefabs/RAM/GSKILL/G_Skill_Trident_Z_Silver,G.SKILL Trident X (Silver) 8 GB 5800 MHz
Memory,G.SKILL,Trident X MAX (Black) 4 GB 6300 MHz,Y,Y,725,385,32,35,,,,4,6300,DDR4,1.5,4,1,16.9,Trident X MAX (Black),,1.776,7650,Prefabs/RAM/GSKILL/G_Skill_Trident_Z_Black,G.SKILL Trident X MAX (Black) 4 GB 6300 MHz
Memory,G.SKILL,Trident X MAX (Black) 8 GB 6000 MHz,Y,Y,685,355,31,85,,,,8,6000,DDR4,1.5,8,1,16.9,Trident X MAX (Black),,1.75,7375,Prefabs/RAM/GSKILL/G_Skill_Trident_Z_Black,G.SKILL Trident X MAX (Black) 8 GB 6000 MHz
Memory,G.SKILL,Trident X MAX (Silver) 4 GB 6300 MHz,Y,Y,725,385,32,35,,,,4,6300,DDR4,1.5,4,1,16.9,Trident X MAX (Silver),,1.776,7650,Prefabs/RAM/GSKILL/G_Skill_Trident_Z_Silver,G.SKILL Trident X MAX (Silver) 4 GB 6300 MHz
Memory,G.SKILL,Trident X MAX (Silver) 8 GB 6000 MHz,Y,Y,685,355,31,85,,,,8,6000,DDR4,1.5,8,1,16.9,Trident X MAX (Silver),,1.75,7375,Prefabs/RAM/GSKILL/G_Skill_Trident_Z_Silver,G.SKILL Trident X MAX (Silver) 8 GB 6000 MHz
Memory,G.SKILL,Trident Z (Black) 16 GB 4000 MHz,,Y,270,90,15,1,1.0,,,16,4000,DDR4,1.35,16,1,16.9,Trident Z (Black),,1.65,4280,Prefabs/RAM/GSKILL/G_Skill_Trident_Z_Black,G.SKILL Trident Z (Black) 16 GB 4000 MHz
Memory,G.SKILL,Trident Z (Black) 8 GB 10400 MHz,Y,Y,1235,1000,39,15,,,,8,10400,DDR5,1.3,8,1,16.9,Trident Z (Black),,2.0,11400,Prefabs/RAM/GSKILL/G_Skill_Trident_Z_Black,G.SKILL Trident Z (Black) 8 GB 10400 MHz
Memory,G.SKILL,Trident Z (Black) 8 GB 4400 MHz,,Y,220,73,25,1,1.0,,,8,4400,DDR4,1.4,8,1,27.5,Trident Z (Black),,1.65,4708,Prefabs/RAM/GSKILL/G_Skill_Trident_Z_Black,G.SKILL Trident Z (Black) 8 GB 4400 MHz
Memory,G.SKILL,Trident Z (Black) 8 GB 4500 MHz,,Y,252,84,27,1,1.0,,,8,4500,DDR4,1.45,8,1,31.5,Trident Z (Black),,1.65,4815,Prefabs/RAM/GSKILL/G_Skill_Trident_Z_Black,G.SKILL Trident Z (Black) 8 GB 4500 MHz
Memory,G.SKILL,Trident Z (Silver) 16 GB 4000 MHz,,Y,270,90,15,1,1.0,,,16,4000,DDR4,1.35,16,1,16.9,Trident Z (Silver),,1.65,4280,Prefabs/RAM/GSKILL/G_Skill_Trident_Z_Silver,G.SKILL Trident Z (Silver) 16 GB 4000 MHz
Memory,G.SKILL,Trident Z (Silver) 8 GB 10400 MHz,Y,Y,1235,1000,39,15,,,,8,10400,DDR5,1.3,8,1,16.9,Trident Z (Silver),,2.0,11400,Prefabs/RAM/GSKILL/G_Skill_Trident_Z_Silver,G.SKILL Trident Z (Silver) 8 GB 10400 MHz
Memory,G.SKILL,Trident Z (Silver) 8 GB 4000 MHz,,Y,140,47,15,1,1.0,,,8,4000,DDR4,1.35,8,1,17.5,Trident Z (Silver),,1.65,4280,Prefabs/RAM/GSKILL/G_Skill_Trident_Z_Silver,G.SKILL Trident Z (Silver) 8 GB 4000 MHz
Memory,G.SKILL,Trident Z (Silver) 8 GB 4500 MHz,,Y,252,84,27,1,1.0,,,8,4500,DDR4,1.45,8,1,31.5,Trident Z (Silver),,1.65,4815,Prefabs/RAM/GSKILL/G_Skill_Trident_Z_Silver,G.SKILL Trident Z (Silver) 8 GB 4500 MHz
Memory,G.SKILL,Trident Z DDR5 Neo 16 GB 7200 MHz,Y,Y,880,765,36,25,,,RGB,16,7200,DDR5,1.15,16,1,15.0,Trident Z DDR5 Neo,,1.85,7875,v1_7_0/Prefabs/RAM/GSKILL/RAM_GSkill_Trident_Z_Neo,G.SKILL Trident Z DDR5 Neo 16 GB 7200 MHz
Memory,G.SKILL,Trident Z DDR5 Neo 32 GB 7200 MHz,Y,Y,1000,885,37,25,,,RGB,32,7200,DDR5,1.15,32,1,15.0,Trident Z DDR5 Neo,,1.85,7750,v1_7_0/Prefabs/RAM/GSKILL/RAM_GSkill_Trident_Z_Neo,G.SKILL Trident Z DDR5 Neo 32 GB 7200 MHz
Memory,G.SKILL,Trident Z DDR5 Neo 64 GB 7200 MHz,Y,Y,1285,1170,38,75,,,RGB,64,7200,DDR5,1.15,64,1,15.0,Trident Z DDR5 Neo,,1.85,7625,v1_7_0/Prefabs/RAM/GSKILL/RAM_GSkill_Trident_Z_Neo,G.SKILL Trident Z DDR5 Neo 64 GB 7200 MHz
Memory,G.SKILL,Trident Z DDR5 Neo 8 GB 7200 MHz,Y,Y,740,625,36,25,,,RGB,8,7200,DDR5,1.15,8,1,15.0,Trident Z DDR5 Neo,,1.85,8000,v1_7_0/Prefabs/RAM/GSKILL/RAM_GSkill_Trident_Z_Neo,G.SKILL Trident Z DDR5 Neo 8 GB 7200 MHz
Memory,G.SKILL,Trident Z DDR5 Royal (Gold) 16 GB 7200 MHz,Y,Y,880,765,36,25,,,RGB,16,7200,DDR5,1.15,16,1,15.0,Trident Z DDR5 Royal (Gold),,1.85,7875,v1_7_0/Prefabs/RAM/GSKILL/RAM_GSkill_Trident_Z_Royal,G.SKILL Trident Z DDR5 Royal (Gold) 16 GB 7200 MHz
Memory,G.SKILL,Trident Z DDR5 Royal (Gold) 32 GB 7200 MHz,Y,Y,1000,885,37,25,,,RGB,32,7200,DDR5,1.15,32,1,15.0,Trident Z DDR5 Royal (Gold),,1.85,7750,v1_7_0/Prefabs/RAM/GSKILL/RAM_GSkill_Trident_Z_Royal,G.SKILL Trident Z DDR5 Royal (Gold) 32 GB 7200 MHz
Memory,G.SKILL,Trident Z DDR5 Royal (Gold) 64 GB 7200 MHz,Y,Y,1285,1170,38,75,,,RGB,64,7200,DDR5,1.15,64,1,15.0,Trident Z DDR5 Royal (Gold),,1.85,7625,v1_7_0/Prefabs/RAM/GSKILL/RAM_GSkill_Trident_Z_Royal,G.SKILL Trident Z DDR5 Royal (Gold) 64 GB 7200 MHz
Memory,G.SKILL,Trident Z DDR5 Royal (Gold) 8 GB 7200 MHz,Y,Y,740,625,36,25,,,RGB,8,7200,DDR5,1.15,8,1,15.0,Trident Z DDR5 Royal (Gold),,1.85,8000,v1_7_0/Prefabs/RAM/GSKILL/RAM_GSkill_Trident_Z_Royal,G.SKILL Trident Z DDR5 Royal (Gold) 8 GB 7200 MHz
Memory,G.SKILL,Trident Z DDR5 Royal (Silver) 16 GB 7200 MHz,Y,Y,880,765,36,25,,,RGB,16,7200,DDR5,1.15,16,1,15.0,Trident Z DDR5 Royal (Silver),,1.85,8000,v1_7_0/Prefabs/RAM/GSKILL/RAM_GSkill_Trident_Z_Royal_Silver,G.SKILL Trident Z DDR5 Royal (Silver) 16 GB 7200 MHz
Memory,G.SKILL,Trident Z DDR5 Royal (Silver) 32 GB 7200 MHz,Y,Y,1000,885,37,25,,,RGB,32,7200,DDR5,1.15,32,1,15.0,Trident Z DDR5 Royal (Silver),,1.85,7875,v1_7_0/Prefabs/RAM/GSKILL/RAM_GSkill_Trident_Z_Royal_Silver,G.SKILL Trident Z DDR5 Royal (Silver) 32 GB 7200 MHz
Memory,G.SKILL,Trident Z DDR5 Royal (Silver) 64 GB 7200 MHz,Y,Y,1285,1170,38,75,,,RGB,64,7200,DDR5,1.15,64,1,15.0,Trident Z DDR5 Royal (Silver),,1.85,7625,v1_7_0/Prefabs/RAM/GSKILL/RAM_GSkill_Trident_Z_Royal_Silver,G.SKILL Trident Z DDR5 Royal (Silver) 64 GB 7200 MHz
Memory,G.SKILL,Trident Z DDR5 Royal (Silver) 8 GB 7200 MHz,Y,Y,740,625,36,25,,,RGB,8,7200,DDR5,1.15,8,1,15.0,Trident Z DDR5 Royal (Silver),,1.85,8000,v1_7_0/Prefabs/RAM/GSKILL/RAM_GSkill_Trident_Z_Royal_Silver,G.SKILL Trident Z DDR5 Royal (Silver) 8 GB 7200 MHz
Memory,G.SKILL,Trident Z Neo 16 GB 3200 MHz,,Y,220,73,10,40,1.7,,RGB,16,3200,DDR4,1.35,16,1,13.8,Trident Z Neo,,1.65,3424,v1_7_0/Prefabs/RAM/GSKILL/RAM_GSkill_Trident_Z_Neo,G.SKILL Trident Z Neo 16 GB 3200 MHz
Memory,G.SKILL,Trident Z Neo 16 GB 3600 MHz,Y,Y,235,87,11,60,,,RGB,16,3600,DDR4,1.35,16,1,13.8,Trident Z Neo,,1.65,3875,v1_7_0/Prefabs/RAM/GSKILL/RAM_GSkill_Trident_Z_Neo,G.SKILL Trident Z Neo 16 GB 3600 MHz
Memory,G.SKILL,Trident Z Neo 16 GB 3866 MHz,Y,Y,240,90,11,85,,,RGB,16,3866,DDR4,1.35,16,1,13.8,Trident Z Neo,,1.65,4200,v1_7_0/Prefabs/RAM/GSKILL/RAM_GSkill_Trident_Z_Neo,G.SKILL Trident Z Neo 16 GB 3866 MHz
Memory,G.SKILL,Trident Z Neo 16 GB 4000 MHz,Y,Y,250,100,12,25,,,RGB,16,4000,DDR4,1.35,16,1,13.8,Trident Z Neo,,1.65,4485,v1_7_0/Prefabs/RAM/GSKILL/RAM_GSkill_Trident_Z_Neo,G.SKILL Trident Z Neo 16 GB 4000 MHz
Memory,G.SKILL,Trident Z Neo 32 GB 3200 MHz,,Y,415,138,10,40,1.7,,RGB,32,3200,DDR4,1.35,32,1,13.0,Trident Z Neo,,1.65,3424,v1_7_0/Prefabs/RAM/GSKILL/RAM_GSkill_Trident_Z_Neo,G.SKILL Trident Z Neo 32 GB 3200 MHz
Memory,G.SKILL,Trident Z Neo 32 GB 3600 MHz,Y,Y,430,150,13,1,,,RGB,32,3600,DDR4,1.35,32,1,13.0,Trident Z Neo,,1.65,3985,v1_7_0/Prefabs/RAM/GSKILL/RAM_GSkill_Trident_Z_Neo,G.SKILL Trident Z Neo 32 GB 3600 MHz
Memory,G.SKILL,Trident Z Neo 32 GB 3866 MHz,Y,Y,440,160,13,45,,,RGB,32,3866,DDR4,1.35,32,1,13.0,Trident Z Neo,,1.65,4200,v1_7_0/Prefabs/RAM/GSKILL/RAM_GSkill_Trident_Z_Neo,G.SKILL Trident Z Neo 32 GB 3866 MHz
Memory,G.SKILL,Trident Z Neo 8 GB 3200 MHz,,Y,120,40,10,40,1.7,,RGB,8,3200,DDR4,1.35,8,1,15.0,Trident Z Neo,,1.65,3424,v1_7_0/Prefabs/RAM/GSKILL/RAM_GSkill_Trident_Z_Neo,G.SKILL Trident Z Neo 8 GB 3200 MHz
Memory,G.SKILL,Trident Z RGB 16 GB 3200 MHz,,Y,220,73,14,60,1.0,,RGB,16,3200,DDR4,1.35,16,1,13.8,Trident Z RGB,,1.65,3424,Prefabs/RAM/GSKILL/G_Skill_Trident_Z_RGB,G.SKILL Trident Z RGB 16 GB 3200 MHz
Memory,G.SKILL,Trident Z RGB 16 GB 3866 MHz,,Y,272,91,13,1,1.0,,RGB,16,3866,DDR4,1.35,16,1,17.0,Trident Z RGB,,1.65,4136,Prefabs/RAM/GSKILL/G_Skill_Trident_Z_RGB,G.SKILL Trident Z RGB 16 GB 3866 MHz
Memory,G.SKILL,Trident Z RGB 8 GB 3000 MHz,,Y,110,37,14,60,1.0,,RGB,8,3000,DDR4,1.35,8,1,13.8,Trident Z RGB,,1.65,3210,Prefabs/RAM/GSKILL/G_Skill_Trident_Z_RGB,G.SKILL Trident Z RGB 8 GB 3000 MHz
Memory,G.SKILL,Trident Z RGB 8 GB 3200 MHz,,Y,120,40,14,60,1.0,,RGB,8,3200,DDR4,1.35,8,1,15.0,Trident Z RGB,,1.65,3424,Prefabs/RAM/GSKILL/G_Skill_Trident_Z_RGB,G.SKILL Trident Z RGB 8 GB 3200 MHz
Memory,G.SKILL,Trident Z RGB 8 GB 3600 MHz,,Y,130,43,14,60,1.0,,RGB,8,3600,DDR4,1.35,8,1,16.3,Trident Z RGB,,1.65,3852,Prefabs/RAM/GSKILL/G_Skill_Trident_Z_RGB,G.SKILL Trident Z RGB 8 GB 3600 MHz
Memory,G.SKILL,Trident Z RGB 8 GB 4000 MHz,,Y,150,50,15,40,1.0,,RGB,8,4000,DDR4,1.35,8,1,18.8,Trident Z RGB,,1.65,4280,Prefabs/RAM/GSKILL/G_Skill_Trident_Z_RGB,G.SKILL Trident Z RGB 8 GB 4000 MHz
Memory,G.SKILL,Trident Z RGB 8 GB 4400 MHz,,Y,230,77,25,40,1.0,,RGB,8,4400,DDR4,1.4,8,1,28.8,Trident Z RGB,,1.65,4708,Prefabs/RAM/GSKILL/G_Skill_Trident_Z_RGB,G.SKILL Trident Z RGB 8 GB 4400 MHz
Memory,G.SKILL,Trident Z RGB 8 GB 4800 MHz,,Y,430,143,30,1,1.0,,RGB,8,4800,DDR4,1.5,8,1,53.8,Trident Z RGB,,1.65,5136,Prefabs/RAM/GSKILL/G_Skill_Trident_Z_RGB,G.SKILL Trident Z RGB 8 GB 4800 MHz
Memory,G.SKILL,Trident Z RGB DDR5 16 GB 7200 MHz,Y,Y,940,825,36,85,,,RGB,16,7200,DDR5,1.15,16,1,15.0,Trident Z RGB DDR5,,1.85,8475,Prefabs/RAM/GSKILL/G_Skill_Trident_Z_RGB,G.SKILL Trident Z RGB DDR5 16 GB 7200 MHz
Memory,G.SKILL,Trident Z RGB DDR5 32 GB 7200 MHz,Y,Y,1100,985,37,85,,,RGB,32,7200,DDR5,1.15,32,1,15.0,Trident Z RGB DDR5,,1.85,8350,Prefabs/RAM/GSKILL/G_Skill_Trident_Z_RGB,G.SKILL Trident Z RGB DDR5 32 GB 7200 MHz
Memory,G.SKILL,Trident Z RGB DDR5 64 GB 7200 MHz,Y,Y,1365,1245,37,85,,,RGB,64,7200,DDR5,1.15,64,1,15.0,Trident Z RGB DDR5,,1.85,8150,Prefabs/RAM/GSKILL/G_Skill_Trident_Z_RGB,G.SKILL Trident Z RGB DDR5 64 GB 7200 MHz
Memory,G.SKILL,Trident Z RGB DDR5 8 GB 7200 MHz,Y,Y,800,685,36,85,,,RGB,8,7200,DDR5,1.15,8,1,15.0,Trident Z RGB DDR5,,1.85,8600,Prefabs/RAM/GSKILL/G_Skill_Trident_Z_RGB,G.SKILL Trident Z RGB DDR5 8 GB 7200 MHz
Memory,G.SKILL,Trident Z Royal (Gold) 16 GB 3200 MHz,,Y,220,73,10,60,1.7,,RGB,16,3200,DDR4,1.35,16,1,13.8,Trident Z Royal (Gold),,1.65,3424,v1_7_0/Prefabs/RAM/GSKILL/RAM_GSkill_Trident_Z_Royal,G.SKILL Trident Z Royal (Gold) 16 GB 3200 MHz
Memory,G.SKILL,Trident Z Royal (Gold) 16 GB 3600 MHz,Y,Y,235,87,11,60,,,RGB,16,3600,DDR4,1.35,16,1,13.8,Trident Z Royal (Gold),,1.65,3875,v1_7_0/Prefabs/RAM/GSKILL/RAM_GSkill_Trident_Z_Royal,G.SKILL Trident Z Royal (Gold) 16 GB 3600 MHz
Memory,G.SKILL,Trident Z Royal (Gold) 16 GB 3866 MHz,Y,Y,240,90,11,85,,,RGB,16,3866,DDR4,1.35,16,1,13.8,Trident Z Royal (Gold),,1.65,4200,v1_7_0/Prefabs/RAM/GSKILL/RAM_GSkill_Trident_Z_Royal,G.SKILL Trident Z Royal (Gold) 16 GB 3866 MHz
Memory,G.SKILL,Trident Z Royal (Gold) 16 GB 4000 MHz,Y,Y,250,100,12,25,,,RGB,16,4000,DDR4,1.35,16,1,13.8,Trident Z Royal (Gold),,1.65,4485,v1_7_0/Prefabs/RAM/GSKILL/RAM_GSkill_Trident_Z_Royal,G.SKILL Trident Z Royal (Gold) 16 GB 4000 MHz
Memory,G.SKILL,Trident Z Royal (Gold) 16 GB 4266 MHz,,Y,360,120,25,10,1.14,,RGB,16,4266,DDR4,1.2,16,1,22.5,Trident Z Royal (Gold),,1.65,4564,v1_7_0/Prefabs/RAM/GSKILL/RAM_GSkill_Trident_Z_Royal,G.SKILL Trident Z Royal (Gold) 16 GB 4266 MHz
Memory,G.SKILL,Trident Z Royal (Gold) 32 GB 3200 MHz,,Y,415,138,10,60,1.7,,RGB,32,3200,DDR4,1.35,32,1,13.0,Trident Z Royal (Gold),,1.65,3424,v1_7_0/Prefabs/RAM/GSKILL/RAM_GSkill_Trident_Z_Royal,G.SKILL Trident Z Royal (Gold) 32 GB 3200 MHz
Memory,G.SKILL,Trident Z Royal (Gold) 32 GB 3600 MHz,Y,Y,430,150,13,1,,,RGB,32,3600,DDR4,1.35,32,1,13.0,Trident Z Royal (Gold),,1.65,3985,v1_7_0/Prefabs/RAM/GSKILL/RAM_GSkill_Trident_Z_Royal,G.SKILL Trident Z Royal (Gold) 32 GB 3600 MHz
Memory,G.SKILL,Trident Z Royal (Gold) 32 GB 3866 MHz,Y,Y,440,160,13,45,,,RGB,32,3866,DDR4,1.35,32,1,13.0,Trident Z Royal (Gold),,1.65,4200,v1_7_0/Prefabs/RAM/GSKILL/RAM_GSkill_Trident_Z_Royal,G.SKILL Trident Z Royal (Gold) 32 GB 3866 MHz
Memory,G.SKILL,Trident Z Royal (Gold) 8 GB 3200 MHz,,Y,120,40,10,60,1.7,,RGB,8,3200,DDR4,1.35,8,1,15.0,Trident Z Royal (Gold),,1.65,3424,v1_7_0/Prefabs/RAM/GSKILL/RAM_GSkill_Trident_Z_Royal,G.SKILL Trident Z Royal (Gold) 8 GB 3200 MHz
Memory,G.SKILL,Trident Z Royal (Gold) 8 GB 3600 MHz,Y,Y,135,50,11,15,,,RGB,8,3600,DDR4,1.35,8,1,15.0,Trident Z Royal (Gold),,1.65,3850,v1_7_0/Prefabs/RAM/GSKILL/RAM_GSkill_Trident_Z_Royal,G.SKILL Trident Z Royal (Gold) 8 GB 3600 MHz
Memory,G.SKILL,Trident Z Royal (Gold) 8 GB 4000 MHz,Y,Y,150,58,11,50,,,RGB,8,4000,DDR4,1.35,8,1,15.0,Trident Z Royal (Gold),,1.65,4350,v1_7_0/Prefabs/RAM/GSKILL/RAM_GSkill_Trident_Z_Royal,G.SKILL Trident Z Royal (Gold) 8 GB 4000 MHz
Memory,G.SKILL,Trident Z Royal (Gold) 8 GB 4400 MHz,Y,Y,165,70,11,75,,,RGB,8,4400,DDR4,1.35,8,1,15.0,Trident Z Royal (Gold),,1.65,5000,v1_7_0/Prefabs/RAM/GSKILL/RAM_GSkill_Trident_Z_Royal,G.SKILL Trident Z Royal (Gold) 8 GB 4400 MHz
Memory,G.SKILL,Trident Z Royal (Silver) 16 GB 3200 MHz,,Y,220,73,10,60,1.7,,RGB,16,3200,DDR4,1.35,16,1,13.8,Trident Z Royal (Silver),,1.65,3424,v1_7_0/Prefabs/RAM/GSKILL/RAM_GSkill_Trident_Z_Royal_Silver,G.SKILL Trident Z Royal (Silver) 16 GB 3200 MHz
Memory,G.SKILL,Trident Z Royal (Silver) 16 GB 3600 MHz,Y,Y,235,87,11,60,,,RGB,16,3600,DDR4,1.35,16,1,13.8,Trident Z Royal (Silver),,1.65,3875,v1_7_0/Prefabs/RAM/GSKILL/RAM_GSkill_Trident_Z_Royal_Silver,G.SKILL Trident Z Royal (Silver) 16 GB 3600 MHz
Memory,G.SKILL,Trident Z Royal (Silver) 16 GB 3866 MHz,Y,Y,240,90,11,85,,,RGB,16,3866,DDR4,1.35,16,1,13.8,Trident Z Royal (Silver),,1.65,4200,v1_7_0/Prefabs/RAM/GSKILL/RAM_GSkill_Trident_Z_Royal_Silver,G.SKILL Trident Z Royal (Silver) 16 GB 3866 MHz
Memory,G.SKILL,Trident Z Royal (Silver) 16 GB 4000 MHz,Y,Y,250,100,12,25,,,RGB,16,4000,DDR4,1.35,16,1,13.8,Trident Z Royal (Silver),,1.65,4485,v1_7_0/Prefabs/RAM/GSKILL/RAM_GSkill_Trident_Z_Royal_Silver,G.SKILL Trident Z Royal (Silver) 16 GB 4000 MHz
Memory,G.SKILL,Trident Z Royal (Silver) 16 GB 4266 MHz,,Y,360,120,25,10,1.14,,RGB,16,4266,DDR4,1.2,16,1,22.5,Trident Z Royal (Silver),,1.65,4564,v1_7_0/Prefabs/RAM/GSKILL/RAM_GSkill_Trident_Z_Royal_Silver,G.SKILL Trident Z Royal (Silver) 16 GB 4266 MHz
Memory,G.SKILL,Trident Z Royal (Silver) 32 GB 3200 MHz,,Y,415,138,10,60,1.7,,RGB,32,3200,DDR4,1.35,32,1,13.0,Trident Z Royal (Silver),,1.65,3424,v1_7_0/Prefabs/RAM/GSKILL/RAM_GSkill_Trident_Z_Royal_Silver,G.SKILL Trident Z Royal (Silver) 32 GB 3200 MHz
Memory,G.SKILL,Trident Z Royal (Silver) 32 GB 3600 MHz,Y,Y,430,150,13,1,,,RGB,32,3600,DDR4,1.35,32,1,13.0,Trident Z Royal (Silver),,1.65,3985,v1_7_0/Prefabs/RAM/GSKILL/RAM_GSkill_Trident_Z_Royal_Silver,G.SKILL Trident Z Royal (Silver) 32 GB 3600 MHz
Memory,G.SKILL,Trident Z Royal (Silver) 32 GB 3866 MHz,Y,Y,440,160,13,45,,,RGB,32,3866,DDR4,1.35,32,1,13.0,Trident Z Royal (Silver),,1.65,4200,v1_7_0/Prefabs/RAM/GSKILL/RAM_GSkill_Trident_Z_Royal_Silver,G.SKILL Trident Z Royal (Silver) 32 GB 3866 MHz
Memory,G.SKILL,Trident Z Royal (Silver) 8 GB 3200 MHz,,Y,120,40,10,60,1.7,,RGB,8,3200,DDR4,1.35,8,1,15.0,Trident Z Royal (Silver),,1.65,3424,v1_7_0/Prefabs/RAM/GSKILL/RAM_GSkill_Trident_Z_Royal_Silver,G.SKILL Trident Z Royal (Silver) 8 GB 3200 MHz
Memory,G.SKILL,Trident Z Royal (Silver) 8 GB 3600 MHz,Y,Y,135,50,11,15,,,RGB,8,3600,DDR4,1.35,8,1,15.0,Trident Z Royal (Silver),,1.65,3850,v1_7_0/Prefabs/RAM/GSKILL/RAM_GSkill_Trident_Z_Royal_Silver,G.SKILL Trident Z Royal (Silver) 8 GB 3600 MHz
Memory,G.SKILL,Trident Z Royal (Silver) 8 GB 4000 MHz,Y,Y,150,58,11,50,,,RGB,8,4000,DDR4,1.35,8,1,15.0,Trident Z Royal (Silver),,1.65,4350,v1_7_0/Prefabs/RAM/GSKILL/RAM_GSkill_Trident_Z_Royal_Silver,G.SKILL Trident Z Royal (Silver) 8 GB 4000 MHz
Memory,G.SKILL,Trident Z Royal (Silver) 8 GB 4400 MHz,Y,Y,165,70,11,75,,,RGB,8,4400,DDR4,1.35,8,1,15.0,Trident Z Royal (Silver),,1.65,5000,v1_7_0/Prefabs/RAM/GSKILL/RAM_GSkill_Trident_Z_Royal_Silver,G.SKILL Trident Z Royal (Silver) 8 GB 4400 MHz
Memory,G.SKILL,Trident Z Royal Elite DDR4 Gold 16 GB 3600 MHz,,Y,240,80,34,10,1.15,,RGB,16,3600,DDR4,1.2,16,1,15.0,Trident Z Royal Elite DDR4 Gold,,1.65,3852,v1_15_0/Prefabs/RAM/GSkill/RAM_GSkill_Trident_Z_Royal_elite_Gold_MS,G.SKILL Trident Z Royal Elite DDR4 Gold 16 GB 3600 MHz
Memory,G.SKILL,Trident Z Royal Elite DDR4 Gold 16 GB 4000 MHz,,Y,280,93,34,10,1.15,,RGB,16,4000,DDR4,1.2,16,1,17.5,Trident Z Royal Elite DDR4 Gold,,1.65,4280,v1_15_0/Prefabs/RAM/GSkill/RAM_GSkill_Trident_Z_Royal_elite_Gold_MS,G.SKILL Trident Z Royal Elite DDR4 Gold 16 GB 4000 MHz
Memory,G.SKILL,Trident Z Royal Elite DDR4 Gold 16 GB 4266 MHz,,Y,360,120,34,10,1.15,,RGB,16,4266,DDR4,1.2,16,1,22.5,Trident Z Royal Elite DDR4 Gold,,1.65,4564,v1_15_0/Prefabs/RAM/GSkill/RAM_GSkill_Trident_Z_Royal_elite_Gold_MS,G.SKILL Trident Z Royal Elite DDR4 Gold 16 GB 4266 MHz
Memory,G.SKILL,Trident Z Royal Elite DDR4 Gold 16 GB 4800 MHz,,Y,840,280,34,10,1.15,,RGB,16,4800,DDR4,1.2,16,1,52.5,Trident Z Royal Elite DDR4 Gold,,1.65,5136,v1_15_0/Prefabs/RAM/GSkill/RAM_GSkill_Trident_Z_Royal_elite_Gold_MS,G.SKILL Trident Z Royal Elite DDR4 Gold 16 GB 4800 MHz
Memory,G.SKILL,Trident Z Royal Elite DDR4 Gold 32 GB 4266 MHz,,Y,695,232,34,10,1.15,,RGB,32,4266,DDR4,1.2,32,1,21.7,Trident Z Royal Elite DDR4 Gold,,1.65,4564,v1_15_0/Prefabs/RAM/GSkill/RAM_GSkill_Trident_Z_Royal_elite_Gold_MS,G.SKILL Trident Z Royal Elite DDR4 Gold 32 GB 4266 MHz
Memory,G.SKILL,Trident Z Royal Elite DDR4 Gold 8 GB 3600 MHz,,Y,130,43,34,10,1.15,,RGB,8,3600,DDR4,1.2,8,1,16.3,Trident Z Royal Elite DDR4 Gold,,1.65,3852,v1_15_0/Prefabs/RAM/GSkill/RAM_GSkill_Trident_Z_Royal_elite_Gold_MS,G.SKILL Trident Z Royal Elite DDR4 Gold 8 GB 3600 MHz
Memory,G.SKILL,Trident Z Royal Elite DDR4 Gold 8 GB 4000 MHz,,Y,150,50,34,10,1.15,,RGB,8,4000,DDR4,1.2,8,1,18.8,Trident Z Royal Elite DDR4 Gold,,1.65,4280,v1_15_0/Prefabs/RAM/GSkill/RAM_GSkill_Trident_Z_Royal_elite_Gold_MS,G.SKILL Trident Z Royal Elite DDR4 Gold 8 GB 4000 MHz
Memory,G.SKILL,Trident Z Royal Elite DDR4 Silver 16 GB 3600 MHz,,Y,240,80,34,10,1.15,,RGB,16,3600,DDR4,1.2,16,1,15.0,Trident Z Royal Elite DDR4 Silver,,1.65,3852,v1_15_0/Prefabs/RAM/GSkill/RAM_GSkill_Trident_Z_Royal_elite_Silver,G.SKILL Trident Z Royal Elite DDR4 Silver 16 GB 3600 MHz
Memory,G.SKILL,Trident Z Royal Elite DDR4 Silver 16 GB 4000 MHz,,Y,280,93,34,10,1.15,,RGB,16,4000,DDR4,1.2,16,1,17.5,Trident Z Royal Elite DDR4 Silver,,1.65,4280,v1_15_0/Prefabs/RAM/GSkill/RAM_GSkill_Trident_Z_Royal_elite_Silver,G.SKILL Trident Z Royal Elite DDR4 Silver 16 GB 4000 MHz
Memory,G.SKILL,Trident Z Royal Elite DDR4 Silver 16 GB 4266 MHz,,Y,360,120,34,10,1.15,,RGB,16,4266,DDR4,1.2,16,1,22.5,Trident Z Royal Elite DDR4 Silver,,1.65,4564,v1_15_0/Prefabs/RAM/GSkill/RAM_GSkill_Trident_Z_Royal_elite_Silver,G.SKILL Trident Z Royal Elite DDR4 Silver 16 GB 4266 MHz
Memory,G.SKILL,Trident Z Royal Elite DDR4 Silver 16 GB 4800 MHz,,Y,840,280,34,10,1.15,,RGB,16,4800,DDR4,1.2,16,1,52.5,Trident Z Royal Elite DDR4 Silver,,1.65,5136,v1_15_0/Prefabs/RAM/GSkill/RAM_GSkill_Trident_Z_Royal_elite_Silver,G.SKILL Trident Z Royal Elite DDR4 Silver 16 GB 4800 MHz
Memory,G.SKILL,Trident Z Royal Elite DDR4 Silver 32 GB 4266 MHz,,Y,695,232,34,10,1.15,,RGB,32,4266,DDR4,1.2,32,1,21.7,Trident Z Royal Elite DDR4 Silver,,1.65,4564,v1_15_0/Prefabs/RAM/GSkill/RAM_GSkill_Trident_Z_Royal_elite_Silver,G.SKILL Trident Z Royal Elite DDR4 Silver 32 GB 4266 MHz
Memory,G.SKILL,Trident Z Royal Elite DDR4 Silver 8 GB 3600 MHz,,Y,130,43,34,10,1.15,,RGB,8,3600,DDR4,1.2,8,1,16.3,Trident Z Royal Elite DDR4 Silver,,1.65,3852,v1_15_0/Prefabs/RAM/GSkill/RAM_GSkill_Trident_Z_Royal_elite_Silver,G.SKILL Trident Z Royal Elite DDR4 Silver 8 GB 3600 MHz
Memory,G.SKILL,Trident Z Royal Elite DDR4 Silver 8 GB 4000 MHz,,Y,150,50,34,10,1.15,,RGB,8,4000,DDR4,1.2,8,1,18.8,Trident Z Royal Elite DDR4 Silver,,1.65,4280,v1_15_0/Prefabs/RAM/GSkill/RAM_GSkill_Trident_Z_Royal_elite_Silver,G.SKILL Trident Z Royal Elite DDR4 Silver 8 GB 4000 MHz
Memory,GIGABYTE,AORUS RGB 16 GB 4133 MHz,Y,Y,215,95,26,50,,,RGB,16,4133,DDR4,1.35,16,1,21.8,AORUS RGB,,1.65,4400,Prefabs/RAM/Gigabyte/RAM_Gigabyte_AORUSRGB,GIGABYTE AORUS RGB 16 GB 4133 MHz
Memory,GIGABYTE,AORUS RGB 16 GB 5000 MHz,Y,,545,185,30,50,,,RGB,16,5000,DDR4,1.45,16,1,21.8,AORUS RGB,,1.65,5300,Prefabs/RAM/Gigabyte/RAM_Gigabyte_AORUSRGB,GIGABYTE AORUS RGB 16 GB 5000 MHz
Memory,GIGABYTE,AORUS RGB 8 GB 3200 MHz,,Y,120,40,14,90,1.0,,RGB,8,3200,DDR4,1.35,8,1,15.0,AORUS RGB,,1.65,3424,Prefabs/RAM/Gigabyte/RAM_Gigabyte_AORUSRGB,GIGABYTE AORUS RGB 8 GB 3200 MHz
Memory,GIGABYTE,AORUS RGB 8 GB 4133 MHz,Y,Y,180,60,26,50,,,RGB,8,4133,DDR4,1.35,8,1,25.0,AORUS RGB,,1.65,4400,Prefabs/RAM/Gigabyte/RAM_Gigabyte_AORUSRGB,GIGABYTE AORUS RGB 8 GB 4133 MHz
Memory,GIGABYTE,AORUS RGB 8 GB 5000 MHz,Y,,475,150,30,50,,,RGB,8,5000,DDR4,1.45,8,1,25.0,AORUS RGB,,1.65,5500,Prefabs/RAM/Gigabyte/RAM_Gigabyte_AORUSRGB,GIGABYTE AORUS RGB 8 GB 5000 MHz
Memory,GIGABYTE,AP ECC Memory 16 GB 3600 MHz,Y,Y,325,210,20,20,,PC,,16,3600,DDR4 (ECC),1.35,16,1,10.0,AP ECC Memory,,1.77,4400,Prefabs/RAM/Gigabyte/RAM_Gigabyte_Memory_8GB_2666MHz,GIGABYTE AP ECC Memory 16 GB 3600 MHz
Memory,GIGABYTE,AP ECC Memory 16 GB 4000 MHz,Y,Y,365,255,21,65,,PC,,16,4000,DDR4 (ECC),1.35,16,1,10.0,AP ECC Memory,,1.77,4900,Prefabs/RAM/Gigabyte/RAM_Gigabyte_Memory_8GB_2666MHz,GIGABYTE AP ECC Memory 16 GB 4000 MHz
Memory,GIGABYTE,AP ECC Memory 2X 128 GB 3600 MHz,Y,Y,1270,1020,27,20,,PC,,128,3600,DDR4 (ECC) 2X,1.35,128,1,10.0,AP ECC Memory 2X,,1.77,4000,Prefabs/RAM/Gigabyte/RAM_Gigabyte_Memory_8GB_2666MHz,GIGABYTE AP ECC Memory 2X 128 GB 3600 MHz
Memory,GIGABYTE,AP ECC Memory 2X 128 GB 4000 MHz,Y,Y,1370,1120,28,65,,PC,,128,4000,DDR4 (ECC) 2X,1.35,128,1,10.0,AP ECC Memory 2X,,1.77,4500,Prefabs/RAM/Gigabyte/RAM_Gigabyte_Memory_8GB_2666MHz,GIGABYTE AP ECC Memory 2X 128 GB 4000 MHz
Memory,GIGABYTE,AP ECC Memory 2X 16 GB 3600 MHz,Y,Y,450,300,19,20,,PC,,16,3600,DDR4 (ECC) 2X,1.35,16,1,10.0,AP ECC Memory 2X,,1.77,4400,Prefabs/RAM/Gigabyte/RAM_Gigabyte_Memory_8GB_2666MHz,GIGABYTE AP ECC Memory 2X 16 GB 3600 MHz
Memory,GIGABYTE,AP ECC Memory 2X 16 GB 4000 MHz,Y,Y,530,380,20,65,,PC,,16,4000,DDR4 (ECC) 2X,1.35,16,1,10.0,AP ECC Memory 2X,,1.77,4900,Prefabs/RAM/Gigabyte/RAM_Gigabyte_Memory_8GB_2666MHz,GIGABYTE AP ECC Memory 2X 16 GB 4000 MHz
Memory,GIGABYTE,AP ECC Memory 2X 32 GB 3600 MHz,Y,Y,650,420,21,20,,PC,,32,3600,DDR4 (ECC) 2X,1.35,32,1,10.0,AP ECC Memory 2X,,1.77,4300,Prefabs/RAM/Gigabyte/RAM_Gigabyte_Memory_8GB_2666MHz,GIGABYTE AP ECC Memory 2X 32 GB 3600 MHz
Memory,GIGABYTE,AP ECC Memory 2X 32 GB 4000 MHz,Y,Y,730,510,22,65,,PC,,32,4000,DDR4 (ECC) 2X,1.35,32,1,10.0,AP ECC Memory 2X,,1.77,4800,Prefabs/RAM/Gigabyte/RAM_Gigabyte_Memory_8GB_2666MHz,GIGABYTE AP ECC Memory 2X 32 GB 4000 MHz
Memory,GIGABYTE,AP ECC Memory 2X 64 GB 3600 MHz,Y,Y,850,600,24,20,,PC,,64,3600,DDR4 (ECC) 2X,1.35,64,1,10.0,AP ECC Memory 2X,,1.77,4200,Prefabs/RAM/Gigabyte/RAM_Gigabyte_Memory_8GB_2666MHz,GIGABYTE AP ECC Memory 2X 64 GB 3600 MHz
Memory,GIGABYTE,AP ECC Memory 2X 64 GB 4000 MHz,Y,Y,930,670,25,65,,PC,,64,4000,DDR4 (ECC) 2X,1.35,64,1,10.0,AP ECC Memory 2X,,1.77,4700,Prefabs/RAM/Gigabyte/RAM_Gigabyte_Memory_8GB_2666MHz,GIGABYTE AP ECC Memory 2X 64 GB 4000 MHz
Memory,GIGABYTE,AP ECC Memory 32 GB 3600 MHz,Y,Y,425,300,23,20,,PC,,32,3600,DDR4 (ECC),1.35,32,1,10.0,AP ECC Memory,,1.77,4300,Prefabs/RAM/Gigabyte/RAM_Gigabyte_Memory_8GB_2666MHz,GIGABYTE AP ECC Memory 32 GB 3600 MHz
Memory,GIGABYTE,AP ECC Memory 32 GB 4000 MHz,Y,Y,465,335,24,65,,PC,,32,4000,DDR4 (ECC),1.35,32,1,10.0,AP ECC Memory,,1.77,4800,Prefabs/RAM/Gigabyte/RAM_Gigabyte_Memory_8GB_2666MHz,GIGABYTE AP ECC Memory 32 GB 4000 MHz
Memory,GIGABYTE,AP ECC Memory 4X 128 GB 3600 MHz,Y,Y,1700,1200,24,20,,,,128,3600,DDR4 (ECC) 4X,1.35,128,1,13.3,AP ECC Memory 4X,,1.77,4100,Prefabs/RAM/Gigabyte/RAM_Gigabyte_Memory_8GB_2666MHz,GIGABYTE AP ECC Memory 4X 128 GB 3600 MHz
Memory,GIGABYTE,AP ECC Memory 4X 128 GB 4000 MHz,Y,Y,1860,1340,25,65,,,,128,4000,DDR4 (ECC) 4X,1.35,128,1,14.5,AP ECC Memory 4X,,1.77,4600,Prefabs/RAM/Gigabyte/RAM_Gigabyte_Memory_8GB_2666MHz,GIGABYTE AP ECC Memory 4X 128 GB 4000 MHz
Memory,GIGABYTE,AP ECC Memory 4X 256 GB 3600 MHz,Y,Y,2540,2040,27,20,,,,256,3600,DDR4 (ECC) 4X,1.35,256,1,9.9,AP ECC Memory 4X,,1.77,3900,Prefabs/RAM/Gigabyte/RAM_Gigabyte_Memory_8GB_2666MHz,GIGABYTE AP ECC Memory 4X 256 GB 3600 MHz
Memory,GIGABYTE,AP ECC Memory 4X 256 GB 4000 MHz,Y,Y,2740,2240,28,65,,,,256,4000,DDR4 (ECC) 4X,1.35,256,1,10.7,AP ECC Memory 4X,,1.77,4400,Prefabs/RAM/Gigabyte/RAM_Gigabyte_Memory_8GB_2666MHz,GIGABYTE AP ECC Memory 4X 256 GB 4000 MHz
Memory,GIGABYTE,AP ECC Memory 4X 32 GB 3600 MHz,Y,Y,900,600,19,20,,,,32,3600,DDR4 (ECC) 4X,1.35,32,1,28.1,AP ECC Memory 4X,,1.77,4300,Prefabs/RAM/Gigabyte/RAM_Gigabyte_Memory_8GB_2666MHz,GIGABYTE AP ECC Memory 4X 32 GB 3600 MHz
Memory,GIGABYTE,AP ECC Memory 4X 32 GB 4000 MHz,Y,Y,1060,760,20,65,,,,32,4000,DDR4 (ECC) 4X,1.35,32,1,33.1,AP ECC Memory 4X,,1.77,4800,Prefabs/RAM/Gigabyte/RAM_Gigabyte_Memory_8GB_2666MHz,GIGABYTE AP ECC Memory 4X 32 GB 4000 MHz
Memory,GIGABYTE,AP ECC Memory 4X 64 GB 3600 MHz,Y,Y,1300,840,21,20,,,,64,3600,DDR4 (ECC) 4X,1.35,64,1,20.3,AP ECC Memory 4X,,1.77,4200,Prefabs/RAM/Gigabyte/RAM_Gigabyte_Memory_8GB_2666MHz,GIGABYTE AP ECC Memory 4X 64 GB 3600 MHz
Memory,GIGABYTE,AP ECC Memory 4X 64 GB 4000 MHz,Y,Y,1460,1020,22,65,,,,64,4000,DDR4 (ECC) 4X,1.35,64,1,22.8,AP ECC Memory 4X,,1.77,4700,Prefabs/RAM/Gigabyte/RAM_Gigabyte_Memory_8GB_2666MHz,GIGABYTE AP ECC Memory 4X 64 GB 4000 MHz
Memory,GIGABYTE,AP ECC Memory 64 GB 3600 MHz,Y,Y,635,510,26,20,,PC,,64,3600,DDR4 (ECC),1.35,64,1,10.0,AP ECC Memory,,1.77,4100,Prefabs/RAM/Gigabyte/RAM_Gigabyte_Memory_8GB_2666MHz,GIGABYTE AP ECC Memory 64 GB 3600 MHz
Memory,GIGABYTE,AP ECC Memory 64 GB 4000 MHz,Y,Y,685,560,27,65,,PC,,64,4000,DDR4 (ECC),1.35,64,1,10.0,AP ECC Memory,,1.77,4600,Prefabs/RAM/Gigabyte/RAM_Gigabyte_Memory_8GB_2666MHz,GIGABYTE AP ECC Memory 64 GB 4000 MHz
Memory,GIGABYTE,AP ECC Memory 8 GB 3600 MHz,Y,Y,225,150,18,20,,PC,,8,3600,DDR4 (ECC),1.35,8,1,10.0,AP ECC Memory,,1.77,4500,Prefabs/RAM/Gigabyte/RAM_Gigabyte_Memory_8GB_2666MHz,GIGABYTE AP ECC Memory 8 GB 3600 MHz
Memory,GIGABYTE,AP ECC Memory 8 GB 4000 MHz,Y,Y,265,190,19,65,,PC,,8,4000,DDR4 (ECC),1.35,8,1,10.0,AP ECC Memory,,1.77,5000,Prefabs/RAM/Gigabyte/RAM_Gigabyte_Memory_8GB_2666MHz,GIGABYTE AP ECC Memory 8 GB 4000 MHz
Memory,GIGABYTE,AP ECC Memory 8X 128 GB 3600 MHz,Y,Y,2600,1680,21,20,,,,128,3600,DDR4 (ECC) 8X,1.35,128,1,20.3,AP ECC Memory 8X,,1.77,4000,Prefabs/RAM/Gigabyte/RAM_Gigabyte_Memory_8GB_2666MHz,GIGABYTE AP ECC Memory 8X 128 GB 3600 MHz
Memory,GIGABYTE,AP ECC Memory 8X 128 GB 4000 MHz,Y,Y,2920,2040,22,65,,,,128,4000,DDR4 (ECC) 8X,1.35,128,1,22.8,AP ECC Memory 8X,,1.77,4500,Prefabs/RAM/Gigabyte/RAM_Gigabyte_Memory_8GB_2666MHz,GIGABYTE AP ECC Memory 8X 128 GB 4000 MHz
Memory,GIGABYTE,AP ECC Memory 8X 256 GB 3600 MHz,Y,Y,3400,2400,24,20,,,,256,3600,DDR4 (ECC) 8X,1.35,256,1,13.3,AP ECC Memory 8X,,1.77,3900,Prefabs/RAM/Gigabyte/RAM_Gigabyte_Memory_8GB_2666MHz,GIGABYTE AP ECC Memory 8X 256 GB 3600 MHz
Memory,GIGABYTE,AP ECC Memory 8X 256 GB 4000 MHz,Y,Y,3720,2680,25,65,,,,256,4000,DDR4 (ECC) 8X,1.35,256,1,14.5,AP ECC Memory 8X,,1.77,4400,Prefabs/RAM/Gigabyte/RAM_Gigabyte_Memory_8GB_2666MHz,GIGABYTE AP ECC Memory 8X 256 GB 4000 MHz
Memory,GIGABYTE,AP ECC Memory 8X 512 GB 3600 MHz,Y,Y,5080,4080,27,20,,,,512,3600,DDR4 (ECC) 8X,1.35,512,1,9.9,AP ECC Memory 8X,,1.77,3700,Prefabs/RAM/Gigabyte/RAM_Gigabyte_Memory_8GB_2666MHz,GIGABYTE AP ECC Memory 8X 512 GB 3600 MHz
Memory,GIGABYTE,AP ECC Memory 8X 512 GB 4000 MHz,Y,Y,5480,4480,28,65,,,,512,4000,DDR4 (ECC) 8X,1.35,512,1,10.7,AP ECC Memory 8X,,1.77,4200,Prefabs/RAM/Gigabyte/RAM_Gigabyte_Memory_8GB_2666MHz,GIGABYTE AP ECC Memory 8X 512 GB 4000 MHz
Memory,GIGABYTE,AP ECC Memory 8X 64 GB 3600 MHz,Y,Y,1800,1200,19,20,,,,64,3600,DDR4 (ECC) 8X,1.35,64,1,28.1,AP ECC Memory 8X,,1.77,4100,Prefabs/RAM/Gigabyte/RAM_Gigabyte_Memory_8GB_2666MHz,GIGABYTE AP ECC Memory 8X 64 GB 3600 MHz
Memory,GIGABYTE,AP ECC Memory 8X 64 GB 4000 MHz,Y,Y,2120,1520,20,65,,,,64,4000,DDR4 (ECC) 8X,1.35,64,1,33.1,AP ECC Memory 8X,,1.77,4600,Prefabs/RAM/Gigabyte/RAM_Gigabyte_Memory_8GB_2666MHz,GIGABYTE AP ECC Memory 8X 64 GB 4000 MHz
Memory,GIGABYTE,Memory 8 GB 2666 MHz,,Y,80,27,14,50,1.6,PC,,8,2666,DDR4,1.35,8,1,10.0,Memory,,1.65,2852,Prefabs/RAM/Gigabyte/RAM_Gigabyte_Memory_8GB_2666MHz,GIGABYTE Memory 8 GB 2666 MHz
Memory,GIGABYTE,Memory 8 GB 3200 MHz,Y,Y,105,36,15,1,,PC,,8,3200,DDR4,1.35,8,1,10.0,Memory,,1.65,3600,Prefabs/RAM/Gigabyte/RAM_Gigabyte_Memory_8GB_2666MHz,GIGABYTE Memory 8 GB 3200 MHz
Memory,GIGABYTE,Memory 8 GB 3600 MHz,Y,Y,125,36,15,25,,PC,,8,3600,DDR4,1.35,8,1,10.0,Memory,,1.65,3900,Prefabs/RAM/Gigabyte/RAM_Gigabyte_Memory_8GB_2666MHz,GIGABYTE Memory 8 GB 3600 MHz
Memory,GIGABYTE,Memory 8 GB 4000 MHz,Y,Y,145,36,15,65,,PC,,8,4000,DDR4,1.35,8,1,10.0,Memory,,1.65,4500,Prefabs/RAM/Gigabyte/RAM_Gigabyte_Memory_8GB_2666MHz,GIGABYTE Memory 8 GB 4000 MHz
Memory,HyperX,Fury DDR4 RGB 16 GB 2400 MHz,,Y,140,47,12,33,1.9,PC,RGB,16,2400,DDR4,1.2,16,1,8.8,Fury DDR4 RGB,,1.65,2568,v1_9_0/Prefabs/RAM/HyperX/RAM_HyperX_FURY_DDR4_RGB_RAM,HyperX Fury DDR4 RGB 16 GB 2400 MHz
Memory,HyperX,Fury DDR4 RGB 16 GB 2666 MHz,,Y,160,53,12,33,1.9,PC,RGB,16,2666,DDR4,1.2,16,1,10.0,Fury DDR4 RGB,,1.65,2852,v1_9_0/Prefabs/RAM/HyperX/RAM_HyperX_FURY_DDR4_RGB_RAM,HyperX Fury DDR4 RGB 16 GB 2666 MHz
Memory,HyperX,Fury DDR4 RGB 16 GB 3000 MHz,,Y,200,67,12,33,1.9,PC,RGB,16,3000,DDR4,1.2,16,1,12.5,Fury DDR4 RGB,,1.65,3210,v1_9_0/Prefabs/RAM/HyperX/RAM_HyperX_FURY_DDR4_RGB_RAM,HyperX Fury DDR4 RGB 16 GB 3000 MHz
Memory,HyperX,Fury DDR4 RGB 16 GB 3200 MHz,,Y,220,73,12,33,1.9,PC,RGB,16,3200,DDR4,1.35,16,1,13.8,Fury DDR4 RGB,,1.65,3424,v1_9_0/Prefabs/RAM/HyperX/RAM_HyperX_FURY_DDR4_RGB_RAM,HyperX Fury DDR4 RGB 16 GB 3200 MHz
Memory,HyperX,Fury DDR4 RGB 16 GB 3466 MHz,,Y,236,79,12,33,1.9,PC,RGB,16,3466,DDR4,1.35,16,1,14.8,Fury DDR4 RGB,,1.65,3708,v1_9_0/Prefabs/RAM/HyperX/RAM_HyperX_FURY_DDR4_RGB_RAM,HyperX Fury DDR4 RGB 16 GB 3466 MHz
Memory,HyperX,Fury DDR4 RGB 16 GB 3600 MHz,,Y,240,80,12,33,1.9,PC,RGB,16,3600,DDR4,1.35,16,1,15.0,Fury DDR4 RGB,,1.65,3852,v1_9_0/Prefabs/RAM/HyperX/RAM_HyperX_FURY_DDR4_RGB_RAM,HyperX Fury DDR4 RGB 16 GB 3600 MHz
Memory,HyperX,Fury DDR4 RGB 16 GB 3733 MHz,,Y,260,87,12,33,1.9,PC,RGB,16,3733,DDR4,1.35,16,1,16.3,Fury DDR4 RGB,,1.65,3994,v1_9_0/Prefabs/RAM/HyperX/RAM_HyperX_FURY_DDR4_RGB_RAM,HyperX Fury DDR4 RGB 16 GB 3733 MHz
Memory,HyperX,Fury DDR4 RGB 32 GB 2400 MHz,,Y,255,85,12,33,1.9,PC,RGB,32,2400,DDR4,1.2,32,1,8.0,Fury DDR4 RGB,,1.65,2568,v1_9_0/Prefabs/RAM/HyperX/RAM_HyperX_FURY_DDR4_RGB_RAM,HyperX Fury DDR4 RGB 32 GB 2400 MHz
Memory,HyperX,Fury DDR4 RGB 32 GB 2666 MHz,,Y,295,98,12,33,1.9,PC,RGB,32,2666,DDR4,1.2,32,1,9.2,Fury DDR4 RGB,,1.65,2852,v1_9_0/Prefabs/RAM/HyperX/RAM_HyperX_FURY_DDR4_RGB_RAM,HyperX Fury DDR4 RGB 32 GB 2666 MHz
Memory,HyperX,Fury DDR4 RGB 32 GB 3000 MHz,,Y,375,125,12,33,1.9,PC,RGB,32,3000,DDR4,1.2,32,1,11.7,Fury DDR4 RGB,,1.65,3210,v1_9_0/Prefabs/RAM/HyperX/RAM_HyperX_FURY_DDR4_RGB_RAM,HyperX Fury DDR4 RGB 32 GB 3000 MHz
Memory,HyperX,Fury DDR4 RGB 32 GB 3200 MHz,,Y,415,138,12,33,1.9,PC,RGB,32,3200,DDR4,1.35,32,1,13.0,Fury DDR4 RGB,,1.65,3424,v1_9_0/Prefabs/RAM/HyperX/RAM_HyperX_FURY_DDR4_RGB_RAM,HyperX Fury DDR4 RGB 32 GB 3200 MHz
Memory,HyperX,Fury DDR4 RGB 32 GB 3466 MHz,,Y,447,149,12,33,1.9,PC,RGB,32,3466,DDR4,1.35,32,1,14.0,Fury DDR4 RGB,,1.65,3708,v1_9_0/Prefabs/RAM/HyperX/RAM_HyperX_FURY_DDR4_RGB_RAM,HyperX Fury DDR4 RGB 32 GB 3466 MHz
Memory,HyperX,Fury DDR4 RGB 32 GB 3600 MHz,,Y,455,152,12,33,1.9,PC,RGB,32,3600,DDR4,1.35,32,1,14.2,Fury DDR4 RGB,,1.65,3852,v1_9_0/Prefabs/RAM/HyperX/RAM_HyperX_FURY_DDR4_RGB_RAM,HyperX Fury DDR4 RGB 32 GB 3600 MHz
Memory,HyperX,Fury DDR4 RGB 8 GB 2400 MHz,,Y,80,27,12,33,1.9,PC,RGB,8,2400,DDR4,1.2,8,1,10.0,Fury DDR4 RGB,,1.65,2568,v1_9_0/Prefabs/RAM/HyperX/RAM_HyperX_FURY_DDR4_RGB_RAM,HyperX Fury DDR4 RGB 8 GB 2400 MHz
Memory,HyperX,Fury DDR4 RGB 8 GB 2666 MHz,,Y,90,30,12,33,1.9,PC,RGB,8,2666,DDR4,1.2,8,1,11.3,Fury DDR4 RGB,,1.65,2852,v1_9_0/Prefabs/RAM/HyperX/RAM_HyperX_FURY_DDR4_RGB_RAM,HyperX Fury DDR4 RGB 8 GB 2666 MHz
Memory,HyperX,Fury DDR4 RGB 8 GB 3000 MHz,,Y,110,37,12,33,1.9,PC,RGB,8,3000,DDR4,1.2,8,1,13.8,Fury DDR4 RGB,,1.65,3210,v1_9_0/Prefabs/RAM/HyperX/RAM_HyperX_FURY_DDR4_RGB_RAM,HyperX Fury DDR4 RGB 8 GB 3000 MHz
Memory,HyperX,Fury DDR4 RGB 8 GB 3200 MHz,,Y,120,40,12,33,1.9,PC,RGB,8,3200,DDR4,1.35,8,1,15.0,Fury DDR4 RGB,,1.65,3424,v1_9_0/Prefabs/RAM/HyperX/RAM_HyperX_FURY_DDR4_RGB_RAM,HyperX Fury DDR4 RGB 8 GB 3200 MHz
Memory,HyperX,Fury DDR4 RGB 8 GB 3466 MHz,,Y,128,43,12,33,1.9,PC,RGB,8,3466,DDR4,1.35,8,1,16.0,Fury DDR4 RGB,,1.65,3708,v1_9_0/Prefabs/RAM/HyperX/RAM_HyperX_FURY_DDR4_RGB_RAM,HyperX Fury DDR4 RGB 8 GB 3466 MHz
Memory,HyperX,Fury DDR4 RGB 8 GB 3600 MHz,,Y,130,43,12,33,1.9,PC,RGB,8,3600,DDR4,1.35,8,1,16.3,Fury DDR4 RGB,,1.65,3852,v1_9_0/Prefabs/RAM/HyperX/RAM_HyperX_FURY_DDR4_RGB_RAM,HyperX Fury DDR4 RGB 8 GB 3600 MHz
Memory,HyperX,Fury DDR4 RGB 8 GB 3733 MHz,,Y,140,47,12,33,1.9,PC,RGB,8,3733,DDR4,1.35,8,1,17.5,Fury DDR4 RGB,,1.65,3994,v1_9_0/Prefabs/RAM/HyperX/RAM_HyperX_FURY_DDR4_RGB_RAM,HyperX Fury DDR4 RGB 8 GB 3733 MHz
Memory,HyperX,Fury DDR5 16 GB 6700 MHz,Y,Y,830,705,35,85,,PC,RGB,16,6700,DDR5,1.15,16,1,13.3,Fury DDR5,,1.85,7375,v1_9_0/Prefabs/RAM/HyperX/RAM_HyperX_FURY_DDR4_RGB_RAM,HyperX Fury DDR5 16 GB 6700 MHz
Memory,HyperX,Fury DDR5 32 GB 6700 MHz,Y,Y,950,825,36,85,,PC,RGB,32,6700,DDR5,1.15,32,1,13.3,Fury DDR5,,1.85,7250,v1_9_0/Prefabs/RAM/HyperX/RAM_HyperX_FURY_DDR4_RGB_RAM,HyperX Fury DDR5 32 GB 6700 MHz
Memory,HyperX,Fury DDR5 64 GB 6700 MHz,Y,Y,1210,825,36,85,,PC,RGB,64,6700,DDR5,1.15,64,1,13.3,Fury DDR5,,1.85,7100,v1_9_0/Prefabs/RAM/HyperX/RAM_HyperX_FURY_DDR4_RGB_RAM,HyperX Fury DDR5 64 GB 6700 MHz
Memory,HyperX,Fury DDR5 8 GB 6700 MHz,Y,Y,690,575,35,85,,PC,RGB,8,6700,DDR5,1.15,8,1,13.3,Fury DDR5,,1.85,7500,v1_9_0/Prefabs/RAM/HyperX/RAM_HyperX_FURY_DDR4_RGB_RAM,HyperX Fury DDR5 8 GB 6700 MHz
Memory,HyperX,Predator DDR4 16 GB 3000 MHz,,Y,200,67,15,65,1.5,PC,RGB,16,3000,DDR4,1.35,16,1,12.5,Predator DDR4,,1.65,3210,Prefabs/RAM/HyperX/RAM_HyperX_Predator_DDR4_RGB,HyperX Predator DDR4 16 GB 3000 MHz
Memory,HyperX,Predator DDR4 16 GB 3200 MHz,,Y,220,73,15,65,1.5,PC,RGB,16,3200,DDR4,1.35,16,1,13.8,Predator DDR4,,1.65,3424,Prefabs/RAM/HyperX/RAM_HyperX_Predator_DDR4_RGB,HyperX Predator DDR4 16 GB 3200 MHz
Memory,HyperX,Predator DDR4 16 GB 3466 MHz,Y,Y,235,90,16,1,,PC,RGB,16,3466,DDR4,1.35,16,1,13.8,Predator DDR4,,1.65,4000,Prefabs/RAM/HyperX/RAM_HyperX_Predator_DDR4_RGB,HyperX Predator DDR4 16 GB 3466 MHz
Memory,HyperX,Predator DDR4 8 GB 2933 MHz,,Y,106,35,15,65,1.5,PC,RGB,8,2933,DDR4,1.35,8,1,13.3,Predator DDR4,,1.65,3138,Prefabs/RAM/HyperX/RAM_HyperX_Predator_DDR4_RGB,HyperX Predator DDR4 8 GB 2933 MHz
Memory,HyperX,Predator DDR4 8 GB 3000 MHz,,Y,110,37,15,65,1.5,PC,RGB,8,3000,DDR4,1.35,8,1,13.8,Predator DDR4,,1.65,3210,Prefabs/RAM/HyperX/RAM_HyperX_Predator_DDR4_RGB,HyperX Predator DDR4 8 GB 3000 MHz
Memory,HyperX,Predator DDR4 8 GB 3200 MHz,,Y,120,40,15,65,1.5,PC,RGB,8,3200,DDR4,1.35,8,1,15.0,Predator DDR4,,1.65,3424,Prefabs/RAM/HyperX/RAM_HyperX_Predator_DDR4_RGB,HyperX Predator DDR4 8 GB 3200 MHz
Memory,HyperX,Predator DDR4 8 GB 3600 MHz,,Y,130,43,15,65,1.5,PC,RGB,8,3600,DDR4,1.35,8,1,16.3,Predator DDR4,,1.65,3852,Prefabs/RAM/HyperX/RAM_HyperX_Predator_DDR4_RGB,HyperX Predator DDR4 8 GB 3600 MHz
Memory,HyperX,Predator DDR4 8 GB 4000 MHz,,Y,150,50,15,65,1.5,PC,RGB,8,4000,DDR4,1.35,8,1,18.8,Predator DDR4,,1.65,4280,Prefabs/RAM/HyperX/RAM_HyperX_Predator_DDR4_RGB,HyperX Predator DDR4 8 GB 4000 MHz
Memory,HyperX,Predator DDR5 16 GB 5600 MHz,Y,Y,710,595,34,45,,PC,RGB,16,5600,DDR5,1.1,16,1,13.3,Predator DDR5,,1.85,6200,Prefabs/RAM/HyperX/RAM_HyperX_Predator_DDR4_RGB,HyperX Predator DDR5 16 GB 5600 MHz
Memory,HyperX,Predator DDR5 32 GB 5600 MHz,Y,Y,840,595,35,95,,PC,RGB,32,5600,DDR5,1.1,32,1,13.3,Predator DDR5,,1.85,6075,Prefabs/RAM/HyperX/RAM_HyperX_Predator_DDR4_RGB,HyperX Predator DDR5 32 GB 5600 MHz
Memory,HyperX,Predator DDR5 64 GB 5600 MHz,Y,Y,1070,985,37,45,,PC,RGB,64,5600,DDR5,1.1,64,1,13.3,Predator DDR5,,1.85,5950,Prefabs/RAM/HyperX/RAM_HyperX_Predator_DDR4_RGB,HyperX Predator DDR5 64 GB 5600 MHz
Memory,HyperX,Predator DDR5 8 GB 5600 MHz,Y,Y,580,465,34,45,,PC,RGB,8,5600,DDR5,1.1,8,1,13.3,Predator DDR5,,1.85,6325,Prefabs/RAM/HyperX/RAM_HyperX_Predator_DDR4_RGB,HyperX Predator DDR5 8 GB 5600 MHz
Memory,HyperX,Predator X DDR4 8 GB 4900 MHz,Y,,485,187,31,1,,PC,RGB,8,4900,DDR4,1.35,8,1,13.8,Predator X DDR4,,1.75,5900,Prefabs/RAM/HyperX/RAM_HyperX_Predator_DDR4_RGB,HyperX Predator X DDR4 8 GB 4900 MHz
Memory,Mortoni,Value Supreme 1 GB 2133 MHz,Y,Y,10,2,1,1,,,,1,2133,DDR4,1.3,1,1,10.0,Value Supreme,,1.65,2211,Prefabs/Generic/RAM,Mortoni Value Supreme 1 GB 2133 MHz
Memory,Mortoni,Value Supreme 2 GB 2133 MHz,,Y,20,7,1,1,1.0,,,2,2133,DDR4,1.3,2,1,10.0,Value Supreme,,1.65,2282,Prefabs/Generic/RAM,Mortoni Value Supreme 2 GB 2133 MHz
Memory,Mortoni,Value Supreme 4 GB 2133 MHz,,Y,35,12,1,1,1.0,,,4,2133,DDR4,1.3,4,1,8.8,Value Supreme,,1.65,2282,Prefabs/Generic/RAM,Mortoni Value Supreme 4 GB 2133 MHz
Memory,Patriot,Viper LED (Red LED) 4 GB 3000 MHz,,Y,60,20,21,20,1.0,,Red,4,3000,DDR4,1.35,4,1,15.0,Viper LED (Red LED),,1.65,3210,Prefabs/RAM/PATRIOT/VIPER_LED_Red,Patriot Viper LED (Red LED) 4 GB 3000 MHz
Memory,Patriot,Viper LED (Red LED) 8 GB 2400 MHz,,Y,75,25,21,1,1.0,,Red,8,2400,DDR4,1.2,8,1,9.4,Viper LED (Red LED),,1.65,2568,Prefabs/RAM/PATRIOT/VIPER_LED_Red,Patriot Viper LED (Red LED) 8 GB 2400 MHz
Memory,Patriot,Viper LED (Red LED) 8 GB 2666 MHz,,Y,85,28,21,1,1.0,,Red,8,2666,DDR4,1.2,8,1,10.6,Viper LED (Red LED),,1.65,2852,Prefabs/RAM/PATRIOT/VIPER_LED_Red,Patriot Viper LED (Red LED) 8 GB 2666 MHz
Memory,Patriot,Viper LED (Red LED) 8 GB 3000 MHz,,Y,105,35,21,20,1.0,,Red,8,3000,DDR4,1.35,8,1,13.1,Viper LED (Red LED),,1.65,3210,Prefabs/RAM/PATRIOT/VIPER_LED_Red,Patriot Viper LED (Red LED) 8 GB 3000 MHz
Memory,Patriot,Viper LED (White LED) 8 GB 2400 MHz,,Y,75,25,21,1,1.0,,White,8,2400,DDR4,1.2,8,1,9.4,Viper LED (White LED),,1.65,2568,Prefabs/RAM/PATRIOT/VIPER_LED,Patriot Viper LED (White LED) 8 GB 2400 MHz
Memory,Patriot,Viper LED (White LED) 8 GB 3200 MHz,,Y,115,38,21,40,1.0,,White,8,3200,DDR4,1.35,8,1,14.4,Viper LED (White LED),,1.65,3424,Prefabs/RAM/PATRIOT/VIPER_LED,Patriot Viper LED (White LED) 8 GB 3200 MHz
Memory,Patriot,Viper LED (White LED) 8 GB 3600 MHz,,Y,125,42,21,1,1.0,,White,8,3600,DDR4,1.35,8,1,15.6,Viper LED (White LED),,1.65,3852,Prefabs/RAM/PATRIOT/VIPER_LED,Patriot Viper LED (White LED) 8 GB 3600 MHz
Memory,Patriot,Viper RGB (Black) 8 GB 2666 MHz,,Y,90,30,21,1,1.0,,RGB,8,2666,DDR4,1.2,8,1,11.3,Viper RGB (Black),,1.65,2852,Prefabs/RAM/PATRIOT/VIPER_RGB,Patriot Viper RGB (Black) 8 GB 2666 MHz
Memory,Patriot,Viper RGB (Black) 8 GB 3000 MHz,,Y,110,37,21,20,1.0,,RGB,8,3000,DDR4,1.35,8,1,13.8,Viper RGB (Black),,1.65,3210,Prefabs/RAM/PATRIOT/VIPER_RGB,Patriot Viper RGB (Black) 8 GB 3000 MHz
Memory,Patriot,Viper RGB (Black) 8 GB 3200 MHz,,Y,120,40,21,40,1.0,,RGB,8,3200,DDR4,1.35,8,1,15.0,Viper RGB (Black),,1.65,3424,Prefabs/RAM/PATRIOT/VIPER_RGB,Patriot Viper RGB (Black) 8 GB 3200 MHz
Memory,Patriot,Viper RGB (Black) 8 GB 3600 MHz,,Y,130,43,21,60,1.0,,RGB,8,3600,DDR4,1.35,8,1,16.3,Viper RGB (Black),,1.65,3852,Prefabs/RAM/PATRIOT/VIPER_RGB,Patriot Viper RGB (Black) 8 GB 3600 MHz
Memory,Patriot,Viper RGB (Black) 8 GB 4133 MHz,,Y,170,57,21,80,1.0,,RGB,8,4133,DDR4,1.4,8,1,21.3,Viper RGB (Black),,1.65,4422,Prefabs/RAM/PATRIOT/VIPER_RGB,Patriot Viper RGB (Black) 8 GB 4133 MHz
Memory,Patriot,Viper RGB (White) 8 GB 2666 MHz,,Y,90,30,21,1,1.0,,RGB,8,2666,DDR4,1.2,8,1,11.3,Viper RGB (White),,1.65,2852,Prefabs/RAM/PATRIOT/VIPER_RGB_White,Patriot Viper RGB (White) 8 GB 2666 MHz
Memory,Patriot,Viper RGB (White) 8 GB 3000 MHz,,Y,110,37,21,20,1.0,,RGB,8,3000,DDR4,1.35,8,1,13.8,Viper RGB (White),,1.65,3210,Prefabs/RAM/PATRIOT/VIPER_RGB_White,Patriot Viper RGB (White) 8 GB 3000 MHz
Memory,Patriot,Viper RGB (White) 8 GB 3200 MHz,,Y,120,40,21,40,1.0,,RGB,8,3200,DDR4,1.35,8,1,15.0,Viper RGB (White),,1.65,3424,Prefabs/RAM/PATRIOT/VIPER_RGB_White,Patriot Viper RGB (White) 8 GB 3200 MHz
Memory,Patriot,Viper RGB DDR5 (Black) 16 GB 5400 MHz,Y,Y,690,575,33,95,,,RGB,16,5400,DDR5,1.1,16,1,15.0,Viper RGB DDR5 (Black),,1.85,6050,Prefabs/RAM/PATRIOT/VIPER_RGB,Patriot Viper RGB DDR5 (Black) 16 GB 5400 MHz
Memory,Patriot,Viper RGB DDR5 (Black) 32 GB 5400 MHz,Y,Y,820,715,34,95,,,RGB,32,5400,DDR5,1.1,32,1,15.0,Viper RGB DDR5 (Black),,1.85,5900,Prefabs/RAM/PATRIOT/VIPER_RGB,Patriot Viper RGB DDR5 (Black) 32 GB 5400 MHz
Memory,Patriot,Viper RGB DDR5 (Black) 64 GB 5400 MHz,Y,Y,1050,965,36,45,,,RGB,64,5400,DDR5,1.1,64,1,15.0,Viper RGB DDR5 (Black),,1.85,5750,Prefabs/RAM/PATRIOT/VIPER_RGB,Patriot Viper RGB DDR5 (Black) 64 GB 5400 MHz
Memory,Patriot,Viper RGB DDR5 (Black) 8 GB 5400 MHz,Y,Y,560,445,33,95,,,RGB,8,5400,DDR5,1.35,8,1,15.0,Viper RGB DDR5 (Black),,1.85,6200,Prefabs/RAM/PATRIOT/VIPER_RGB,Patriot Viper RGB DDR5 (Black) 8 GB 5400 MHz
Memory,Patriot,Viper RGB DDR5 (White) 16 GB 5400 MHz,Y,Y,690,575,33,95,,,RGB,16,5400,DDR5,1.1,16,1,15.0,Viper RGB DDR5 (White),,1.85,6050,Prefabs/RAM/PATRIOT/VIPER_RGB_White,Patriot Viper RGB DDR5 (White) 16 GB 5400 MHz
Memory,Patriot,Viper RGB DDR5 (White) 32 GB 5400 MHz,Y,Y,820,715,34,95,,,RGB,32,5400,DDR5,1.1,32,1,15.0,Viper RGB DDR5 (White),,1.85,5900,Prefabs/RAM/PATRIOT/VIPER_RGB_White,Patriot Viper RGB DDR5 (White) 32 GB 5400 MHz
Memory,Patriot,Viper RGB DDR5 (White) 64 GB 5400 MHz,Y,Y,1050,965,36,45,,,RGB,64,5400,DDR5,1.1,64,1,15.0,Viper RGB DDR5 (White),,1.85,5750,Prefabs/RAM/PATRIOT/VIPER_RGB_White,Patriot Viper RGB DDR5 (White) 64 GB 5400 MHz
Memory,Patriot,Viper RGB DDR5 (White) 8 GB 5400 MHz,Y,Y,560,445,33,95,,,RGB,8,5400,DDR5,1.35,8,1,15.0,Viper RGB DDR5 (White),,1.85,6200,Prefabs/RAM/PATRIOT/VIPER_RGB_White,Patriot Viper RGB DDR5 (White) 8 GB 5400 MHz
Memory,Patriot,Viper Steel RGB 16 GB 3200 MHz,,Y,220,73,32,1,1.15,PC,RGB,16,3200,DDR4,1.45,16,1,13.8,Viper Steel RGB,,1.65,3424,v1_15_0/Prefabs/RAM/Viper/RAM_PATRIOT_VIPER_STEEL_RGB,Patriot Viper Steel RGB 16 GB 3200 MHz
Memory,Patriot,Viper Steel RGB 16 GB 3600 MHz,,Y,240,80,32,1,1.15,PC,RGB,16,3600,DDR4,1.45,16,1,15.0,Viper Steel RGB,,1.65,3852,v1_15_0/Prefabs/RAM/Viper/RAM_PATRIOT_VIPER_STEEL_RGB,Patriot Viper Steel RGB 16 GB 3600 MHz
Memory,Patriot,Viper Steel RGB 32 GB 3200 MHz,,Y,415,138,32,1,1.15,PC,RGB,32,3200,DDR4,1.45,32,1,13.0,Viper Steel RGB,,1.65,3424,v1_15_0/Prefabs/RAM/Viper/RAM_PATRIOT_VIPER_STEEL_RGB,Patriot Viper Steel RGB 32 GB 3200 MHz
Memory,Patriot,Viper Steel RGB 32 GB 3600 MHz,,Y,455,152,32,1,1.15,PC,RGB,32,3600,DDR4,1.45,32,1,14.2,Viper Steel RGB,,1.65,3852,v1_15_0/Prefabs/RAM/Viper/RAM_PATRIOT_VIPER_STEEL_RGB,Patriot Viper Steel RGB 32 GB 3600 MHz
Memory,Patriot,Viper Steel RGB 8 GB 3200 MHz,,Y,120,40,32,1,1.15,PC,RGB,8,3200,DDR4,1.45,8,1,15.0,Viper Steel RGB,,1.65,3424,v1_15_0/Prefabs/RAM/Viper/RAM_PATRIOT_VIPER_STEEL_RGB,Patriot Viper Steel RGB 8 GB 3200 MHz
Memory,Patriot,Viper Steel RGB 8 GB 3600 MHz,,Y,130,43,32,1,1.15,PC,RGB,8,3600,DDR4,1.45,8,1,16.3,Viper Steel RGB,,1.65,3852,v1_15_0/Prefabs/RAM/Viper/RAM_PATRIOT_VIPER_STEEL_RGB,Patriot Viper Steel RGB 8 GB 3600 MHz
Memory,Patriot,Viper Steel Series 16 GB 3000 MHz,,Y,190,63,26,70,1.6,PC,,16,3000,DDR4,1.35,16,1,11.9,Viper Steel Series,,1.65,3210,Prefabs/RAM/PATRIOT/RAM_Patriot_Viper_Steel_DDR4,Patriot Viper Steel Series 16 GB 3000 MHz
Memory,Patriot,Viper Steel Series 16 GB 3200 MHz,,Y,210,70,26,70,1.6,PC,,16,3200,DDR4,1.35,16,1,13.1,Viper Steel Series,,1.65,3424,Prefabs/RAM/PATRIOT/RAM_Patriot_Viper_Steel_DDR4,Patriot Viper Steel Series 16 GB 3200 MHz
Memory,Patriot,Viper Steel Series 4 GB 3200 MHz,,Y,60,20,26,70,1.6,PC,,4,3200,DDR4,1.35,4,1,15.0,Viper Steel Series,,1.65,3424,Prefabs/RAM/PATRIOT/RAM_Patriot_Viper_Steel_DDR4,Patriot Viper Steel Series 4 GB 3200 MHz
Memory,Patriot,Viper Steel Series 8 GB 3000 MHz,,Y,100,33,26,70,1.6,PC,,8,3000,DDR4,1.35,8,1,12.5,Viper Steel Series,,1.65,3210,Prefabs/RAM/PATRIOT/RAM_Patriot_Viper_Steel_DDR4,Patriot Viper Steel Series 8 GB 3000 MHz
Memory,Patriot,Viper Steel Series 8 GB 3200 MHz,,Y,110,37,26,70,1.6,PC,,8,3200,DDR4,1.35,8,1,13.8,Viper Steel Series,,1.65,3424,Prefabs/RAM/PATRIOT/RAM_Patriot_Viper_Steel_DDR4,Patriot Viper Steel Series 8 GB 3200 MHz
Memory,Patriot,Viper Steel Series 8 GB 3400 MHz,,Y,116,39,26,70,1.6,PC,,8,3400,DDR4,1.35,8,1,14.5,Viper Steel Series,,1.65,3638,Prefabs/RAM/PATRIOT/RAM_Patriot_Viper_Steel_DDR4,Patriot Viper Steel Series 8 GB 3400 MHz
Memory,Patriot,Viper Steel Series 8 GB 3600 MHz,,Y,120,40,26,70,1.6,PC,,8,3600,DDR4,1.35,8,1,15.0,Viper Steel Series,,1.65,3852,Prefabs/RAM/PATRIOT/RAM_Patriot_Viper_Steel_DDR4,Patriot Viper Steel Series 8 GB 3600 MHz
Memory,Patriot,Viper Steel Series 8 GB 3733 MHz,,Y,130,43,26,70,1.6,PC,,8,3733,DDR4,1.35,8,1,16.3,Viper Steel Series,,1.65,3994,Prefabs/RAM/PATRIOT/RAM_Patriot_Viper_Steel_DDR4,Patriot Viper Steel Series 8 GB 3733 MHz
Memory,Patriot,Viper Steel Series 8 GB 3866 MHz,,Y,136,45,26,70,1.6,PC,,8,3866,DDR4,1.35,8,1,17.0,Viper Steel Series,,1.65,4136,Prefabs/RAM/PATRIOT/RAM_Patriot_Viper_Steel_DDR4,Patriot Viper Steel Series 8 GB 3866 MHz
Memory,Patriot,Viper Steel Series 8 GB 4000 MHz,,Y,140,47,26,70,1.6,PC,,8,4000,DDR4,1.35,8,1,17.5,Viper Steel Series,,1.65,4280,Prefabs/RAM/PATRIOT/RAM_Patriot_Viper_Steel_DDR4,Patriot Viper Steel Series 8 GB 4000 MHz
Memory,Patriot,Viper Steel Series 8 GB 4133 MHz,,Y,160,53,26,70,1.6,PC,,8,4133,DDR4,1.35,8,1,20.0,Viper Steel Series,,1.65,4422,Prefabs/RAM/PATRIOT/RAM_Patriot_Viper_Steel_DDR4,Patriot Viper Steel Series 8 GB 4133 MHz
Memory,Patriot,Viper Steel Series 8 GB 4400 MHz,,Y,220,73,26,70,1.6,PC,,8,4400,DDR4,1.45,8,1,27.5,Viper Steel Series,,1.65,4708,Prefabs/RAM/PATRIOT/RAM_Patriot_Viper_Steel_DDR4,Patriot Viper Steel Series 8 GB 4400 MHz
Memory,Patriot,Viper Steel Series DDR5 16 GB 9000 MHz,Y,Y,1085,910,37,65,,PC,,16,9000,DDR5,1.2,16,1,12.5,Viper Steel Series DDR5,,1.9,9800,Prefabs/RAM/PATRIOT/RAM_Patriot_Viper_Steel_DDR4,Patriot Viper Steel Series DDR5 16 GB 9000 MHz
Memory,Patriot,Viper Steel Series DDR5 32 GB 9000 MHz,Y,Y,1260,1095,38,65,,PC,,32,9000,DDR5,1.2,32,1,12.5,Viper Steel Series DDR5,,1.9,9675,Prefabs/RAM/PATRIOT/RAM_Patriot_Viper_Steel_DDR4,Patriot Viper Steel Series DDR5 32 GB 9000 MHz
Memory,Patriot,Viper Steel Series DDR5 8 GB 9000 MHz,Y,Y,985,810,37,65,,PC,,8,9000,DDR5,1.2,8,1,12.5,Viper Steel Series DDR5,,1.9,10000,Prefabs/RAM/PATRIOT/RAM_Patriot_Viper_Steel_DDR4,Patriot Viper Steel Series DDR5 8 GB 9000 MHz
Memory,Patriot,Viper Titanium Series 4 GB 6300 MHz,Y,Y,750,415,32,75,,PC,,4,6300,DDR4,1.5,4,1,27.5,Viper Titanium Series,,1.85,7850,Prefabs/RAM/PATRIOT/RAM_Patriot_Viper_Steel_DDR4,Patriot Viper Titanium Series 4 GB 6300 MHz
Memory,Patriot,Viper Titanium Series 8 GB 4800 MHz,Y,Y,450,179,30,45,,PC,,8,4800,DDR4,1.5,8,1,27.5,Viper Titanium Series,,1.67,5335,Prefabs/RAM/PATRIOT/RAM_Patriot_Viper_Steel_DDR4,Patriot Viper Titanium Series 8 GB 4800 MHz
Memory,Patriot,Viper Titanium Series 8 GB 5300 MHz,Y,Y,500,225,30,75,,PC,,8,5300,DDR4,1.5,8,1,27.5,Viper Titanium Series,,1.67,6850,Prefabs/RAM/PATRIOT/RAM_Patriot_Viper_Steel_DDR4,Patriot Viper Titanium Series 8 GB 5300 MHz
Memory,Patriot,Viper Titanium Series 8 GB 5700 MHz,Y,Y,600,315,31,75,,PC,,8,5700,DDR4,1.5,8,1,27.5,Viper Titanium Series,,1.75,7150,Prefabs/RAM/PATRIOT/RAM_Patriot_Viper_Steel_DDR4,Patriot Viper Titanium Series 8 GB 5700 MHz
Memory,Samsung,HKMG DDR5 2X 1024 GB 3200 MHz,Y,Y,9770,9400,39,35,,,,1024,3200,DDR5 (RDIMM) 2X,1.1,1024,1,9.3,HKMG DDR5 2X,,1.58,4100,Prefabs/Generic/RAM,Samsung HKMG DDR5 2X 1024 GB 3200 MHz
Memory,Samsung,HKMG DDR5 2X 1024 GB 4800 MHz,Y,Y,10450,10080,39,70,,,,1024,4800,DDR5 (RDIMM) 2X,1.1,1024,1,9.3,HKMG DDR5 2X,,1.58,5400,Prefabs/Generic/RAM,Samsung HKMG DDR5 2X 1024 GB 4800 MHz
Memory,Samsung,HKMG DDR5 2X 1024 GB 5600 MHz,Y,Y,10650,10280,40,5,,,,1024,5600,DDR5 (RDIMM) 2X,1.1,1024,1,9.3,HKMG DDR5 2X,,1.58,6100,Prefabs/Generic/RAM,Samsung HKMG DDR5 2X 1024 GB 5600 MHz
Memory,Samsung,HKMG DDR5 2X 1024 GB 6400 MHz,Y,Y,10880,10510,40,40,,,,1024,6400,DDR5 (RDIMM) 2X,1.1,1024,1,9.3,HKMG DDR5 2X,,1.58,6800,Prefabs/Generic/RAM,Samsung HKMG DDR5 2X 1024 GB 6400 MHz
Memory,Samsung,HKMG DDR5 2X 1024 GB 7200 MHz,Y,Y,11280,10910,40,75,,,,1024,7200,DDR5 (RDIMM) 2X,1.1,1024,1,9.3,HKMG DDR5 2X,,1.58,7600,Prefabs/Generic/RAM,Samsung HKMG DDR5 2X 1024 GB 7200 MHz
Memory,Samsung,HKMG DDR5 512 GB 3200 MHz,Y,Y,4885,4700,38,35,,,,512,3200,DDR5 (RDIMM),1.1,512,1,9.3,HKMG DDR5,,1.58,4200,Prefabs/Generic/RAM,Samsung HKMG DDR5 512 GB 3200 MHz
Memory,Samsung,HKMG DDR5 512 GB 4800 MHz,Y,Y,5225,5040,38,70,,,,512,4800,DDR5 (RDIMM),1.1,512,1,9.3,HKMG DDR5,,1.58,5500,Prefabs/Generic/RAM,Samsung HKMG DDR5 512 GB 4800 MHz
Memory,Samsung,HKMG DDR5 512 GB 5600 MHz,Y,Y,5325,5140,39,5,,,,512,5600,DDR5 (RDIMM),1.1,512,1,9.3,HKMG DDR5,,1.58,6200,Prefabs/Generic/RAM,Samsung HKMG DDR5 512 GB 5600 MHz
Memory,Samsung,HKMG DDR5 512 GB 6400 MHz,Y,Y,5440,5255,39,40,,,,512,6400,DDR5 (RDIMM),1.1,512,1,9.3,HKMG DDR5,,1.58,6900,Prefabs/Generic/RAM,Samsung HKMG DDR5 512 GB 6400 MHz
Memory,Samsung,HKMG DDR5 512 GB 7200 MHz,Y,Y,5640,5455,39,75,,,,512,7200,DDR5 (RDIMM),1.1,512,1,9.3,HKMG DDR5,,1.58,7700,Prefabs/Generic/RAM,Samsung HKMG DDR5 512 GB 7200 MHz
Memory,Shean,TITAN 2 GB 2133 MHz,,Y,20,7,1,1,1.0,,,2,2133,DDR4,1.2,2,1,10.0,TITAN,,1.65,2282,Prefabs/Generic/Deluxe RAM,Shean TITAN 2 GB 2133 MHz
Memory,Shean,TITAN 4 GB 2133 MHz,,Y,35,12,1,1,1.0,,,4,2133,DDR4,1.2,4,1,8.8,TITAN,,1.65,2282,Prefabs/Generic/Deluxe RAM,Shean TITAN 4 GB 2133 MHz
Memory,Shean,TITAN XL 8 GB 2133 MHz,,Y,60,20,1,1,1.0,,,8,2133,DDR4,1.2,8,1,7.5,TITAN XL,,1.65,2282,Prefabs/Generic/Deluxe RAM,Shean TITAN XL 8 GB 2133 MHz
Memory,SK Hynix,ECC LRDIMM 256 GB 2133 MHz,Y,Y,1925,950,31,1,,,,256,2133,DDR4 (ECC),1.25,256,1,11.7,ECC LRDIMM,,1.7,2500,Prefabs/Generic/RAM,SK Hynix ECC LRDIMM 256 GB 2133 MHz
Memory,SK Hynix,ECC LRDIMM 256 GB 2400 MHz,Y,Y,1950,975,31,25,,,,256,2400,DDR4 (ECC),1.25,256,1,11.7,ECC LRDIMM,,1.7,2666,Prefabs/Generic/RAM,SK Hynix ECC LRDIMM 256 GB 2400 MHz
Memory,SK Hynix,ECC LRDIMM 256 GB 2666 MHz,Y,Y,1985,1005,31,55,,,,256,2666,DDR4 (ECC),1.25,256,1,11.7,ECC LRDIMM,,1.7,2800,Prefabs/Generic/RAM,SK Hynix ECC LRDIMM 256 GB 2666 MHz
Memory,SK Hynix,ECC LRDIMM 256 GB 2933 MHz,Y,Y,2025,1050,31,85,,,,256,2933,DDR4 (ECC),1.25,256,1,11.7,ECC LRDIMM,,1.7,3200,Prefabs/Generic/RAM,SK Hynix ECC LRDIMM 256 GB 2933 MHz
Memory,SK Hynix,ECC LRDIMM 2X 512 GB 2133 MHz,Y,Y,3850,1900,32,1,,,,512,2133,DDR4 (ECC) 2X,1.25,512,1,11.7,ECC LRDIMM 2X,,1.7,2400,Prefabs/Generic/RAM,SK Hynix ECC LRDIMM 2X 512 GB 2133 MHz
Memory,SK Hynix,ECC LRDIMM 2X 512 GB 2400 MHz,Y,Y,3900,1950,32,25,,,,512,2400,DDR4 (ECC) 2X,1.25,512,1,11.7,ECC LRDIMM 2X,,1.7,2566,Prefabs/Generic/RAM,SK Hynix ECC LRDIMM 2X 512 GB 2400 MHz
Memory,SK Hynix,ECC LRDIMM 2X 512 GB 2666 MHz,Y,Y,3970,2010,32,55,,,,512,2666,DDR4 (ECC) 2X,1.25,512,1,11.7,ECC LRDIMM 2X,,1.7,2700,Prefabs/Generic/RAM,SK Hynix ECC LRDIMM 2X 512 GB 2666 MHz
Memory,SK Hynix,ECC LRDIMM 2X 512 GB 2933 MHz,Y,Y,4050,2100,32,85,,,,512,2933,DDR4 (ECC) 2X,1.25,512,1,11.7,ECC LRDIMM 2X,,1.7,3100,Prefabs/Generic/RAM,SK Hynix ECC LRDIMM 2X 512 GB 2933 MHz
Memory,SK Hynix,RDIMM DDR5 256 GB 3200 MHz,Y,Y,2605,2500,37,85,,,,256,3200,DDR5 (RDIMM),1.1,256,1,9.3,RDIMM DDR5,,1.58,4000,Prefabs/Generic/RAM,SK Hynix RDIMM DDR5 256 GB 3200 MHz
Memory,SK Hynix,RDIMM DDR5 256 GB 4800 MHz,Y,Y,2945,2840,38,20,,,,256,4800,DDR5 (RDIMM),1.1,256,1,9.3,RDIMM DDR5,,1.58,5600,Prefabs/Generic/RAM,SK Hynix RDIMM DDR5 256 GB 4800 MHz
Memory,SK Hynix,RDIMM DDR5 256 GB 5600 MHz,Y,Y,3045,2940,38,55,,,,256,5600,DDR5 (RDIMM),1.1,256,1,9.3,RDIMM DDR5,,1.58,6200,Prefabs/Generic/RAM,SK Hynix RDIMM DDR5 256 GB 5600 MHz
Memory,SK Hynix,RDIMM DDR5 256 GB 6400 MHz,Y,Y,3160,3055,38,90,,,,256,6400,DDR5 (RDIMM),1.1,256,1,9.3,RDIMM DDR5,,1.58,7000,Prefabs/Generic/RAM,SK Hynix RDIMM DDR5 256 GB 6400 MHz
Memory,SK Hynix,RDIMM DDR5 256 GB 7200 MHz,Y,Y,3360,3255,39,25,,,,256,7200,DDR5 (RDIMM),1.1,256,1,9.3,RDIMM DDR5,,1.58,8100,Prefabs/Generic/RAM,SK Hynix RDIMM DDR5 256 GB 7200 MHz
Memory,SK Hynix,RDIMM DDR5 256 GB 8400 MHz,Y,Y,3510,3405,39,60,,,,256,8400,DDR5 (RDIMM),1.1,256,1,9.3,RDIMM DDR5,,1.58,8900,Prefabs/Generic/RAM,SK Hynix RDIMM DDR5 256 GB 8400 MHz
Memory,SK Hynix,RDIMM DDR5 2X 512 GB 3200 MHz,Y,Y,5210,5000,38,85,,,,512,3200,DDR5 (RDIMM) 2X,1.1,512,1,9.3,RDIMM DDR5 2X,,1.58,3900,Prefabs/Generic/RAM,SK Hynix RDIMM DDR5 2X 512 GB 3200 MHz
Memory,SK Hynix,RDIMM DDR5 2X 512 GB 4800 MHz,Y,Y,5890,5680,39,20,,,,512,4800,DDR5 (RDIMM) 2X,1.1,512,1,9.3,RDIMM DDR5 2X,,1.58,5500,Prefabs/Generic/RAM,SK Hynix RDIMM DDR5 2X 512 GB 4800 MHz
Memory,SK Hynix,RDIMM DDR5 2X 512 GB 5600 MHz,Y,Y,6090,5880,39,55,,,,512,5600,DDR5 (RDIMM) 2X,1.1,512,1,9.3,RDIMM DDR5 2X,,1.58,6100,Prefabs/Generic/RAM,SK Hynix RDIMM DDR5 2X 512 GB 5600 MHz
Memory,SK Hynix,RDIMM DDR5 2X 512 GB 6400 MHz,Y,Y,6320,6110,39,90,,,,512,6400,DDR5 (RDIMM) 2X,1.1,512,1,9.3,RDIMM DDR5 2X,,1.58,6900,Prefabs/Generic/RAM,SK Hynix RDIMM DDR5 2X 512 GB 6400 MHz
Memory,SK Hynix,RDIMM DDR5 2X 512 GB 7200 MHz,Y,Y,6720,6510,40,25,,,,512,7200,DDR5 (RDIMM) 2X,1.1,512,1,9.3,RDIMM DDR5 2X,,1.58,8000,Prefabs/Generic/RAM,SK Hynix RDIMM DDR5 2X 512 GB 7200 MHz
Memory,SK Hynix,RDIMM DDR5 2X 512 GB 8400 MHz,Y,Y,7020,6810,40,60,,,,512,8400,DDR5 (RDIMM) 2X,1.1,512,1,9.3,RDIMM DDR5 2X,,1.58,8800,Prefabs/Generic/RAM,SK Hynix RDIMM DDR5 2X 512 GB 8400 MHz
Memory,Team Group,DARK PRO DDR4 (Red) 4 GB 3000 MHz,,Y,55,18,31,1,1.14,,,4,3000,DDR4,1.35,4,1,13.8,DARK PRO DDR4 (Red),,1.65,3210,v1_14_0/Prefabs/RAM/RAM_TEAMGROUP_DARK_PRO_DDR4_OVERCLOCKIN_DESKTOP_MEMORY_RED,Team Group DARK PRO DDR4 (Red) 4 GB 3000 MHz
Memory,Team Group,DARK PRO DDR4 (Red) 4 GB 3200 MHz,,Y,60,20,31,1,1.14,,,4,3200,DDR4,1.35,4,1,15.0,DARK PRO DDR4 (Red),,1.65,3424,v1_14_0/Prefabs/RAM/RAM_TEAMGROUP_DARK_PRO_DDR4_OVERCLOCKIN_DESKTOP_MEMORY_RED,Team Group DARK PRO DDR4 (Red) 4 GB 3200 MHz
Memory,Team Group,DARK PRO DDR4 (Red) 4 GB 3333 MHz,,Y,62,21,31,1,1.14,,,4,3333,DDR4,1.35,4,1,15.5,DARK PRO DDR4 (Red),,1.65,3566,v1_14_0/Prefabs/RAM/RAM_TEAMGROUP_DARK_PRO_DDR4_OVERCLOCKIN_DESKTOP_MEMORY_RED,Team Group DARK PRO DDR4 (Red) 4 GB 3333 MHz
Memory,Team Group,DARK PRO DDR4 (Red) 8 GB 3000 MHz,,Y,100,33,31,1,1.14,,,8,3000,DDR4,1.35,8,1,12.5,DARK PRO DDR4 (Red),,1.65,3210,v1_14_0/Prefabs/RAM/RAM_TEAMGROUP_DARK_PRO_DDR4_OVERCLOCKIN_DESKTOP_MEMORY_RED,Team Group DARK PRO DDR4 (Red) 8 GB 3000 MHz
Memory,Team Group,DARK PRO DDR4 (Red) 8 GB 3200 MHz,,Y,110,37,31,1,1.14,,,8,3200,DDR4,1.35,8,1,13.8,DARK PRO DDR4 (Red),,1.65,3424,v1_14_0/Prefabs/RAM/RAM_TEAMGROUP_DARK_PRO_DDR4_OVERCLOCKIN_DESKTOP_MEMORY_RED,Team Group DARK PRO DDR4 (Red) 8 GB 3200 MHz
Memory,Team Group,DARK PRO DDR4 (Red) 8 GB 3333 MHz,,Y,114,38,31,1,1.14,,,8,3333,DDR4,1.35,8,1,14.3,DARK PRO DDR4 (Red),,1.65,3566,v1_14_0/Prefabs/RAM/RAM_TEAMGROUP_DARK_PRO_DDR4_OVERCLOCKIN_DESKTOP_MEMORY_RED,Team Group DARK PRO DDR4 (Red) 8 GB 3333 MHz
Memory,Team Group,DARK PRO DDR4 (Red) 8 GB 3466 MHz,,Y,118,39,31,1,1.14,,,8,3466,DDR4,1.35,8,1,14.8,DARK PRO DDR4 (Red),,1.65,3708,v1_14_0/Prefabs/RAM/RAM_TEAMGROUP_DARK_PRO_DDR4_OVERCLOCKIN_DESKTOP_MEMORY_RED,Team Group DARK PRO DDR4 (Red) 8 GB 3466 MHz
Memory,Team Group,DARK PRO DDR4 4 GB 3000 MHz,,Y,55,18,31,1,1.14,,,4,3000,DDR4,1.35,4,1,13.8,DARK PRO DDR4,,1.65,3210,v1_14_0/Prefabs/RAM/RAM_TEAMGROUP_DARK_PRO_DDR4_OVERCLOCKIN_DESKTOP_MEMORY,Team Group DARK PRO DDR4 4 GB 3000 MHz
Memory,Team Group,DARK PRO DDR4 4 GB 3200 MHz,,Y,60,20,31,1,1.14,,,4,3200,DDR4,1.35,4,1,15.0,DARK PRO DDR4,,1.65,3424,v1_14_0/Prefabs/RAM/RAM_TEAMGROUP_DARK_PRO_DDR4_OVERCLOCKIN_DESKTOP_MEMORY,Team Group DARK PRO DDR4 4 GB 3200 MHz
Memory,Team Group,DARK PRO DDR4 4 GB 3333 MHz,,Y,62,21,31,1,1.14,,,4,3333,DDR4,1.35,4,1,15.5,DARK PRO DDR4,,1.65,3566,v1_14_0/Prefabs/RAM/RAM_TEAMGROUP_DARK_PRO_DDR4_OVERCLOCKIN_DESKTOP_MEMORY,Team Group DARK PRO DDR4 4 GB 3333 MHz
Memory,Team Group,DARK PRO DDR4 8 GB 3000 MHz,,Y,100,33,31,1,1.14,,,8,3000,DDR4,1.35,8,1,12.5,DARK PRO DDR4,,1.65,3210,v1_14_0/Prefabs/RAM/RAM_TEAMGROUP_DARK_PRO_DDR4_OVERCLOCKIN_DESKTOP_MEMORY,Team Group DARK PRO DDR4 8 GB 3000 MHz
Memory,Team Group,DARK PRO DDR4 8 GB 3200 MHz,,Y,110,37,31,1,1.14,,,8,3200,DDR4,1.35,8,1,13.8,DARK PRO DDR4,,1.65,3424,v1_14_0/Prefabs/RAM/RAM_TEAMGROUP_DARK_PRO_DDR4_OVERCLOCKIN_DESKTOP_MEMORY,Team Group DARK PRO DDR4 8 GB 3200 MHz
Memory,Team Group,DARK PRO DDR4 8 GB 3333 MHz,,Y,114,38,31,1,1.14,,,8,3333,DDR4,1.35,8,1,14.3,DARK PRO DDR4,,1.65,3566,v1_14_0/Prefabs/RAM/RAM_TEAMGROUP_DARK_PRO_DDR4_OVERCLOCKIN_DESKTOP_MEMORY,Team Group DARK PRO DDR4 8 GB 3333 MHz
Memory,Team Group,DARK PRO DDR4 8 GB 3466 MHz,,Y,118,39,31,1,1.14,,,8,3466,DDR4,1.35,8,1,14.8,DARK PRO DDR4,,1.65,3708,v1_14_0/Prefabs/RAM/RAM_TEAMGROUP_DARK_PRO_DDR4_OVERCLOCKIN_DESKTOP_MEMORY,Team Group DARK PRO DDR4 8 GB 3466 MHz
Memory,Team Group,T-Force DARK (Red) 16 GB 2400 MHz,,Y,130,43,2,1,1.0,,,16,2400,DDR4,1.2,16,1,8.1,T-Force DARK (Red),,1.65,2568,Prefabs/RAM/TeamGroup/TeamGroup_Dark,Team Group T-Force DARK (Red) 16 GB 2400 MHz
Memory,Team Group,T-Force DARK (Red) 16 GB 3000 MHz,,Y,190,63,6,50,1.0,,,16,3000,DDR4,1.35,16,1,11.9,T-Force DARK (Red),,1.65,3210,Prefabs/RAM/TeamGroup/TeamGroup_Dark,Team Group T-Force DARK (Red) 16 GB 3000 MHz
Memory,Team Group,T-Force DARK (Red) 4 GB 2400 MHz,,Y,40,13,2,1,1.0,,,4,2400,DDR4,1.2,4,1,10.0,T-Force DARK (Red),,1.65,2568,Prefabs/RAM/TeamGroup/TeamGroup_Dark,Team Group T-Force DARK (Red) 4 GB 2400 MHz
Memory,Team Group,T-Force DARK (Red) 4 GB 2666 MHz,,Y,45,15,2,1,1.0,,,4,2666,DDR4,1.2,4,1,11.3,T-Force DARK (Red),,1.65,2852,Prefabs/RAM/TeamGroup/TeamGroup_Dark,Team Group T-Force DARK (Red) 4 GB 2666 MHz
Memory,Team Group,T-Force DARK (Red) 4 GB 2800 MHz,,Y,50,17,4,1,1.0,,,4,2800,DDR4,1.2,4,1,12.5,T-Force DARK (Red),,1.65,2996,Prefabs/RAM/TeamGroup/TeamGroup_Dark,Team Group T-Force DARK (Red) 4 GB 2800 MHz
Memory,Team Group,T-Force DARK (Red) 8 GB 2400 MHz,,Y,70,23,2,1,1.0,,,8,2400,DDR4,1.2,8,1,8.8,T-Force DARK (Red),,1.65,2568,Prefabs/RAM/TeamGroup/TeamGroup_Dark,Team Group T-Force DARK (Red) 8 GB 2400 MHz
Memory,Team Group,T-Force DARK (Red) 8 GB 2666 MHz,,Y,80,27,2,1,1.0,,,8,2666,DDR4,1.2,8,1,10.0,T-Force DARK (Red),,1.65,2852,Prefabs/RAM/TeamGroup/TeamGroup_Dark,Team Group T-Force DARK (Red) 8 GB 2666 MHz
Memory,Team Group,T-Force DARK (Red) 8 GB 3000 MHz,,Y,100,33,6,1,1.0,,,8,3000,DDR4,1.35,8,1,12.5,T-Force DARK (Red),,1.65,3210,Prefabs/RAM/TeamGroup/TeamGroup_Dark,Team Group T-Force DARK (Red) 8 GB 3000 MHz
Memory,Team Group,T-Force DARK (Silver) 16 GB 2666 MHz,,Y,150,50,2,50,1.0,,,16,2666,DDR4,1.2,16,1,9.4,T-Force DARK (Silver),,1.65,2852,Prefabs/RAM/TeamGroup/TeamGroup_Dark_Silver,Team Group T-Force DARK (Silver) 16 GB 2666 MHz
Memory,Team Group,T-Force DARK (Silver) 16 GB 2800 MHz,,Y,170,57,4,50,1.0,,,16,2800,DDR4,1.2,16,1,10.6,T-Force DARK (Silver),,1.65,2996,Prefabs/RAM/TeamGroup/TeamGroup_Dark_Silver,Team Group T-Force DARK (Silver) 16 GB 2800 MHz
Memory,Team Group,T-Force DARK (Silver) 16 GB 3000 MHz,,Y,190,63,6,50,1.0,,,16,3000,DDR4,1.35,16,1,11.9,T-Force DARK (Silver),,1.65,3210,Prefabs/RAM/TeamGroup/TeamGroup_Dark_Silver,Team Group T-Force DARK (Silver) 16 GB 3000 MHz
Memory,Team Group,T-Force DARK (Silver) 4 GB 2400 MHz,,Y,40,13,2,1,1.0,,,4,2400,DDR4,1.2,4,1,10.0,T-Force DARK (Silver),,1.65,2568,Prefabs/RAM/TeamGroup/TeamGroup_Dark_Silver,Team Group T-Force DARK (Silver) 4 GB 2400 MHz
Memory,Team Group,T-Force DARK (Silver) 4 GB 3000 MHz,,Y,55,18,6,1,1.0,,,4,3000,DDR4,1.35,4,1,13.8,T-Force DARK (Silver),,1.65,3210,Prefabs/RAM/TeamGroup/TeamGroup_Dark_Silver,Team Group T-Force DARK (Silver) 4 GB 3000 MHz
Memory,Team Group,T-Force DARK (Silver) 8 GB 2400 MHz,,Y,70,23,2,1,1.0,,,8,2400,DDR4,1.2,8,1,8.8,T-Force DARK (Silver),,1.65,2568,Prefabs/RAM/TeamGroup/TeamGroup_Dark_Silver,Team Group T-Force DARK (Silver) 8 GB 2400 MHz
Memory,Team Group,T-Force DARK (Silver) 8 GB 2666 MHz,,Y,80,27,2,1,1.0,,,8,2666,DDR4,1.2,8,1,10.0,T-Force DARK (Silver),,1.65,2852,Prefabs/RAM/TeamGroup/TeamGroup_Dark_Silver,Team Group T-Force DARK (Silver) 8 GB 2666 MHz
Memory,Team Group,T-Force DARK (Silver) 8 GB 3000 MHz,,Y,100,33,6,1,1.0,,,8,3000,DDR4,1.35,8,1,12.5,T-Force DARK (Silver),,1.65,3210,Prefabs/RAM/TeamGroup/TeamGroup_Dark_Silver,Team Group T-Force DARK (Silver) 8 GB 3000 MHz
Memory,Team Group,T-Force Delta II RGB Series (Black) 4 GB 2400 MHz,,Y,50,17,14,1,1.0,,RGB,4,2400,DDR4,1.2,4,1,12.5,T-Force Delta II RGB Series (Black),,1.65,2568,Prefabs/RAM/TeamGroup/TeamGroup_Delta_II_RGB,Team Group T-Force Delta II RGB Series (Black) 4 GB 2400 MHz
Memory,Team Group,T-Force Delta II RGB Series (Black) 4 GB 3000 MHz,,Y,65,22,14,33,1.0,,RGB,4,3000,DDR4,1.35,4,1,16.3,T-Force Delta II RGB Series (Black),,1.65,3210,Prefabs/RAM/TeamGroup/TeamGroup_Delta_II_RGB,Team Group T-Force Delta II RGB Series (Black) 4 GB 3000 MHz
Memory,Team Group,T-Force Delta II RGB Series (Black) 8 GB 2400 MHz,,Y,80,27,14,1,1.0,,RGB,8,2400,DDR4,1.2,8,1,10.0,T-Force Delta II RGB Series (Black),,1.65,2568,Prefabs/RAM/TeamGroup/TeamGroup_Delta_II_RGB,Team Group T-Force Delta II RGB Series (Black) 8 GB 2400 MHz
Memory,Team Group,T-Force Delta II RGB Series (Black) 8 GB 3000 MHz,,Y,110,37,14,66,1.0,,RGB,8,3000,DDR4,1.35,8,1,13.8,T-Force Delta II RGB Series (Black),,1.65,3210,Prefabs/RAM/TeamGroup/TeamGroup_Delta_II_RGB,Team Group T-Force Delta II RGB Series (Black) 8 GB 3000 MHz
Memory,Team Group,T-Force Delta II RGB Series (White) 4 GB 2400 MHz,,Y,50,17,14,1,1.0,,RGB,4,2400,DDR4,1.2,4,1,12.5,T-Force Delta II RGB Series (White),,1.65,2568,Prefabs/RAM/TeamGroup/TeamGroup_Delta_II_RGB_White,Team Group T-Force Delta II RGB Series (White) 4 GB 2400 MHz
Memory,Team Group,T-Force Delta II RGB Series (White) 8 GB 2400 MHz,,Y,80,27,14,1,1.0,,RGB,8,2400,DDR4,1.2,8,1,10.0,T-Force Delta II RGB Series (White),,1.65,2568,Prefabs/RAM/TeamGroup/TeamGroup_Delta_II_RGB_White,Team Group T-Force Delta II RGB Series (White) 8 GB 2400 MHz
Memory,Team Group,T-Force Delta II RGB Series (White) 8 GB 2666 MHz,,Y,90,30,14,33,1.0,,RGB,8,2666,DDR4,1.2,8,1,11.3,T-Force Delta II RGB Series (White),,1.65,2852,Prefabs/RAM/TeamGroup/TeamGroup_Delta_II_RGB_White,Team Group T-Force Delta II RGB Series (White) 8 GB 2666 MHz
Memory,Team Group,T-Force Delta II RGB Series (White) 8 GB 3000 MHz,,Y,110,37,14,66,1.0,,RGB,8,3000,DDR4,1.35,8,1,13.8,T-Force Delta II RGB Series (White),,1.65,3210,Prefabs/RAM/TeamGroup/TeamGroup_Delta_II_RGB_White,Team Group T-Force Delta II RGB Series (White) 8 GB 3000 MHz
Memory,Team Group,T-Force Night Hawk (Blue LED) 16 GB 3000 MHz,,Y,195,65,11,33,1.0,,Blue,16,3000,DDR4,1.35,16,1,12.2,T-Force Night Hawk (Blue LED),,1.65,3210,Prefabs/RAM/TeamGroup/TeamGroup_TForce_NightHawk_Blue_LED,Team Group T-Force Night Hawk (Blue LED) 16 GB 3000 MHz
Memory,Team Group,T-Force Night Hawk (Blue LED) 16 GB 3200 MHz,,Y,215,72,12,66,1.0,,Blue,16,3200,DDR4,1.35,16,1,13.4,T-Force Night Hawk (Blue LED),,1.65,3424,Prefabs/RAM/TeamGroup/TeamGroup_TForce_NightHawk_Blue_LED,Team Group T-Force Night Hawk (Blue LED) 16 GB 3200 MHz
Memory,Team Group,T-Force Night Hawk (Blue LED) 8 GB 3000 MHz,,Y,105,35,11,33,1.0,,Blue,8,3000,DDR4,1.35,8,1,13.1,T-Force Night Hawk (Blue LED),,1.65,3210,Prefabs/RAM/TeamGroup/TeamGroup_TForce_NightHawk_Blue_LED,Team Group T-Force Night Hawk (Blue LED) 8 GB 3000 MHz
Memory,Team Group,T-Force Night Hawk (Blue LED) 8 GB 3200 MHz,,Y,115,38,12,66,1.0,,Blue,8,3200,DDR4,1.35,8,1,14.4,T-Force Night Hawk (Blue LED),,1.65,3424,Prefabs/RAM/TeamGroup/TeamGroup_TForce_NightHawk_Blue_LED,Team Group T-Force Night Hawk (Blue LED) 8 GB 3200 MHz
Memory,Team Group,T-Force Night Hawk (Red LED) 16 GB 3000 MHz,,Y,195,65,11,33,1.0,,Red,16,3000,DDR4,1.35,16,1,12.2,T-Force Night Hawk (Red LED),,1.65,3210,Prefabs/RAM/TeamGroup/TeamGroup_TForce_NightHawk_Red_LED,Team Group T-Force Night Hawk (Red LED) 16 GB 3000 MHz
Memory,Team Group,T-Force Night Hawk (Red LED) 16 GB 3200 MHz,,Y,215,72,12,66,1.0,,Red,16,3200,DDR4,1.35,16,1,13.4,T-Force Night Hawk (Red LED),,1.65,3424,Prefabs/RAM/TeamGroup/TeamGroup_TForce_NightHawk_Red_LED,Team Group T-Force Night Hawk (Red LED) 16 GB 3200 MHz
Memory,Team Group,T-Force Night Hawk (Red LED) 8 GB 3000 MHz,,Y,105,35,11,33,1.0,,Red,8,3000,DDR4,1.35,8,1,13.1,T-Force Night Hawk (Red LED),,1.65,3210,Prefabs/RAM/TeamGroup/TeamGroup_TForce_NightHawk_Red_LED,Team Group T-Force Night Hawk (Red LED) 8 GB 3000 MHz
Memory,Team Group,T-Force Night Hawk (Red LED) 8 GB 3200 MHz,,Y,115,38,12,66,1.0,,Red,8,3200,DDR4,1.35,8,1,14.4,T-Force Night Hawk (Red LED),,1.65,3424,Prefabs/RAM/TeamGroup/TeamGroup_TForce_NightHawk_Red_LED,Team Group T-Force Night Hawk (Red LED) 8 GB 3200 MHz
Memory,Team Group,T-Force Night Hawk (White LED) 16 GB 3000 MHz,,Y,195,65,11,33,1.0,,White,16,3000,DDR4,1.35,16,1,12.2,T-Force Night Hawk (White LED),,1.65,3210,Prefabs/RAM/TeamGroup/TeamGroup_TForce_NightHawk_White_LED,Team Group T-Force Night Hawk (White LED) 16 GB 3000 MHz
Memory,Team Group,T-Force Night Hawk (White LED) 16 GB 3200 MHz,,Y,215,72,12,66,1.0,,White,16,3200,DDR4,1.35,16,1,13.4,T-Force Night Hawk (White LED),,1.65,3424,Prefabs/RAM/TeamGroup/TeamGroup_TForce_NightHawk_White_LED,Team Group T-Force Night Hawk (White LED) 16 GB 3200 MHz
Memory,Team Group,T-Force Night Hawk (White LED) 8 GB 3000 MHz,,Y,105,35,11,33,1.0,,White,8,3000,DDR4,1.35,8,1,13.1,T-Force Night Hawk (White LED),,1.65,3210,Prefabs/RAM/TeamGroup/TeamGroup_TForce_NightHawk_White_LED,Team Group T-Force Night Hawk (White LED) 8 GB 3000 MHz
Memory,Team Group,T-Force Night Hawk (White LED) 8 GB 3200 MHz,,Y,115,38,12,66,1.0,,White,8,3200,DDR4,1.35,8,1,14.4,T-Force Night Hawk (White LED),,1.65,3424,Prefabs/RAM/TeamGroup/TeamGroup_TForce_NightHawk_White_LED,Team Group T-Force Night Hawk (White LED) 8 GB 3200 MHz
Memory,Team Group,T-Force Night Hawk RGB (Black) 8 GB 3000 MHz,,Y,110,37,15,90,1.0,,RGB,8,3000,DDR4,1.35,8,1,13.8,T-Force Night Hawk RGB (Black),,1.65,3210,Prefabs/RAM/TeamGroup/TeamGroup_TForce_NightHawk_RGB_Black,Team Group T-Force Night Hawk RGB (Black) 8 GB 3000 MHz
Memory,Team Group,T-Force Night Hawk RGB (White) 8 GB 3000 MHz,,Y,110,37,15,90,1.0,,RGB,8,3000,DDR4,1.35,8,1,13.8,T-Force Night Hawk RGB (White),,1.65,3210,Prefabs/RAM/TeamGroup/TeamGroup_TForce_NightHawk_RGB_White,Team Group T-Force Night Hawk RGB (White) 8 GB 3000 MHz
Memory,Team Group,T-Force Xtreem ARGB DDR4 GAMING 8 GB 3200 MHz,,Y,120,40,28,1,1.8,,RGB,8,3200,DDR4,1.35,8,1,15.0,T-Force Xtreem ARGB DDR4 GAMING,,1.65,3424,v1_8_0/Prefabs/RAM/TeamGroup/RAM_T-Force_Xtreem_ARGB,Team Group T-Force Xtreem ARGB DDR4 GAMING 8 GB 3200 MHz
Memory,Team Group,T-Force Xtreem ARGB DDR4 GAMING 8 GB 3600 MHz,,Y,130,43,28,1,1.8,,RGB,8,3600,DDR4,1.35,8,1,16.3,T-Force Xtreem ARGB DDR4 GAMING,,1.65,3852,v1_8_0/Prefabs/RAM/TeamGroup/RAM_T-Force_Xtreem_ARGB,Team Group T-Force Xtreem ARGB DDR4 GAMING 8 GB 3600 MHz
Memory,Team Group,T-Force Xtreem ARGB DDR4 GAMING 8 GB 4000 MHz,,Y,150,50,28,1,1.8,,RGB,8,4000,DDR4,1.35,8,1,18.8,T-Force Xtreem ARGB DDR4 GAMING,,1.65,4280,v1_8_0/Prefabs/RAM/TeamGroup/RAM_T-Force_Xtreem_ARGB,Team Group T-Force Xtreem ARGB DDR4 GAMING 8 GB 4000 MHz
Memory,Team Group,T-Force Xtreem ARGB DDR4 GAMING 8 GB 4400 MHz,Y,Y,175,50,28,35,,,RGB,8,4400,DDR4,1.35,8,1,18.8,T-Force Xtreem ARGB DDR4 GAMING,,1.65,4780,v1_8_0/Prefabs/RAM/TeamGroup/RAM_T-Force_Xtreem_ARGB,Team Group T-Force Xtreem ARGB DDR4 GAMING 8 GB 4400 MHz
Memory,Team Group,T-Force Xtreem ARGB DDR4 GAMING 8 GB 4600 MHz,Y,Y,190,65,28,55,,,RGB,8,4600,DDR4,1.35,8,1,18.8,T-Force Xtreem ARGB DDR4 GAMING,,1.65,4980,v1_8_0/Prefabs/RAM/TeamGroup/RAM_T-Force_Xtreem_ARGB,Team Group T-Force Xtreem ARGB DDR4 GAMING 8 GB 4600 MHz
Memory,Team Group,XCALIBUR RGB DDR4 16 GB 3200 MHz,,Y,220,73,31,1,1.15,,RGB,16,3200,DDR4,1.35,16,1,13.8,XCALIBUR RGB DDR4,,1.65,3424,v1_15_0/Prefabs/RAM/TeamGroup/RAM_TEAMGROUP_XCALIBUR_RGB_DDR4,Team Group XCALIBUR RGB DDR4 16 GB 3200 MHz
Memory,Team Group,XCALIBUR RGB DDR4 16 GB 3600 MHz,,Y,240,80,31,1,1.15,,RGB,16,3600,DDR4,1.35,16,1,15.0,XCALIBUR RGB DDR4,,1.65,3852,v1_15_0/Prefabs/RAM/TeamGroup/RAM_TEAMGROUP_XCALIBUR_RGB_DDR4,Team Group XCALIBUR RGB DDR4 16 GB 3600 MHz
Memory,Team Group,XCALIBUR RGB DDR4 16 GB 4000 MHz,,Y,280,93,31,1,1.15,,RGB,16,4000,DDR4,1.35,16,1,17.5,XCALIBUR RGB DDR4,,1.65,4280,v1_15_0/Prefabs/RAM/TeamGroup/RAM_TEAMGROUP_XCALIBUR_RGB_DDR4,Team Group XCALIBUR RGB DDR4 16 GB 4000 MHz
Memory,Team Group,XCALIBUR RGB DDR4 32 GB 3200 MHz,,Y,415,138,31,1,1.15,,RGB,32,3200,DDR4,1.35,32,1,13.0,XCALIBUR RGB DDR4,,1.65,3424,v1_15_0/Prefabs/RAM/TeamGroup/RAM_TEAMGROUP_XCALIBUR_RGB_DDR4,Team Group XCALIBUR RGB DDR4 32 GB 3200 MHz
Memory,Team Group,XCALIBUR RGB DDR4 32 GB 3600 MHz,,Y,455,152,31,1,1.15,,RGB,32,3600,DDR4,1.35,32,1,14.2,XCALIBUR RGB DDR4,,1.65,3852,v1_15_0/Prefabs/RAM/TeamGroup/RAM_TEAMGROUP_XCALIBUR_RGB_DDR4,Team Group XCALIBUR RGB DDR4 32 GB 3600 MHz
Memory,Team Group,XCALIBUR RGB DDR4 32 GB 4000 MHz,,Y,535,178,31,1,1.15,,RGB,32,4000,DDR4,1.35,32,1,16.7,XCALIBUR RGB DDR4,,1.65,4280,v1_15_0/Prefabs/RAM/TeamGroup/RAM_TEAMGROUP_XCALIBUR_RGB_DDR4,Team Group XCALIBUR RGB DDR4 32 GB 4000 MHz
Memory,Team Group,XCALIBUR RGB DDR4 8 GB 3200 MHz,,Y,120,40,31,1,1.15,,RGB,8,3200,DDR4,1.35,8,1,15.0,XCALIBUR RGB DDR4,,1.65,3424,v1_15_0/Prefabs/RAM/TeamGroup/RAM_TEAMGROUP_XCALIBUR_RGB_DDR4,Team Group XCALIBUR RGB DDR4 8 GB 3200 MHz
Memory,Team Group,XCALIBUR RGB DDR4 8 GB 3600 MHz,,Y,130,43,31,1,1.15,,RGB,8,3600,DDR4,1.35,8,1,16.3,XCALIBUR RGB DDR4,,1.65,3852,v1_15_0/Prefabs/RAM/TeamGroup/RAM_TEAMGROUP_XCALIBUR_RGB_DDR4,Team Group XCALIBUR RGB DDR4 8 GB 3600 MHz
Memory,Team Group,XCALIBUR RGB DDR4 8 GB 4000 MHz,,Y,150,50,31,1,1.15,,RGB,8,4000,DDR4,1.35,8,1,18.8,XCALIBUR RGB DDR4,,1.65,4280,v1_15_0/Prefabs/RAM/TeamGroup/RAM_TEAMGROUP_XCALIBUR_RGB_DDR4,Team Group XCALIBUR RGB DDR4 8 GB 4000 MHz
Memory,Team Group,XCALIBUR RGB DDR4 Special Edition 16 GB 3200 MHz,,Y,220,73,31,1,1.15,,RGB,16,3200,DDR4,1.35,16,1,13.8,XCALIBUR RGB DDR4 Special Edition,,1.65,3424,v1_15_0/Prefabs/RAM/TeamGroup/RAM_TEAMGROUP_XCALIBUR_SPECIAL_RGB_DDR4,Team Group XCALIBUR RGB DDR4 Special Edition 16 GB 3200 MHz
Memory,Team Group,XCALIBUR RGB DDR4 Special Edition 16 GB 3600 MHz,,Y,240,80,31,1,1.15,,RGB,16,3600,DDR4,1.35,16,1,15.0,XCALIBUR RGB DDR4 Special Edition,,1.65,3852,v1_15_0/Prefabs/RAM/TeamGroup/RAM_TEAMGROUP_XCALIBUR_SPECIAL_RGB_DDR4,Team Group XCALIBUR RGB DDR4 Special Edition 16 GB 3600 MHz
Memory,Team Group,XCALIBUR RGB DDR4 Special Edition 16 GB 4000 MHz,,Y,280,93,31,1,1.15,,RGB,16,4000,DDR4,1.35,16,1,17.5,XCALIBUR RGB DDR4 Special Edition,,1.65,4280,v1_15_0/Prefabs/RAM/TeamGroup/RAM_TEAMGROUP_XCALIBUR_SPECIAL_RGB_DDR4,Team Group XCALIBUR RGB DDR4 Special Edition 16 GB 4000 MHz
Memory,Team Group,XCALIBUR RGB DDR4 Special Edition 32 GB 3200 MHz,,Y,415,138,31,1,1.15,,RGB,32,3200,DDR4,1.35,32,1,13.0,XCALIBUR RGB DDR4 Special Edition,,1.65,3424,v1_15_0/Prefabs/RAM/TeamGroup/RAM_TEAMGROUP_XCALIBUR_SPECIAL_RGB_DDR4,Team Group XCALIBUR RGB DDR4 Special Edition 32 GB 3200 MHz
Memory,Team Group,XCALIBUR RGB DDR4 Special Edition 32 GB 3600 MHz,,Y,455,152,31,1,1.15,,RGB,32,3600,DDR4,1.35,32,1,14.2,XCALIBUR RGB DDR4 Special Edition,,1.65,3852,v1_15_0/Prefabs/RAM/TeamGroup/RAM_TEAMGROUP_XCALIBUR_SPECIAL_RGB_DDR4,Team Group XCALIBUR RGB DDR4 Special Edition 32 GB 3600 MHz
Memory,Team Group,XCALIBUR RGB DDR4 Special Edition 32 GB 4000 MHz,,Y,535,178,31,1,1.15,,RGB,32,4000,DDR4,1.35,32,1,16.7,XCALIBUR RGB DDR4 Special Edition,,1.65,4280,v1_15_0/Prefabs/RAM/TeamGroup/RAM_TEAMGROUP_XCALIBUR_SPECIAL_RGB_DDR4,Team Group XCALIBUR RGB DDR4 Special Edition 32 GB 4000 MHz
Memory,Team Group,XCALIBUR RGB DDR4 Special Edition 8 GB 3200 MHz,,Y,120,40,31,1,1.15,,RGB,8,3200,DDR4,1.35,8,1,15.0,XCALIBUR RGB DDR4 Special Edition,,1.65,3424,v1_15_0/Prefabs/RAM/TeamGroup/RAM_TEAMGROUP_XCALIBUR_SPECIAL_RGB_DDR4,Team Group XCALIBUR RGB DDR4 Special Edition 8 GB 3200 MHz
Memory,Team Group,XCALIBUR RGB DDR4 Special Edition 8 GB 3600 MHz,,Y,130,43,31,1,1.15,,RGB,8,3600,DDR4,1.35,8,1,16.3,XCALIBUR RGB DDR4 Special Edition,,1.65,3852,v1_15_0/Prefabs/RAM/TeamGroup/RAM_TEAMGROUP_XCALIBUR_SPECIAL_RGB_DDR4,Team Group XCALIBUR RGB DDR4 Special Edition 8 GB 3600 MHz
Memory,Team Group,XCALIBUR RGB DDR4 Special Edition 8 GB 4000 MHz,,Y,150,50,31,1,1.15,,RGB,8,4000,DDR4,1.35,8,1,18.8,XCALIBUR RGB DDR4 Special Edition,,1.65,4280,v1_15_0/Prefabs/RAM/TeamGroup/RAM_TEAMGROUP_XCALIBUR_SPECIAL_RGB_DDR4,Team Group XCALIBUR RGB DDR4 Special Edition 8 GB 4000 MHz
Memory,Team Group,ZEUS DDR4 GAMING 16 GB 2666 MHz,,Y,150,50,31,1,1.14,,,16,2666,DDR4,1.2,16,1,9.4,ZEUS DDR4 GAMING,,1.65,2852,v1_14_0/Prefabs/RAM/RAM_TEAM_GROUP_ZEUS_DDR4_GAMING_MEMORY_2666MHZ,Team Group ZEUS DDR4 GAMING 16 GB 2666 MHz
Memory,Team Group,ZEUS DDR4 GAMING 16 GB 3000 MHz,,Y,190,63,31,1,1.14,,,16,3000,DDR4,1.35,16,1,11.9,ZEUS DDR4 GAMING,,1.65,3210,v1_14_0/Prefabs/RAM/RAM_TEAM_GROUP_ZEUS_DDR4_GAMING_MEMORY_2666MHZ,Team Group ZEUS DDR4 GAMING 16 GB 3000 MHz
Memory,Team Group,ZEUS DDR4 GAMING 16 GB 3200 MHz,,Y,210,70,31,1,1.14,,,16,3200,DDR4,1.2,16,1,13.1,ZEUS DDR4 GAMING,,1.65,3424,v1_14_0/Prefabs/RAM/RAM_TEAM_GROUP_ZEUS_DDR4_GAMING_MEMORY_2666MHZ,Team Group ZEUS DDR4 GAMING 16 GB 3200 MHz
Memory,Team Group,ZEUS DDR4 GAMING 32 GB 2666 MHz,,Y,285,95,31,1,1.14,,,32,2666,DDR4,1.2,32,1,8.9,ZEUS DDR4 GAMING,,1.65,2852,v1_14_0/Prefabs/RAM/RAM_TEAM_GROUP_ZEUS_DDR4_GAMING_MEMORY_2666MHZ,Team Group ZEUS DDR4 GAMING 32 GB 2666 MHz
Memory,Team Group,ZEUS DDR4 GAMING 32 GB 3000 MHz,,Y,365,122,31,1,1.14,,,32,3000,DDR4,1.35,32,1,11.4,ZEUS DDR4 GAMING,,1.65,3210,v1_14_0/Prefabs/RAM/RAM_TEAM_GROUP_ZEUS_DDR4_GAMING_MEMORY_2666MHZ,Team Group ZEUS DDR4 GAMING 32 GB 3000 MHz
Memory,Team Group,ZEUS DDR4 GAMING 32 GB 3200 MHz,,Y,405,135,31,1,1.14,,,32,3200,DDR4,1.2,32,1,12.7,ZEUS DDR4 GAMING,,1.65,3424,v1_14_0/Prefabs/RAM/RAM_TEAM_GROUP_ZEUS_DDR4_GAMING_MEMORY_2666MHZ,Team Group ZEUS DDR4 GAMING 32 GB 3200 MHz
Memory,Team Group,ZEUS DDR4 GAMING 8 GB 2666 MHz,,Y,80,27,31,1,1.14,,,8,2666,DDR4,1.2,8,1,10.0,ZEUS DDR4 GAMING,,1.65,2852,v1_14_0/Prefabs/RAM/RAM_TEAM_GROUP_ZEUS_DDR4_GAMING_MEMORY_2666MHZ,Team Group ZEUS DDR4 GAMING 8 GB 2666 MHz
Memory,Team Group,ZEUS DDR4 GAMING 8 GB 3000 MHz,,Y,100,33,31,1,1.14,,,8,3000,DDR4,1.35,8,1,12.5,ZEUS DDR4 GAMING,,1.65,3210,v1_14_0/Prefabs/RAM/RAM_TEAM_GROUP_ZEUS_DDR4_GAMING_MEMORY_2666MHZ,Team Group ZEUS DDR4 GAMING 8 GB 3000 MHz
Memory,Team Group,ZEUS DDR4 GAMING 8 GB 3200 MHz,,Y,110,37,31,1,1.14,,,8,3200,DDR4,1.2,8,1,13.8,ZEUS DDR4 GAMING,,1.65,3424,v1_14_0/Prefabs/RAM/RAM_TEAM_GROUP_ZEUS_DDR4_GAMING_MEMORY_2666MHZ,Team Group ZEUS DDR4 GAMING 8 GB 3200 MHz
