Part Type,Chipset Brand,Chipset Series,Chipset,Manufacturer,Part Name,HEM,In Shop,Part Ranking Score,Price,Sell Price,Level,Level %,Steam Version,Platform Lock,Lighting,VRAM (GB),GPU Tuner Min Core Freq,Base Core Freq,OC Base Core Freq,Max Core Freq,GPU Tuner Min Mem Freq,Base Mem Freq,OC Base Mem Freq,Max Mem Freq,Length,Wattage,Multi-GPU,Slot Size,GPU Thermal Throttling,GPU % Power Increase,Power Connectors,Rigid SLI Bridge Model,Score to value ratio,Target STV ratio,Single GPU Graphics Score,Double GPU Graphics Score,Dual GPU performance increase,OC Single GPU score,OC Double GPU score,GT1 Single Core Clock Multiplier,GT1 Single Mem Clock Multiplier,GT1 Single Benchmark Adjustment,GT2 Single Core Clock Multiplier,GT2 Single Mem Clock Multiplier,GT2 Single Benchmark Adjustment,GT1 Dual Core Clock Multiplier,GT1 Dual Mem Clock Multiplier,GT1 Dual Benchmark Adjustment,GT2 Dual Core Clock Multiplier,GT2 Dual Mem Clock Multiplier,GT2 Dual Benchmark Adjustment,Normal GPU max clock,Normal GPU Max mem clock,Boost Multiplier,Score increase,Is AIO,Next Part ID In Combo,Exclude From Random Jobs,DLC2 Random Jobs,Chipset Series Sort,Asset Path,Full Part Name
GPU,NVIDIA GeForce,GTX 700,GeForce GTX 750 Ti,Shean,GeForce GTX 750 Ti GAMER,,Y,756,90,30,1,1,1.0,,,2,770,1085,1290,1400,1000,1350,1525,1700,147,60,,1.5,95,20,,,12.9,13.0,1163,0,,1340.0,0.0,0.005024,0.000815,1.012608,0.004279,0.00071,1.081581,0.0,0.0,0.0,0.0,0.0,0.0,,,,,,,,,101,Prefabs/Generic/GPU,Shean GeForce GTX 750 Ti GAMER,Shean GeForce GTX 750 Ti GAMER
GPU,NVIDIA GeForce,GTX 900,GeForce GTX 950,MSI,GeForce GTX 950 GAMING 2G,,Y,1217,140,47,1,1,1.0,,White,2,1132,1316,1400,1500,1326,1663,1850,2000,270,90,SLI,2.0,95,20,8-pin + 6-pin,,13.2,13.0,1846,3717,2.013542795232936,1998.0,4206.0,0.007772,0.001791,-1.02847,0.007074,0.001511,-1.35265,0.012103,0.011235,-9.98906,0.01075,0.010384000000000001,-10.4128,,,,,,,,,102,Prefabs/GPU/MSI/MSI_GTX_950G2G,MSI GeForce GTX 950 GAMING 2G,MSI GeForce GTX 950 GAMING 2G
GPU,NVIDIA GeForce,GTX 900,GeForce GTX 960,MSI,GeForce GTX 960 GAMING 100ME,,Y,1451,180,60,1,1,1.0,,Green,2,908,1304,1525,1700,1306,1753,2000,2200,267,120,SLI,2.0,95,20,8-pin + 6-pin,,12.4,12.5,2225,4386,1.9712359550561798,2598.0,5144.0,0.007122,0.003506,-0.92227,0.006958,0.002396,-0.52671,0.014258,0.006904,-1.87814,0.012099,0.007006,-3.10231,,,,,,,,,102,Prefabs/GPU/MSI/MSI_GTX_960G100ME,MSI GeForce GTX 960 GAMING 100ME,MSI GeForce GTX 960 GAMING 100ME
GPU,NVIDIA GeForce,GTX 900,GeForce GTX 960,MSI,GeForce GTX 960 GAMING 2G,,Y,1451,180,60,1,1,1.0,,White,2,908,1304,1525,1700,1306,1753,2000,2200,267,120,SLI,2.0,95,20,8-pin + 6-pin,,12.4,12.5,2225,4386,1.9712359550561798,2598.0,5144.0,0.007122,0.003506,-0.92227,0.006958,0.002396,-0.52671,0.014258,0.006904,-1.87814,0.012099,0.007006,-3.10231,,,,,,,,,102,Prefabs/GPU/MSI/MSI_GTX_960G2G,MSI GeForce GTX 960 GAMING 2G,MSI GeForce GTX 960 GAMING 2G
GPU,NVIDIA GeForce,GTX 900,GeForce GTX 960,MSI,GeForce GTX 960 GAMING 2G LE,,Y,1388,170,57,1,1,1.0,,White,2,732,1216,1525,1700,1306,1753,2000,2200,267,120,SLI,2.0,95,20,8-pin + 6-pin,,12.5,12.5,2123,4197,1.9769194536033914,2598.0,5144.0,0.007122,0.003506,-0.92227,0.006958,0.002396,-0.52671,0.014258,0.006904,-1.87814,0.012099,0.007006,-3.10231,,,,,,,,,102,Prefabs/GPU/MSI/MSI_GTX_960G2GLE,MSI GeForce GTX 960 GAMING 2G LE,MSI GeForce GTX 960 GAMING 2G LE
GPU,NVIDIA GeForce,GTX 900,GeForce GTX 960,MSI,GeForce GTX 960 GAMING 4G,,Y,1451,180,60,1,1,1.0,,White,4,908,1304,1525,1700,1306,1753,2000,2200,267,120,SLI,2.0,95,20,8-pin + 6-pin,,12.4,12.5,2225,4386,1.9712359550561798,2598.0,5144.0,0.007122,0.003506,-0.92227,0.006958,0.002396,-0.52671,0.014258,0.006904,-1.87814,0.012099,0.007006,-3.10231,,,,,,,,,102,Prefabs/GPU/MSI/MSI_GTX_960G4G,MSI GeForce GTX 960 GAMING 4G,MSI GeForce GTX 960 GAMING 4G
GPU,NVIDIA GeForce,GTX 900,GeForce GTX 960,MSI,GeForce GTX 960 GAMING 4G LE,,Y,1388,170,57,1,1,1.0,,White,4,732,1216,1525,1700,1306,1753,2000,2200,267,120,SLI,2.0,95,20,8-pin + 6-pin,,12.5,12.5,2123,4197,1.9769194536033914,2598.0,5144.0,0.007122,0.003506,-0.92227,0.006958,0.002396,-0.52671,0.014258,0.006904,-1.87814,0.012099,0.007006,-3.10231,,,,,,,,,102,Prefabs/GPU/MSI/MSI_GTX_960G4GLE,MSI GeForce GTX 960 GAMING 4G LE,MSI GeForce GTX 960 GAMING 4G LE
GPU,NVIDIA GeForce,GTX 900,GeForce GTX 960,MSI,GeForce GTX 960 GAMING LE 100ME,,Y,1388,170,57,1,1,1.0,,White,2,732,1216,1525,1700,1306,1753,2000,2200,267,120,SLI,2.0,95,20,8-pin + 6-pin,,12.5,12.5,2123,4197,1.9769194536033914,2598.0,5144.0,0.007122,0.003506,-0.92227,0.006958,0.002396,-0.52671,0.014258,0.006904,-1.87814,0.012099,0.007006,-3.10231,,,,,,,,,102,Prefabs/GPU/MSI/MSI_GTX_960GLE100ME,MSI GeForce GTX 960 GAMING LE 100ME,MSI GeForce GTX 960 GAMING LE 100ME
GPU,NVIDIA GeForce,GTX 900,GeForce GTX 970,MSI,GeForce GTX 970 GAMING 100ME,,Y,2215,280,93,3,70,1.0,,Green,4,806,1253,1525,1700,1306,1753,2000,2200,277,148,SLI,2.0,95,20,8-pin + 6-pin,,12.1,12.0,3377,6546,1.9384068700029613,4123.0,7957.0,0.015306,0.002396,-1.22474,0.014656,0.00146,-1.67781,0.033008,0.0,1.78075,0.030307,0.0,-0.83255,,,,,,,,,102,Prefabs/GPU/MSI/MSI_GTX_970G100ME,MSI GeForce GTX 970 GAMING 100ME,MSI GeForce GTX 970 GAMING 100ME
GPU,NVIDIA GeForce,GTX 900,GeForce GTX 970,MSI,GeForce GTX 970 GAMING 4G,,Y,2100,265,88,3,35,1.0,,White,4,656,1178,1525,1700,1306,1753,2000,2200,277,148,SLI,2.0,95,20,8-pin + 6-pin,,12.0,12.0,3193,6157,1.928280613842781,4123.0,7957.0,0.015306,0.002396,-1.22474,0.014656,0.00146,-1.67781,0.033008,0.0,1.78075,0.030307,0.0,-0.83255,,,,,,,,,102,Prefabs/GPU/MSI/MSI_GTX_970G4G,MSI GeForce GTX 970 GAMING 4G,MSI GeForce GTX 970 GAMING 4G
GPU,NVIDIA GeForce,GTX 900,GeForce GTX 970,MSI,GeForce GTX 970 GAMING 4G Golden Edition,,Y,2255,285,95,3,85,1.0,,White,4,858,1279,1525,1700,1306,1753,2000,2200,277,148,SLI,2.0,95,20,8-pin + 6-pin,,12.1,12.0,3441,6681,1.9415867480383608,4123.0,7957.0,0.015306,0.002396,-1.22474,0.014656,0.00146,-1.67781,0.033008,0.0,1.78075,0.030307,0.0,-0.83255,,,,,,,,,102,Prefabs/GPU/MSI/MSI_GTX_970G4G_GoldEdition,MSI GeForce GTX 970 GAMING 4G Golden Edition,MSI GeForce GTX 970 GAMING 4G Golden Edition
GPU,NVIDIA GeForce,GTX 900,GeForce GTX 970,MSI,GeForce GTX 970 GAMING LE 100ME,,Y,2158,275,92,3,1,1.0,,White,4,732,1216,1525,1700,1306,1753,2000,2200,277,148,SLI,2.0,95,20,8-pin + 6-pin,,11.9,12.0,3286,6354,1.9336579427875837,4123.0,7957.0,0.015306,0.002396,-1.22474,0.014656,0.00146,-1.67781,0.033008,0.0,1.78075,0.030307,0.0,-0.83255,,,,,,,,,102,Prefabs/GPU/MSI/MSI_GTX_970GLE100ME,MSI GeForce GTX 970 GAMING LE 100ME,MSI GeForce GTX 970 GAMING LE 100ME
GPU,NVIDIA GeForce,GTX 900,GeForce GTX 970,Shean,GeForce GTX 970 GAMER,,Y,2100,265,88,1,1,1.0,,,4,656,1178,1525,1700,1306,1753,2000,2200,147,148,SLI,1.5,95,20,,,12.0,12.0,3193,6157,1.928280613842781,4123.0,7957.0,0.015306,0.002396,-1.22474,0.014656,0.00146,-1.67781,0.033008,0.0,1.78075,0.030307,0.0,-0.83255,,,,,,,,,102,Prefabs/Generic/GPU,Shean GeForce GTX 970 GAMER,Shean GeForce GTX 970 GAMER
GPU,NVIDIA GeForce,GTX 900,GeForce GTX 970,Shean,GeForce GTX 970 GAMER XL,,Y,2197,280,93,1,1,1.0,,,4,782,1241,1525,1700,1306,1753,2000,2200,147,148,SLI,1.5,95,20,,,12.0,12.0,3348,6484,1.936678614097969,4123.0,7957.0,0.015306,0.002396,-1.22474,0.014656,0.00146,-1.67781,0.033008,0.0,1.78075,0.030307,0.0,-0.83255,,,,,,,,,102,Prefabs/Generic/GPU,Shean GeForce GTX 970 GAMER XL,Shean GeForce GTX 970 GAMER XL
GPU,NVIDIA GeForce,GTX 900,GeForce GTX 980,MSI,GeForce GTX 980 GAMING 4G LE,,Y,2654,350,117,3,1,1.0,,White,4,806,1253,1525,1700,1306,1753,2000,2200,279,165,SLI,2.0,95,20,8-pin + 6-pin,,11.6,11.5,4051,7915,1.9538385583806468,4903.0,9633.0,0.019121,0.000676,1.405064,0.018016,0.000474,-0.30466,0.034122,0.007068,-2.88329,0.0327,0.004327,-3.71863,,,,,,,,,102,Prefabs/GPU/MSI/MSI_GTX_980G4GLE,MSI GeForce GTX 980 GAMING 4G LE,MSI GeForce GTX 980 GAMING 4G LE
GPU,NVIDIA GeForce,GTX 900,GeForce GTX 980,Shean,GeForce GTX 980 GAMER,,Y,2584,340,113,3,50,1.0,,,4,732,1216,1525,1700,1306,1753,2000,2200,147,165,SLI,1.5,95,20,,,11.6,11.5,3938,7712,1.958354494667344,4903.0,9633.0,0.019121,0.000676,1.405064,0.018016,0.000474,-0.30466,0.034122,0.007068,-2.88329,0.0327,0.004327,-3.71863,,,,,,,,,102,Prefabs/Generic/GPU,Shean GeForce GTX 980 GAMER,Shean GeForce GTX 980 GAMER
GPU,NVIDIA GeForce,GTX 900,GeForce GTX 980,Shean,GeForce GTX 980 GAMER XL,,Y,2704,375,125,3,66,1.0,,,4,858,1279,1525,1700,1306,1753,2000,2200,147,165,SLI,1.5,95,20,,,11.0,11.0,4130,8058,1.951089588377724,4903.0,9633.0,0.019121,0.000676,1.405064,0.018016,0.000474,-0.30466,0.034122,0.007068,-2.88329,0.0327,0.004327,-3.71863,,,,,,,,,102,Prefabs/Generic/GPU,Shean GeForce GTX 980 GAMER XL,Shean GeForce GTX 980 GAMER XL
GPU,NVIDIA GeForce,GTX 900,GeForce GTX 980 Ti,MSI,GeForce GTX 980 Ti GAMING 6G,,Y,3537,490,163,4,60,1.0,,White,6,958,1279,1450,1600,1348,1774,2000,2200,277,250,SLI,2.0,95,20,8-pin + 6-pin,,11.0,11.0,5408,10617,1.9632026627218935,6207.0,12268.0,0.0241,0.004619,-3.64611,0.02254,0.003327,-3.83912,0.042497,0.014065,-9.40513,0.038446,0.013844,-13.4455,,,,,,,,,102,Prefabs/GPU/MSI/MSI_GTX_980TiG6G,MSI GeForce GTX 980 Ti GAMING 6G,MSI GeForce GTX 980 Ti GAMING 6G
GPU,NVIDIA GeForce,GTX 900,GeForce GTX 980 Ti,MSI,GeForce GTX 980 Ti GAMING 6G GOLDEN EDITION,,Y,3566,495,165,4,30,1.0,,White,6,982,1291,1450,1600,1348,1774,2000,2200,277,250,SLI,2.0,95,20,8-pin + 6-pin,,11.0,11.0,5454,10696,1.9611294462779612,6207.0,12268.0,0.0241,0.004619,-3.64611,0.02254,0.003327,-3.83912,0.042497,0.014065,-9.40513,0.038446,0.013844,-13.4455,,,,,,,,,102,Prefabs/GPU/MSI/MSI_GTX_980TiG6G_GoldEdition,MSI GeForce GTX 980 Ti GAMING 6G GOLDEN EDITION,MSI GeForce GTX 980 Ti GAMING 6G GOLDEN EDITION
GPU,NVIDIA GeForce,GTX 900,GeForce GTX 980 Ti,MSI,GeForce GTX 980 Ti GAMING 6G LE,,Y,3129,435,145,4,1,1.0,,White,6,528,1114,1450,1700,1306,1753,2000,2200,277,250,SLI,2.0,95,20,8-pin + 6-pin,,11.0,11.0,4764,9475,1.9888748950461796,6207.0,12268.0,0.0241,0.004619,-3.64611,0.02254,0.003327,-3.83912,0.042497,0.014065,-9.40513,0.038446,0.013844,-13.4455,,,,,,,,,102,Prefabs/GPU/MSI/MSI_GTX_980TiG6GLE,MSI GeForce GTX 980 Ti GAMING 6G LE,MSI GeForce GTX 980 Ti GAMING 6G LE
GPU,NVIDIA GeForce,GTX 1000,GeForce GT 1030,EVGA,GeForce GT 1030 SC,,Y,661,75,25,5,1,1.0,,,2,1288,1544,1680,1800,1004,1502,1800,2000,169,30,,1.5,95,20,,,13.3,13.0,1000,0,,1124.0,0.0,0.002248,0.001908,0.273974,0.002101,0.001258,0.528569,0.0,0.0,0.0,0.0,0.0,0.0,,,,,,,,,103,Prefabs/GPU/EVGA/EVGA_GTX_1030_SC,EVGA GeForce GT 1030 SC,EVGA GeForce GT 1030 SC
GPU,NVIDIA GeForce,GTX 1000,GeForce GT 1030,GIGABYTE,GeForce GT 1030 OC 2G,,Y,661,75,25,5,50,1.0,,,2,1288,1544,1680,1800,1004,1502,1800,2000,168,30,,1.0,95,20,,,13.3,13.0,1000,0,,1124.0,0.0,0.002248,0.001908,0.273974,0.002101,0.001258,0.528569,0.0,0.0,0.0,0.0,0.0,0.0,,,,,,,,,103,Prefabs/GPU/GigaByte/GigaByte_GTX1030,GIGABYTE GeForce GT 1030 OC 2G,GIGABYTE GeForce GT 1030 OC 2G
GPU,NVIDIA GeForce,GTX 1000,GeForce GTX 1050,GIGABYTE,GeForce GTX 1050 Windforce OC 2G,,Y,1019,120,40,1,1,1.0,,,2,962,1531,1850,2100,1404,1752,1950,2100,229,75,,2.0,95,20,6-pin,,13.0,13.0,1556,0,,1944.0,0.0,0.007992,0.00044,-2.8124,0.006501,0.000376,-1.73724,0.0,0.0,0.0,0.0,0.0,0.0,,,,,,,,,103,Prefabs/GPU/GigaByte/GigaByte_Windforce_GTX1050,GIGABYTE GeForce GTX 1050 Windforce OC 2G,GIGABYTE GeForce GTX 1050 Windforce OC 2G
GPU,NVIDIA GeForce,GTX 1000,GeForce GTX 1050,MSI,GeForce GTX 1050 GAMING 2G,,Y,969,120,40,1,1,1.0,,RGB,2,836,1468,1850,2100,1404,1752,1950,2100,229,75,,2.0,95,20,6-pin,,12.3,12.5,1481,0,,1944.0,0.0,0.007992,0.00044,-2.8124,0.006501,0.000376,-1.73724,0.0,0.0,0.0,0.0,0.0,0.0,,,,,,,,,103,Prefabs/GPU/MSI/GTX1050,MSI GeForce GTX 1050 GAMING 2G,MSI GeForce GTX 1050 GAMING 2G
GPU,NVIDIA GeForce,GTX 1000,GeForce GTX 1050,MSI,GeForce GTX 1050 GAMING X 2G,,Y,1019,125,42,1,1,1.0,,RGB,2,962,1531,1850,2100,1404,1752,1950,2100,229,75,,2.0,95,20,6-pin,,12.4,12.5,1556,0,,1944.0,0.0,0.007992,0.00044,-2.8124,0.006501,0.000376,-1.73724,0.0,0.0,0.0,0.0,0.0,0.0,,,,,,,,,103,Prefabs/GPU/MSI/GTX1050,MSI GeForce GTX 1050 GAMING X 2G,MSI GeForce GTX 1050 GAMING X 2G
GPU,NVIDIA GeForce,GTX 1000,GeForce GTX 1050 Ti,EVGA,GeForce GTX 1050 Ti FTW GAMING,,Y,1384,165,55,1,1,1.0,,,4,886,1493,1850,2100,1304,1752,2000,2200,257,75,,2.0,95,20,6-pin,,12.6,12.5,2073,0,,2486.0,0.0,0.00654,0.001127,2.110894,0.006342,0.000657,1.008063,0.0,0.0,0.0,0.0,0.0,0.0,,,,,,,,,103,Prefabs/GPU/EVGA/EVGA_GeForceGTX1050_Ti_FTW_GAMING,EVGA GeForce GTX 1050 Ti FTW GAMING,EVGA GeForce GTX 1050 Ti FTW GAMING
GPU,NVIDIA GeForce,GTX 1000,GeForce GTX 1050 Ti,EVGA,GeForce GTX 1050 Ti GAMING,,Y,1318,155,52,1,1,1.0,,,4,684,1392,1850,2100,1304,1752,2000,2200,145,75,,2.0,95,20,,,12.7,12.5,1966,0,,2486.0,0.0,0.00654,0.001127,2.110894,0.006342,0.000657,1.008063,0.0,0.0,0.0,0.0,0.0,0.0,,,,,,,,,103,Prefabs/GPU/EVGA/EVGA_GTX_1050Ti_Gaming,EVGA GeForce GTX 1050 Ti GAMING,EVGA GeForce GTX 1050 Ti GAMING
GPU,NVIDIA GeForce,GTX 1000,GeForce GTX 1050 Ti,GIGABYTE,GeForce GTX 1050 Ti Windforce OC 4G,,Y,1368,165,55,1,1,1.0,,,4,836,1468,1850,2100,1304,1752,2000,2200,229,75,,2.0,95,20,6-pin,,12.4,12.5,2046,0,,2486.0,0.0,0.00654,0.001127,2.110894,0.006342,0.000657,1.008063,0.0,0.0,0.0,0.0,0.0,0.0,,,,,,,,,103,Prefabs/GPU/GigaByte/GigaByte_Windforce_GTX1050Ti,GIGABYTE GeForce GTX 1050 Ti Windforce OC 4G,GIGABYTE GeForce GTX 1050 Ti Windforce OC 4G
GPU,NVIDIA GeForce,GTX 1000,GeForce GTX 1050 Ti,MSI,GeForce GTX 1050 Ti GAMING 4G,,Y,1335,160,53,1,1,1.0,,RGB,4,734,1417,1850,2100,1304,1752,2000,2200,229,75,,2.0,95,20,6-pin,,12.5,12.5,1992,0,,2486.0,0.0,0.00654,0.001127,2.110894,0.006342,0.000657,1.008063,0.0,0.0,0.0,0.0,0.0,0.0,,,,,,,,,103,Prefabs/GPU/MSI/GTX1050,MSI GeForce GTX 1050 Ti GAMING 4G,MSI GeForce GTX 1050 Ti GAMING 4G
GPU,NVIDIA GeForce,GTX 1000,GeForce GTX 1050 Ti,MSI,GeForce GTX 1050 Ti GAMING X 4G,,Y,1368,165,55,1,1,1.0,,RGB,4,836,1468,1850,2100,1304,1752,2000,2200,229,75,,2.0,95,20,6-pin,,12.4,12.5,2046,0,,2486.0,0.0,0.00654,0.001127,2.110894,0.006342,0.000657,1.008063,0.0,0.0,0.0,0.0,0.0,0.0,,,,,,,,,103,Prefabs/GPU/MSI/GTX1050,MSI GeForce GTX 1050 Ti GAMING X 4G,MSI GeForce GTX 1050 Ti GAMING X 4G
GPU,NVIDIA GeForce,GTX 1000,GeForce GTX 1050 Ti,ZOTAC,GeForce GTX 1050 Ti OC Edition,,Y,1393,165,55,1,40,1.0,,,4,912,1506,1850,2100,1304,1752,2000,2200,174,75,,1.5,95,20,,,12.6,12.5,2087,0,,2486.0,0.0,0.00654,0.001127,2.110894,0.006342,0.000657,1.008063,0.0,0.0,0.0,0.0,0.0,0.0,,,,,,,,,103,Prefabs/GPU/ZOTAC/ZOTAC_GeForce_1050Ti_OC_Mini,ZOTAC GeForce GTX 1050 Ti OC Edition,ZOTAC GeForce GTX 1050 Ti OC Edition
GPU,NVIDIA GeForce,GTX 1000,GeForce GTX 1060,ASUS,ROG Strix GeForce GTX 1060 OC Edition,,Y,2625,350,117,6,90,1.0,,RGB,6,1394,1847,2130,2300,1604,2052,2300,2500,298,120,,2.5,95,20,8-pin,,11.5,11.5,4018,0,,4701.0,0.0,0.012399,0.0033,-3.41774,0.011958,0.002489,-4.21902,0.0,0.0,0.0,0.0,0.0,0.0,,,,,,,,,103,Prefabs/GPU/ASUS/ASUS_Strix_1060_OC,ASUS ROG Strix GeForce GTX 1060 OC Edition,ASUS ROG Strix GeForce GTX 1060 OC Edition
GPU,NVIDIA GeForce,GTX 1000,GeForce GTX 1060,EVGA,GeForce GTX 1060 FTW2 GAMING,,Y,2625,350,117,9,20,1.0,,,6,1420,1860,2130,2300,1504,2002,2300,2500,267,120,,2.0,95,20,8-pin,,11.5,11.5,4021,0,,4701.0,0.0,0.012399,0.0033,-3.41774,0.011958,0.002489,-4.21902,0.0,0.0,0.0,0.0,0.0,0.0,,,,,,,,,103,Prefabs/GPU/EVGA/EVGA_GTX_1060_FTW2_Gaming,EVGA GeForce GTX 1060 FTW2 GAMING,EVGA GeForce GTX 1060 FTW2 GAMING
GPU,NVIDIA GeForce,GTX 1000,GeForce GTX 1060,EVGA,GeForce GTX 1060 GAMING 3GB,,Y,2314,295,98,6,60,1.0,,,3,1016,1708,2130,2400,1504,2002,2300,2500,173,120,,2.0,95,20,6-pin,,12.0,12.0,3531,0,,4342.0,0.0,0.010056,0.003354,-0.7444,0.009068,0.002859,-1.08445,0.0,0.0,0.0,0.0,0.0,0.0,,,,,,,,,103,Prefabs/GPU/EVGA/EVGA_GTX_1060_Gaming_3GB,EVGA GeForce GTX 1060 GAMING 3GB,EVGA GeForce GTX 1060 GAMING 3GB
GPU,NVIDIA GeForce,GTX 1000,GeForce GTX 1060,GIGABYTE,AORUS GeForce GTX 1060 6G,,Y,2625,350,117,9,30,1.0,,RGB,6,1420,1860,2130,2300,1504,2002,2300,2500,280,120,,2.0,95,20,8-pin,,11.5,11.5,4021,0,,4701.0,0.0,0.012399,0.0033,-3.41774,0.011958,0.002489,-4.21902,0.0,0.0,0.0,0.0,0.0,0.0,,,,,,,,,103,Prefabs/GPU/GigaByte/GigaByte_AORUS_GTX1060,GIGABYTE AORUS GeForce GTX 1060 6G,GIGABYTE AORUS GeForce GTX 1060 6G
GPU,NVIDIA GeForce,GTX 1000,GeForce GTX 1060,GIGABYTE,AORUS GeForce GTX 1060 Xtreme Edition 6G,,Y,2666,355,118,9,1,1.0,,RGB,6,1446,1873,2130,2300,1658,2079,2300,2500,281,120,,2.5,95,20,8-pin,,11.5,11.5,4083,0,,4701.0,0.0,0.012399,0.0033,-3.41774,0.011958,0.002489,-4.21902,0.0,0.0,0.0,0.0,0.0,0.0,,,,,,,,,103,Prefabs/GPU/Gigabyte/AORUS_GeForce_GTX_1060_Xtreme_Edition_6GB,GIGABYTE AORUS GeForce GTX 1060 Xtreme Edition 6G,GIGABYTE AORUS GeForce GTX 1060 Xtreme Edition 6G
GPU,NVIDIA GeForce,GTX 1000,GeForce GTX 1060,MSI,GeForce GTX 1060 GAMING 3G,,Y,2339,300,100,6,80,1.0,,RGB,3,1066,1733,2130,2400,1504,2002,2300,2500,277,120,,2.0,95,20,8-pin,,11.9,12.0,3570,0,,4342.0,0.0,0.010056,0.003354,-0.7444,0.009068,0.002859,-1.08445,0.0,0.0,0.0,0.0,0.0,0.0,,,,,,,,,103,Prefabs/GPU/MSI/GTX1060,MSI GeForce GTX 1060 GAMING 3G,MSI GeForce GTX 1060 GAMING 3G
GPU,NVIDIA GeForce,GTX 1000,GeForce GTX 1060,MSI,GeForce GTX 1060 GAMING 6G,,Y,2467,330,110,9,80,1.0,,RGB,6,1066,1733,2130,2400,1504,2002,2300,2500,277,120,,2.0,95,20,8-pin,,11.4,11.5,3767,0,,4701.0,0.0,0.012399,0.0033,-3.41774,0.011958,0.002489,-4.21902,0.0,0.0,0.0,0.0,0.0,0.0,,,,,,,,,103,Prefabs/GPU/MSI/GTX1060,MSI GeForce GTX 1060 GAMING 6G,MSI GeForce GTX 1060 GAMING 6G
GPU,NVIDIA GeForce,GTX 1000,GeForce GTX 1060,MSI,GeForce GTX 1060 GAMING VR 3G,,Y,2352,300,100,6,20,1.0,,RGB,3,1092,1746,2130,2400,1504,2002,2300,2500,277,120,,2.0,95,20,8-pin,,12.0,12.0,3590,0,,4342.0,0.0,0.010056,0.003354,-0.7444,0.009068,0.002859,-1.08445,0.0,0.0,0.0,0.0,0.0,0.0,,,,,,,,,103,Prefabs/GPU/MSI/GTX1060VR,MSI GeForce GTX 1060 GAMING VR 3G,MSI GeForce GTX 1060 GAMING VR 3G
GPU,NVIDIA GeForce,GTX 1000,GeForce GTX 1060,MSI,GeForce GTX 1060 GAMING VR 6G,,Y,2483,330,110,9,70,1.0,,RGB,6,1092,1746,2130,2400,1504,2002,2300,2500,277,120,,2.0,95,20,8-pin,,11.5,11.5,3793,0,,4701.0,0.0,0.012399,0.0033,-3.41774,0.011958,0.002489,-4.21902,0.0,0.0,0.0,0.0,0.0,0.0,,,,,,,,,103,Prefabs/GPU/MSI/GTX1060VR,MSI GeForce GTX 1060 GAMING VR 6G,MSI GeForce GTX 1060 GAMING VR 6G
GPU,NVIDIA GeForce,GTX 1000,GeForce GTX 1060,MSI,GeForce GTX 1060 GAMING VR X 3G,,Y,2424,310,103,6,1,1.0,,RGB,3,1318,1809,2130,2300,1554,2027,2300,2500,277,120,,2.0,95,20,8-pin,,11.9,12.0,3701,0,,4342.0,0.0,0.010056,0.003354,-0.7444,0.009068,0.002859,-1.08445,0.0,0.0,0.0,0.0,0.0,0.0,,,,,,,,,103,Prefabs/GPU/MSI/GTX1060VR,MSI GeForce GTX 1060 GAMING VR X 3G,MSI GeForce GTX 1060 GAMING VR X 3G
GPU,NVIDIA GeForce,GTX 1000,GeForce GTX 1060,MSI,GeForce GTX 1060 GAMING VR X 6G,,Y,2570,340,113,9,50,1.0,,RGB,6,1318,1809,2130,2300,1554,2027,2300,2500,277,120,,2.0,95,20,8-pin,,11.6,11.5,3931,0,,4701.0,0.0,0.012399,0.0033,-3.41774,0.011958,0.002489,-4.21902,0.0,0.0,0.0,0.0,0.0,0.0,,,,,,,,,103,Prefabs/GPU/MSI/GTX1060VR,MSI GeForce GTX 1060 GAMING VR X 6G,MSI GeForce GTX 1060 GAMING VR X 6G
GPU,NVIDIA GeForce,GTX 1000,GeForce GTX 1060,MSI,GeForce GTX 1060 GAMING X 3G,,Y,2391,305,102,6,40,1.0,,RGB,3,1168,1784,2130,2400,1504,2002,2300,2500,277,120,,2.0,95,20,8-pin,,12.0,12.0,3650,0,,4342.0,0.0,0.010056,0.003354,-0.7444,0.009068,0.002859,-1.08445,0.0,0.0,0.0,0.0,0.0,0.0,,,,,,,,,103,Prefabs/GPU/MSI/GTX1060,MSI GeForce GTX 1060 GAMING X 3G,MSI GeForce GTX 1060 GAMING X 3G
GPU,NVIDIA GeForce,GTX 1000,GeForce GTX 1060,MSI,GeForce GTX 1060 GAMING X 6G,,Y,2570,340,113,9,40,1.0,,RGB,6,1318,1809,2130,2300,1554,2027,2300,2500,277,120,,2.0,95,20,8-pin,,11.6,11.5,3931,0,,4701.0,0.0,0.012399,0.0033,-3.41774,0.011958,0.002489,-4.21902,0.0,0.0,0.0,0.0,0.0,0.0,,,,,,,,,103,Prefabs/GPU/MSI/GTX1060,MSI GeForce GTX 1060 GAMING X 6G,MSI GeForce GTX 1060 GAMING X 6G
GPU,NVIDIA GeForce,GTX 1000,GeForce GTX 1060,MSI,GeForce GTX 1060 GAMING X+ 6G,,Y,2653,350,117,6,10,1.0,,RGB,6,1318,1809,2130,2300,2162,2281,2300,2400,277,120,,2.0,95,20,8-pin,,11.6,11.5,4049,0,,4701.0,0.0,0.012399,0.0033,-3.41774,0.011958,0.002489,-4.21902,0.0,0.0,0.0,0.0,0.0,0.0,,,,,,,,,103,Prefabs/GPU/MSI/GTX1060,MSI GeForce GTX 1060 GAMING X+ 6G,MSI GeForce GTX 1060 GAMING X+ 6G
GPU,NVIDIA GeForce,GTX 1000,GeForce GTX 1060,MSI,GeForce GTX 1060 GAMING+ 6G,,Y,2567,340,113,9,60,1.0,,RGB,6,1092,1746,2130,2400,2112,2256,2300,2400,277,120,,2.0,95,20,8-pin,,11.5,11.5,3912,0,,4701.0,0.0,0.012399,0.0033,-3.41774,0.011958,0.002489,-4.21902,0.0,0.0,0.0,0.0,0.0,0.0,,,,,,,,,103,Prefabs/GPU/MSI/GTX1060,MSI GeForce GTX 1060 GAMING+ 6G,MSI GeForce GTX 1060 GAMING+ 6G
GPU,NVIDIA GeForce,GTX 1000,GeForce GTX 1060,NVIDIA,GeForce GTX 1060 Founders Edition,,Y,2437,340,113,6,1,1.0,,Green,6,1018,1709,2130,2400,1504,2002,2300,2500,250,120,,2.0,95,20,6-pin,,10.9,11.5,3719,0,,4701.0,0.0,0.012399,0.0033,-3.41774,0.011958,0.002489,-4.21902,0.0,0.0,0.0,0.0,0.0,0.0,,,,,,,,,103,Prefabs/GPU/NVidia/GPU_Nvidia_GeForceGTX_1060,NVIDIA GeForce GTX 1060 Founders Edition,NVIDIA GeForce GTX 1060 Founders Edition
GPU,NVIDIA GeForce,GTX 1000,GeForce GTX 1060,ZOTAC,GeForce GTX 1060 AMP! Edition,,Y,2514,330,110,6,60,1.0,,,6,1142,1771,2130,2400,1504,2002,2300,2500,210,120,,2.0,95,20,6-pin,,11.6,11.5,3843,0,,4701.0,0.0,0.012399,0.0033,-3.41774,0.011958,0.002489,-4.21902,0.0,0.0,0.0,0.0,0.0,0.0,,,,,,,,,103,Prefabs/GPU/ZOTAC/ZOTAC_GeForce_1060_AmpExtreme,ZOTAC GeForce GTX 1060 AMP! Edition,ZOTAC GeForce GTX 1060 AMP! Edition
GPU,NVIDIA GeForce,GTX 1000,GeForce GTX 1060,ZOTAC,GeForce GTX 1060 Mini,,Y,2437,320,107,6,1,1.0,,,6,1018,1709,2130,2400,1504,2002,2300,2500,174,120,,2.0,95,20,6-pin,,11.6,11.5,3719,0,,4701.0,0.0,0.012399,0.0033,-3.41774,0.011958,0.002489,-4.21902,0.0,0.0,0.0,0.0,0.0,0.0,,,,,,,,,103,Prefabs/GPU/ZOTAC/ZOTAC_GeForce_GTX_1060_mini,ZOTAC GeForce GTX 1060 Mini,ZOTAC GeForce GTX 1060 Mini
GPU,NVIDIA GeForce,GTX 1000,GeForce GTX 1070,ASUS,ROG Strix GeForce GTX 1070 OC Edition,,Y,3742,550,183,11,25,1.0,,RGB,8,1470,1835,2050,2200,1704,2002,2200,2300,298,150,SLI,2.5,95,20,8-pin,GTX,10.5,10.5,5749,11261,1.9587754392068186,6468.0,12802.0,0.01523,0.006421,-3.37279,0.01535,0.004705,-4.61795,0.03006,0.015907,-13.1503,0.031696,0.011842,-17.7116,,,,,,,,,103,Prefabs/GPU/ASUS/ASUS_Strix_1070_OC,ASUS ROG Strix GeForce GTX 1070 OC Edition,ASUS ROG Strix GeForce GTX 1070 OC Edition
GPU,NVIDIA GeForce,GTX 1000,GeForce GTX 1070,EVGA,GeForce GTX 1070 FTW2 GAMING,,Y,3685,530,177,11,35,1.0,,,8,1394,1797,2050,2200,1704,2002,2200,2300,267,150,SLI,2.0,95,20,8-pin + 8-pin,GTX,10.7,10.5,5653,11067,1.9577215637714487,6468.0,12802.0,0.01523,0.006421,-3.37279,0.01535,0.004705,-4.61795,0.03006,0.015907,-13.1503,0.031696,0.011842,-17.7116,,,,,,,,,103,Prefabs/GPU/EVGA/EVGA_GeforceGTX1070,EVGA GeForce GTX 1070 FTW2 GAMING,EVGA GeForce GTX 1070 FTW2 GAMING
GPU,NVIDIA GeForce,GTX 1000,GeForce GTX 1070,EVGA,GeForce GTX 1070 GAMING,,Y,3511,510,170,11,60,1.0,,White,8,1066,1683,2050,2300,1704,2002,2200,2300,267,150,SLI,2.0,95,20,8-pin,GTX,10.5,10.5,5366,10484,1.9537830786433097,6468.0,12802.0,0.01523,0.006421,-3.37279,0.01535,0.004705,-4.61795,0.03006,0.015907,-13.1503,0.031696,0.011842,-17.7116,,,,,,,,,103,Prefabs/GPU/EVGA/EVGA_GTX_1070_Gaming,EVGA GeForce GTX 1070 GAMING,EVGA GeForce GTX 1070 GAMING
GPU,NVIDIA GeForce,GTX 1000,GeForce GTX 1070,GIGABYTE,AORUS GeForce GTX 1070 8G,,Y,3742,550,183,11,40,1.0,,RGB,8,1470,1835,2050,2200,1704,2002,2200,2300,287,150,SLI,2.5,95,20,8-pin + 6-pin,GTX,10.5,10.5,5749,11261,1.9587754392068186,6468.0,12802.0,0.01523,0.006421,-3.37279,0.01535,0.004705,-4.61795,0.03006,0.015907,-13.1503,0.031696,0.011842,-17.7116,,,,,,,,,103,Prefabs/GPU/GigaByte/GigaByte_AORUS_GTX1070,GIGABYTE AORUS GeForce GTX 1070 8G,GIGABYTE AORUS GeForce GTX 1070 8G
GPU,NVIDIA GeForce,GTX 1000,GeForce GTX 1070,MSI,GeForce GTX 1070 GAMING 8G,,Y,3569,520,173,11,80,1.0,,RGB,8,1142,1721,2050,2300,1704,2002,2200,2300,279,150,SLI,2.0,95,20,8-pin + 6-pin,GTX,10.5,10.5,5462,10678,1.9549615525448554,6468.0,12802.0,0.01523,0.006421,-3.37279,0.01535,0.004705,-4.61795,0.03006,0.015907,-13.1503,0.031696,0.011842,-17.7116,,,,,,,,,103,Prefabs/GPU/MSI/GTX1080,MSI GeForce GTX 1070 GAMING 8G,MSI GeForce GTX 1070 GAMING 8G
GPU,NVIDIA GeForce,GTX 1000,GeForce GTX 1070,MSI,GeForce GTX 1070 GAMING X 8G,,Y,3701,540,180,11,1,1.0,,RGB,8,1394,1797,2050,2200,1754,2027,2200,2300,279,150,SLI,2.0,95,20,8-pin + 6-pin,GTX,10.5,10.5,5676,11123,1.9596546863988724,6468.0,12802.0,0.01523,0.006421,-3.37279,0.01535,0.004705,-4.61795,0.03006,0.015907,-13.1503,0.031696,0.011842,-17.7116,,,,,,,,,103,Prefabs/GPU/MSI/GTX1080,MSI GeForce GTX 1070 GAMING X 8G,MSI GeForce GTX 1070 GAMING X 8G
GPU,NVIDIA GeForce,GTX 1000,GeForce GTX 1070,MSI,GeForce GTX 1070 GAMING Z 8G,,Y,3797,555,185,11,20,1.0,,RGB,8,1520,1860,2050,2200,1754,2027,2200,2300,279,150,SLI,2.0,95,20,8-pin + 6-pin,GTX,10.5,10.5,5834,11444,1.9616043880699348,6468.0,12802.0,0.01523,0.006421,-3.37279,0.01535,0.004705,-4.61795,0.03006,0.015907,-13.1503,0.031696,0.011842,-17.7116,,,,,,,,,103,Prefabs/GPU/MSI/GTX1080,MSI GeForce GTX 1070 GAMING Z 8G,MSI GeForce GTX 1070 GAMING Z 8G
GPU,NVIDIA GeForce,GTX 1000,GeForce GTX 1070,NVIDIA,GeForce GTX 1070 Founders Edition,,Y,3511,530,177,11,1,1.0,,Green,8,1066,1683,2050,2300,1704,2002,2200,2300,267,150,SLI,2.0,95,20,8-pin,GTX,10.1,10.5,5366,10484,1.9537830786433097,6468.0,12802.0,0.01523,0.006421,-3.37279,0.01535,0.004705,-4.61795,0.03006,0.015907,-13.1503,0.031696,0.011842,-17.7116,,,,,,,,,103,Prefabs/GPU/NVidia/GPU_Nvidia_GeForceGTX_1070,NVIDIA GeForce GTX 1070 Founders Edition,NVIDIA GeForce GTX 1070 Founders Edition
GPU,NVIDIA GeForce,GTX 1000,GeForce GTX 1070,ZOTAC,GeForce GTX 1070 AMP Extreme,,Y,3775,550,183,11,80,1.0,,RGB,8,1470,1835,2050,2200,1804,2052,2200,2300,325,150,SLI,2.5,95,20,8-pin + 8-pin,GTX,10.5,10.5,5794,11373,1.962892647566448,6468.0,12802.0,0.01523,0.006421,-3.37279,0.01535,0.004705,-4.61795,0.03006,0.015907,-13.1503,0.031696,0.011842,-17.7116,,,,,,,,,103,Prefabs/GPU/ZOTAC/ZOTAC_GeForce_1070_AmpExtreme,ZOTAC GeForce GTX 1070 AMP Extreme,ZOTAC GeForce GTX 1070 AMP Extreme
GPU,NVIDIA GeForce,GTX 1000,GeForce GTX 1070,ZOTAC,GeForce GTX 1070 Mini,,Y,3549,515,172,11,5,1.0,,White,8,1116,1708,2050,2300,1704,2002,2200,2300,210,150,SLI,2.0,95,20,8-pin,GTX,10.5,10.5,5429,10612,,6468.0,12802.0,0.01523,0.006421,-3.37279,0.01535,0.004705,-4.61795,0.03006,0.015907,-13.1503,0.031696,0.011842,-17.7116,,,,,,,,,103,Prefabs/GPU/ZOTAC/ZOTAC_Geforce_GTX_1070_mini,ZOTAC GeForce GTX 1070 Mini,ZOTAC GeForce GTX 1070 Mini
GPU - Water,NVIDIA GeForce,GTX 1000,GeForce GTX 1070,NVIDIA,GeForce GTX 1070 | EKWB EK-FC Acetal,,Y,3511,650,217,16,1,1.0,,,8,966,1683,2142,2400,1504,2002,2299,2500,258,150,SLI,2.0,95,20,8-pin,GTX,8.3,,5366,10484,1.9537830786433097,,,0.01523,0.006421,-3.37279,0.01535,0.004705,-4.61795,0.03006,0.015907,-13.1503,0.031696,0.011842,-17.7116,2050.0,2200.0,4.5,5.0,,,,,103,Prefabs/GPU/EKWB/EKWB_Watercooled_1070_GPU_Silver,NVIDIA GeForce GTX 1070 | EKWB EK-FC Acetal,NVIDIA GeForce GTX 1070 | EKWB EK-FC Acetal
GPU - Water,NVIDIA GeForce,GTX 1000,GeForce GTX 1070,NVIDIA,GeForce GTX 1070 | EKWB EK-FC Plexi,,Y,3511,650,217,16,1,1.0,,,8,966,1683,2142,2400,1504,2002,2299,2500,258,150,SLI,2.0,95,20,8-pin,GTX,8.3,,5366,10484,1.9537830786433097,,,0.01523,0.006421,-3.37279,0.01535,0.004705,-4.61795,0.03006,0.015907,-13.1503,0.031696,0.011842,-17.7116,2050.0,2200.0,4.5,5.0,,,,,103,Prefabs/GPU/EKWB/EKWB_Watercooled_1070_GPU_Clear,NVIDIA GeForce GTX 1070 | EKWB EK-FC Plexi,NVIDIA GeForce GTX 1070 | EKWB EK-FC Plexi
GPU - Water,NVIDIA GeForce,GTX 1000,GeForce GTX 1070,NVIDIA,GeForce GTX 1070 | EKWB EK-FC Plexi RGB,,Y,3511,700,233,23,1,1.0,,RGB,8,966,1683,2142,2400,1504,2002,2299,2500,258,150,SLI,2.0,95,20,8-pin,GTX,7.7,,5366,10484,1.9537830786433097,,,0.01523,0.006421,-3.37279,0.01535,0.004705,-4.61795,0.03006,0.015907,-13.1503,0.031696,0.011842,-17.7116,2050.0,2200.0,4.5,5.0,,,,,103,Prefabs/GPU/EKWB/EKWB_Watercooled_1070_GPU_RGB,NVIDIA GeForce GTX 1070 | EKWB EK-FC Plexi RGB,NVIDIA GeForce GTX 1070 | EKWB EK-FC Plexi RGB
GPU,NVIDIA GeForce,GTX 1000,GeForce GTX 1070 Ti,ASUS,ROG Strix GeForce GTX 1070 Ti Advanced Edition,,Y,4138,610,203,19,60,1.0,,RGB,8,1066,1683,2050,2300,1704,2002,2200,2300,298,180,SLI,2.5,95,20,8-pin,GTX,10.5,10.5,6380,12011,1.882601880877743,7395.0,14160.0,0.012341,0.009107,2.382808,0.012517,0.007293,1.036967,0.029835,0.008625,12.33832,0.036084,0.000323,6.288826,,,,,,,,,103,Prefabs/GPU/ASUS/ASUS_Strix_1070Ti_Adv_Ed,ASUS ROG Strix GeForce GTX 1070 Ti Advanced Edition,ASUS ROG Strix GeForce GTX 1070 Ti Advanced Edition
GPU,NVIDIA GeForce,GTX 1000,GeForce GTX 1070 Ti,MSI,GeForce GTX 1070 Ti GAMING 8G,,Y,4138,610,203,19,1,1.0,,RGB,8,1066,1683,2050,2300,1704,2002,2200,2300,279,180,SLI,2.0,95,20,8-pin + 6-pin,GTX,10.5,10.5,6380,12011,1.882601880877743,7395.0,14160.0,0.012341,0.009107,2.382808,0.012517,0.007293,1.036967,0.029835,0.008625,12.33832,0.036084,0.000323,6.288826,,,,,,,,,103,Prefabs/GPU/MSI/GTX1080,MSI GeForce GTX 1070 Ti GAMING 8G,MSI GeForce GTX 1070 Ti GAMING 8G
GPU,NVIDIA GeForce,GTX 1000,GeForce GTX 1070 Ti,MSI,GeForce GTX 1070 Ti Titanium 8G,,Y,4138,610,203,19,25,1.0,,RGB,8,1066,1683,2050,2300,1704,2002,2200,2300,279,180,SLI,2.0,95,20,8-pin + 6-pin,GTX,10.5,10.5,6380,12011,1.882601880877743,7395.0,14160.0,0.012341,0.009107,2.382808,0.012517,0.007293,1.036967,0.029835,0.008625,12.33832,0.036084,0.000323,6.288826,,,,,,,,,103,Prefabs/GPU/MSI/MSI_GTX1070Ti_TITANIUM_9G,MSI GeForce GTX 1070 Ti Titanium 8G,MSI GeForce GTX 1070 Ti Titanium 8G
GPU,NVIDIA GeForce,GTX 1000,GeForce GTX 1070 Ti,NVIDIA,GeForce GTX 1070 Ti Founders Edition,,Y,4138,640,213,19,1,1.0,,Green,8,1066,1683,2050,2300,1704,2002,2200,2300,267,180,SLI,2.0,95,20,8-pin,GTX,10.0,10.5,6380,12011,1.882601880877743,7395.0,14160.0,0.012341,0.009107,2.382808,0.012517,0.007293,1.036967,0.029835,0.008625,12.33832,0.036084,0.000323,6.288826,,,,,,,,,103,Prefabs/GPU/NVidia/GPU_Nvidia_GeForceGTX_1070Ti,NVIDIA GeForce GTX 1070 Ti Founders Edition,NVIDIA GeForce GTX 1070 Ti Founders Edition
GPU - Water,NVIDIA GeForce,GTX 1000,GeForce GTX 1070 Ti,NVIDIA,GeForce GTX 1070 Ti | EKWB EK-FC Acetal,,Y,4138,760,253,19,90,1.0,,,8,966,1683,2157,2400,1504,2002,2314,2500,258,180,SLI,2.0,95,20,8-pin,GTX,8.4,,6380,12011,1.882601880877743,,,0.012341,0.009107,2.382808,0.012517,0.007293,1.036967,0.029835,0.008625,12.33832,0.036084,0.000323,6.288826,2050.0,2200.0,5.2,5.0,,,,,103,Prefabs/GPU/EKWB/EKWB_Watercooled_1070ti_GPU_Silver,NVIDIA GeForce GTX 1070 Ti | EKWB EK-FC Acetal,NVIDIA GeForce GTX 1070 Ti | EKWB EK-FC Acetal
GPU - Water,NVIDIA GeForce,GTX 1000,GeForce GTX 1070 Ti,NVIDIA,GeForce GTX 1070 Ti | EKWB EK-FC Plexi,,Y,4138,760,253,19,90,1.0,,,8,966,1683,2157,2400,1504,2002,2314,2500,258,180,SLI,2.0,95,20,8-pin,GTX,8.4,,6380,12011,1.882601880877743,,,0.012341,0.009107,2.382808,0.012517,0.007293,1.036967,0.029835,0.008625,12.33832,0.036084,0.000323,6.288826,2050.0,2200.0,5.2,5.0,,,,,103,Prefabs/GPU/EKWB/EKWB_Watercooled_1070ti_GPU_Clear,NVIDIA GeForce GTX 1070 Ti | EKWB EK-FC Plexi,NVIDIA GeForce GTX 1070 Ti | EKWB EK-FC Plexi
GPU - Water,NVIDIA GeForce,GTX 1000,GeForce GTX 1070 Ti,NVIDIA,GeForce GTX 1070 Ti | EKWB EK-FC Plexi RGB,,Y,4138,810,270,23,60,1.0,,RGB,8,966,1683,2157,2400,1504,2002,2314,2500,258,180,SLI,2.0,95,20,8-pin,GTX,7.9,,6380,12011,1.882601880877743,,,0.012341,0.009107,2.382808,0.012517,0.007293,1.036967,0.029835,0.008625,12.33832,0.036084,0.000323,6.288826,2050.0,2200.0,5.2,5.0,,,,,103,Prefabs/GPU/EKWB/EKWB_Watercooled_1070ti_GPU_RGB,NVIDIA GeForce GTX 1070 Ti | EKWB EK-FC Plexi RGB,NVIDIA GeForce GTX 1070 Ti | EKWB EK-FC Plexi RGB
GPU,NVIDIA GeForce,GTX 1000,GeForce GTX 1080,ASUS,ROG Strix GeForce GTX 1080 OC Edition,,Y,4741,700,233,13,20,1.0,,RGB,8,1696,1898,2030,2100,-198,1251,2200,2700,298,180,SLI,2.5,95,20,8-pin + 6-pin,GTX,10.5,10.5,7337,14129,1.925718958702467,9525.0,16261.0,0.016172,0.012984,0.4788,0.016296,0.01078,-2.06271,0.047004,0.01229,-12.7896,0.047961,0.003139,-13.7882,,,,,,,,,103,Prefabs/GPU/ASUS/ASUS_1080_OC,ASUS ROG Strix GeForce GTX 1080 OC Edition,ASUS ROG Strix GeForce GTX 1080 OC Edition
GPU,NVIDIA GeForce,GTX 1000,GeForce GTX 1080,EVGA,GeForce GTX 1080 GAMING,,Y,4474,655,218,13,60,1.0,,White,8,1266,1733,2030,2200,-198,1251,2200,2700,267,180,SLI,2.0,95,20,8-pin,GTX,10.25,10.5,6896,12837,1.861513921113689,9525.0,16261.0,0.016172,0.012984,0.4788,0.016296,0.01078,-2.06271,0.047004,0.01229,-12.7896,0.047961,0.003139,-13.7882,,,,,,,,,103,Prefabs/GPU/EVGA/EVGA_GTX_1080_Gaming,EVGA GeForce GTX 1080 GAMING,EVGA GeForce GTX 1080 GAMING
GPU,NVIDIA GeForce,GTX 1000,GeForce GTX 1080,GIGABYTE,AORUS GeForce GTX 1080 8G,,Y,4701,690,230,13,80,1.0,,RGB,8,1546,1873,2030,2200,-198,1251,2200,2700,287,180,SLI,2.5,95,20,8-pin + 8-pin,GTX,10.25,10.5,7270,13934,1.9166437414030262,9525.0,16261.0,0.016172,0.012984,0.4788,0.016296,0.01078,-2.06271,0.047004,0.01229,-12.7896,0.047961,0.003139,-13.7882,,,,,,,,,103,Prefabs/GPU/GigaByte/GigaByte_AORUS_GTX1080,GIGABYTE AORUS GeForce GTX 1080 8G,GIGABYTE AORUS GeForce GTX 1080 8G
GPU,NVIDIA GeForce,GTX 1000,GeForce GTX 1080,GIGABYTE,AORUS GeForce GTX 1080 Xtreme Edition 8G,,Y,4965,730,243,13,1,1.0,,RGB,8,1772,1936,2030,2100,52,1376,2200,2700,293,180,SLI,2.5,95,20,8-pin + 6-pin,GTX,10.25,10.5,7680,14574,1.89765625,9525.0,16261.0,0.016172,0.012984,0.4788,0.016296,0.01078,-2.06271,0.047004,0.01229,-12.7896,0.047961,0.003139,-13.7882,,,,,,,,,103,Prefabs/GPU/GigaByte/GigaByte_AORUS_GTX1080_ExtremeEd,GIGABYTE AORUS GeForce GTX 1080 Xtreme Edition 8G,GIGABYTE AORUS GeForce GTX 1080 Xtreme Edition 8G
GPU,NVIDIA GeForce,GTX 1000,GeForce GTX 1080,MSI,GeForce GTX 1080 GAMING 8G,,Y,4536,665,222,13,70,1.0,,RGB,8,1342,1771,2030,2200,-198,1251,2200,2700,279,180,SLI,2.0,95,20,8-pin + 6-pin,GTX,10.25,10.5,6998,13135,1.876964847099171,9525.0,16261.0,0.016172,0.012984,0.4788,0.016296,0.01078,-2.06271,0.047004,0.01229,-12.7896,0.047961,0.003139,-13.7882,,,,,,,,,103,Prefabs/GPU/MSI/GTX1080,MSI GeForce GTX 1080 GAMING 8G,MSI GeForce GTX 1080 GAMING 8G
GPU,NVIDIA GeForce,GTX 1000,GeForce GTX 1080,MSI,GeForce GTX 1080 GAMING X 8G,,Y,4674,690,230,13,50,1.0,,RGB,8,1494,1847,2030,2200,-174,1263,2200,2700,279,180,SLI,2.0,95,20,8-pin + 6-pin,GTX,10.25,10.5,7224,13744,1.902547065337763,9525.0,16261.0,0.016172,0.012984,0.4788,0.016296,0.01078,-2.06271,0.047004,0.01229,-12.7896,0.047961,0.003139,-13.7882,,,,,,,,,103,Prefabs/GPU/MSI/GTX1080,MSI GeForce GTX 1080 GAMING X 8G,MSI GeForce GTX 1080 GAMING X 8G
GPU,NVIDIA GeForce,GTX 1000,GeForce GTX 1080,MSI,GeForce GTX 1080 GAMING X+ 8G,,Y,4837,710,237,13,10,1.0,,RGB,8,1494,1847,2030,2200,76,1388,2200,2700,277,180,SLI,2.0,95,20,8-pin + 6-pin,GTX,10.25,10.5,7466,13890,1.8604339673185106,9525.0,16261.0,0.016172,0.012984,0.4788,0.016296,0.01078,-2.06271,0.047004,0.01229,-12.7896,0.047961,0.003139,-13.7882,,,,,,,,,103,Prefabs/GPU/MSI/GTX1080,MSI GeForce GTX 1080 GAMING X+ 8G,MSI GeForce GTX 1080 GAMING X+ 8G
GPU,NVIDIA GeForce,GTX 1000,GeForce GTX 1080,MSI,GeForce GTX 1080 GAMING Z 8G,,Y,4778,705,235,13,40,1.0,,RGB,8,1722,1911,2030,2100,-174,1263,2200,2700,279,180,SLI,2.0,95,20,8-pin + 6-pin,GTX,10.25,10.5,7395,14245,1.9263015551048006,9525.0,16261.0,0.016172,0.012984,0.4788,0.016296,0.01078,-2.06271,0.047004,0.01229,-12.7896,0.047961,0.003139,-13.7882,,,,,,,,,103,Prefabs/GPU/MSI/GTX1080,MSI GeForce GTX 1080 GAMING Z 8G,MSI GeForce GTX 1080 GAMING Z 8G
GPU,NVIDIA GeForce,GTX 1000,GeForce GTX 1080,MSI,GeForce GTX 1080 GAMING+ 8G,,Y,4698,690,230,13,25,1.0,,RGB,8,1342,1771,2030,2200,52,1376,2200,2700,277,180,SLI,2.0,95,20,8-pin + 6-pin,GTX,10.25,10.5,7239,13281,1.8346456692913387,9525.0,16261.0,0.016172,0.012984,0.4788,0.016296,0.01078,-2.06271,0.047004,0.01229,-12.7896,0.047961,0.003139,-13.7882,,,,,,,,,103,Prefabs/GPU/MSI/GTX1080,MSI GeForce GTX 1080 GAMING+ 8G,MSI GeForce GTX 1080 GAMING+ 8G
GPU,NVIDIA GeForce,GTX 1000,GeForce GTX 1080,NVIDIA,GeForce GTX 1080 Founders Edition,,Y,4474,690,230,13,1,1.0,,Green,8,1266,1733,2030,2200,-198,1251,2200,2700,267,180,SLI,2.0,95,20,8-pin,GTX,10.0,10.5,6896,12837,1.861513921113689,9525.0,16261.0,0.016172,0.012984,0.4788,0.016296,0.01078,-2.06271,0.047004,0.01229,-12.7896,0.047961,0.003139,-13.7882,,,,,,,,,103,Prefabs/GPU/NVidia/GPU_Nvidia_GeForceGTX_1080,NVIDIA GeForce GTX 1080 Founders Edition,NVIDIA GeForce GTX 1080 Founders Edition
GPU,NVIDIA GeForce,GTX 1000,GeForce GTX 1080,ZOTAC,GeForce GTX 1080 AMP Extreme,,Y,4891,720,240,13,45,1.0,,Red,8,1722,1911,2030,2100,0,1350,2200,2700,325,180,SLI,2.5,95,20,8-pin + 8-pin,GTX,10.5,10.5,7563,14347,1.8969985455507075,9525.0,16261.0,0.016172,0.012984,0.4788,0.016296,0.01078,-2.06271,0.047004,0.01229,-12.7896,0.047961,0.003139,-13.7882,,,,,,,,,103,Prefabs/GPU/ZOTAC/ZOTAC_GeForce_1080_AmpExtreme,ZOTAC GeForce GTX 1080 AMP Extreme,ZOTAC GeForce GTX 1080 AMP Extreme
GPU,NVIDIA GeForce,GTX 1000,GeForce GTX 1080,ZOTAC,GeForce GTX 1080 Mini,,Y,4516,665,222,13,60,1.0,,White,8,1318,1759,2030,2200,-198,1251,2200,2700,211,180,SLI,2.0,95,20,8-pin,GTX,10.5,10.5,6966,13041,1.872093023255814,9525.0,16261.0,0.016172,0.012984,0.4788,0.016296,0.01078,-2.06271,0.047004,0.01229,-12.7896,0.047961,0.003139,-13.7882,,,,,,,,,103,Prefabs/GPU/ZOTAC/ZOTAC_GeForce_1080_Mini,ZOTAC GeForce GTX 1080 Mini,ZOTAC GeForce GTX 1080 Mini
GPU - Water,NVIDIA GeForce,GTX 1000,GeForce GTX 1080,NVIDIA,GeForce GTX 1080 | Alphacool NexXxoS GPX M10,,Y,4474,805,268,23,15,1.4,PC,,8,1066,1733,2129,2400,-398,1251,2308,2900,258,180,SLI,2.0,95,20,8-pin,GTX,8.6,,6896,12837,1.861513921113689,,,0.016172,0.012984,0.4788,0.016296,0.01078,-2.06271,0.047004,0.01229,-12.7896,0.047961,0.003139,-13.7882,2030.0,2200.0,4.9,5.0,,,,,103,Prefabs/GPU/Alphacool/GPU_Alphacool_NexXxoS_GPX_ NvidiaGeforceGTX1080_M10,NVIDIA GeForce GTX 1080 | Alphacool NexXxoS GPX M10,NVIDIA GeForce GTX 1080 | Alphacool NexXxoS GPX M10
GPU - Water,NVIDIA GeForce,GTX 1000,GeForce GTX 1080,NVIDIA,GeForce GTX 1080 | EKWB EK-FC Acetal,,Y,4474,805,268,16,90,1.0,,,8,1066,1733,2129,2400,-398,1251,2308,2900,258,180,SLI,2.0,95,20,8-pin,GTX,8.6,,6896,12837,1.861513921113689,,,0.016172,0.012984,0.4788,0.016296,0.01078,-2.06271,0.047004,0.01229,-12.7896,0.047961,0.003139,-13.7882,2030.0,2200.0,4.9,5.0,,,,,103,Prefabs/GPU/EKWB/EKWB_Watercooled_1080_GPU_Silver,NVIDIA GeForce GTX 1080 | EKWB EK-FC Acetal,NVIDIA GeForce GTX 1080 | EKWB EK-FC Acetal
GPU - Water,NVIDIA GeForce,GTX 1000,GeForce GTX 1080,NVIDIA,GeForce GTX 1080 | EKWB EK-FC Plexi,,Y,4474,805,268,16,90,1.0,,,8,1066,1733,2129,2400,-398,1251,2308,2900,258,180,SLI,2.0,95,20,8-pin,GTX,8.6,,6896,12837,1.861513921113689,,,0.016172,0.012984,0.4788,0.016296,0.01078,-2.06271,0.047004,0.01229,-12.7896,0.047961,0.003139,-13.7882,2030.0,2200.0,4.9,5.0,,,,,103,Prefabs/GPU/EKWB/EKWB_Watercooled_1080_GPU_Clear,NVIDIA GeForce GTX 1080 | EKWB EK-FC Plexi,NVIDIA GeForce GTX 1080 | EKWB EK-FC Plexi
GPU - Water,NVIDIA GeForce,GTX 1000,GeForce GTX 1080,NVIDIA,GeForce GTX 1080 | EKWB EK-FC Plexi RGB,,Y,4474,855,285,23,15,1.0,,RGB,8,1066,1733,2129,2400,-398,1251,2308,2900,258,180,SLI,2.0,95,20,8-pin,GTX,8.1,,6896,12837,1.861513921113689,,,0.016172,0.012984,0.4788,0.016296,0.01078,-2.06271,0.047004,0.01229,-12.7896,0.047961,0.003139,-13.7882,2030.0,2200.0,4.9,5.0,,,,,103,Prefabs/GPU/EKWB/EKWB_Watercooled_1080_GPU_RGB,NVIDIA GeForce GTX 1080 | EKWB EK-FC Plexi RGB,NVIDIA GeForce GTX 1080 | EKWB EK-FC Plexi RGB
GPU,NVIDIA GeForce,GTX 1000,GeForce GTX 1080 Ti,ASUS,ROG Strix GeForce GTX 1080 Ti OC Edition,,Y,5651,870,290,21,40,1.0,,RGB,11,1166,1683,2012,2200,-48,1376,2300,2800,298,250,SLI,2.5,95,20,8-pin + 8-pin,GTX,10.0,10.0,8696,16945,1.9485970561177552,12546.0,25563.0,0.02549,0.01673,-9.4038,0.02617,0.01563,-15.604,0.04548,0.03498,-15.202,0.04295,0.04657,-38.5277,,,,,,,,,103,Prefabs/GPU/ASUS/ASUS_1080Ti_OC,ASUS ROG Strix GeForce GTX 1080 Ti OC Edition,ASUS ROG Strix GeForce GTX 1080 Ti OC Edition
GPU,NVIDIA GeForce,GTX 1000,GeForce GTX 1080 Ti,EVGA,GeForce GTX 1080 Ti GAMING,,Y,5394,825,275,21,1,1.0,,White,11,864,1582,2012,2300,-48,1376,2300,2800,270,250,SLI,2.0,95,20,8-pin + 6-pin,GTX,10.0,10.0,8266,16213,1.9614081780788772,12546.0,25563.0,0.02549,0.01673,-9.4038,0.02617,0.01563,-15.604,0.04548,0.03498,-15.202,0.04295,0.04657,-38.5277,,,,,,,,,103,Prefabs/GPU/EVGA/EVGA_GTX_1080_Ti_Gaming,EVGA GeForce GTX 1080 Ti GAMING,EVGA GeForce GTX 1080 Ti GAMING
GPU,NVIDIA GeForce,GTX 1000,GeForce GTX 1080 Ti,EVGA,GeForce GTX 1080 Ti K|NGP|N GAMING,,Y,5682,875,292,21,90,1.0,,RGB,11,1190,1695,2012,2200,-48,1376,2300,2800,300,250,SLI,2.0,95,20,8-pin + 8-pin,GTX,10.0,10.0,8747,17032,1.9471818909340346,12546.0,25563.0,0.02549,0.01673,-9.4038,0.02617,0.01563,-15.604,0.04548,0.03498,-15.202,0.04295,0.04657,-38.5277,,,,,,,,,103,Prefabs/GPU/EVGA/EVGA_GTX_1080_Ti_KingPin_Gaming,EVGA GeForce GTX 1080 Ti K|NGP|N GAMING,EVGA GeForce GTX 1080 Ti K|NGP|N GAMING
GPU,NVIDIA GeForce,GTX 1000,GeForce GTX 1080 Ti,GIGABYTE,AORUS GeForce GTX 1080 Ti 11G,,Y,5715,880,293,21,15,1.0,,RGB,11,1216,1708,2012,2200,-48,1376,2300,2800,293,250,SLI,2.0,95,20,8-pin + 8-pin,GTX,10.0,10.0,8803,17127,1.9455867317959787,12546.0,25563.0,0.02549,0.01673,-9.4038,0.02617,0.01563,-15.604,0.04548,0.03498,-15.202,0.04295,0.04657,-38.5277,,,,,,,,,103,Prefabs/GPU/GigaByte/GigaByte_AORUS_GTX1080Ti_11GB,GIGABYTE AORUS GeForce GTX 1080 Ti 11G,GIGABYTE AORUS GeForce GTX 1080 Ti 11G
GPU,NVIDIA GeForce,GTX 1000,GeForce GTX 1080 Ti,GIGABYTE,AORUS GeForce GTX 1080 Ti Xtreme Edition 11G,,Y,5904,910,303,21,80,1.0,,RGB,11,1292,1746,2012,2200,62,1431,2300,2800,293,250,SLI,2.5,95,20,8-pin + 8-pin,GTX,10.0,10.0,9110,17777,1.9513721185510429,12546.0,25563.0,0.02549,0.01673,-9.4038,0.02617,0.01563,-15.604,0.04548,0.03498,-15.202,0.04295,0.04657,-38.5277,,,,,,,,,103,Prefabs/GPU/GigaByte/GigaByte_AORUS_1080Ti_ExtremeEd,GIGABYTE AORUS GeForce GTX 1080 Ti Xtreme Edition 11G,GIGABYTE AORUS GeForce GTX 1080 Ti Xtreme Edition 11G
GPU,NVIDIA GeForce,GTX 1000,GeForce GTX 1080 Ti,MSI,GeForce GTX 1080 Ti GAMING 11G,,Y,5492,805,268,21,30,1.0,,RGB,11,940,1620,2012,2300,-46,1377,2300,2800,290,250,SLI,2.5,95,20,8-pin + 8-pin,GTX,10.0,10.5,8431,16495,1.9564701696121456,12546.0,25563.0,0.02549,0.01673,-9.4038,0.02617,0.01563,-15.604,0.04548,0.03498,-15.202,0.04295,0.04657,-38.5277,,,,,,,,,103,Prefabs/GPU/MSI/GTX1080Ti,MSI GeForce GTX 1080 Ti GAMING 11G,MSI GeForce GTX 1080 Ti GAMING 11G
GPU,NVIDIA GeForce,GTX 1000,GeForce GTX 1080 Ti,MSI,GeForce GTX 1080 Ti GAMING X 11G,,Y,5675,830,277,21,60,1.0,,RGB,11,1166,1683,2012,2200,-20,1390,2300,2800,290,250,SLI,2.5,95,20,8-pin + 8-pin,GTX,10.0,10.5,8733,17041,1.9513340203824574,12546.0,25563.0,0.02549,0.01673,-9.4038,0.02617,0.01563,-15.604,0.04548,0.03498,-15.202,0.04295,0.04657,-38.5277,,,,,,,,,103,Prefabs/GPU/MSI/GTX1080Ti,MSI GeForce GTX 1080 Ti GAMING X 11G,MSI GeForce GTX 1080 Ti GAMING X 11G
GPU,NVIDIA GeForce,GTX 1000,GeForce GTX 1080 Ti,NVIDIA,GeForce GTX 1080 Ti Founders Edition,,Y,5394,870,290,21,1,1.0,,Green,11,864,1582,2012,2300,-48,1376,2300,2800,267,250,SLI,2.0,95,20,8-pin + 6-pin,GTX,9.5,10.0,8266,16213,1.9614081780788772,12546.0,25563.0,0.02549,0.01673,-9.4038,0.02617,0.01563,-15.604,0.04548,0.03498,-15.202,0.04295,0.04657,-38.5277,,,,,,,,,103,Prefabs/GPU/NVidia/GPU_Nvidia_GeForceGTX_1080Ti,NVIDIA GeForce GTX 1080 Ti Founders Edition,NVIDIA GeForce GTX 1080 Ti Founders Edition
GPU,NVIDIA GeForce,GTX 1000,GeForce GTX 1080 Ti,ZOTAC,GeForce GTX 1080 Ti AMP Extreme,,Y,5885,910,303,21,70,1.0,,RGB,11,1318,1759,2012,2200,0,1400,2300,2800,325,250,SLI,2.5,95,20,8-pin + 8-pin,GTX,10.0,10.0,9084,17660,1.9440774988991634,12546.0,25563.0,0.02549,0.01673,-9.4038,0.02617,0.01563,-15.604,0.04548,0.03498,-15.202,0.04295,0.04657,-38.5277,,,,,,,,,103,Prefabs/GPU/ZOTAC/ZOTAC_GeForce_1080TI_AmpExtreme,ZOTAC GeForce GTX 1080 Ti AMP Extreme,ZOTAC GeForce GTX 1080 Ti AMP Extreme
GPU,NVIDIA GeForce,GTX 1000,GeForce GTX 1080 Ti,ZOTAC,GeForce GTX 1080 Ti Mini,,Y,5491,840,280,21,20,1.0,,White,11,940,1620,2012,2300,-48,1376,2300,2800,211,250,SLI,2.0,95,20,8-pin + 8-pin,GTX,10.0,10.0,8428,16489,1.956454674893213,12546.0,25563.0,0.02549,0.01673,-9.4038,0.02617,0.01563,-15.604,0.04548,0.03498,-15.202,0.04295,0.04657,-38.5277,,,,,,,,,103,Prefabs/GPU/ZOTAC/ZOTAC_GeForce_GTX_1080Ti_mini,ZOTAC GeForce GTX 1080 Ti Mini,ZOTAC GeForce GTX 1080 Ti Mini
GPU - Water,NVIDIA GeForce,GTX 1000,GeForce GTX 1080 Ti,NVIDIA,GeForce GTX 1080 Ti | EKWB EK-FC Acetal,,Y,5394,955,318,21,90,1.0,,,11,764,1582,2099,2400,-248,1376,2399,3000,258,250,SLI,2.0,95,20,8-pin + 6-pin,GTX,8.7,,8266,16213,1.9614081780788772,,,0.02549,0.01673,-9.4038,0.02617,0.01563,-15.604,0.04548,0.03498,-15.202,0.04295,0.04657,-38.5277,2012.0,2300.0,4.3,5.0,,,,,103,Prefabs/GPU/EKWB/EKWB_Watercooled_1080tiGPU_Silver,NVIDIA GeForce GTX 1080 Ti | EKWB EK-FC Acetal,NVIDIA GeForce GTX 1080 Ti | EKWB EK-FC Acetal
GPU - Water,NVIDIA GeForce,GTX 1000,GeForce GTX 1080 Ti,NVIDIA,GeForce GTX 1080 Ti | EKWB EK-FC Plexi,,Y,5394,955,318,21,90,1.0,,,11,764,1582,2099,2400,-248,1376,2399,3000,258,250,SLI,2.0,95,20,8-pin + 6-pin,GTX,8.7,,8266,16213,1.9614081780788772,,,0.02549,0.01673,-9.4038,0.02617,0.01563,-15.604,0.04548,0.03498,-15.202,0.04295,0.04657,-38.5277,2012.0,2300.0,4.3,5.0,,,,,103,Prefabs/GPU/EKWB/EKWB_Watercooled_1080tiGPU_Clear,NVIDIA GeForce GTX 1080 Ti | EKWB EK-FC Plexi,NVIDIA GeForce GTX 1080 Ti | EKWB EK-FC Plexi
GPU - Water,NVIDIA GeForce,GTX 1000,GeForce GTX 1080 Ti,NVIDIA,GeForce GTX 1080 Ti | EKWB EK-FC Plexi RGB,,Y,5394,1005,335,23,75,1.0,,RGB,11,764,1582,2099,2400,-248,1376,2399,3000,258,250,SLI,2.0,95,20,8-pin + 6-pin,GTX,8.2,,8266,16213,1.9614081780788772,,,0.02549,0.01673,-9.4038,0.02617,0.01563,-15.604,0.04548,0.03498,-15.202,0.04295,0.04657,-38.5277,2012.0,2300.0,4.3,5.0,,,,,103,Prefabs/GPU/EKWB/EKWB_Watercooled_1080tiGPU_RGB,NVIDIA GeForce GTX 1080 Ti | EKWB EK-FC Plexi RGB,NVIDIA GeForce GTX 1080 Ti | EKWB EK-FC Plexi RGB
GPU,NVIDIA GeForce,GTX 1600,GeForce GTX 1650,EVGA,GeForce GTX 1650 XC ULTRA BLACK GAMING,,Y,1794,210,70,29,1,1.10,PC,,4,1230,1665,1900,2100,1600,2000,2200,2400,202,75,,3.0,95,20,6-pin,,13.0,13.0,2730,0,,3380.0,0.0,0.014563261,0.002413,-11.12616518,0.01597381,0.001145815,-13.36121141,0.0,0.0,0.0,0.0,0.0,0.0,,,,,,,,,104,v1_10_0/Prefabs/GPU/EVGA/GPU_EVGA_GeForce_GTX_1650_XC_Ultra_Black_Gaming,EVGA GeForce GTX 1650 XC ULTRA BLACK GAMING,EVGA GeForce GTX 1650 XC ULTRA BLACK GAMING
GPU,NVIDIA GeForce,GTX 1600,GeForce GTX 1660 Super,EVGA,GeForce GTX 1660 SUPER SC ULTRA BLACK GAMING,,Y,3379,420,140,29,1,1.10,PC,,6,1370,1785,2000,2200,1500,1750,1900,2000,202,125,,2.0,95,20,8-pin,,12.5,12.5,5239,0,,6428.0,0.0,0.035744325,0.0,-30.005476,0.03189,0.0,-26.6288,0.0,0.0,0.0,0.0,0.0,0.0,,,,,,,,,104,v1_10_0/Prefabs/GPU/EVGA/GPU_EVGA_GeForce_GTX_1660_SUPER_SC_Ultra_Black_Gaming,EVGA GeForce GTX 1660 SUPER SC ULTRA BLACK GAMING,EVGA GeForce GTX 1660 SUPER SC ULTRA BLACK GAMING
GPU,NVIDIA GeForce,GTX 1600,GeForce GTX 1660 Ti,EVGA,GeForce GTX 1660 Ti XC,,Y,3864,475,158,29,10,1.11,PC,,6,1690,1845,1900,2000,700,1500,2000,2300,190,120,,3.0,95,20,8-pin,,12.5,12.5,5931,0,,6277.0,0.0,0.022363,0.001961,-5.55492,0.022115,0.0016,-9.21936,0.0,0.0,0.0,0.0,0.0,0.0,,,,,,,,,104,v1_11_0/Prefabs/GPU/EVGA/EVGA_GEFORCE_GTX_1660_TI_XC,EVGA GeForce GTX 1660 Ti XC,EVGA GeForce GTX 1660 Ti XC
GPU,NVIDIA GeForce,GTX 1600,GeForce GTX 1660 Ti,EVGA,GeForce GTX 1660 Ti XC ULTRA GAMING,,Y,3898,480,160,29,10,1.10,PC,,6,1720,1860,1900,2000,700,1500,2000,2300,268,120,,2.0,95,20,8-pin,,12.5,12.5,5985,0,,6277.0,0.0,0.022363,0.001961,-5.55492,0.022115,0.0016,-9.21936,0.0,0.0,0.0,0.0,0.0,0.0,,,,,,,,,104,v1_10_0/Prefabs/GPU/EVGA/GPU_EVGA_GeForce_GTX_1660_Ti_XC_Ultra_Gaming,EVGA GeForce GTX 1660 Ti XC ULTRA GAMING,EVGA GeForce GTX 1660 Ti XC ULTRA GAMING
GPU,NVIDIA GeForce,GTX 1600,GeForce GTX 1660 Ti,ZOTAC,GeForce GTX 1660 Ti AMP,,Y,3898,540,180,29,1,1.6,PC,,6,1720,1860,1900,2000,700,1500,2000,2300,210,120,,2.5,95,20,8-pin,,11.1,11.0,5985,0,,6277.0,0.0,0.022363,0.001961,-5.55492,0.022115,0.0016,-9.21936,0.0,0.0,0.0,0.0,0.0,0.0,,,,,,,,,104,Prefabs/GPU/ZOTAC/GPU_GeForce_GTX1660TiAMP,ZOTAC GeForce GTX 1660 Ti AMP,ZOTAC GeForce GTX 1660 Ti AMP
GPU,NVIDIA GeForce,RTX 2000,Geforce RTX 2060,Colorful,iGame GeForce RTX 2060 Ultra,,Y,4435,595,198,22,80,1.11,PC,RGB,6,1520,1710,1800,1900,1500,1750,1850,2000,310,160,,2.0,95,20,8-pin,RTX,11.5,11.5,6837,0,,7247.0,0.0,0.020379,0.007751,-4.05566,0.0195776,0.006437,-5.41838,0.0,0.0,0.0,0.0,0.0,0.0,,,,,,,,,105,v1_11_0/Prefabs/GPU/Colorful/GPU_Colorful_iGame_GeForce_RTX_2060_Ultra,Colorful iGame GeForce RTX 2060 Ultra,Colorful iGame GeForce RTX 2060 Ultra
GPU,NVIDIA GeForce,RTX 2000,Geforce RTX 2060,Colorful,iGame GeForce RTX 2060 Ultra OC-V,,Y,4527,605,202,22,80,1.11,PC,RGB,6,1610,1755,1800,1900,1500,1750,1850,2000,315,160,,2.5,95,20,8-pin + 8-pin,RTX,11.5,11.5,6984,0,,7247.0,0.0,0.020379,0.007751,-4.05566,0.0195776,0.006437,-5.41838,0.0,0.0,0.0,0.0,0.0,0.0,,,,,,,,,105,v1_11_0/Prefabs/GPU/Colorful/GPU_Colorful_iGame_GeForce_RTX_2060_Ultra_OC-V,Colorful iGame GeForce RTX 2060 Ultra OC-V,Colorful iGame GeForce RTX 2060 Ultra OC-V
GPU,NVIDIA GeForce,RTX 2000,Geforce RTX 2060,EVGA,GeForce RTX 2060 SC ULTRA GAMING,,Y,4527,605,202,22,1,1.9,PC,,6,1610,1755,1800,1900,1500,1750,1850,2000,268,160,,2.0,95,20,8-pin,,11.5,11.5,6984,0,,7247.0,0.0,0.020379,0.007751,-4.05566,0.0195776,0.006437,-5.41838,0.0,0.0,0.0,0.0,0.0,0.0,,,,,,,,,105,v1_9_0/Prefabs/GPU/EVGA/GPU_EVGA_GeForce_RTX_2060_SC_Ultra_Gaming,EVGA GeForce RTX 2060 SC ULTRA GAMING,EVGA GeForce RTX 2060 SC ULTRA GAMING
GPU,NVIDIA GeForce,RTX 2000,Geforce RTX 2060,NVIDIA,GeForce RTX 2060 Founders Edition,,Y,4374,590,197,22,1,1.4,PC,Green,6,1460,1680,1800,1900,1500,1750,1850,2000,229,160,,2.0,95,20,8-pin,,11.4,11.5,6738,0,,7247.0,0.0,0.020379,0.007751,-4.05566,0.0195776,0.006437,-5.41838,0.0,0.0,0.0,0.0,0.0,0.0,,,,,,,,,105,Prefabs/GPU/NVidia/GPU_Nvidia_RTX_2060,NVIDIA GeForce RTX 2060 Founders Edition,NVIDIA GeForce RTX 2060 Founders Edition
GPU,NVIDIA GeForce,RTX 2000,GeForce RTX 2060 Super,ASUS,ROG STRIX GeForce RTX 2060 SUPER Series,,Y,5382,750,250,28,1,1.6,PC,RGB,8,1620,1860,2000,2100,1500,1750,1900,2000,300,160,,2.5,95,20,8-pin + 8-pin,RTX,11.1,10.5,8334,0,,9076.0,0.0,0.033406,0.0,-8.31091,0.031225,0.0,-9.94372,0.0,0.0,0.0,0.0,0.0,0.0,,,,,,,,,105,Prefabs/GPU/ASUS/GPU_ASUS_ROG_Strix_GeForce_RTX2060_Super,ASUS ROG STRIX GeForce RTX 2060 SUPER Series,ASUS ROG STRIX GeForce RTX 2060 SUPER Series
GPU,NVIDIA GeForce,RTX 2000,GeForce RTX 2060 Super,Colorful,iGame GeForce RTX 2060 SUPER Ultra-V,,Y,4680,630,210,28,80,1.11,PC,RGB,8,1100,1650,2000,2200,1500,1750,1900,2000,310,160,,2.5,95,20,8-pin + 8-pin,,11.5,11.5,7222,0,,9076.0,0.0,0.033406,0.0,-8.31091,0.031225,0.0,-9.94372,0.0,0.0,0.0,0.0,0.0,0.0,,,,,,,,,105,v1_11_0/Prefabs/GPU/Colorful/GPU_COLORFUL_IGAME_GEFORCE_RTX_2060_SUPER_ULTRA-V,Colorful iGame GeForce RTX 2060 SUPER Ultra-V,Colorful iGame GeForce RTX 2060 SUPER Ultra-V
GPU,NVIDIA GeForce,RTX 2000,GeForce RTX 2060 Super,EVGA,GeForce RTX 2060 SUPER XC BLACK GAMING,,Y,4680,630,210,28,80,1.7,PC,RGB,8,1100,1650,2000,2200,1500,1750,1900,2000,270,160,,2.0,95,20,8-pin + 8-pin,,11.5,11.5,7222,0,,9076.0,0.0,0.033406,0.0,-8.31091,0.031225,0.0,-9.94372,0.0,0.0,0.0,0.0,0.0,0.0,,,,,,,,,105,v1_7_0/Prefabs/GPU/EVGA/GPU_EVGA_GeForce_RTX_2060_SuperXC_Black_Gaming,EVGA GeForce RTX 2060 SUPER XC BLACK GAMING,EVGA GeForce RTX 2060 SUPER XC BLACK GAMING
GPU,NVIDIA GeForce,RTX 2000,GeForce RTX 2060 Super,GIGABYTE,AORUS GeForce RTX 2060 SUPER 8G,,Y,5332,740,247,28,32,1.7,PC,RGB,8,1590,1845,2000,2100,1500,1750,1900,2000,290,160,,2.5,95,20,8-pin + 8-pin,RTX,11.2,11.0,8255,0,,9076.0,0.0,0.033406,0.0,-8.31091,0.031225,0.0,-9.94372,0.0,0.0,0.0,0.0,0.0,0.0,,,,,,,,,105,v1_7_0/Prefabs/GPU/GigaByte/GPU_Gigabyte_Aorus_RTX2060_Super,GIGABYTE AORUS GeForce RTX 2060 SUPER 8G,GIGABYTE AORUS GeForce RTX 2060 SUPER 8G
GPU,NVIDIA GeForce,RTX 2000,GeForce RTX 2060 Super,GIGABYTE,GeForce RTX 2060 SUPER WINDFORCE OC 8G,,Y,4781,680,227,28,35,1.7,PC,,8,1160,1680,2000,2200,1500,1750,1900,2000,265,160,,2.0,95,20,8-pin,RTX,10.9,11.0,7381,0,,9076.0,0.0,0.033406,0.0,-8.31091,0.031225,0.0,-9.94372,0.0,0.0,0.0,0.0,0.0,0.0,,,,,,,,,105,v1_7_0/Prefabs/GPU/GigaByte/GPU_Gigabyte_GeForce_RTX_2060_Super_Windforce_OC8G,GIGABYTE GeForce RTX 2060 SUPER WINDFORCE OC 8G,GIGABYTE GeForce RTX 2060 SUPER WINDFORCE OC 8G
GPU,NVIDIA GeForce,RTX 2000,GeForce RTX 2060 Super,MSI,GeForce RTX 2060 SUPER ARMOR OC,,Y,4781,615,205,28,60,1.9,PC,RGB,8,1160,1680,2000,2200,1500,1750,1900,2000,250,160,,2.0,95,20,8-pin,RTX,12.0,12.0,7381,0,,9076.0,0.0,0.033406,0.0,-8.31091,0.031225,0.0,-9.94372,0.0,0.0,0.0,0.0,0.0,0.0,,,,,,,,,105,v1_9_0/Prefabs/GPU/MSI/GPU_MSI_GeForce_RTX_2060_Super_Armor_OC,MSI GeForce RTX 2060 SUPER ARMOR OC,MSI GeForce RTX 2060 SUPER ARMOR OC
GPU,NVIDIA GeForce,RTX 2000,GeForce RTX 2060 Super,MSI,GeForce RTX 2060 SUPER GAMING X,,Y,4831,620,207,28,60,1.9,PC,,8,1190,1695,2000,2200,1500,1750,1900,2000,248,160,,2.5,95,20,8-pin,RTX,12.0,12.0,7460,0,,9076.0,0.0,0.033406,0.0,-8.31091,0.031225,0.0,-9.94372,0.0,0.0,0.0,0.0,0.0,0.0,,,,,,,,,105,v1_9_0/Prefabs/GPU/MSI/GPU_MSI_GeForce_RTX_2060_Super_Gaming_X,MSI GeForce RTX 2060 SUPER GAMING X,MSI GeForce RTX 2060 SUPER GAMING X
GPU,NVIDIA GeForce,RTX 2000,GeForce RTX 2060 Super,MSI,GeForce RTX 2060 SUPER Ventus GP OC,,Y,4731,610,203,28,60,1.9,PC,,8,1130,1665,2000,2200,1500,1750,1900,2000,232,160,,2.0,95,20,8-pin,RTX,12.0,12.0,7301,0,,9076.0,0.0,0.033406,0.0,-8.31091,0.031225,0.0,-9.94372,0.0,0.0,0.0,0.0,0.0,0.0,,,,,,,,,105,v1_9_0/Prefabs/GPU/MSI/GPU_MSI_GeForce_RTX_2060_Super_Ventus_GP_OC,MSI GeForce RTX 2060 SUPER Ventus GP OC,MSI GeForce RTX 2060 SUPER Ventus GP OC
GPU,NVIDIA GeForce,RTX 2000,GeForce RTX 2060 Super,ZOTAC,GAMING GeForce RTX 2060 SUPER Amp Extreme,,Y,4881,650,217,28,30,1.7,PC,RGB,8,1220,1710,2000,2200,1500,1750,1900,2000,308,160,,2.5,95,20,8-pin + 6-pin,,11.6,11.5,7540,0,,9076.0,0.0,0.033406,0.0,-8.31091,0.031225,0.0,-9.94372,0.0,0.0,0.0,0.0,0.0,0.0,,,,,,,,,105,v1_7_0/Prefabs/GPU/ZOTAC/GPU_Zotac_Gaming_GeForce_RTX2060_Super_AMP_Extreme,ZOTAC GAMING GeForce RTX 2060 SUPER Amp Extreme,ZOTAC GAMING GeForce RTX 2060 SUPER Amp Extreme
GPU,NVIDIA GeForce,RTX 2000,GeForce RTX 2060 Super,ZOTAC,GAMING GeForce RTX 2060 SUPER Mini,,Y,4781,615,205,28,30,1.7,PC,,8,1160,1680,2000,2200,1500,1750,1900,2000,229,160,,2.5,95,20,8-pin,,11.0,11.5,7381,0,,9076.0,0.0,0.033406,0.0,-8.31091,0.031225,0.0,-9.94372,0.0,0.0,0.0,0.0,0.0,0.0,,,,,,,,,105,v1_7_0/Prefabs/GPU/ZOTAC/GPU_Zotac_Gaming_GeForce_RTX2060_Super_Mini,ZOTAC GAMING GeForce RTX 2060 SUPER Mini,ZOTAC GAMING GeForce RTX 2060 SUPER Mini
GPU,NVIDIA GeForce,RTX 2000,Geforce RTX 2070,Colorful,iGame GeForce RTX 2070 Ultra OC-V,,Y,5085,710,237,23,80,1.11,PC,RGB,8,1320,1710,1960,2100,1500,1750,1900,2000,315,175,,2.5,95,20,8-pin + 8-pin,RTX,11.0,11.0,7826,0,,9212.0,0.0,0.032361,0.00444,-12.2516,0.030916,0.002867,-12.9272,0.0,0.0,0.0,0.0,0.0,0.0,,,,,,,,,105,v1_11_0/Prefabs/GPU/Colorful/GPU_Colorful_iGame_GeForce_RTX_2070_Ultra_OC-V,Colorful iGame GeForce RTX 2070 Ultra OC-V,Colorful iGame GeForce RTX 2070 Ultra OC-V
GPU,NVIDIA GeForce,RTX 2000,Geforce RTX 2070,Colorful,iGame GeForce RTX 2070 Vulcan X OC-V,,Y,5425,760,253,23,80,1.11,PC,RGB,8,1530,1815,1960,2100,1500,1750,1900,2000,318,175,,2.5,95,20,8-pin + 8-pin,RTX,11.0,11.0,8372,0,,9212.0,0.0,0.032361,0.00444,-12.2516,0.030916,0.002867,-12.9272,0.0,0.0,0.0,0.0,0.0,0.0,,,,,,,,,105,v1_11_0/Prefabs/GPU/Colorful/GPU_Colorful_IGame_GeForce_RTX_2070_Vulcan_X_OC_V,Colorful iGame GeForce RTX 2070 Vulcan X OC-V,Colorful iGame GeForce RTX 2070 Vulcan X OC-V
GPU,NVIDIA GeForce,RTX 2000,Geforce RTX 2070,EVGA,GeForce RTX 2070 FTW3 ULTRA GAMING,,Y,5425,825,275,23,40,1.1,,RGB,8,1530,1815,1960,2100,1500,1750,1900,2000,302,175,,3.0,95,20,8-pin + 8-pin,,10.1,10.5,8372,0,,9212.0,0.0,0.032361,0.00444,-12.2516,0.030916,0.002867,-12.9272,0.0,0.0,0.0,0.0,0.0,0.0,,,,,,,,,105,Prefabs/GPU/EVGA/GPU_EVGA_GEFORCE_RTX_2070,EVGA GeForce RTX 2070 FTW3 ULTRA GAMING,EVGA GeForce RTX 2070 FTW3 ULTRA GAMING
GPU,NVIDIA GeForce,RTX 2000,Geforce RTX 2070,GIGABYTE,AORUS GeForce RTX 2070 XTREME 8G,,Y,5433,830,277,23,80,1.1,,RGB,8,1530,1815,1960,2100,1536,1768,1900,2000,290,175,,2.5,95,20,8-pin + 8-pin,,10.1,10.5,8382,0,,9212.0,0.0,0.032361,0.00444,-12.2516,0.030916,0.002867,-12.9272,0.0,0.0,0.0,0.0,0.0,0.0,,,,,,,,,105,Prefabs/GPU/GigaByte/GPU_AUROS_RTX_2070,GIGABYTE AORUS GeForce RTX 2070 XTREME 8G,GIGABYTE AORUS GeForce RTX 2070 XTREME 8G
GPU,NVIDIA GeForce,RTX 2000,Geforce RTX 2070,NVIDIA,GeForce RTX 2070 Founders Edition,,Y,4794,730,243,23,1,1.0,,Green,8,1040,1620,1960,2200,1500,1750,1900,2000,229,175,,2.0,95,20,8-pin,,10.1,10.5,7359,0,,9212.0,0.0,0.032361,0.00444,-12.2516,0.030916,0.002867,-12.9272,0.0,0.0,0.0,0.0,0.0,0.0,,,,,,,,,105,Prefabs/GPU/NVidia/GPU_Nvidia_RTX_2070,NVIDIA GeForce RTX 2070 Founders Edition,NVIDIA GeForce RTX 2070 Founders Edition
GPU,NVIDIA GeForce,RTX 2000,GeForce RTX 2070 Super,ASUS,ROG STRIX GeForce RTX 2070 SUPER Series,,Y,6365,950,317,28,30,1.6,PC,RGB,8,1770,1935,2000,2100,1400,1750,1950,2100,300,215,SLI,2.5,95,20,8-pin + 8-pin,RTX,10.5,10.5,9956,16949,1.702390518280434,10329.0,18498.0,0.036242398,7.4199e-05,-6.60026,0.033482,2.8659e-05,-6.81,0.122562,0.0,-125.554,0.161821,0.0,-216.889,,,,,,,,,105,Prefabs/GPU/ASUS/GPU_ASUS_ROG_Strix_GeForce_RTX2070_Super,ASUS ROG STRIX GeForce RTX 2070 SUPER Series,ASUS ROG STRIX GeForce RTX 2070 SUPER Series
GPU,NVIDIA GeForce,RTX 2000,GeForce RTX 2070 Super,Colorful,iGame GeForce RTX 2070 SUPER Vulcan OC-V,,Y,5930,845,282,28,80,1.11,PC,RGB,8,1530,1815,2000,2100,1400,1750,1950,2100,318,215,SLI,2.5,95,20,8-pin + 8-pin,RTX,11.0,11.0,9271,14054,1.5159098263402007,10329.0,18498.0,0.036242398,7.4199e-05,-6.60026,0.033482,2.8659e-05,-6.81,0.122562,0.0,-125.554,0.161821,0.0,-216.889,,,,,,,,,105,v1_11_0/Prefabs/GPU/Colorful/GPU_Colorful_iGame_GeForce_RTX_2070_SUPER_Vulcan_X_OC-V,Colorful iGame GeForce RTX 2070 SUPER Vulcan OC-V,Colorful iGame GeForce RTX 2070 SUPER Vulcan OC-V
GPU,NVIDIA GeForce,RTX 2000,GeForce RTX 2070 Super,Colorful,iGame GeForce RTX 2070 SUPER Vulcan X OC-V,,Y,6257,890,297,28,80,1.11,PC,RGB,8,1710,1905,2000,2100,1400,1750,1950,2100,318,215,SLI,2.5,95,20,8-pin + 8-pin,RTX,11.0,11.0,9785,16230,1.658661216147164,10329.0,18498.0,0.036242398,7.4199e-05,-6.60026,0.033482,2.8659e-05,-6.81,0.122562,0.0,-125.554,0.161821,0.0,-216.889,,,,,,,,,105,v1_11_0/Prefabs/GPU/Colorful/GPU_Colorful_iGame_GeForce_RTX_2070_SUPER_Vulcan_X_OC-V,Colorful iGame GeForce RTX 2070 SUPER Vulcan X OC-V,Colorful iGame GeForce RTX 2070 SUPER Vulcan X OC-V
GPU,NVIDIA GeForce,RTX 2000,GeForce RTX 2070 Super,EVGA,GeForce RTX 2070 SUPER FTW3 ULTRA+,,Y,5930,805,268,28,50,1.9,PC,RGB,8,1530,1815,2000,2100,1400,1750,1950,2100,302,215,SLI,3.0,95,20,8-pin + 8-pin,RTX,11.5,11.5,9271,14054,1.5159098263402007,10329.0,18498.0,0.036242398,7.4199e-05,-6.60026,0.033482,2.8659e-05,-6.81,0.122562,0.0,-125.554,0.161821,0.0,-216.889,,,,,,,,,105,v1_9_0/Prefabs/GPU/EVGA/GPU_EVGA_GeForce_RTX_2070_SUPER_FTW3_ULTRA+,EVGA GeForce RTX 2070 SUPER FTW3 ULTRA+,EVGA GeForce RTX 2070 SUPER FTW3 ULTRA+
GPU,NVIDIA GeForce,RTX 2000,GeForce RTX 2070 Super,EVGA,GeForce RTX 2070 SUPER XC ULTRA,,Y,5876,840,280,28,80,1.7,PC,RGB,8,1400,1800,2000,2200,1400,1750,1950,2100,269,215,SLI,3.0,95,20,8-pin + 6-pin,RTX,10.9,11.0,9186,13687,1.4899847594165034,10329.0,18498.0,0.036242398,7.4199e-05,-6.60026,0.033482,2.8659e-05,-6.81,0.122562,0.0,-125.554,0.161821,0.0,-216.889,,,,,,,,,105,v1_7_0/Prefabs/GPU/EVGA/GPU_EVGA_GeForce_RTX_2070_SuperXC_Ultra_Overclocked,EVGA GeForce RTX 2070 SUPER XC ULTRA,EVGA GeForce RTX 2070 SUPER XC ULTRA
GPU,NVIDIA GeForce,RTX 2000,GeForce RTX 2070 Super,GIGABYTE,AORUS GeForce RTX 2070 SUPER 8G,,Y,6257,950,317,28,45,1.7,PC,RGB,8,1710,1905,2000,2100,1400,1750,1950,2100,290,215,SLI,2.5,95,20,8-pin + 8-pin,RTX,10.3,10.5,9785,16230,1.658661216147164,10329.0,18498.0,0.036242398,7.4199e-05,-6.60026,0.033482,2.8659e-05,-6.81,0.122562,0.0,-125.554,0.161821,0.0,-216.889,,,,,,,,,105,v1_7_0/Prefabs/GPU/GigaByte/GPU_Gigabyte_Aorus_RTX2070_Super,GIGABYTE AORUS GeForce RTX 2070 SUPER 8G,GIGABYTE AORUS GeForce RTX 2070 SUPER 8G
GPU,NVIDIA GeForce,RTX 2000,GeForce RTX 2070 Super,GIGABYTE,GeForce RTX 2070 SUPER GAMING OC WHITE 8G,,Y,5930,950,317,28,30,1.6,PC,RGB,8,1530,1815,2000,2100,1400,1750,1950,2100,287,215,SLI,2.0,95,20,8-pin + 6-pin,RTX,9.8,10.5,9271,14054,1.5159098263402007,10329.0,18498.0,0.036242398,7.4199e-05,-6.60026,0.033482,2.8659e-05,-6.81,0.122562,0.0,-125.554,0.161821,0.0,-216.889,,,,,,,,,105,Prefabs/GPU/GigaByte/GPU_Gigabyte_Geforce_RTX2070_SuperGaming_OC_White_8GB,GIGABYTE GeForce RTX 2070 SUPER GAMING OC WHITE 8G,GIGABYTE GeForce RTX 2070 SUPER GAMING OC WHITE 8G
GPU,NVIDIA GeForce,RTX 2000,GeForce RTX 2070 Super,MSI,GeForce RTX 2070 SUPER GAMING X,,Y,5876,800,267,28,60,1.9,PC,RGB,8,1400,1800,2000,2200,1400,1750,1950,2100,297,215,SLI,2.5,95,20,8-pin + 8-pin,RTX,11.5,11.5,9186,13687,1.4899847594165034,10329.0,18498.0,0.036242398,7.4199e-05,-6.60026,0.033482,2.8659e-05,-6.81,0.122562,0.0,-125.554,0.161821,0.0,-216.889,,,,,,,,,105,v1_9_0/Prefabs/GPU/MSI/GPU_MSI_GeForce_RTX_2070_Super_Gaming_X,MSI GeForce RTX 2070 SUPER GAMING X,MSI GeForce RTX 2070 SUPER GAMING X
GPU,NVIDIA GeForce,RTX 2000,GeForce RTX 2070 Super,MSI,GeForce RTX 2070 SUPER GAMING X Trio,,Y,5876,800,267,28,60,1.9,PC,RGB,8,1400,1800,2000,2200,1400,1750,1950,2100,328,215,SLI,2.5,95,20,8-pin + 8-pin,RTX,11.5,11.5,9186,13687,1.4899847594165034,10329.0,18498.0,0.036242398,7.4199e-05,-6.60026,0.033482,2.8659e-05,-6.81,0.122562,0.0,-125.554,0.161821,0.0,-216.889,,,,,,,,,105,v1_9_0/Prefabs/GPU/MSI/GPU_MSI_GeForce_RTX_2070_Super_Gaming_X_TRIO,MSI GeForce RTX 2070 SUPER GAMING X Trio,MSI GeForce RTX 2070 SUPER GAMING X Trio
GPU,NVIDIA GeForce,RTX 2000,GeForce RTX 2070 Super,MSI,GeForce RTX 2070 SUPER Ventus GP OC,,Y,5822,790,263,28,60,1.9,PC,,8,1370,1785,2000,2200,1400,1750,1950,2100,258,215,SLI,2.0,95,20,8-pin + 6-pin,RTX,11.5,11.5,9100,13320,1.4637362637362636,10329.0,18498.0,0.036242398,7.4199e-05,-6.60026,0.033482,2.8659e-05,-6.81,0.122562,0.0,-125.554,0.161821,0.0,-216.889,,,,,,,,,105,v1_9_0/Prefabs/GPU/MSI/GPU_MSI_GeForce_RTX_2070_Super_Ventus_GP_OC,MSI GeForce RTX 2070 SUPER Ventus GP OC,MSI GeForce RTX 2070 SUPER Ventus GP OC
GPU,NVIDIA GeForce,RTX 2000,GeForce RTX 2070 Super,ZOTAC,GAMING GeForce RTX 2070 SUPER Mini,,Y,5441,740,247,28,30,1.7,PC,White,8,1160,1680,2000,2200,1400,1750,1950,2100,229,215,SLI,2.0,95,20,8-pin + 6-pin,RTX,11.5,11.5,8501,10705,1.2592636160451711,10329.0,18498.0,0.036242398,7.4199e-05,-6.60026,0.033482,2.8659e-05,-6.81,0.122562,0.0,-125.554,0.161821,0.0,-216.889,,,,,,,,,105,v1_7_0/Prefabs/GPU/ZOTAC/GPU_Zotac_Gaming_GeForce_RTX2070_Super_Mini,ZOTAC GAMING GeForce RTX 2070 SUPER Mini,ZOTAC GAMING GeForce RTX 2070 SUPER Mini
GPU,NVIDIA GeForce,RTX 2000,GeForce RTX 2080,Colorful,iGame GeForce RTX 2080 Advanced-V,,Y,6096,860,287,25,60,1.9,PC,RGB,8,1320,1710,1960,2100,1300,1750,2000,2200,315,215,SLI,2.5,95,20,8-pin + 6-pin,RTX,11.0,11.0,9459,16411,1.73496141241146,11222.0,20300.0,0.033804,0.01013,-14.5626,0.032748,0.009282,-17.5168,0.089011,0.014456,-72.7506,0.080905,0.006465,-53.8782,,,,,,,,,105,v1_9_0/Prefabs/GPU/Colorful/GPU_Colourful_iGame_GeForce_RTX_2080_Advanced-V,Colorful iGame GeForce RTX 2080 Advanced-V,Colorful iGame GeForce RTX 2080 Advanced-V
GPU,NVIDIA GeForce,RTX 2000,GeForce RTX 2080,EVGA,GeForce RTX 2080 FTW3 ULTRA GAMING,,Y,6604,1030,343,25,40,1.1,,RGB,8,1620,1860,1960,2100,1300,1750,2000,2200,302,215,SLI,3.0,95,20,8-pin + 8-pin,RTX,10.0,10.5,10278,18496,1.7995719011480833,11222.0,20300.0,0.033804,0.01013,-14.5626,0.032748,0.009282,-17.5168,0.089011,0.014456,-72.7506,0.080905,0.006465,-53.8782,,,,,,,,,105,Prefabs/GPU/EVGA/GPU_EVGA_GEFORCE_RTX_2080,EVGA GeForce RTX 2080 FTW3 ULTRA GAMING,EVGA GeForce RTX 2080 FTW3 ULTRA GAMING
GPU,NVIDIA GeForce,RTX 2000,GeForce RTX 2080,GIGABYTE,AORUS GeForce RTX 2080 XTREME 8G,,Y,6722,1050,350,25,80,1.1,,RGB,8,1780,1890,1960,2000,1334,1767,2000,2200,290,215,SLI,2.5,95,20,8-pin + 8-pin,RTX,10.0,10.5,10469,18941,1.8092463463559079,11222.0,20300.0,0.033804,0.01013,-14.5626,0.032748,0.009282,-17.5168,0.089011,0.014456,-72.7506,0.080905,0.006465,-53.8782,,,,,,,,,105,Prefabs/GPU/GigaByte/GPU_AUROS_RTX_2080_And_Ti,GIGABYTE AORUS GeForce RTX 2080 XTREME 8G,GIGABYTE AORUS GeForce RTX 2080 XTREME 8G
GPU,NVIDIA GeForce,RTX 2000,GeForce RTX 2080,NVIDIA,GeForce RTX 2080 Founders Edition,,Y,6096,950,317,25,1,1.0,,Green,8,1320,1710,1960,2100,1300,1750,2000,2200,267,215,SLI,2.0,95,20,8-pin + 6-pin,RTX,10.0,10.5,9459,16411,1.73496141241146,11222.0,20300.0,0.033804,0.01013,-14.5626,0.032748,0.009282,-17.5168,0.089011,0.014456,-72.7506,0.080905,0.006465,-53.8782,,,,,,,,,105,Prefabs/GPU/NVidia/GPU_Nvidia_RTX_2080,NVIDIA GeForce RTX 2080 Founders Edition,NVIDIA GeForce RTX 2080 Founders Edition
GPU,NVIDIA GeForce,RTX 2000,GeForce RTX 2080 Super,ASUS,ROG STRIX GeForce RTX 2080 SUPER Series,,Y,6805,1050,350,28,60,1.6,PC,RGB,8,1680,1890,2000,2100,1574,1937,2150,2300,300,250,SLI,2.5,95,20,8-pin + 8-pin,RTX,10.2,10.5,10672,20669,1.9367503748125936,11562.0,23017.0,0.0496198,5.014e-05,-25.819,0.0486566,6.967e-05,-29.7478,0.023725,0.0418475,10.99498079,0.085745674,0.032456772,-108.1545758,,,,,,,,,105,Prefabs/GPU/ASUS/GPU_ASUS_ROG_Strix_GeForce_RTX2070_Super,ASUS ROG STRIX GeForce RTX 2080 SUPER Series,ASUS ROG STRIX GeForce RTX 2080 SUPER Series
GPU,NVIDIA GeForce,RTX 2000,GeForce RTX 2080 Super,Colorful,iGame GeForce RTX 2080 SUPER Advanced OC-V,,Y,6582,935,312,28,1,1.9,PC,RGB,8,1590,1845,2000,2100,1574,1937,2150,2300,315,250,SLI,2.5,95,20,8-pin + 8-pin,RTX,11.0,11.0,10309,20223,1.9616839654670677,11562.0,23017.0,0.0496198,5.014e-05,-25.819,0.0486566,6.967e-05,-29.7478,0.023725,0.0418475,10.99498079,0.085745674,0.032456772,-108.1545758,,,,,,,,,105,v1_9_0/Prefabs/GPU/Colorful/GPU_Colourful_iGame_GeForce_RTX_2080_SuperAdvanced-OC-V,Colorful iGame GeForce RTX 2080 SUPER Advanced OC-V,Colorful iGame GeForce RTX 2080 SUPER Advanced OC-V
GPU,NVIDIA GeForce,RTX 2000,GeForce RTX 2080 Super,Colorful,iGame GeForce RTX 2080 SUPER Vulcan X OC,,Y,6657,950,317,28,1,1.9,PC,RGB,8,1620,1860,2000,2100,1574,1937,2150,2300,318,250,SLI,3.0,95,20,8-pin + 8-pin,RTX,11.0,11.0,10430,20373,1.953307766059444,11562.0,23017.0,0.0496198,5.014e-05,-25.819,0.0486566,6.967e-05,-29.7478,0.023725,0.0418475,10.99498079,0.085745674,0.032456772,-108.1545758,,,,,,,,,105,v1_9_0/Prefabs/GPU/Colorful/GPU_iGame_GeForce_RTX_2080_SUPER_Vulcan_X_OC,Colorful iGame GeForce RTX 2080 SUPER Vulcan X OC,Colorful iGame GeForce RTX 2080 SUPER Vulcan X OC
GPU,NVIDIA GeForce,RTX 2000,GeForce RTX 2080 Super,EVGA,GeForce RTX 2080 SUPER BLACK GAMING,,Y,6433,960,320,28,80,1.7,PC,,8,1530,1815,2000,2100,1570,1935,2150,2300,270,250,SLI,2.0,95,20,8-pin + 8-pin,RTX,10.5,10.5,10067,19910,1.977749081156253,11562.0,23017.0,0.0496198,5.014e-05,-25.819,0.0486566,6.967e-05,-29.7478,0.023725,0.0418475,10.99498079,0.085745674,0.032456772,-108.1545758,,,,,,,,,105,v1_7_0/Prefabs/GPU/EVGA/GPU_EVGA_GeForce_RTX_2080_Super_Black_Gaming,EVGA GeForce RTX 2080 SUPER BLACK GAMING,EVGA GeForce RTX 2080 SUPER BLACK GAMING
GPU,NVIDIA GeForce,RTX 2000,GeForce RTX 2080 Super,GIGABYTE,AORUS GeForce RTX 2080 SUPER 8G,,Y,6657,1050,350,28,60,1.6,PC,RGB,8,1620,1860,2000,2100,1574,1937,2150,2300,290,250,SLI,2.5,95,20,8-pin + 8-pin,RTX,9.9,10.5,10430,20373,1.953307766059444,11562.0,23017.0,0.0496198,5.014e-05,-25.819,0.0486566,6.967e-05,-29.7478,0.023725,0.0418475,10.99498079,0.085745674,0.032456772,-108.1545758,,,,,,,,,105,Prefabs/GPU/GigaByte/GPU_AUROS_RTX_2080_And_Ti,GIGABYTE AORUS GeForce RTX 2080 SUPER 8G,GIGABYTE AORUS GeForce RTX 2080 SUPER 8G
GPU,NVIDIA GeForce,RTX 2000,GeForce RTX 2080 Super,GIGABYTE,GeForce RTX 2080 SUPER GAMING OC 8G,,Y,6582,980,327,28,65,1.7,PC,RGB,8,1590,1845,2000,2100,1570,1935,2150,2300,287,250,SLI,2.0,95,20,8-pin + 6-pin,RTX,10.5,10.5,10309,20211,1.9605199340382191,11562.0,23017.0,0.0496198,5.014e-05,-25.819,0.0486566,6.967e-05,-29.7478,0.023725,0.0418475,10.99498079,0.085745674,0.032456772,-108.1545758,,,,,,,,,105,v1_7_0/Prefabs/GPU/GigaByte/GPU_Gigabyte_Geforce_RTX2080_SuperGaming_OC_8GB,GIGABYTE GeForce RTX 2080 SUPER GAMING OC 8G,GIGABYTE GeForce RTX 2080 SUPER GAMING OC 8G
GPU,NVIDIA GeForce,RTX 2000,GeForce RTX 2080 Super,MSI,GeForce RTX 2080 SUPER GAMING X Trio,,Y,6582,935,312,28,1,1.9,PC,RGB,8,1590,1845,2000,2100,1574,1937,2150,2300,328,250,SLI,2.5,95,20,8-pin + 8-pin,RTX,11.0,11.0,10309,20223,1.9616839654670677,11562.0,23017.0,0.0496198,5.014e-05,-25.819,0.0486566,6.967e-05,-29.7478,0.023725,0.0418475,10.99498079,0.085745674,0.032456772,-108.1545758,,,,,,,,,105,v1_9_0/Prefabs/GPU/MSI/GPU_MSI_GeForce_RTX_2080_Super_Gaming_X_TRIO,MSI GeForce RTX 2080 SUPER GAMING X Trio,MSI GeForce RTX 2080 SUPER GAMING X Trio
GPU,NVIDIA GeForce,RTX 2000,GeForce RTX 2080 Super,MSI,GeForce RTX 2080 SUPER Ventus XS OC,,Y,6508,925,308,28,1,1.9,PC,,8,1560,1830,2000,2100,1574,1937,2150,2300,257,250,SLI,2.5,95,20,8-pin + 6-pin,RTX,11.0,11.0,10188,20073,1.9702591283863369,11562.0,23017.0,0.0496198,5.014e-05,-25.819,0.0486566,6.967e-05,-29.7478,0.023725,0.0418475,10.99498079,0.085745674,0.032456772,-108.1545758,,,,,,,,,105,v1_9_0/Prefabs/GPU/MSI/GPU_MSI_GeForce_RTX_2080_Super_Ventus_XS_OC,MSI GeForce RTX 2080 SUPER Ventus XS OC,MSI GeForce RTX 2080 SUPER Ventus XS OC
GPU,NVIDIA GeForce,RTX 2000,GeForce RTX 2080 Super,MSI,GeForce RTX 2080 SUPER™ AERO,,Y,6432,960,320,28,50,1.13,PC,,8,1530,1815,2000,2100,1100,1750,2150,2400,265,250,SLI,2.0,95,20,8-pin + 6-pin,RTX,10.5,10.5,10065,18800,1.0,11562.0,23017.0,0.0496198,5.014e-05,-25.819,0.0486566,6.967e-05,-29.7478,0.023725,0.0418475,10.99498079,0.085745674,0.032456772,-108.1545758,,,,,,,,,105,v1_13_0/Prefabs/GPU/MSI/GPU_MSI_GEFORCE_RTX_2080_SUPERAERO,MSI GeForce RTX 2080 SUPER™ AERO,MSI GeForce RTX 2080 SUPER™ AERO
GPU,NVIDIA GeForce,RTX 2000,GeForce RTX 2080 Super,ZOTAC,GAMING GeForce RTX 2080 SUPER Amp,,Y,6582,980,327,28,30,1.7,PC,RGB,8,1590,1845,2000,2100,1570,1935,2150,2300,298,250,SLI,2.0,95,20,8-pin + 8-pin,RTX,10.5,10.5,10309,20211,1.9605199340382191,11562.0,23017.0,0.0496198,5.014e-05,-25.819,0.0486566,6.967e-05,-29.7478,0.023725,0.0418475,10.99498079,0.085745674,0.032456772,-108.1545758,,,,,,,,,105,v1_7_0/Prefabs/GPU/ZOTAC/GPU_Zotac_Gaming_GeForce_RTX2080_Super_AMP,ZOTAC GAMING GeForce RTX 2080 SUPER Amp,ZOTAC GAMING GeForce RTX 2080 SUPER Amp
GPU,NVIDIA GeForce,RTX 2000,GeForce RTX 2080 Super,ZOTAC,GAMING GeForce RTX 2080 SUPER Amp Extreme,,Y,6731,1000,333,28,30,1.7,PC,RGB,8,1650,1875,2000,2100,1570,1935,2150,2300,324,250,SLI,2.5,95,20,8-pin + 8-pin,RTX,10.6,10.5,10551,20509,1.943796796512179,11562.0,23017.0,0.0496198,5.014e-05,-25.819,0.0486566,6.967e-05,-29.7478,0.023725,0.0418475,10.99498079,0.085745674,0.032456772,-108.1545758,,,,,,,,,105,v1_7_0/Prefabs/GPU/ZOTAC/GPU_Zotac_Gaming_GeForce_RTX2080_Super_AMP_Extreme,ZOTAC GAMING GeForce RTX 2080 SUPER Amp Extreme,ZOTAC GAMING GeForce RTX 2080 SUPER Amp Extreme
GPU,NVIDIA GeForce,RTX 2000,GeForce RTX 2080 Super,ZOTAC,GAMING GeForce RTX 2080 SUPER Twin Fan,,Y,6433,950,317,28,30,1.7,PC,RGB,8,1530,1815,2000,2100,1570,1935,2150,2300,268,250,SLI,2.0,95,20,8-pin + 6-pin,RTX,10.6,10.5,10067,19910,1.977749081156253,11562.0,23017.0,0.0496198,5.014e-05,-25.819,0.0486566,6.967e-05,-29.7478,0.023725,0.0418475,10.99498079,0.085745674,0.032456772,-108.1545758,,,,,,,,,105,v1_7_0/Prefabs/GPU/ZOTAC/GPU_Zotac_Gaming_GeForce_RTX2080_Super_TwinFan,ZOTAC GAMING GeForce RTX 2080 SUPER Twin Fan,ZOTAC GAMING GeForce RTX 2080 SUPER Twin Fan
GPU - Water,NVIDIA GeForce,RTX 2000,GeForce RTX 2080 Super,EVGA,GeForce RTX 2080 SUPER FTW3 HYDRO COPPER GAMING,,Y,6582,1350,450,26,1,1.9,PC,RGB,8,1390,1845,2090,2300,1374,1937,2247,2500,290,250,SLI,2.0,95,20,8-pin + 8-pin,RTX,7.6,,10309,20223,1.9616839654670677,,,0.0496198,5.014e-05,-25.819,0.0486566,6.967e-05,-29.7478,0.023725,0.0418475,10.99498079,0.085745674,0.032456772,-108.1545758,2000.0,2150.0,4.5,5.0,,,,,105,v1_9_0/Prefabs/GPU/EVGA/GPU_EVGA_GeForce_RTX_2080_Super_FTW3_Ultra_Hydro_Cooper_Gaming,EVGA GeForce RTX 2080 SUPER FTW3 HYDRO COPPER GAMING,EVGA GeForce RTX 2080 SUPER FTW3 HYDRO COPPER GAMING
GPU - Water,NVIDIA GeForce,RTX 2000,GeForce RTX 2080 Super,GIGABYTE,AORUS GeForce RTX 2080 SUPER WATERFORCE WB 8G,,Y,6657,1400,467,29,50,1.6,PC,RGB,8,1520,1860,2086,2200,1474,1937,2242,2400,291,250,SLI,2.0,95,20,8-pin + 8-pin,RTX,7.5,,10430,20373,1.953307766059444,,,0.0496198,5.014e-05,-25.819,0.0486566,6.967e-05,-29.7478,0.023725,0.0418475,10.99498079,0.085745674,0.032456772,-108.1545758,2000.0,2150.0,4.3,5.0,,,,,105,Prefabs/GPU/GigaByte/GPU_AORUS_RTX_2080_SUPER_WATERFORCE,GIGABYTE AORUS GeForce RTX 2080 SUPER WATERFORCE WB 8G,GIGABYTE AORUS GeForce RTX 2080 SUPER WATERFORCE WB 8G
GPU,NVIDIA GeForce,RTX 2000,GeForce RTX 2080 Ti,ASUS,ROG Strix Geforce RTX 2080 Ti 11GB Gaming,,Y,6984,1030,343,28,50,1.8,PC,RGB,11,920,1560,1960,2200,1400,1750,1950,2100,304,250,SLI,2.5,95,20,8-pin + 8-pin,RTX,10.5,10.5,10801,19185,1.7762244236644755,14164.0,25810.0,0.049184,0.008357,-21.5075,0.045342,0.007908,-22.257,0.05971,0.084504,-117.921,0.058653,0.082351,-124.174,,,,,,,,,105,v1_8_0/Prefabs/GPU/ASUS/GPU_ASUS_ROG_Strix_Geforce_RTX_2080_Ti_11G_Gaming,ASUS ROG Strix Geforce RTX 2080 Ti 11GB Gaming,ASUS ROG Strix Geforce RTX 2080 Ti 11GB Gaming
GPU,NVIDIA GeForce,RTX 2000,GeForce RTX 2080 Ti,Colorful,iGame GeForce RTX 2080 Ti Advanced OC,,Y,7353,1200,400,28,1,1.5,PC,RGB,11,1070,1635,1960,2200,1400,1750,1950,2100,304,250,SLI,2.5,95,20,8-pin + 8-pin,RTX,9.5,10.0,11382,19914,1.7496046389035318,14164.0,25810.0,0.049184,0.008357,-21.5075,0.045342,0.007908,-22.257,0.05971,0.084504,-117.921,0.058653,0.082351,-124.174,,,,,,,,,105,Prefabs/GPU/Colorful/GPU_Colorful_iGame_GeForce_RTX2080Ti_Advanced_OC,Colorful iGame GeForce RTX 2080 Ti Advanced OC,Colorful iGame GeForce RTX 2080 Ti Advanced OC
GPU,NVIDIA GeForce,RTX 2000,GeForce RTX 2080 Ti,Colorful,iGame GeForce RTX 2080 Ti Vulcan X OC,,Y,8017,1320,440,28,30,1.5,PC,RGB,11,1440,1770,1960,2100,1400,1750,1950,2100,318,250,SLI,2.5,95,20,8-pin + 8-pin + 8-pin,RTX,9.4,11.5,12427,21226,1.7080550414420215,14164.0,25810.0,0.049184,0.008357,-21.5075,0.045342,0.007908,-22.257,0.05971,0.084504,-117.921,0.058653,0.082351,-124.174,,,,,,,,,105,Prefabs/GPU/Colorful/GPU_Igame_geforce_RTX_2080_Ti_Vulcan_OC,Colorful iGame GeForce RTX 2080 Ti Vulcan X OC,Colorful iGame GeForce RTX 2080 Ti Vulcan X OC
GPU,NVIDIA GeForce,RTX 2000,GeForce RTX 2080 Ti,EVGA,GeForce RTX 2080 Ti FTW3 ULTRA GAMING,,Y,7943,1240,413,27,40,1.1,,RGB,11,1410,1755,1960,2100,1400,1750,1950,2100,302,250,SLI,3.0,95,20,8-pin + 8-pin,RTX,9.9,10.0,12311,21080,1.7122898221103078,14164.0,25810.0,0.049184,0.008357,-21.5075,0.045342,0.007908,-22.257,0.05971,0.084504,-117.921,0.058653,0.082351,-124.174,,,,,,,,,105,Prefabs/GPU/EVGA/GPU_EVGA_GEFORCE_RTX_2080TI,EVGA GeForce RTX 2080 Ti FTW3 ULTRA GAMING,EVGA GeForce RTX 2080 Ti FTW3 ULTRA GAMING
GPU,NVIDIA GeForce,RTX 2000,GeForce RTX 2080 Ti,EVGA,GeForce RTX 2080Ti XC BLACK EDITION GAMING,,Y,6984,1080,360,27,80,1.7,PC,RGB,11,920,1560,1960,2200,1400,1750,1950,2100,269,250,SLI,2.0,95,20,8-pin + 8-pin,RTX,10.0,10.0,10801,19185,1.7762244236644755,14164.0,25810.0,0.049184,0.008357,-21.5075,0.045342,0.007908,-22.257,0.05971,0.084504,-117.921,0.058653,0.082351,-124.174,,,,,,,,,105,v1_7_0/Prefabs/GPU/EVGA/GPU_EVGA_GeForce_RTX_2080_Ti_XC_Black_Edition_Gaming,EVGA GeForce RTX 2080Ti XC BLACK EDITION GAMING,EVGA GeForce RTX 2080Ti XC BLACK EDITION GAMING
GPU,NVIDIA GeForce,RTX 2000,GeForce RTX 2080 Ti,GIGABYTE,AORUS GeForce RTX 2080 Ti XTREME 11G,,Y,8031,1310,437,27,80,1.1,,RGB,11,1440,1770,1960,2100,1434,1767,1950,2100,290,250,SLI,2.5,95,20,8-pin + 8-pin,RTX,9.5,10.0,12450,21459,1.7236144578313253,14164.0,25810.0,0.049184,0.008357,-21.5075,0.045342,0.007908,-22.257,0.05971,0.084504,-117.921,0.058653,0.082351,-124.174,,,,,,,,,105,Prefabs/GPU/GigaByte/GPU_AUROS_RTX_2080_And_Ti,GIGABYTE AORUS GeForce RTX 2080 Ti XTREME 11G,GIGABYTE AORUS GeForce RTX 2080 Ti XTREME 11G
GPU,NVIDIA GeForce,RTX 2000,GeForce RTX 2080 Ti,NVIDIA,GeForce RTX 2080 Ti Founders Edition,,Y,6910,1130,377,27,1,1.0,,Green,11,890,1545,1960,2200,1400,1750,1950,2100,269,250,SLI,2.0,95,20,8-pin + 8-pin,RTX,9.5,10.0,10685,19039,1.781843706130089,14164.0,25810.0,0.049184,0.008357,-21.5075,0.045342,0.007908,-22.257,0.05971,0.084504,-117.921,0.058653,0.082351,-124.174,,,,,,,,,105,Prefabs/GPU/NVidia/GPU_Nvidia_RTX_2080Ti,NVIDIA GeForce RTX 2080 Ti Founders Edition,NVIDIA GeForce RTX 2080 Ti Founders Edition
GPU,NVIDIA GeForce,RTX 2000,GeForce RTX 2080 Ti,ZOTAC,GAMING GeForce RTX 2080 Ti Amp,,Y,7500,1150,383,27,30,1.7,PC,RGB,11,1130,1665,1960,2200,1400,1750,1950,2100,308,250,SLI,2.5,95,20,8-pin + 8-pin,RTX,10.1,10.0,11614,20205,1.739710693990012,14164.0,25810.0,0.049184,0.008357,-21.5075,0.045342,0.007908,-22.257,0.05971,0.084504,-117.921,0.058653,0.082351,-124.174,,,,,,,,,105,v1_7_0/Prefabs/GPU/ZOTAC/GPU_Zotac_Gaming_GeForce_RTX2080_Ti_AMP,ZOTAC GAMING GeForce RTX 2080 Ti Amp,ZOTAC GAMING GeForce RTX 2080 Ti Amp
GPU,NVIDIA GeForce,RTX 2000,GeForce RTX 2080 Ti,ZOTAC,GAMING GeForce RTX 2080 Ti Amp Extreme,,Y,8280,1300,433,27,50,1.6,PC,RGB,11,1530,1815,1960,2100,1500,1800,1950,2100,324,250,SLI,2.5,95,20,8-pin + 8-pin,RTX,9.9,10.0,12842,22348,1.7402273789129419,14164.0,25810.0,0.049184,0.008357,-21.5075,0.045342,0.007908,-22.257,0.05971,0.084504,-117.921,0.058653,0.082351,-124.174,,,,,,,,,105,Prefabs/GPU/ZOTAC/GPU_ZOTAC_Geforce_RTX2080Ti_AMP_Extreme,ZOTAC GAMING GeForce RTX 2080 Ti Amp Extreme,ZOTAC GAMING GeForce RTX 2080 Ti Amp Extreme
GPU,NVIDIA GeForce,RTX 2000,GeForce RTX 2080 Ti,ZOTAC,GAMING GeForce RTX 2080 Ti Amp MAXX,,Y,7500,1150,383,27,30,1.7,PC,RGB,11,1130,1665,1960,2200,1400,1750,1950,2100,298,250,SLI,2.0,95,20,8-pin + 8-pin,RTX,10.1,10.0,11614,20205,1.739710693990012,14164.0,25810.0,0.049184,0.008357,-21.5075,0.045342,0.007908,-22.257,0.05971,0.084504,-117.921,0.058653,0.082351,-124.174,,,,,,,,,105,v1_7_0/Prefabs/GPU/ZOTAC/GPU_Zotac_Gaming_GeForce_RTX2080_Ti_AMP_MAXX,ZOTAC GAMING GeForce RTX 2080 Ti Amp MAXX,ZOTAC GAMING GeForce RTX 2080 Ti Amp MAXX
GPU,NVIDIA GeForce,RTX 2000,GeForce RTX 2080 Ti,ZOTAC,GAMING GeForce RTX 2080 Ti Blower,,Y,6910,1050,350,27,30,1.7,PC,,11,890,1545,1960,2200,1400,1750,1950,2100,268,250,SLI,2.0,95,20,8-pin + 8-pin,RTX,10.2,10.0,10685,19039,1.781843706130089,14164.0,25810.0,0.049184,0.008357,-21.5075,0.045342,0.007908,-22.257,0.05971,0.084504,-117.921,0.058653,0.082351,-124.174,,,,,,,,,105,v1_7_0/Prefabs/GPU/ZOTAC/GPU_Zotac_Gaming_GeForce_RTX2080_Ti_Blower,ZOTAC GAMING GeForce RTX 2080 Ti Blower,ZOTAC GAMING GeForce RTX 2080 Ti Blower
GPU - Water,NVIDIA GeForce,RTX 2000,GeForce RTX 2080 Ti,EVGA,GeForce RTX 2080 Ti FTW3 ULTRA HYDRO COPPER GAMING,,Y,7943,1500,500,28,85,1.7,PC,RGB,11,1310,1755,2048,2200,1300,1750,2038,2200,291,250,SLI,2.0,95,20,8-pin + 8-pin,RTX,8.2,,12311,21080,1.7122898221103078,,,0.049184,0.008357,-21.5075,0.045342,0.007908,-22.257,0.05971,0.084504,-117.921,0.058653,0.082351,-124.174,1960.0,1950.0,4.5,5.0,,,,,105,v1_7_0/Prefabs/GPU/EVGA/GPU_EVGA_GeForce_RTX_2080_Ti_FTW3_Ultra_Hydro_Cooper_Gaming,EVGA GeForce RTX 2080 Ti FTW3 ULTRA HYDRO COPPER GAMING,EVGA GeForce RTX 2080 Ti FTW3 ULTRA HYDRO COPPER GAMING
GPU - Water,NVIDIA GeForce,RTX 2000,GeForce RTX 2080 Ti,EVGA,GeForce RTX 2080 Ti XC HYDRO COPPER GAMING,,Y,6910,1350,450,28,1,1.9,PC,RGB,11,690,1545,2048,2400,1300,1750,2038,2200,266,250,SLI,2.0,95,20,8-pin + 8-pin,RTX,7.9,,10685,19039,1.781843706130089,,,0.049184,0.008357,-21.5075,0.045342,0.007908,-22.257,0.05971,0.084504,-117.921,0.058653,0.082351,-124.174,1960.0,1950.0,4.5,5.0,,,,,105,v1_9_0/Prefabs/GPU/EVGA/GPU_EVGA_GeForce_RTX_2080_Ti_XC_HYDRO_COPPER_GAMING,EVGA GeForce RTX 2080 Ti XC HYDRO COPPER GAMING,EVGA GeForce RTX 2080 Ti XC HYDRO COPPER GAMING
GPU - Water,NVIDIA GeForce,RTX 2000,GeForce RTX 2080 Ti,GIGABYTE,AORUS GeForce RTX 2080 Ti XTREME WATERFORCE WB 11G,,Y,8031,1550,517,27,90,1.1,,,11,1340,1770,2044,2200,1334,1767,2034,2200,291,250,SLI,2.0,95,20,8-pin + 8-pin,RTX,8.0,,12450,21459,1.7236144578313253,,,0.049184,0.008357,-21.5075,0.045342,0.007908,-22.257,0.05971,0.084504,-117.921,0.058653,0.082351,-124.174,1960.0,1950.0,4.3,5.0,,,,,105,Prefabs/GPU/GigaByte/GPU_AUROS_RTX_2080_XTREME_WATERFORCE,GIGABYTE AORUS GeForce RTX 2080 Ti XTREME WATERFORCE WB 11G,GIGABYTE AORUS GeForce RTX 2080 Ti XTREME WATERFORCE WB 11G
GPU - Water,NVIDIA GeForce,RTX 2000,GeForce RTX 2080 Ti,NVIDIA,GeForce RTX 2080Ti | Alphacool Eisblock GPX-N Acetal M02,,Y,8031,1550,517,27,90,1.4,PC,,11,1340,1770,2044,2200,1334,1767,2034,2200,291,250,SLI,2.0,95,20,8-pin + 8-pin,RTX,8.0,,12450,21459,1.7236144578313253,,,0.049184,0.008357,-21.5075,0.045342,0.007908,-22.257,0.05971,0.084504,-117.921,0.058653,0.082351,-124.174,1960.0,1950.0,4.3,5.0,,,,,105,Prefabs/GPU/Alphacool/GPU_Alphacool_Eisblock_GPXN_Acetal_NvidiaGeforceRTX_2080Ti_M02,NVIDIA GeForce RTX 2080Ti | Alphacool Eisblock GPX-N Acetal M02,NVIDIA GeForce RTX 2080Ti | Alphacool Eisblock GPX-N Acetal M02
GPU - Water,NVIDIA GeForce,RTX 2000,GeForce RTX 2080 Ti,NVIDIA,GeForce RTX 2080Ti | Alphacool Eisblock GPX-N Plexi M02,,Y,8031,1550,517,27,90,1.4,PC,RGB,11,1340,1770,2044,2200,1334,1767,2034,2200,291,250,SLI,2.0,95,20,8-pin + 8-pin,RTX,8.0,,12450,21459,1.7236144578313253,,,0.049184,0.008357,-21.5075,0.045342,0.007908,-22.257,0.05971,0.084504,-117.921,0.058653,0.082351,-124.174,1960.0,1950.0,4.3,5.0,,,,,105,Prefabs/GPU/Alphacool/GPU_Alphacool_Eisblock_GPXNPlexi_NvidiaGeforceRTX_2080Ti_M01,NVIDIA GeForce RTX 2080Ti | Alphacool Eisblock GPX-N Plexi M02,NVIDIA GeForce RTX 2080Ti | Alphacool Eisblock GPX-N Plexi M02
GPU - Water,NVIDIA GeForce,RTX 2000,GeForce RTX 2080 Ti,ZOTAC,ZOTAC GAMING GeForce RTX 2080 Ti ArcticStorm,,Y,7058,1550,517,27,80,1.6,PC,RGB,11,850,1575,2048,2300,1300,1750,2038,2200,295,300,SLI,2.0,95,20,8-pin + 8-pin,RTX,7.0,,10918,19331,1.7705623740611833,,,0.049184,0.008357,-21.5075,0.045342,0.007908,-22.257,0.05971,0.084504,-117.921,0.058653,0.082351,-124.174,1960.0,1950.0,4.5,5.0,,,,,105,Prefabs/GPU/ZOTAC/GPU_Zotac_Gaming_Geforce_RTX2080Ti_ArticStorm,ZOTAC ZOTAC GAMING GeForce RTX 2080 Ti ArcticStorm,ZOTAC ZOTAC GAMING GeForce RTX 2080 Ti ArcticStorm
GPU,NVIDIA GeForce,RTX 3000,GeForce RTX 3060,Colorful,iGame GeForce RTX 3060 bilibili E-sports Edition OC 12G-V,,Y,5351,715,238,31,80,1.14,PC,,12,1554,1777,1920,2000,750,1875,2600,3000,300,170,,2.0,95,20,8-pin,,11.5,11.5,8082,0,,9100.0,0.0,0.020295,0.005688,6.784831,0.018054,0.004084,5.93456,0.0,0.0,0.0,0.0,0.0,0.0,,,,,,,Y,,106,v1_14_0/Prefabs/GPU/COLORFUL/GPU_iGame_GeForce_RTX_3060_bilibili_E-sports_Edition_OC_12G-V,Colorful iGame GeForce RTX 3060 bilibili E-sports Edition OC 12G-V,Colorful iGame GeForce RTX 3060 bilibili E-sports Edition OC 12G-V
GPU,NVIDIA GeForce,RTX 3000,GeForce RTX 3060,ZOTAC,GAMING GeForce RTX 3060 AMP White Edition,,Y,5534,760,253,32,1,1.15,PC,White,12,1734,1867,1920,2000,750,1875,2600,3000,231,170,,2.0,95,20,8-pin + 8-pin,,11.0,11.0,8364,0,,9100.0,0.0,0.020295,0.005688,6.784831,0.018054,0.004084,5.93456,0.0,0.0,0.0,0.0,0.0,0.0,,,,,,,Y,,106,v1_15_0/Prefabs/GPU/ZOTAC/GPU_ZOTAC_GAMING_GeForce_RTX_3060_AMP_White_Edition,ZOTAC GAMING GeForce RTX 3060 AMP White Edition,ZOTAC GAMING GeForce RTX 3060 AMP White Edition
GPU,NVIDIA GeForce,RTX 3000,GeForce RTX 3060,ZOTAC,GAMING GeForce RTX 3060 Twin Edge OC,,Y,5412,745,248,32,1,1.15,PC,,12,1614,1807,1920,2000,750,1875,2600,3000,224,170,,2.0,95,20,8-pin,,11.0,11.0,8176,0,,9100.0,0.0,0.020295,0.005688,6.784831,0.018054,0.004084,5.93456,0.0,0.0,0.0,0.0,0.0,0.0,,,,,,,Y,,106,v1_15_0/Prefabs/GPU/ZOTAC/GPU_ZOTAC_GAMING_GeForce_RTX_3060_Twin_Edge_OC,ZOTAC GAMING GeForce RTX 3060 Twin Edge OC,ZOTAC GAMING GeForce RTX 3060 Twin Edge OC
GPU,NVIDIA GeForce,RTX 3000,GeForce RTX 3060 Ti,Colorful,iGame GeForce RTX 3060 Ti bilibili E-sports Edition OC LHR-V,,Y,7014,970,323,31,80,1.14,PC,,8,1230,1665,1950,2100,1500,1750,1900,2000,300,200,,2.0,95,20,8-pin,,11.0,11.0,10535,0,,11831.0,0.0,0.023313,0.012362,9.697741,0.02102,0.009301,7.97578,0.0,0.0,0.0,0.0,0.0,0.0,,,,,,,Y,,106,v1_14_0/Prefabs/GPU/COLORFUL/GPU_iGame_GeForce_RTX_3060_Ti_bilibili_E-sports_Edition_OC_LHR-V,Colorful iGame GeForce RTX 3060 Ti bilibili E-sports Edition OC LHR-V,Colorful iGame GeForce RTX 3060 Ti bilibili E-sports Edition OC LHR-V
GPU,NVIDIA GeForce,RTX 3000,GeForce RTX 3060 Ti,MSI,GeForce RTX™ 3060Ti GAMING X TRIO,,Y,7399,1060,353,31,1,1.10.5,PC,RGB,8,1560,1830,1950,2100,1500,1750,1900,2000,323,200,,2.5,95,20,8-pin + 8-pin,,10.5,10.5,11134,0,,11831.0,0.0,0.023313,0.012362,9.697741,0.02102,0.009301,7.97578,0.0,0.0,0.0,0.0,0.0,0.0,,,,,,,,,106,v1_10_0/Prefabs/GPU/MSI/GPU_MSI_GeForce_RTX_3060ti_GAMING_X_TRIO,MSI GeForce RTX™ 3060Ti GAMING X TRIO,MSI GeForce RTX™ 3060Ti GAMING X TRIO
GPU,NVIDIA GeForce,RTX 3000,GeForce RTX 3060 Ti,NVIDIA,GeForce RTX 3060 Ti Founders Edition,,Y,7014,1005,335,32,80,1.14,PC,,8,1230,1665,1950,2100,1500,1750,1900,2000,242,200,,2.0,95,20,8-pin,,10.5,10.5,10535,0,,11831.0,0.0,0.023313,0.012362,9.697741,0.02102,0.009301,7.97578,0.0,0.0,0.0,0.0,0.0,0.0,,,,,,,Y,,106,v1_14_0/Prefabs/GPU/NVIDIA/GPU_NVIDIA_3060Ti_Founders_Edition,NVIDIA GeForce RTX 3060 Ti Founders Edition,NVIDIA GeForce RTX 3060 Ti Founders Edition
GPU,NVIDIA GeForce,RTX 3000,GeForce RTX 3060 Ti,ZOTAC,GAMING GeForce RTX 3060 Ti Twin Edge OC,,Y,7084,1015,338,34,90,1.14,PC,White,8,1290,1695,1950,2100,1500,1750,1900,2000,222,200,,2.0,95,20,8-pin,RTX,10.5,10.5,10644,0,,11831.0,0.0,0.023313,0.012362,9.697741,0.02102,0.009301,7.97578,0.0,0.0,0.0,0.0,0.0,0.0,,,,,,,Y,,106,v1_14_0/Prefabs/GPU/ZOTAC/GPU_ZOTAC_GAMING_GEFORCE_RTX_3060_TI_TWIN_EDGE_OC,ZOTAC GAMING GeForce RTX 3060 Ti Twin Edge OC,ZOTAC GAMING GeForce RTX 3060 Ti Twin Edge OC
GPU,NVIDIA GeForce,RTX 3000,GeForce RTX 3070,ASUS,GeForce RTX 3070 OC Edition 8GB GDDR6,,Y,8201,1185,395,31,30,1.10,PC,Mixed,8,1340,1770,2050,2200,1300,1750,2000,2200,267,220,,2.5,95,20,8-pin + 8-pin,,10.5,10.5,12454,0,,13402.0,0.0,0.036679,0.000247,16.66125,0.031105,0.000209,15.28167,0.0,0.0,0.0,0.0,0.0,0.0,,,,,,,,,106,v1_10_0/Prefabs/GPU/ASUS/GPU_ASUS_GeForce_RTX_3070_OC_Edition_8GB_GDDR6,ASUS GeForce RTX 3070 OC Edition 8GB GDDR6,ASUS GeForce RTX 3070 OC Edition 8GB GDDR6
GPU,NVIDIA GeForce,RTX 3000,GeForce RTX 3070,Colorful,iGame GeForce RTX 3070 bilibili E-sports Edition OC LHR-V,,Y,8036,1195,398,31,80,1.14,PC,,8,1150,1725,2050,2300,1300,1750,2000,2200,300,240,,2.0,95,20,8-pin + 8-pin,,10.5,10.5,12205,0,,14009.0,0.0,0.036679,0.000247,16.66125,0.031105,0.000209,15.28167,0.0,0.0,0.0,0.0,0.0,0.0,,,,,,,Y,,106,v1_14_0/Prefabs/GPU/COLORFUL/GPU_iGame_GeForce_RTX_3070_bilibili_E-sports_Edition_OC_LHR-V,Colorful iGame GeForce RTX 3070 bilibili E-sports Edition OC LHR-V,Colorful iGame GeForce RTX 3070 bilibili E-sports Edition OC LHR-V
GPU,NVIDIA GeForce,RTX 3000,GeForce RTX 3070,Colorful,iGame GeForce RTX 3070 Ultra W OC-V,,Y,8201,1185,395,31,80,1.13,PC,RGB,8,1340,1770,2050,2200,1300,1750,2000,2200,310,220,,2.5,95,20,8-pin + 8-pin + 8-pin,,10.5,10.5,12454,0,,14009.0,0.0,0.036679,0.000247,16.66125,0.031105,0.000209,15.28167,0.0,0.0,0.0,0.0,0.0,0.0,,,,,,,,,106,v1_13_0/Prefabs/GPU/Colorful/GPU_Colorful_iGame_GeForce_RTX_3070_Ultra_W_OC-V_MS,Colorful iGame GeForce RTX 3070 Ultra W OC-V,Colorful iGame GeForce RTX 3070 Ultra W OC-V
GPU,NVIDIA GeForce,RTX 3000,GeForce RTX 3070,MSI,GeForce RTX™ 3070 VENTUS 2X,,Y,8036,1160,387,31,70,1.12,PC,,8,1150,1725,2050,2300,1300,1750,2000,2200,232,220,,2.5,95,20,8-pin + 8-pin,,10.5,10.5,12205,0,,14009.0,0.0,0.036679,0.000247,16.66125,0.031105,0.000209,15.28167,0.0,0.0,0.0,0.0,0.0,0.0,,,,,,,,,106,v1_12_0/Prefabs/GPU/MSI/GPU_MSI_GEFORCE_RTX_3070_VENTUS_2X,MSI GeForce RTX™ 3070 VENTUS 2X,MSI GeForce RTX™ 3070 VENTUS 2X
GPU,NVIDIA GeForce,RTX 3000,GeForce RTX 3070,NVIDIA,GeForce RTX 3070,,Y,8036,1160,387,31,1,1.10,PC,,8,1150,1725,2050,2300,1300,1750,2000,2200,267,220,,2.5,95,20,8-pin,,10.5,10.5,12205,0,,13402.0,0.0,0.036679,0.000247,16.66125,0.031105,0.000209,15.28167,0.0,0.0,0.0,0.0,0.0,0.0,,,,,,,,,106,v1_10_0/Prefabs/GPU/NVidia/GPU_NVIDIA_GEFORCE_RTX_3070,NVIDIA GeForce RTX 3070,NVIDIA GeForce RTX 3070
GPU,NVIDIA GeForce,RTX 3000,GeForce RTX 3070,ZOTAC,GAMING GeForce RTX 3070 AMP Holo,,Y,8256,1195,398,32,1,1.15,PC,RGB,8,1370,1785,2050,2200,1300,1750,2000,2200,291,240,,2.5,95,20,8-pin + 8-pin,,10.5,10.5,12537,0,,14009.0,0.0,0.036679,0.000247,16.66125,0.031105,0.000209,15.28167,0.0,0.0,0.0,0.0,0.0,0.0,,,,,,,Y,,106,v1_15_0/Prefabs/GPU/ZOTAC/GPU_ZOTAC_GAMING_GeForce_RTX_3070_AMP_Holo,ZOTAC GAMING GeForce RTX 3070 AMP Holo,ZOTAC GAMING GeForce RTX 3070 AMP Holo
GPU,NVIDIA GeForce,RTX 3000,GeForce RTX 3070,ZOTAC,GAMING GeForce RTX 3070 Twin Edge OC,,Y,8146,1125,375,31,30,1.13,PC,White,8,1310,1755,2050,2200,1300,1750,2000,2200,232,220,,2.0,95,20,8-pin + 8-pin,RTX,11.0,11.0,12371,0,,14009.0,0.0,0.036679,0.000247,16.66125,0.031105,0.000209,15.28167,0.0,0.0,0.0,0.0,0.0,0.0,,,,,,,,,106,v1_13_0/Prefabs/GPU/ZOTAC/GPU_ZOTAC_GAMING_GeForce_RTX_3070_Twin_Edge_OC,ZOTAC GAMING GeForce RTX 3070 Twin Edge OC,ZOTAC GAMING GeForce RTX 3070 Twin Edge OC
GPU,NVIDIA GeForce,RTX 3000,GeForce RTX 3070,ZOTAC,GAMING GeForce RTX 3070 Twin Edge OC White Edition,,Y,8146,1125,375,31,30,1.13,PC,White,8,1310,1755,2050,2200,1300,1750,2000,2200,232,220,,2.0,95,20,8-pin + 8-pin,RTX,11.0,11.0,12371,0,,14009.0,0.0,0.036679,0.000247,16.66125,0.031105,0.000209,15.28167,0.0,0.0,0.0,0.0,0.0,0.0,,,,,,,,,106,v1_13_0/Prefabs/GPU/ZOTAC/GPU_ZOTAC_GAMING_MS_GeForce_RTX_3070_Twin_Edge_OC,ZOTAC GAMING GeForce RTX 3070 Twin Edge OC White Edition,ZOTAC GAMING GeForce RTX 3070 Twin Edge OC White Edition
GPU - Water,NVIDIA GeForce,RTX 3000,GeForce RTX 3070,CORSAIR,GeForce RTX 3070 | Corsair Hydro X Series XG7 STRIX RGB,,Y,8036,1450,483,31,90,1.11,,RGB,8,950,1725,2185,2500,1100,1750,2132,2400,285,220,,2.0,95,20,8-pin + 8-pin + 8-pin,,8.4,,12205,0,,,,0.036679,0.000247,16.66125,0.031105,0.000209,15.28167,0.0,0.0,0.0,0.0,0.0,0.0,2050.0,2000.0,6.6,5.0,,,,,106,v1_11_0/Prefabs/GPU/Corsair/GPU_CORSAIR_Hydro_X_Series_XG7_RGB_30_SERIES_STRIX_GPU_Water_Block_3070,CORSAIR GeForce RTX 3070 | Corsair Hydro X Series XG7 STRIX RGB,CORSAIR GeForce RTX 3070 | Corsair Hydro X Series XG7 STRIX RGB
GPU,NVIDIA GeForce,RTX 3000,GeForce RTX 3070 Ti,NVIDIA,GeForce RTX 3070 Ti Founders Edition,,Y,8470,1160,387,32,80,1.14,PC,,8,1540,1770,1920,2000,1076,1188,1250,1300,267,290,,2.0,95,20,8-pin + 8-pin,,11.0,11.0,12735,0,,14119.0,0.0,0.058954,0.003138,-23.3698,0.05259,0.000298,-21.7489,0.0,0.0,0.0,0.0,0.0,0.0,,,,,,,Y,,106,v1_14_0/Prefabs/GPU/NVIDIA/GPU_NVIDIA_3070_TI_FOUNDERS_EDITION,NVIDIA GeForce RTX 3070 Ti Founders Edition,NVIDIA GeForce RTX 3070 Ti Founders Edition
GPU,NVIDIA GeForce,RTX 3000,GeForce RTX 3070 Ti,ZOTAC,GAMING GeForce RTX 3070 Ti AMP Holo,,Y,8824,1265,422,34,90,1.14,PC,RGB,8,1660,1830,1920,2000,1076,1188,1250,1300,317,310,,2.5,95,20,8-pin + 8-pin,RTX,10.5,10.5,13283,0,,14119.0,0.0,0.058954,0.003138,-23.3698,0.05259,0.000298,-21.7489,0.0,0.0,0.0,0.0,0.0,0.0,,,,,,,Y,,106,v1_14_0/Prefabs/GPU/ZOTAC/GPU_ZOTAC_GAMING_GEFORCE_RTX_3070_TI_AMP_HOLO,ZOTAC GAMING GeForce RTX 3070 Ti AMP Holo,ZOTAC GAMING GeForce RTX 3070 Ti AMP Holo
GPU,NVIDIA GeForce,RTX 3000,GeForce RTX 3080,ASUS,TUF Gaming GeForce RTX 3080 O10G,,Y,9929,1445,482,31,50,1.10,PC,RGB,10,1330,1815,2100,2300,976,1188,1320,1400,299,320,,2.5,95,20,8-pin + 8-pin,,10.5,10.5,15158,0,,16007.0,0.0,0.029755,0.000901,44.22204,0.025457,0.000666,39.45169,0.0,0.0,0.0,0.0,0.0,0.0,,,,,,,,,106,v1_10_0/Prefabs/GPU/ASUS/GPU_ASUS_TUF_Gaming_GeForce_RTX_3080_O10G,ASUS TUF Gaming GeForce RTX 3080 O10G,ASUS TUF Gaming GeForce RTX 3080 O10G
GPU,NVIDIA GeForce,RTX 3000,GeForce RTX 3080,Colorful,GeForce RTX 3080 NB 10G-V,,Y,9617,1335,445,31,30,1.11,PC,RGB,10,1120,1710,2100,2300,976,1188,1320,1400,310,370,,2.5,95,20,8-pin + 8-pin,,11.0,11.0,14685,0,,16007.0,0.0,0.029755,0.000901,44.22204,0.025457,0.000666,39.45169,0.0,0.0,0.0,0.0,0.0,0.0,,,,,,,,,106,v1_11_0/Prefabs/GPU/Colorful/GPU_COLORFUL_GEFORCE_RTX_3080_NB_10G-V,Colorful GeForce RTX 3080 NB 10G-V,Colorful GeForce RTX 3080 NB 10G-V
GPU,NVIDIA GeForce,RTX 3000,GeForce RTX 3080,Colorful,iGame GeForce RTX 3080 Advanced 10G-V,,Y,9617,1335,445,31,10,1.10,PC,RGB,10,1120,1710,2100,2300,976,1188,1320,1400,315,320,,2.5,95,20,8-pin + 8-pin + 8-pin,,11.0,11.0,14685,0,,16007.0,0.0,0.029755,0.000901,44.22204,0.025457,0.000666,39.45169,0.0,0.0,0.0,0.0,0.0,0.0,,,,,,,,,106,v1_10_0/Prefabs/GPU/Colorful/GPU_COLORFUL_IGAME_GEFORCE_RTX_3080_ADVANCED_10G-V,Colorful iGame GeForce RTX 3080 Advanced 10G-V,Colorful iGame GeForce RTX 3080 Advanced 10G-V
GPU,NVIDIA GeForce,RTX 3000,GeForce RTX 3080,Colorful,iGame GeForce RTX 3080 Ultra OC 10G-V,,Y,9751,1355,452,31,10,1.10,PC,RGB,10,1210,1755,2100,2300,976,1188,1320,1400,310,320,,2.5,95,20,8-pin + 8-pin + 8-pin,,11.0,11.0,14888,0,,16007.0,0.0,0.029755,0.000901,44.22204,0.025457,0.000666,39.45169,0.0,0.0,0.0,0.0,0.0,0.0,,,,,,,,,106,v1_10_0/Prefabs/GPU/Colorful/GPU_COLORFUL_IGAME_GEFORCE_RTX_3080_ULTRA_OC_10G-V,Colorful iGame GeForce RTX 3080 Ultra OC 10G-V,Colorful iGame GeForce RTX 3080 Ultra OC 10G-V
GPU,NVIDIA GeForce,RTX 3000,GeForce RTX 3080,Colorful,iGame GeForce RTX 3080 Vulcan OC 10G-V,,Y,9885,1370,457,31,30,1.10,PC,RGB,10,1300,1800,2100,2300,976,1188,1320,1400,323,370,,2.5,95,20,8-pin + 8-pin + 8-pin,,11.0,11.0,15090,0,,16007.0,0.0,0.029755,0.000901,44.22204,0.025457,0.000666,39.45169,0.0,0.0,0.0,0.0,0.0,0.0,,,,,,,,,106,v1_10_0/Prefabs/GPU/Colorful/GPU_Colorful_iGame_GeForce_RTX_3080_Vulcan_10G_V,Colorful iGame GeForce RTX 3080 Vulcan OC 10G-V,Colorful iGame GeForce RTX 3080 Vulcan OC 10G-V
GPU,NVIDIA GeForce,RTX 3000,GeForce RTX 3080,EVGA,GeForce RTX 3080 FTW3 ULTRA GAMING,,Y,9885,1310,437,31,30,1.10,,RGB,10,1300,1800,2100,2300,976,1188,1320,1400,300,320,,2.5,95,20,8-pin + 8-pin + 8-pin,,11.5,11.5,15090,0,,16007.0,0.0,0.029755,0.000901,44.22204,0.025457,0.000666,39.45169,0.0,0.0,0.0,0.0,0.0,0.0,,,,,,,,,106,v1_10_0/Prefabs/GPU/EVGA/GPU_EVGA_GeForce_RTX_3080_FTW3_ULTRA_GAMING,EVGA GeForce RTX 3080 FTW3 ULTRA GAMING,EVGA GeForce RTX 3080 FTW3 ULTRA GAMING
GPU,NVIDIA GeForce,RTX 3000,GeForce RTX 3080,EVGA,GeForce RTX 3080 XC3 ULTRA GAMING,,Y,9751,1295,432,31,10,1.10,,RGB,10,1210,1755,2100,2300,976,1188,1320,1400,285,320,,2.0,95,20,8-pin + 8-pin,,11.5,11.5,14888,0,,16007.0,0.0,0.029755,0.000901,44.22204,0.025457,0.000666,39.45169,0.0,0.0,0.0,0.0,0.0,0.0,,,,,,,,,106,v1_10_0/Prefabs/GPU/EVGA/GPU_EVGA_GeForce_RTX_3080_XC3_ULTRA_GAMING,EVGA GeForce RTX 3080 XC3 ULTRA GAMING,EVGA GeForce RTX 3080 XC3 ULTRA GAMING
GPU,NVIDIA GeForce,RTX 3000,GeForce RTX 3080,MSI,GeForce RTX™ 3080 SUPRIM X 10G,,Y,10197,1565,522,31,1,1.10.5,PC,RGB,10,1610,1905,2100,2200,976,1188,1320,1400,336,320,,2.5,95,20,8-pin + 8-pin + 8-pin,,10.0,10.0,15563,0,,16007.0,0.0,0.029755,0.000901,44.22204,0.025457,0.000666,39.45169,0.0,0.0,0.0,0.0,0.0,0.0,,,,,,,,,106,v1_10_0/Prefabs/GPU/MSI/GPU_MSI_GeForce_RTX_3080_SUPRIM_X_24G,MSI GeForce RTX™ 3080 SUPRIM X 10G,MSI GeForce RTX™ 3080 SUPRIM X 10G
GPU,NVIDIA GeForce,RTX 3000,GeForce RTX 3080,NVIDIA,GeForce RTX 3080,,Y,9617,1275,425,31,1,1.10,PC,,10,1120,1710,2100,2300,976,1188,1320,1400,285,320,,2.5,95,20,8-pin + 8-pin,,11.5,11.5,14685,0,,16007.0,0.0,0.029755,0.000901,44.22204,0.025457,0.000666,39.45169,0.0,0.0,0.0,0.0,0.0,0.0,,,,,,,,,106,v1_10_0/Prefabs/GPU/NVidia/GPU_NVIDIA_GEFORCE_RTX_3080,NVIDIA GeForce RTX 3080,NVIDIA GeForce RTX 3080
GPU,NVIDIA GeForce,RTX 3000,GeForce RTX 3080,ZOTAC,GAMING GeForce RTX 3080 Trinity,,Y,9617,1400,467,32,1,1.15,PC,RGB,10,1120,1710,2100,2300,976,1188,1320,1400,317,320,,2.5,95,20,8-pin + 8-pin,RTX,10.5,10.5,14685,0,,16457.0,0.0,0.029755,0.000901,44.22204,0.025457,0.000666,39.45169,0.0,0.0,0.0,0.0,0.0,0.0,,,,,,,,,106,v1_13_0/Prefabs/GPU/ZOTAC/GPU_ZOTAC_GAMING_GeForce_RTX_3080_Ti_Trinity_OC,ZOTAC GAMING GeForce RTX 3080 Trinity,ZOTAC GAMING GeForce RTX 3080 Trinity
GPU - Water,NVIDIA GeForce,RTX 3000,GeForce RTX 3080,CORSAIR,GeForce RTX 3080 | Corsair Hydro X Series XG7 REFERENCE RGB,,Y,9617,1700,567,31,90,1.11,,RGB,10,820,1710,2239,2600,776,1188,1407,1600,240,320,,2.0,95,20,8-pin + 8-pin,,8.6,,14685,0,,,,0.029755,0.000901,44.22204,0.025457,0.000666,39.45169,0.0,0.0,0.0,0.0,0.0,0.0,2100.0,1320.0,6.6,5.0,,,,,106,v1_11_0/Prefabs/GPU/Corsair/GPU_CORSAIR_Hydro_X_Series_XG7_RGB_30_SERIES_Reference_3080,CORSAIR GeForce RTX 3080 | Corsair Hydro X Series XG7 REFERENCE RGB,CORSAIR GeForce RTX 3080 | Corsair Hydro X Series XG7 REFERENCE RGB
GPU - Water,NVIDIA GeForce,RTX 3000,GeForce RTX 3080,CORSAIR,GeForce RTX 3080 | Corsair Hydro X Series XG7 STRIX RGB,,Y,9617,1700,567,31,90,1.11,,RGB,10,820,1710,2239,2600,776,1188,1407,1600,285,320,,2.0,95,20,8-pin + 8-pin + 8-pin,,8.6,,14685,0,,,,0.029755,0.000901,44.22204,0.025457,0.000666,39.45169,0.0,0.0,0.0,0.0,0.0,0.0,2100.0,1320.0,6.6,5.0,,,,,106,v1_11_0/Prefabs/GPU/Corsair/GPU_CORSAIR_Hydro_X_Series_XG7_RGB_30_SERIES_STRIX_GPU_Water_Block_3080,CORSAIR GeForce RTX 3080 | Corsair Hydro X Series XG7 STRIX RGB,CORSAIR GeForce RTX 3080 | Corsair Hydro X Series XG7 STRIX RGB
GPU - Water,NVIDIA GeForce,RTX 3000,GeForce RTX 3080,CORSAIR,GeForce RTX 3080 | Corsair Hydro X Series XG7 VENTUS RGB,,Y,9617,1700,567,31,90,1.11,,RGB,10,820,1710,2239,2600,776,1188,1407,1600,258,320,,2.0,95,20,8-pin + 8-pin,,8.6,,14685,0,,,,0.029755,0.000901,44.22204,0.025457,0.000666,39.45169,0.0,0.0,0.0,0.0,0.0,0.0,2100.0,1320.0,6.6,5.0,,,,,106,v1_11_0/Prefabs/GPU/Corsair/GPU_CORSAIR_Hydro_X_Series_XG7_RGB_30_SERIES_VENTUS_GPU_Water_Block_3080,CORSAIR GeForce RTX 3080 | Corsair Hydro X Series XG7 VENTUS RGB,CORSAIR GeForce RTX 3080 | Corsair Hydro X Series XG7 VENTUS RGB
GPU - Water,NVIDIA GeForce,RTX 3000,GeForce RTX 3080,CORSAIR,GeForce RTX 3080 FE | Corsair Hydro X Series XG7 RGB,,Y,9617,1700,567,31,90,1.11,,RGB,10,820,1710,2239,2600,776,1188,1407,1600,200,320,,2.0,95,20,8-pin + 8-pin,,8.6,,14685,0,,,,0.029755,0.000901,44.22204,0.025457,0.000666,39.45169,0.0,0.0,0.0,0.0,0.0,0.0,2100.0,1320.0,6.6,5.0,,,,,106,v1_11_0/Prefabs/GPU/Corsair/GPU_CORSAIR_Hydro_X_Series_XG7_RGB_30_SERIES_GPU_Water_Block_3080_FE,CORSAIR GeForce RTX 3080 FE | Corsair Hydro X Series XG7 RGB,CORSAIR GeForce RTX 3080 FE | Corsair Hydro X Series XG7 RGB
GPU - Water,NVIDIA GeForce,RTX 3000,GeForce RTX 3080,EVGA,GeForce RTX 3080 FTW3 ULTRA HYDRO COPPER GAMING,,Y,9885,1800,600,31,90,1.11,PC,RGB,10,1200,1800,2195,2400,876,1188,1379,1500,289,320,,1.5,95,20,8-pin + 8-pin + 8-pin,RTX,8.4,,15090,0,,,,0.029755,0.000901,44.22204,0.025457,0.000666,39.45169,0.0,0.0,0.0,0.0,0.0,0.0,2100.0,1320.0,4.5,5.0,,,,,106,v1_11_0/Prefabs/GPU/EVGA/GPU_EVGA_GEFORCE_RTX_3080_FTW3_ULTRA_HYDRO_COPPER_GAMING,EVGA GeForce RTX 3080 FTW3 ULTRA HYDRO COPPER GAMING,EVGA GeForce RTX 3080 FTW3 ULTRA HYDRO COPPER GAMING
GPU - Water,NVIDIA GeForce,RTX 3000,GeForce RTX 3080,EVGA,GeForce RTX 3080 XC3 ULTRA HYDRO COPPER GAMING,,Y,9751,1750,583,31,90,1.11,PC,RGB,10,1010,1755,2195,2500,876,1188,1379,1500,263,320,,1.5,95,20,8-pin + 8-pin,RTX,8.5,,14888,0,,,,0.029755,0.000901,44.22204,0.025457,0.000666,39.45169,0.0,0.0,0.0,0.0,0.0,0.0,2100.0,1320.0,4.5,5.0,,,,,106,v1_11_0/Prefabs/GPU/EVGA/GPU_EVGA_GEFORCE_RTX_3080_XC3_ULTRA_HYDRO_COPPER_GAMING,EVGA GeForce RTX 3080 XC3 ULTRA HYDRO COPPER GAMING,EVGA GeForce RTX 3080 XC3 ULTRA HYDRO COPPER GAMING
GPU,NVIDIA GeForce,RTX 3000,GeForce RTX 3080 Ti,NVIDIA,GeForce RTX 3080 Ti Founders Edition,,Y,11829,1555,518,32,80,1.14,PC,White,12,1230,1665,1900,2100,1076,1188,1250,1300,285,350,,2.0,95,20,8-pin + 8-pin,,11.5,11.5,17890,0,,19240.0,0.0,0.026233,0.045869,20.12464,0.02305,0.034954,21.30461,0.0,0.0,0.0,0.0,0.0,0.0,,,,,,,Y,,106,v1_14_0/Prefabs/GPU/NVIDIA/GPU_NVIDIA_3080Ti_Founders_Edition,NVIDIA GeForce RTX 3080 Ti Founders Edition,NVIDIA GeForce RTX 3080 Ti Founders Edition
GPU,NVIDIA GeForce,RTX 3000,GeForce RTX 3080 Ti,ZOTAC,GAMING GeForce RTX 3080 Ti AMP Holo,,Y,11947,1805,602,34,90,1.14,PC,RGB,12,1420,1710,1900,2000,1076,1188,1250,1300,318,350,,2.5,95,20,8-pin + 8-pin,RTX,10.0,10.0,18071,0,,19240.0,0.0,0.026233,0.045869,20.12464,0.02305,0.034954,21.30461,0.0,0.0,0.0,0.0,0.0,0.0,,,,,,,Y,,106,v1_14_0/Prefabs/GPU/ZOTAC/GPU_ZOTAC_GAMING_GEFORCE_RTX_3080_TI_AMP_HOLO,ZOTAC GAMING GeForce RTX 3080 Ti AMP Holo,ZOTAC GAMING GeForce RTX 3080 Ti AMP Holo
GPU,NVIDIA GeForce,RTX 3000,GeForce RTX 3080 Ti,ZOTAC,GAMING GeForce RTX 3080 Ti Trinity OC,,Y,11986,1725,575,34,90,1.13,PC,RGB,12,1450,1725,1900,2000,1076,1188,1250,1300,317,350,,2.5,95,20,8-pin + 8-pin,RTX,10.5,10.5,18131,0,,19240.0,0.0,0.026233,0.045869,20.12464,0.02305,0.034954,21.30461,0.0,0.0,0.0,0.0,0.0,0.0,,,,,,,,,106,v1_13_0/Prefabs/GPU/ZOTAC/GPU_ZOTAC_GAMING_GeForce_RTX_3080_Ti_Trinity_OC,ZOTAC GAMING GeForce RTX 3080 Ti Trinity OC,ZOTAC GAMING GeForce RTX 3080 Ti Trinity OC
GPU,NVIDIA GeForce,RTX 3000,GeForce RTX 3080 Ti,ZOTAC,GAMING GeForce RTX 3080 Trinity OC White Edition,,Y,12026,1410,470,31,50,1.13,PC,RGB,10,1480,1740,1900,2000,1076,1188,1250,1300,317,350,,2.5,95,20,8-pin + 8-pin,RTX,10.5,10.5,18192,0,,16457.0,0.0,0.026233,0.045869,20.12464,0.02305,0.034954,21.30461,0.0,0.0,0.0,0.0,0.0,0.0,,,,,,,,,106,v1_13_0/Prefabs/GPU/ZOTAC/GPU_ZOTAC_GAMING_GeForce_RTX_3080_Trinity_OC_White_MS,ZOTAC GAMING GeForce RTX 3080 Trinity OC White Edition,ZOTAC GAMING GeForce RTX 3080 Trinity OC White Edition
GPU,NVIDIA GeForce,RTX 3000,GeForce RTX 3090,ASUS,ROG Strix GeForce RTX 3090 O24G,,Y,12341,1700,567,32,50,1.10,,RGB,24,1420,1860,2100,2300,38,1219,2000,2400,318,350,SLI,2.5,95,50,8-pin + 8-pin + 8-pin,RTX 3000,11.0,11.0,18679,32798,1.7558755822046148,23658.0,46739.0,0.025237,0.035803,32.83273,0.022912,0.028006,28.98821,0.049293,0.101481,-1.17649,0.063254,0.082598,-30.8004,,,,,,,,,106,v1_10_0/Prefabs/GPU/ASUS/GPU_ASUS_ROG_Strix_GeForce_RTX_3090_O24G,ASUS ROG Strix GeForce RTX 3090 O24G,ASUS ROG Strix GeForce RTX 3090 O24G
GPU,NVIDIA GeForce,RTX 3000,GeForce RTX 3090,Colorful,GeForce RTX 3090 NB-V,,Y,11925,1805,602,32,1,1.11,PC,RGB,24,990,1695,2100,2400,38,1219,2000,2400,310,350,SLI,2.5,95,20,8-pin + 8-pin,RTX 3000,10.0,10.0,18028,31241,1.7329154648324827,23658.0,46739.0,0.025237,0.035803,32.83273,0.022912,0.028006,28.98821,0.049293,0.101481,-1.17649,0.063254,0.082598,-30.8004,,,,,,,,,106,v1_11_0/Prefabs/GPU/Colorful/GPU_COLORFUL_GEFORCE_RTX_3090_NB_V,Colorful GeForce RTX 3090 NB-V,Colorful GeForce RTX 3090 NB-V
GPU,NVIDIA GeForce,RTX 3000,GeForce RTX 3090,Colorful,iGame GeForce RTX 3090 Advanced OC-V,,Y,12076,1825,608,32,1,1.11,PC,RGB,24,1210,1755,2100,2300,38,1219,2000,2400,315,350,SLI,2.5,95,20,8-pin + 8-pin + 8-pin,RTX 3000,10.0,10.0,18265,31808,1.7414727621133315,23658.0,46739.0,0.025237,0.035803,32.83273,0.022912,0.028006,28.98821,0.049293,0.101481,-1.17649,0.063254,0.082598,-30.8004,,,,,,,,,106,v1_11_0/Prefabs/GPU/Colorful/GPU_COLORFUL_IGAME_GEFORCE_RTX_3090_ADVANCED_OC_V,Colorful iGame GeForce RTX 3090 Advanced OC-V,Colorful iGame GeForce RTX 3090 Advanced OC-V
GPU,NVIDIA GeForce,RTX 3000,GeForce RTX 3090,EVGA,GeForce RTX 3090 FTW3 ULTRA GAMING,,Y,12190,1605,535,32,50,1.10,,RGB,24,1300,1800,2100,2300,38,1219,2000,2400,300,350,SLI,2.5,95,20,8-pin + 8-pin + 8-pin,RTX 3000,11.5,11.5,18442,32232,1.7477497017677042,23658.0,46739.0,0.025237,0.035803,32.83273,0.022912,0.028006,28.98821,0.049293,0.101481,-1.17649,0.063254,0.082598,-30.8004,,,,,,,,,106,v1_10_0/Prefabs/GPU/EVGA/GPU_EVGA_GeForce_RTX_3090_FTW3_ULTRA_GAMING,EVGA GeForce RTX 3090 FTW3 ULTRA GAMING,EVGA GeForce RTX 3090 FTW3 ULTRA GAMING
GPU,NVIDIA GeForce,RTX 3000,GeForce RTX 3090,EVGA,GeForce RTX 3090 XC3 ULTRA GAMING,,Y,12001,1580,527,32,50,1.10,,RGB,24,1150,1725,2100,2300,38,1219,2000,2400,285,350,SLI,2.5,95,20,8-pin + 8-pin,RTX 3000,11.5,11.5,18147,31524,1.7371466358075716,23658.0,46739.0,0.025237,0.035803,32.83273,0.022912,0.028006,28.98821,0.049293,0.101481,-1.17649,0.063254,0.082598,-30.8004,,,,,,,,,106,v1_10_0/Prefabs/GPU/EVGA/GPU_EVGA_GeForce_RTX_3090_XC3_ULTRA_GAMING,EVGA GeForce RTX 3090 XC3 ULTRA GAMING,EVGA GeForce RTX 3090 XC3 ULTRA GAMING
GPU,NVIDIA GeForce,RTX 3000,GeForce RTX 3090,MSI,GeForce RTX™ 3090 GAMING X TRIO 24G,,Y,12152,1840,613,32,1,1.9,PC,RGB,24,1270,1785,2100,2300,38,1219,2000,2400,323,370,SLI,2.5,95,20,8-pin + 8-pin + 8-pin,RTX 3000,10.0,10.0,18383,32091,1.7456889517488985,23658.0,46739.0,0.025237,0.035803,32.83273,0.022912,0.028006,28.98821,0.049293,0.101481,-1.17649,0.063254,0.082598,-30.8004,,,,,,,,,106,v1_9_0/Prefabs/GPU/MSI/GPU_MSI_GeForce_RTX_3090_GAMING_X_TRIO_24G,MSI GeForce RTX™ 3090 GAMING X TRIO 24G,MSI GeForce RTX™ 3090 GAMING X TRIO 24G
GPU,NVIDIA GeForce,RTX 3000,GeForce RTX 3090,MSI,GeForce RTX™ 3090 SUPRIM X 24G,,Y,12341,1870,623,32,50,1.10.5,PC,RGB,24,1420,1860,2100,2300,38,1219,2000,2400,336,350,SLI,2.5,95,20,8-pin + 8-pin + 8-pin,RTX 3000,10.0,10.0,18679,32798,1.7558755822046148,23658.0,46739.0,0.025237,0.035803,32.83273,0.022912,0.028006,28.98821,0.049293,0.101481,-1.17649,0.063254,0.082598,-30.8004,,,,,,,,,106,v1_10_0/Prefabs/GPU/MSI/GPU_MSI_GeForce_RTX_3090_SUPRIM_X_24G,MSI GeForce RTX™ 3090 SUPRIM X 24G,MSI GeForce RTX™ 3090 SUPRIM X 24G
GPU,NVIDIA GeForce,RTX 3000,GeForce RTX 3090,MSI,GeForce RTX™ 3090 VENTUS 3X 24G OC,,Y,12001,1815,605,32,1,1.9,PC,,24,1150,1725,2100,2300,38,1219,2000,2400,305,350,SLI,2.5,95,20,8-pin + 8-pin,RTX 3000,10.0,10.0,18147,31524,1.7371466358075716,23658.0,46739.0,0.025237,0.035803,32.83273,0.022912,0.028006,28.98821,0.049293,0.101481,-1.17649,0.063254,0.082598,-30.8004,,,,,,,,,106,v1_9_0/Prefabs/GPU/MSI/GPU_MSI_GeForce_RTX_3090_VENTUS_3X_24G_OC,MSI GeForce RTX™ 3090 VENTUS 3X 24G OC,MSI GeForce RTX™ 3090 VENTUS 3X 24G OC
GPU,NVIDIA GeForce,RTX 3000,GeForce RTX 3090,NVIDIA,GeForce RTX 3090,,Y,11925,1570,523,32,1,1.10,PC,,24,990,1695,2100,2400,38,1219,2000,2400,313,350,SLI,3.0,95,20,8-pin + 8-pin,RTX 3000,11.5,11.5,18028,31241,1.7329154648324827,23658.0,46739.0,0.025237,0.035803,32.83273,0.022912,0.028006,28.98821,0.049293,0.101481,-1.17649,0.063254,0.082598,-30.8004,,,,,,,,,106,v1_10_0/Prefabs/GPU/NVidia/GPU_NVIDIA_GEFORCE_RTX_3090,NVIDIA GeForce RTX 3090,NVIDIA GeForce RTX 3090
GPU,NVIDIA GeForce,RTX 3000,GeForce RTX 3090,ZOTAC,GAMING GeForce RTX 3090 AMP Core Holo,,Y,12076,1825,608,34,90,1.14,PC,RGB,24,1210,1755,2100,2300,38,1219,2000,2400,328,350,SLI,2.5,95,20,8-pin + 8-pin + 8-pin,RTX,10.0,10.0,18265,31808,1.7414727621133315,23658.0,46739.0,0.025237,0.035803,32.83273,0.022912,0.028006,28.98821,0.049293,0.101481,-1.17649,0.063254,0.082598,-30.8004,,,,,,,Y,,106,v1_14_0/Prefabs/GPU/ZOTAC/GPU_ZOTAC_GAMING_GEFORCE_RTX_3090_AMP_CORE_HOLO,ZOTAC GAMING GeForce RTX 3090 AMP Core Holo,ZOTAC GAMING GeForce RTX 3090 AMP Core Holo
GPU - Water,NVIDIA GeForce,RTX 3000,GeForce RTX 3090,CORSAIR,GeForce RTX 3090 | Corsair Hydro X Series XG7 REFERENCE RGB,,Y,11925,1900,633,32,90,1.11,,RGB,24,790,1695,2239,2600,-162,1219,2132,2600,240,350,SLI,2.0,95,20,8-pin + 8-pin,RTX 3000,9.5,,18028,31241,1.7329154648324827,,,0.025237,0.035803,32.83273,0.022912,0.028006,28.98821,0.049293,0.101481,-1.17649,0.063254,0.082598,-30.8004,2100.0,2000.0,6.6,5.0,,,,,106,v1_11_0/Prefabs/GPU/Corsair/GPU_CORSAIR_Hydro_X_Series_XG7_RGB_30_SERIES_Reference_3090,CORSAIR GeForce RTX 3090 | Corsair Hydro X Series XG7 REFERENCE RGB,CORSAIR GeForce RTX 3090 | Corsair Hydro X Series XG7 REFERENCE RGB
GPU - Water,NVIDIA GeForce,RTX 3000,GeForce RTX 3090,CORSAIR,GeForce RTX 3090 | Corsair Hydro X Series XG7 STRIX RGB,,Y,11925,1900,633,32,90,1.11,,RGB,24,790,1695,2239,2600,-162,1219,2132,2600,285,350,SLI,2.0,95,20,8-pin + 8-pin + 8-pin,RTX 3000,9.5,,18028,31241,1.7329154648324827,,,0.025237,0.035803,32.83273,0.022912,0.028006,28.98821,0.049293,0.101481,-1.17649,0.063254,0.082598,-30.8004,2100.0,2000.0,6.6,5.0,,,,,106,v1_11_0/Prefabs/GPU/Corsair/GPU_CORSAIR_Hydro_X_Series_XG7_RGB_30_SERIES_STRIX_GPU_Water_Block_3090,CORSAIR GeForce RTX 3090 | Corsair Hydro X Series XG7 STRIX RGB,CORSAIR GeForce RTX 3090 | Corsair Hydro X Series XG7 STRIX RGB
GPU - Water,NVIDIA GeForce,RTX 3000,GeForce RTX 3090,CORSAIR,GeForce RTX 3090 | Corsair Hydro X Series XG7 VENTUS RGB,,Y,11925,1900,633,32,90,1.11,,RGB,24,790,1695,2239,2600,-162,1219,2132,2600,258,350,SLI,2.0,95,20,8-pin + 8-pin,RTX 3000,9.5,,18028,31241,1.7329154648324827,,,0.025237,0.035803,32.83273,0.022912,0.028006,28.98821,0.049293,0.101481,-1.17649,0.063254,0.082598,-30.8004,2100.0,2000.0,6.6,5.0,,,,,106,v1_11_0/Prefabs/GPU/Corsair/GPU_CORSAIR_Hydro_X_Series_XG7_RGB_30_SERIES_VENTUS_GPU_Water_Block_3090,CORSAIR GeForce RTX 3090 | Corsair Hydro X Series XG7 VENTUS RGB,CORSAIR GeForce RTX 3090 | Corsair Hydro X Series XG7 VENTUS RGB
GPU - Water,NVIDIA GeForce,RTX 3000,GeForce RTX 3090,CORSAIR,GeForce RTX 3090 FE | Corsair Hydro X Series XG7 RGB,,Y,11925,1900,633,32,90,1.11,,RGB,24,790,1695,2239,2600,-162,1219,2132,2600,200,350,SLI,2.5,95,20,8-pin + 8-pin,RTX 3000,9.5,,18028,31241,1.7329154648324827,,,0.025237,0.035803,32.83273,0.022912,0.028006,28.98821,0.049293,0.101481,-1.17649,0.063254,0.082598,-30.8004,2100.0,2000.0,6.6,5.0,,,,,106,v1_11_0/Prefabs/GPU/Corsair/GPU_CORSAIR_Hydro_X_Series_XG7_RGB_30_SERIES_GPU_Water_Block_3090_FE,CORSAIR GeForce RTX 3090 FE | Corsair Hydro X Series XG7 RGB,CORSAIR GeForce RTX 3090 FE | Corsair Hydro X Series XG7 RGB
GPU - Water,NVIDIA GeForce,RTX 3000,GeForce RTX 3090,EVGA,GeForce RTX 3090 FTW3 ULTRA HYDRO COPPER GAMING,,Y,12190,2000,667,32,90,1.11,PC,RGB,24,1200,1800,2195,2400,-162,1219,2090,2600,289,350,SLI,1.5,95,20,8-pin + 8-pin + 8-pin,RTX 3000,9.2,,18442,32232,1.7477497017677042,,,0.025237,0.035803,32.83273,0.022912,0.028006,28.98821,0.049293,0.101481,-1.17649,0.063254,0.082598,-30.8004,2100.0,2000.0,4.5,5.0,,,,,106,v1_11_0/Prefabs/GPU/EVGA/GPU_EVGA_GEFORCE_RTX_3090_FTW3_ULTRA_HYDRO_COPPER_GAMING,EVGA GeForce RTX 3090 FTW3 ULTRA HYDRO COPPER GAMING,EVGA GeForce RTX 3090 FTW3 ULTRA HYDRO COPPER GAMING
GPU - Water,NVIDIA GeForce,RTX 3000,GeForce RTX 3090,EVGA,GeForce RTX 3090 XC3 ULTRA HYDRO COPPER GAMING,,Y,12001,1950,650,32,90,1.11,PC,RGB,24,950,1725,2195,2500,-162,1219,2090,2600,263,350,SLI,1.5,95,20,8-pin + 8-pin + 8-pin,RTX 3000,9.3,,18147,31524,1.7371466358075716,,,0.025237,0.035803,32.83273,0.022912,0.028006,28.98821,0.049293,0.101481,-1.17649,0.063254,0.082598,-30.8004,2100.0,2000.0,4.5,5.0,,,,,106,v1_11_0/Prefabs/GPU/EVGA/GPU_EVGA_GEFORCE_RTX_3090_XC3_ULTRA_HYDRO_COPPER_GAMING,EVGA GeForce RTX 3090 XC3 ULTRA HYDRO COPPER GAMING,EVGA GeForce RTX 3090 XC3 ULTRA HYDRO COPPER GAMING
GPU - Water,NVIDIA GeForce,RTX 3000,GeForce RTX 3090,ZOTAC,GAMING GeForce RTX 3090 ArcticStorm,,Y,11925,1900,633,32,80,1.13,PC,RGB,24,890,1695,2195,2500,-162,1219,2090,2600,303,350,SLI,2.0,95,20,8-pin + 8-pin + 8-pin,RTX 3000,9.5,,18028,31241,1.7329154648324827,,,0.025237,0.035803,32.83273,0.022912,0.028006,28.98821,0.049293,0.101481,-1.17649,0.063254,0.082598,-30.8004,2100.0,2000.0,4.5,5.0,,,,,106,v1_13_0/Prefabs/GPU/ZOTAC/GPU_ZOTAC_Gaming_GeForce_RTX_3090_ArcticStorm,ZOTAC GAMING GeForce RTX 3090 ArcticStorm,ZOTAC GAMING GeForce RTX 3090 ArcticStorm
GPU,AMD Radeon,R5/R7/R9 200,Radeon R9 280,DFL,Radeon R9 280 GR8 3G,,Y,1405,160,53,1,1,1.0,,,3,566,933,1150,1300,900,1250,1450,1600,147,200,CrossFire,1.5,95,50,,,12.6,12.5,2019,4013,1.9876176324913324,2395.0,4382.0,0.010059,0.002164,1.960358,0.00801,0.001543,1.552709,0.005652,0.006816,14.22857,0.003912,0.005701,10.94924,,,,,,,,,201,Prefabs/Generic/GPU,DFL Radeon R9 280 GR8 3G,DFL Radeon R9 280 GR8 3G
GPU,AMD Radeon,R5/R7/R9 200,Radeon R9 280,MSI,Radeon R9 280 GAMING 3G,,Y,1472,170,57,3,60,1.0,,,3,700,1000,1150,1300,900,1250,1450,1600,269,200,CrossFire,2.0,95,50,8-pin + 6-pin,,12.5,12.5,2117,4064,1.9196976854038734,2395.0,4382.0,0.010059,0.002164,1.960358,0.00801,0.001543,1.552709,0.005652,0.006816,14.22857,0.003912,0.005701,10.94924,,,,,,,,,201,Prefabs/GPU/MSI/MSI_RadeonR92803GB,MSI Radeon R9 280 GAMING 3G,MSI Radeon R9 280 GAMING 3G
GPU,AMD Radeon,R5/R7/R9 200,Radeon R9 280,MSI,Radeon R9 280 GAMING 3G LE,,Y,1431,165,55,3,30,1.0,,,3,618,959,1150,1300,900,1250,1450,1600,269,200,CrossFire,2.0,95,50,8-pin + 6-pin,,12.5,12.5,2057,4033,1.9606222654350998,2395.0,4382.0,0.010059,0.002164,1.960358,0.00801,0.001543,1.552709,0.005652,0.006816,14.22857,0.003912,0.005701,10.94924,,,,,,,,,201,Prefabs/GPU/MSI/MSI_RadeonR92803GBLE,MSI Radeon R9 280 GAMING 3G LE,MSI Radeon R9 280 GAMING 3G LE
GPU,AMD Radeon,R5/R7/R9 200,Radeon R9 290,DFL,Radeon R9 290 GR8,,Y,2465,300,100,1,1,1.0,,,4,694,947,1075,1200,1000,1250,1400,1500,147,275,CrossFire,1.5,95,50,,,11.9,12.0,3572,7140,1.9988801791713326,3982.0,7925.0,0.018288,0.002945,3.655719,0.015332,0.002047,2.430446,0.034822,0.006114,8.824424,0.029737,0.003394,6.491975,,,,,,,,,201,Prefabs/Generic/GPU,DFL Radeon R9 290 GR8,DFL Radeon R9 290 GR8
GPU,AMD Radeon,R5/R7/R9 200,Radeon R9 290,DFL,Radeon R9 290 GR8TOR,,Y,2562,325,108,1,1,1.0,,,4,800,1000,1075,1200,1000,1250,1400,1500,147,275,CrossFire,1.5,95,50,,,11.4,11.5,3717,7419,1.9959644874899112,3982.0,7925.0,0.018288,0.002945,3.655719,0.015332,0.002047,2.430446,0.034822,0.006114,8.824424,0.029737,0.003394,6.491975,,,,,,,,,201,Prefabs/Generic/GPU,DFL Radeon R9 290 GR8TOR,DFL Radeon R9 290 GR8TOR
GPU,AMD Radeon,R5/R7/R9 300,Radeon R9 370,MSI,Radeon R9 370 GAMING 2G,,Y,1050,115,38,3,10,1.0,,White,2,860,1030,1100,1200,1000,1400,1600,1800,258,110,CrossFire,2.0,95,50,6-pin,,13.2,13.0,1516,3345,2.2064643799472297,1633.0,3523.0,0.010494,0.000604,-1.14691,0.007101,0.000589,0.116439,0.017133,0.0,5.590669,0.014198,0.0,3.550554,,,,,,,,,202,Prefabs/GPU/MSI/MSI_RadeonR7370G2G,MSI Radeon R9 370 GAMING 2G,MSI Radeon R9 370 GAMING 2G
GPU,AMD Radeon,R5/R7/R9 300,Radeon R9 370,MSI,Radeon R9 370 GAMING 4G,,Y,1094,120,40,3,15,1.0,,White,4,940,1070,1100,1200,1250,1425,1500,1600,258,110,CrossFire,2.0,95,50,6-pin,,13.1,13.0,1574,3446,2.1893265565438376,1624.0,3523.0,0.010494,0.000604,-1.14691,0.007101,0.000589,0.116439,0.017133,0.0,5.590669,0.014198,0.0,3.550554,,,,,,,,,202,Prefabs/GPU/MSI/MSI_RadeonR7370G4G,MSI Radeon R9 370 GAMING 4G,MSI Radeon R9 370 GAMING 4G
GPU,AMD Radeon,R5/R7/R9 300,Radeon R9 380,MSI,Radeon R9 380 GAMING 2G,,Y,1831,215,72,4,10,1.0,,White,2,660,980,1150,1300,1150,1425,1600,1700,268,190,CrossFire,2.0,95,50,8-pin + 6-pin,,12.5,12.5,2685,5313,1.9787709497206705,3075.0,5966.0,0.013626,0.001814,2.379329,0.011454,0.001259,1.782101,0.028033,0.002375,5.46382,0.016665,0.001769,10.39041,,,,,,,,,202,Prefabs/GPU/MSI/MSI_RadeonR9380G2G,MSI Radeon R9 380 GAMING 2G,MSI Radeon R9 380 GAMING 2G
GPU,AMD Radeon,R5/R7/R9 300,Radeon R9 380,MSI,Radeon R9 380 GAMING 4G,,Y,1831,215,72,4,30,1.0,,White,4,660,980,1150,1300,1250,1425,1500,1600,268,190,CrossFire,2.0,95,50,8-pin + 6-pin,,12.5,12.5,2685,5313,1.9787709497206705,3050.0,5933.0,0.013626,0.001814,2.379329,0.011454,0.001259,1.782101,0.028033,0.002375,5.46382,0.016665,0.001769,10.39041,,,,,,,,,202,Prefabs/GPU/MSI/MSI_RadeonR9380G4G,MSI Radeon R9 380 GAMING 4G,MSI Radeon R9 380 GAMING 4G
GPU,AMD Radeon,R5/R7/R9 300,Radeon R9 390,MSI,Radeon R9 390 GAMING 8G,,Y,2787,350,117,7,20,1.0,,White,8,920,1060,1100,1200,1350,1525,1600,1700,277,275,CrossFire,2.5,95,50,8-pin + 6-pin,,11.5,11.5,4041,7984,1.97574857708488,4174.0,8358.0,0.02047,0.001108,4.489738,0.01724,0.000513,3.029226,0.052746,0.004899,-7.99316,0.039859,0.006782,-9.16368,,,,,,,,,202,Prefabs/GPU/MSI/MSI_RadeonR9390G8G,MSI Radeon R9 390 GAMING 8G,MSI Radeon R9 390 GAMING 8G
GPU,AMD Radeon,R5/R7/R9 300,Radeon R9 390,MSI,Radeon R9 390 GAMING 8G LE,,Y,2682,340,113,7,40,1.0,,White,8,820,1010,1100,1200,1300,1500,1600,1700,277,275,CrossFire,2.5,95,50,8-pin + 6-pin,,11.4,11.5,3885,7586,1.9526383526383526,4174.0,8358.0,0.02047,0.001108,4.489738,0.01724,0.000513,3.029226,0.052746,0.004899,-7.99316,0.039859,0.006782,-9.16368,,,,,,,,,202,Prefabs/GPU/MSI/MSI_RadeonR9390G8GLE,MSI Radeon R9 390 GAMING 8G LE,MSI Radeon R9 390 GAMING 8G LE
GPU,AMD Radeon,R5/R7/R9 300,Radeon R9 390X,MSI,Radeon R9 390X GAMING 8G,,Y,2985,395,132,7,60,1.0,,White,8,1000,1100,1150,1200,1350,1525,1600,1700,277,275,CrossFire,2.5,95,50,8-pin + 6-pin,,11.0,11.0,4334,8447,1.9490078449469312,4488.0,8820.0,0.020239,0.000167,7.339774,0.017197,3.15e-05,4.744706,0.047282,0.004736,-0.47497,0.039049,0.0,2.895555,,,,,,,,,202,Prefabs/GPU/MSI/MSI_RadeonR9390XG8G,MSI Radeon R9 390X GAMING 8G,MSI Radeon R9 390X GAMING 8G
GPU,AMD Radeon,R5/R7/R9 300,Radeon R9 390X,MSI,Radeon R9 390X GAMING 8G LE,,Y,2904,385,128,7,80,1.0,,White,8,920,1060,1150,1200,1300,1500,1600,1700,277,275,CrossFire,2.0,95,50,8-pin + 6-pin,,10.9,11.0,4212,8158,1.9368471035137702,4488.0,8820.0,0.020239,0.000167,7.339774,0.017197,3.15e-05,4.744706,0.047282,0.004736,-0.47497,0.039049,0.0,2.895555,,,,,,,,,202,Prefabs/GPU/MSI/MSI_RadeonR9390XG8GLE,MSI Radeon R9 390X GAMING 8G LE,MSI Radeon R9 390X GAMING 8G LE
GPU,AMD Radeon,RX 400,Radeon RX 470,MSI,Radeon RX 470 GAMING 4G,,Y,2382,295,98,4,30,1.0,,RGB,4,936,1218,1350,1500,1500,1650,1700,1800,276,120,CrossFire,2.0,95,50,8-pin,,12.0,12.0,3539,7196,2.0333427521898844,3845.0,7302.0,0.013822,0.004227,0.013516,0.011815,0.003241,-0.01565,0.006188,0.0,40.83006,0.004,0.0,35.28137,,,,,,,,,203,Prefabs/GPU/MSI/MSI_RX470,MSI Radeon RX 470 GAMING 4G,MSI Radeon RX 470 GAMING 4G
GPU,AMD Radeon,RX 400,Radeon RX 470,MSI,Radeon RX 470 GAMING 8G,,Y,2382,295,98,4,50,1.0,,RGB,8,936,1218,1380,1500,1400,1650,1800,1900,276,120,CrossFire,2.0,95,50,8-pin,,12.0,12.0,3539,7196,2.0333427521898844,3968.0,7327.0,0.013822,0.004227,0.013516,0.011815,0.003241,-0.01565,0.006188,0.0,40.83006,0.004,0.0,35.28137,,,,,,,,,203,Prefabs/GPU/MSI/MSI_RX470,MSI Radeon RX 470 GAMING 8G,MSI Radeon RX 470 GAMING 8G
GPU,AMD Radeon,RX 400,Radeon RX 470,MSI,Radeon RX 470 GAMING X 4G,,Y,2415,300,100,4,1,1.0,,RGB,4,984,1242,1350,1500,1500,1650,1700,1800,276,120,CrossFire,2.0,95,50,8-pin,,12.0,12.0,3589,7215,2.0103092783505154,3845.0,7302.0,0.013822,0.004227,0.013516,0.011815,0.003241,-0.01565,0.006188,0.0,40.83006,0.004,0.0,35.28137,,,,,,,,,203,Prefabs/GPU/MSI/MSI_RX470,MSI Radeon RX 470 GAMING X 4G,MSI Radeon RX 470 GAMING X 4G
GPU,AMD Radeon,RX 400,Radeon RX 470,MSI,Radeon RX 470 GAMING X 8G,,Y,2415,300,100,4,75,1.0,,RGB,8,984,1242,1380,1500,1400,1650,1800,1900,276,120,CrossFire,2.0,95,50,8-pin,,12.0,12.0,3589,7215,2.0103092783505154,3968.0,7327.0,0.013822,0.004227,0.013516,0.011815,0.003241,-0.01565,0.006188,0.0,40.83006,0.004,0.0,35.28137,,,,,,,,,203,Prefabs/GPU/MSI/MSI_RX470,MSI Radeon RX 470 GAMING X 8G,MSI Radeon RX 470 GAMING X 8G
GPU,AMD Radeon,RX 400,Radeon RX 480,MSI,Radeon RX 480 GAMING 4G,,Y,2630,340,113,10,10,1.0,,RGB,4,1158,1279,1350,1400,1000,1750,2200,2500,276,150,CrossFire,2.0,95,50,8-pin,,11.5,11.5,3911,7564,1.9340322168243416,4306.0,8264.0,0.018106,0.003184,-2.42658,0.015019,0.002432,-1.64801,0.039075,0.004634,-6.96419,0.031592,0.003464,-4.45261,,,,,,,,,203,Prefabs/GPU/MSI/MSI_RX480,MSI Radeon RX 480 GAMING 4G,MSI Radeon RX 480 GAMING 4G
GPU,AMD Radeon,RX 400,Radeon RX 480,MSI,Radeon RX 480 GAMING 8G,,Y,2709,350,117,10,35,1.0,,RGB,8,1158,1279,1350,1400,1600,2000,2200,2400,276,150,CrossFire,2.0,95,50,8-pin,,11.5,11.5,4024,7727,1.9202286282306162,4306.0,8264.0,0.018106,0.003184,-2.42658,0.015019,0.002432,-1.64801,0.039075,0.004634,-6.96419,0.031592,0.003464,-4.45261,,,,,,,,,203,Prefabs/GPU/MSI/MSI_RX480,MSI Radeon RX 480 GAMING 8G,MSI Radeon RX 480 GAMING 8G
GPU,AMD Radeon,RX 400,Radeon RX 480,MSI,Radeon RX 480 GAMING X 4G,,Y,2673,345,115,10,1,1.0,,RGB,4,1206,1303,1350,1400,1000,1750,2200,2500,276,150,CrossFire,2.0,95,50,8-pin,,11.5,11.5,3976,7701,1.936871227364185,4306.0,8264.0,0.018106,0.003184,-2.42658,0.015019,0.002432,-1.64801,0.039075,0.004634,-6.96419,0.031592,0.003464,-4.45261,,,,,,,,,203,Prefabs/GPU/MSI/MSI_RX480,MSI Radeon RX 480 GAMING X 4G,MSI Radeon RX 480 GAMING X 4G
GPU,AMD Radeon,RX 400,Radeon RX 480,MSI,Radeon RX 480 GAMING X 8G,,Y,2753,355,118,10,75,1.0,,RGB,8,1206,1303,1350,1400,1600,2000,2200,2400,276,150,CrossFire,2.0,95,50,8-pin,,11.5,11.5,4089,7864,1.9232086084617266,4306.0,8264.0,0.018106,0.003184,-2.42658,0.015019,0.002432,-1.64801,0.039075,0.004634,-6.96419,0.031592,0.003464,-4.45261,,,,,,,,,203,Prefabs/GPU/MSI/MSI_RX480,MSI Radeon RX 480 GAMING X 8G,MSI Radeon RX 480 GAMING X 8G
GPU,AMD Radeon,RX 500,Radeon RX560,ASRock,Phantom Gaming Radeon RX560 4G,,Y,1278,155,52,2,50,1.5,PC,,4,846,1223,1440,1600,1414,1757,1950,2100,170,75,CrossFire,2.0,95,50,,,12.1,12.0,1878,3653,1.945154419595314,2147.0,4346.0,0.007928,0.000358,2.464616,0.006675,0.000319,1.652216,0.020416,0.001331,-2.39274,0.016964,0.000853,-2.09805,,,,,,,,,204,Prefabs/GPU/AsRock/GPU_ASRock_PhantomGaming_Radeon_RX560_G,ASRock Phantom Gaming Radeon RX560 4G,ASRock Phantom Gaming Radeon RX560 4G
GPU,AMD Radeon,RX 500,Radeon RX560,ASUS,Radeon RX 560,,Y,1319,160,53,2,10,1.0,,,4,950,1275,1440,1600,1400,1750,1950,2100,220,75,CrossFire,2.0,95,50,,,12.1,12.0,1940,3810,1.9639175257731958,2147.0,4346.0,0.007928,0.000358,2.464616,0.006675,0.000319,1.652216,0.020416,0.001331,-2.39274,0.016964,0.000853,-2.09805,,,,,,,,,204,Prefabs/GPU/ASUS/ASUS_RX_560,ASUS Radeon RX 560,ASUS Radeon RX 560
GPU,AMD Radeon,RX 500,Radeon RX560,ASUS,ROG Strix Radeon RX 560 OC Edition,,Y,1360,165,55,2,30,1.0,,RGB,4,1152,1326,1440,1500,1400,1750,1950,2100,194,75,CrossFire,2.0,95,50,6-pin,,12.1,12.0,2001,3965,1.9815092453773113,2147.0,4346.0,0.007928,0.000358,2.464616,0.006675,0.000319,1.652216,0.020416,0.001331,-2.39274,0.016964,0.000853,-2.09805,,,,,,,,,204,Prefabs/GPU/ASUS/ASUS_ROG_STRIX_RX_560_OC,ASUS ROG Strix Radeon RX 560 OC Edition,ASUS ROG Strix Radeon RX 560 OC Edition
GPU,AMD Radeon,RX 500,Radeon RX570,ASUS,Expedition Radeon RX 570 OC Edition,,Y,2510,320,107,8,1,1.0,,,4,1012,1256,1410,1500,1300,1750,2000,2200,240,120,CrossFire,2.0,95,50,8-pin,,11.5,11.5,3683,6908,1.8756448547379854,4000.0,7748.0,0.01285,0.000352,8.34888,0.011422,0.000222,5.586295,0.021136,0.009439,4.345421,0.01847,0.007451,1.660576,,,,,,,,,204,Prefabs/GPU/ASUS/ASUS_Expedition_Radeon_RX_570_OC,ASUS Expedition Radeon RX 570 OC Edition,ASUS Expedition Radeon RX 570 OC Edition
GPU,AMD Radeon,RX 500,Radeon RX570,ASUS,ROG Strix Radeon RX 570 8G,,Y,2507,320,107,21,80,1.8,PC,RGB,8,1008,1254,1410,1500,1300,1750,2000,2200,240,120,CrossFire,2.0,95,20,8-pin,,11.5,11.5,3679,6901,1.8757814623539004,4000.0,7748.0,0.01285,0.000352,8.34888,0.011422,0.000222,5.586295,0.021136,0.009439,4.345421,0.01847,0.007451,1.660576,,,,,,,,,204,Prefabs/GPU/ASUS/ASUS_Strix_RX570_OC,ASUS ROG Strix Radeon RX 570 8G,ASUS ROG Strix Radeon RX 570 8G
GPU,AMD Radeon,RX 500,Radeon RX570,ASUS,ROG Strix Radeon RX 570 8G OC Edition,,Y,2579,330,110,21,80,1.8,PC,RGB,8,1120,1310,1410,1500,1300,1750,2000,2200,240,120,CrossFire,2.0,95,20,8-pin,,11.5,11.5,3790,7083,1.8688654353562004,4000.0,7748.0,0.01285,0.000352,8.34888,0.011422,0.000222,5.586295,0.021136,0.009439,4.345421,0.01847,0.007451,1.660576,,,,,,,,,204,Prefabs/GPU/ASUS/ASUS_Strix_RX570_OC,ASUS ROG Strix Radeon RX 570 8G OC Edition,ASUS ROG Strix Radeon RX 570 8G OC Edition
GPU,AMD Radeon,RX 500,Radeon RX570,ASUS,ROG Strix Radeon RX 570 OC Edition,,Y,2566,330,110,8,70,1.0,,RGB,4,1100,1300,1410,1500,1300,1750,2000,2200,240,120,CrossFire,2.0,95,50,8-pin,,11.4,11.5,3771,7050,1.869530628480509,4000.0,7748.0,0.01285,0.000352,8.34888,0.011422,0.000222,5.586295,0.021136,0.009439,4.345421,0.01847,0.007451,1.660576,,,,,,,,,204,Prefabs/GPU/ASUS/ASUS_Strix_RX570_OC,ASUS ROG Strix Radeon RX 570 OC Edition,ASUS ROG Strix Radeon RX 570 OC Edition
GPU,AMD Radeon,RX 500,Radeon RX570,GIGABYTE,AORUS Radeon RX570 4G,,Y,2560,325,108,8,1,1.0,,RGB,4,1090,1295,1410,1500,1300,1750,2000,2200,232,120,CrossFire,2.0,95,50,8-pin,,11.6,11.5,3761,7034,1.8702472746609944,4000.0,7748.0,0.01285,0.000352,8.34888,0.011422,0.000222,5.586295,0.021136,0.009439,4.345421,0.01847,0.007451,1.660576,,,,,,,,,204,Prefabs/GPU/GigaByte/GigaByte_RadeonRX_570_4gb,GIGABYTE AORUS Radeon RX570 4G,GIGABYTE AORUS Radeon RX570 4G
GPU,AMD Radeon,RX 500,Radeon RX570,MSI,Radeon RX 570 GAMING 4G,,Y,2525,320,107,8,80,1.0,,RGB,4,1036,1268,1410,1500,1300,1750,2000,2200,276,120,CrossFire,2.0,95,50,8-pin,,11.6,11.5,3707,6947,1.8740221203129215,4000.0,7748.0,0.01285,0.000352,8.34888,0.011422,0.000222,5.586295,0.021136,0.009439,4.345421,0.01847,0.007451,1.660576,,,,,,,,,204,Prefabs/GPU/MSI/MSI_RX570,MSI Radeon RX 570 GAMING 4G,MSI Radeon RX 570 GAMING 4G
GPU,AMD Radeon,RX 500,Radeon RX570,MSI,Radeon RX 570 GAMING 8G,,Y,2525,320,107,8,60,1.0,,RGB,8,1036,1268,1410,1500,1300,1750,2000,2200,276,120,CrossFire,2.0,95,50,8-pin,,11.6,11.5,3707,6947,1.8740221203129215,4000.0,7748.0,0.01285,0.000352,8.34888,0.011422,0.000222,5.586295,0.021136,0.009439,4.345421,0.01847,0.007451,1.660576,,,,,,,,,204,Prefabs/GPU/MSI/MSI_RX570,MSI Radeon RX 570 GAMING 8G,MSI Radeon RX 570 GAMING 8G
GPU,AMD Radeon,RX 500,Radeon RX570,MSI,Radeon RX 570 GAMING X 4G,,Y,2558,325,108,8,40,1.0,,RGB,4,1086,1293,1410,1500,1350,1775,2000,2200,276,120,CrossFire,2.0,95,50,8-pin,,11.6,11.5,3758,7062,1.8791910590739755,4000.0,7748.0,0.01285,0.000352,8.34888,0.011422,0.000222,5.586295,0.021136,0.009439,4.345421,0.01847,0.007451,1.660576,,,,,,,,,204,Prefabs/GPU/MSI/MSI_RX570,MSI Radeon RX 570 GAMING X 4G,MSI Radeon RX 570 GAMING X 4G
GPU,AMD Radeon,RX 500,Radeon RX570,MSI,Radeon RX 570 GAMING X 8G,,Y,2558,325,108,8,20,1.0,,RGB,8,1086,1293,1410,1500,1350,1775,2000,2200,276,120,CrossFire,2.0,95,50,8-pin,,11.6,11.5,3758,7062,1.8791910590739755,4000.0,7748.0,0.01285,0.000352,8.34888,0.011422,0.000222,5.586295,0.021136,0.009439,4.345421,0.01847,0.007451,1.660576,,,,,,,,,204,Prefabs/GPU/MSI/MSI_RX570,MSI Radeon RX 570 GAMING X 8G,MSI Radeon RX 570 GAMING X 8G
GPU,AMD Radeon,RX 500,Radeon RX580,ASRock,Phantom Gaming D Radeon RX580 8G OC,,Y,2906,390,130,14,80,1.5,PC,,8,1140,1370,1490,1600,1600,2000,2200,2400,237,185,CrossFire,2.0,95,50,6-pin,,11.1,11.0,4311,8482,1.967524936209696,4610.0,9030.0,0.013601,0.001703,7.02402,0.012,0.001288,4.978352,0.027248,0.00328,13.44563,0.021909,0.001323,14.45007,,,,,,,,,204,Prefabs/GPU/AsRock/GPU_ASRock_PhantomGamingD_Radeon_RX580_8G_OC,ASRock Phantom Gaming D Radeon RX580 8G OC,ASRock Phantom Gaming D Radeon RX580 8G OC
GPU,AMD Radeon,RX 500,Radeon RX580,ASRock,Phantom Gaming X Radeon RX580 8G OC,,Y,2919,395,132,14,85,1.5,PC,,8,1160,1380,1490,1600,1600,2000,2200,2400,279,185,CrossFire,2.0,95,50,8-pin,,11.0,11.0,4331,8522,1.9676749018702377,4610.0,9030.0,0.013601,0.001703,7.02402,0.012,0.001288,4.978352,0.027248,0.00328,13.44563,0.021909,0.001323,14.45007,,,,,,,,,204,Prefabs/GPU/AsRock/GPU_ASRock_PhantomGaming_X_Radeon_RX580_8G_OC,ASRock Phantom Gaming X Radeon RX580 8G OC,ASRock Phantom Gaming X Radeon RX580 8G OC
GPU,AMD Radeon,RX 500,Radeon RX580,ASUS,AREZ Strix Radeon RX 580,,Y,2865,385,128,14,1,1.0,,RGB,8,1080,1340,1490,1600,1600,2000,2200,2400,298,185,CrossFire,2.5,95,50,8-pin,,11.0,11.0,4248,8363,1.9686911487758945,4610.0,9030.0,0.013601,0.001703,7.02402,0.012,0.001288,4.978352,0.027248,0.00328,13.44563,0.021909,0.001323,14.45007,,,,,,,,,204,Prefabs/GPU/ASUS/ASUS_AREZ_Radeon_RX_580,ASUS AREZ Strix Radeon RX 580,ASUS AREZ Strix Radeon RX 580
GPU,AMD Radeon,RX 500,Radeon RX580,ASUS,Dual Series Radeon RX 580 OC Edition,,Y,2892,390,130,14,20,1.0,,,8,1120,1360,1490,1600,1600,2000,2200,2400,242,185,CrossFire,2.0,95,50,8-pin,,11.0,11.0,4290,8442,1.9678321678321677,4610.0,9030.0,0.013601,0.001703,7.02402,0.012,0.001288,4.978352,0.027248,0.00328,13.44563,0.021909,0.001323,14.45007,,,,,,,,,204,Prefabs/GPU/ASUS/ASUS_Dual_RX580_OC,ASUS Dual Series Radeon RX 580 OC Edition,ASUS Dual Series Radeon RX 580 OC Edition
GPU,AMD Radeon,RX 500,Radeon RX580,GIGABYTE,AORUS Radeon RX580 4G,,Y,2877,390,130,16,75,1.0,,RGB,4,1160,1380,1490,1600,1000,1750,2200,2500,232,185,CrossFire,2.0,95,50,8-pin,,11.0,11.0,4271,8434,1.9747131819246078,4610.0,9030.0,0.013601,0.001703,7.02402,0.012,0.001288,4.978352,0.027248,0.00328,13.44563,0.021909,0.001323,14.45007,,,,,,,,,204,Prefabs/GPU/GigaByte/GigaByte_RadeonRX_580_4gb,GIGABYTE AORUS Radeon RX580 4G,GIGABYTE AORUS Radeon RX580 4G
GPU,AMD Radeon,RX 500,Radeon RX580,GIGABYTE,AORUS Radeon RX580 8G,,Y,2919,395,132,16,50,1.0,,RGB,8,1160,1380,1490,1600,1600,2000,2200,2400,232,185,CrossFire,2.0,95,50,8-pin,,11.0,11.0,4331,8522,1.9676749018702377,4610.0,9030.0,0.013601,0.001703,7.02402,0.012,0.001288,4.978352,0.027248,0.00328,13.44563,0.021909,0.001323,14.45007,,,,,,,,,204,Prefabs/GPU/GigaByte/GigaByte_RadeonRX_580_8gb,GIGABYTE AORUS Radeon RX580 8G,GIGABYTE AORUS Radeon RX580 8G
GPU,AMD Radeon,RX 500,Radeon RX580,MSI,Radeon RX 580 GAMING 4G,,Y,2858,385,128,16,25,1.0,,RGB,4,1132,1366,1490,1600,1000,1750,2200,2500,276,185,CrossFire,2.0,95,50,8-pin + 8-pin,,11.0,11.0,4242,8379,1.9752475247524752,4610.0,9030.0,0.013601,0.001703,7.02402,0.012,0.001288,4.978352,0.027248,0.00328,13.44563,0.021909,0.001323,14.45007,,,,,,,,,204,Prefabs/GPU/MSI/MSI_RX580,MSI Radeon RX 580 GAMING 4G,MSI Radeon RX 580 GAMING 4G
GPU,AMD Radeon,RX 500,Radeon RX580,MSI,Radeon RX 580 GAMING 8G,,Y,2900,390,130,14,42,1.0,,RGB,8,1132,1366,1490,1600,1600,2000,2200,2400,276,185,CrossFire,2.0,95,50,8-pin + 8-pin,,11.0,11.0,4302,8466,1.9679218967921897,4610.0,9030.0,0.013601,0.001703,7.02402,0.012,0.001288,4.978352,0.027248,0.00328,13.44563,0.021909,0.001323,14.45007,,,,,,,,,204,Prefabs/GPU/MSI/MSI_RX580,MSI Radeon RX 580 GAMING 8G,MSI Radeon RX 580 GAMING 8G
GPU,AMD Radeon,RX 500,Radeon RX580,MSI,Radeon RX 580 GAMING X 4G,,Y,2899,390,130,16,1,1.0,,RGB,4,1186,1393,1490,1600,1050,1775,2200,2500,276,185,CrossFire,2.0,95,50,8-pin + 8-pin,,11.0,11.0,4304,8495,1.9737453531598512,4610.0,9030.0,0.013601,0.001703,7.02402,0.012,0.001288,4.978352,0.027248,0.00328,13.44563,0.021909,0.001323,14.45007,,,,,,,,,204,Prefabs/GPU/MSI/MSI_RX580,MSI Radeon RX 580 GAMING X 4G,MSI Radeon RX 580 GAMING X 4G
GPU,AMD Radeon,RX 500,Radeon RX580,MSI,Radeon RX 580 GAMING X 8G,,Y,2941,395,132,14,30,1.0,,RGB,8,1186,1393,1490,1600,1750,2025,2200,2300,276,185,CrossFire,2.0,95,50,8-pin + 8-pin,,11.1,11.0,4365,8582,1.9660939289805268,4610.0,9030.0,0.013601,0.001703,7.02402,0.012,0.001288,4.978352,0.027248,0.00328,13.44563,0.021909,0.001323,14.45007,,,,,,,,,204,Prefabs/GPU/MSI/MSI_RX580,MSI Radeon RX 580 GAMING X 8G,MSI Radeon RX 580 GAMING X 8G
GPU,AMD Radeon,RX 500,Radeon RX580,MSI,Radeon RX 580 GAMING X+ 8G,,Y,3007,405,135,14,10,1.0,,RGB,8,1282,1441,1490,1600,1750,2025,2200,2300,279,185,CrossFire,2.0,95,50,8-pin + 8-pin,,11.0,11.0,4465,8774,1.9650615901455768,4610.0,9030.0,0.013601,0.001703,7.02402,0.012,0.001288,4.978352,0.027248,0.00328,13.44563,0.021909,0.001323,14.45007,,,,,,,,,204,Prefabs/GPU/MSI/MSI_RX580,MSI Radeon RX 580 GAMING X+ 8G,MSI Radeon RX 580 GAMING X+ 8G
GPU,AMD Radeon,RX 500,Radeon RX580,MSI,Radeon RX 580 GAMING+ 8G,,Y,2989,405,135,14,20,1.0,,RGB,8,1262,1431,1490,1600,1600,2000,2200,2400,279,185,CrossFire,2.0,95,50,8-pin + 8-pin,,11.0,11.0,4438,8725,1.9659756647138351,4610.0,9030.0,0.013601,0.001703,7.02402,0.012,0.001288,4.978352,0.027248,0.00328,13.44563,0.021909,0.001323,14.45007,,,,,,,,,204,Prefabs/GPU/MSI/MSI_RX580,MSI Radeon RX 580 GAMING+ 8G,MSI Radeon RX 580 GAMING+ 8G
GPU,AMD Radeon,RX 500,Radeon RX590,ASRock,Phantom Gaming X Radeon RX590 8G OC,,Y,3208,400,133,15,1,1.5,PC,,8,1482,1591,1640,1700,1816,2008,2100,2200,279,175,CrossFire,2.0,95,50,8-pin,,11.9,11.0,4775,9365,1.9612565445026178,4900.0,9593.0,0.013601,0.001703,7.02402,0.012,0.001288,4.978352,0.027248,0.00328,13.44563,0.021909,0.001323,14.45007,,,,,,,,,204,Prefabs/GPU/AsRock/GPU_ASRock_PhantomGamingX_Radeon_RX590_8G_OC,ASRock Phantom Gaming X Radeon RX590 8G OC,ASRock Phantom Gaming X Radeon RX590 8G OC
GPU,AMD Radeon,RX Vega,Radeon RX VEGA 56,AMD,Radeon RX Vega 56,,Y,4365,580,193,16,1,1.0,,Red,8,1242,1471,1590,1700,600,800,875,1000,283,210,CrossFire,2.0,95,50,8-pin + 8-pin,,10.9,10.5,6339,11402,1.7987064205710679,6658.0,12091.0,0.008593,0.015392,18.69885,0.007137,0.012182,14.43918,0.018116,0.036929,23.44976,0.018447,0.019519,18.94406,,,,,,,,,205,Prefabs/GPU/AMD/AMD_RadeonVega_RX64_8GB,AMD Radeon RX Vega 56,AMD Radeon RX Vega 56
GPU,AMD Radeon,RX Vega,Radeon RX VEGA 56,ASRock,Phantom Gaming X Radeon RX VEGA 56 8G,,Y,4367,605,202,16,50,1.5,PC,,8,1248,1474,1590,1700,600,800,875,1000,280,210,CrossFire,2.0,95,50,8-pin + 8-pin,,10.5,10.5,6343,11411,1.7989910137159073,6658.0,12091.0,0.008593,0.015392,18.69885,0.007137,0.012182,14.43918,0.018116,0.036929,23.44976,0.018447,0.019519,18.94406,,,,,,,,,205,Prefabs/GPU/AsRock/GPU_ASRock_PhantomGamingX_RadeonRXVEGA_56_8G,ASRock Phantom Gaming X Radeon RX VEGA 56 8G,ASRock Phantom Gaming X Radeon RX VEGA 56 8G
GPU,AMD Radeon,RX Vega,Radeon RX VEGA 56,ASUS,AREZ Strix Radeon RX VEGA 56 OC Edition,,Y,4452,615,205,16,30,1.0,,RGB,8,1546,1573,1590,1600,600,800,875,1000,298,210,CrossFire,2.5,95,50,8-pin + 8-pin,,10.5,10.5,6469,11714,1.8107899211624672,6658.0,12091.0,0.008593,0.015392,18.69885,0.007137,0.012182,14.43918,0.018116,0.036929,23.44976,0.018447,0.019519,18.94406,,,,,,,,,205,Prefabs/GPU/ASUS/ASUS_AREZ_Strix_RX_Vega56_OC,ASUS AREZ Strix Radeon RX VEGA 56 OC Edition,ASUS AREZ Strix Radeon RX VEGA 56 OC Edition
GPU - Water,AMD Radeon,RX Vega,Radeon RX VEGA 56,AMD,Radeon Vega 56 | EKWB EK-FC Acetal,,Y,4367,730,243,16,90,1.0,,,8,1048,1474,1722,1900,500,800,948,1100,258,210,CrossFire,2.0,95,20,8-pin + 8-pin,,8.7,,6343,11411,1.7989910137159073,,,0.008593,0.015392,18.69885,0.007137,0.012182,14.43918,0.018116,0.036929,23.44976,0.018447,0.019519,18.94406,1590.0,875.0,8.3,5.0,,,,,205,Prefabs/GPU/EKWB/EKWB_Watercooled_Vega_5664GPU_Silver,AMD Radeon Vega 56 | EKWB EK-FC Acetal,AMD Radeon Vega 56 | EKWB EK-FC Acetal
GPU - Water,AMD Radeon,RX Vega,Radeon RX VEGA 56,AMD,Radeon Vega 56 | EKWB EK-FC Plexi,,Y,4367,730,243,16,90,1.0,,,8,1048,1474,1722,1900,500,800,948,1100,258,210,CrossFire,2.0,95,20,8-pin + 8-pin,,8.7,,6343,11411,1.7989910137159073,,,0.008593,0.015392,18.69885,0.007137,0.012182,14.43918,0.018116,0.036929,23.44976,0.018447,0.019519,18.94406,1590.0,875.0,8.3,5.0,,,,,205,Prefabs/GPU/EKWB/EKWB_Watercooled_Vega_5664GPU_Clear,AMD Radeon Vega 56 | EKWB EK-FC Plexi,AMD Radeon Vega 56 | EKWB EK-FC Plexi
GPU - Water,AMD Radeon,RX Vega,Radeon RX VEGA 56,AMD,Radeon Vega 56 | EKWB EK-FC Plexi RGB,,Y,4367,780,260,23,30,1.0,,RGB,8,1048,1474,1722,1900,500,800,948,1100,258,210,CrossFire,2.0,95,20,8-pin + 8-pin,,8.1,,6343,11411,1.7989910137159073,,,0.008593,0.015392,18.69885,0.007137,0.012182,14.43918,0.018116,0.036929,23.44976,0.018447,0.019519,18.94406,1590.0,875.0,8.3,5.0,,,,,205,Prefabs/GPU/EKWB/EKWB_Watercooled_Vega_5664GPU_ClearRGB,AMD Radeon Vega 56 | EKWB EK-FC Plexi RGB,AMD Radeon Vega 56 | EKWB EK-FC Plexi RGB
GPU,AMD Radeon,RX Vega,Radeon RX VEGA 64,AMD,Radeon RX Vega 64,,Y,4798,660,220,17,1,1.0,,Red,8,1292,1546,1690,1800,690,945,1050,1200,283,295,CrossFire,2.0,95,50,8-pin + 8-pin,,10.5,10.5,6923,12679,1.8314314603495594,7445.0,13877.0,0.011436,0.018545,12.78417,0.008806,0.015139,9.758206,0.038604,0.026296,3.307731,0.029969,0.020973,2.885631,,,,,,,,,205,Prefabs/GPU/AMD/AMD_RadeonVega_RX64_8GB,AMD Radeon RX Vega 64,AMD Radeon RX Vega 64
GPU,AMD Radeon,RX Vega,Radeon RX VEGA 64,ASUS,ROG Strix RX VEGA64 OC Edition,,Y,4849,665,222,17,80,1.0,,RGB,8,1380,1590,1690,1800,690,945,1050,1200,298,295,CrossFire,2.5,95,50,8-pin + 8-pin,,10.5,10.5,6994,12922,1.8475836431226766,7445.0,13877.0,0.011436,0.018545,12.78417,0.008806,0.015139,9.758206,0.038604,0.026296,3.307731,0.029969,0.020973,2.885631,,,,,,,,,205,Prefabs/GPU/ASUS/ASUS_Strix_RX_VEGA64_OC,ASUS ROG Strix RX VEGA64 OC Edition,ASUS ROG Strix RX VEGA64 OC Edition
GPU - Water,AMD Radeon,RX Vega,Radeon RX VEGA 64,AMD,Radeon Vega 64 | EKWB EK-FC Acetal,,Y,4787,810,270,17,90,1.0,,,8,1072,1536,1802,2000,590,945,1119,1300,258,295,CrossFire,2.0,95,20,8-pin + 8-pin,,8.5,,6906,12623,1.8278308717057632,,,0.011436,0.018545,12.78417,0.008806,0.015139,9.758206,0.038604,0.026296,3.307731,0.029969,0.020973,2.885631,1690.0,1050.0,6.6,5.0,,,,,205,Prefabs/GPU/EKWB/EKWB_Watercooled_Vega_5664GPU_Silver,AMD Radeon Vega 64 | EKWB EK-FC Acetal,AMD Radeon Vega 64 | EKWB EK-FC Acetal
GPU - Water,AMD Radeon,RX Vega,Radeon RX VEGA 64,AMD,Radeon Vega 64 | EKWB EK-FC Plexi,,Y,4787,810,270,17,90,1.0,,,8,1072,1536,1802,2000,590,945,1119,1300,258,295,CrossFire,2.0,95,20,8-pin + 8-pin,,8.5,,6906,12623,1.8278308717057632,,,0.011436,0.018545,12.78417,0.008806,0.015139,9.758206,0.038604,0.026296,3.307731,0.029969,0.020973,2.885631,1690.0,1050.0,6.6,5.0,,,,,205,Prefabs/GPU/EKWB/EKWB_Watercooled_Vega_5664GPU_Clear,AMD Radeon Vega 64 | EKWB EK-FC Plexi,AMD Radeon Vega 64 | EKWB EK-FC Plexi
GPU - Water,AMD Radeon,RX Vega,Radeon RX VEGA 64,AMD,Radeon Vega 64 | EKWB EK-FC Plexi RGB,,Y,4787,960,320,23,45,1.0,,RGB,8,1072,1536,1802,2000,590,945,1119,1300,258,295,CrossFire,2.0,95,20,8-pin + 8-pin,,7.2,,6906,12623,1.8278308717057632,,,0.011436,0.018545,12.78417,0.008806,0.015139,9.758206,0.038604,0.026296,3.307731,0.029969,0.020973,2.885631,1690.0,1050.0,6.6,5.0,,,,,205,Prefabs/GPU/EKWB/EKWB_Watercooled_Vega_5664GPU_ClearRGB,AMD Radeon Vega 64 | EKWB EK-FC Plexi RGB,AMD Radeon Vega 64 | EKWB EK-FC Plexi RGB
GPU,AMD Radeon,VII,Radeon VII,AMD,Radeon VII,,Y,5997,840,280,24,1,1.3,PC,Red,16,1400,1750,1950,2100,600,1000,1200,1400,280,295,CrossFire,2.0,95,50,8-pin + 8-pin,,10.2,10.5,8588,16465,1.917210060549604,9441.0,18245.0,0.024516,0.005211,11.86176,0.019012,0.004113,9.089432,0.059179,0.00259,8.50538,0.046742,0.001671,5.82402,,,,,,,,,206,Prefabs/GPU/AMD/GPU_AMD_Radeon_VII,AMD Radeon VII,AMD Radeon VII
GPU,AMD Radeon,RX 5000,Radeon RX 5500 XT,ASUS,ROG Strix Radeon RX 5500 XT 8GB Gaming,,Y,3153,400,133,26,60,1.8,PC,RGB,8,1374,1737,1950,2100,1500,1750,1850,2000,280,130,,2.5,95,20,8-pin,,11.4,11.5,4562,0,,4968.0,0.0,0.013615,6.44e-05,7.777,0.01012,4.03e-05,7.233,0.0,0.0,0.0,0.0,0.0,0.0,,,,,,,,,207,v1_8_0/Prefabs/GPU/ASUS/GPU_ASUS_ROG_Strix_Radeon_RX_5500_XT_8G_Gaming,ASUS ROG Strix Radeon RX 5500 XT 8GB Gaming,ASUS ROG Strix Radeon RX 5500 XT 8GB Gaming
GPU,AMD Radeon,RX 5000,Radeon RX 5500 XT,GIGABYTE,Radeon RX 5500 XT GAMING OC 8G,,Y,3076,390,130,26,70,1.8,PC,,8,1260,1680,1950,2100,1500,1750,1850,2000,265,130,,2.0,95,20,8-pin,RTX,11.4,11.5,4453,0,,4968.0,0.0,0.013615,6.44e-05,7.777,0.01012,4.03e-05,7.233,0.0,0.0,0.0,0.0,0.0,0.0,,,,,,,,,207,v1_8_0/Prefabs/GPU/GigaByte/GPU_Gigabyte_Aorus_Radeon_RX_5500_XT_GAMING_OC_8G,GIGABYTE Radeon RX 5500 XT GAMING OC 8G,GIGABYTE Radeon RX 5500 XT GAMING OC 8G
GPU,AMD Radeon,RX 5000,Radeon RX 5500 XT,GIGABYTE,Radeon RX 5500 XT OC 8G,,Y,3148,365,122,26,50,1.9,PC,,8,1366,1733,1950,2100,1500,1750,1850,2000,225,130,,2.0,95,20,8-pin,,12.5,12.5,4554,0,,4968.0,0.0,0.013615,6.44e-05,7.777,0.01012,4.03e-05,7.233,0.0,0.0,0.0,0.0,0.0,0.0,,,,,,,,,207,v1_9_0/Prefabs/GPU/GigaByte/GPU_Gigabyte_Radeon_RX_5500_XT_OC_8G,GIGABYTE Radeon RX 5500 XT OC 8G,GIGABYTE Radeon RX 5500 XT OC 8G
GPU,AMD Radeon,RX 5000,Radeon RX 5500 XT,MSI,Radeon RX 5500 XT GAMING X 8G,,Y,3300,380,127,26,1,1.10,PC,RGB,8,1590,1845,1950,2100,1500,1750,1850,2000,247,130,,2.5,95,20,8-pin,,12.5,12.5,4767,0,,4968.0,0.0,0.013615,6.44e-05,7.777,0.01012,4.03e-05,7.233,0.0,0.0,0.0,0.0,0.0,0.0,,,,,,,,,207,v1_10_0/Prefabs/GPU/MSI/GPU_MSI_Radeon_RX_5500_XT_Gaming_X_8G,MSI Radeon RX 5500 XT GAMING X 8G,MSI Radeon RX 5500 XT GAMING X 8G
GPU,AMD Radeon,RX 5000,Radeon RX 5600 XT,ASUS,ROG Strix Radeon RX 5600 XT OC Edition 6GB,,Y,5194,650,217,26,1,1.8,PC,RGB,6,1640,1770,1800,1900,1500,1750,1850,2000,304,150,,2.5,95,20,8-pin + 8-pin,,11.5,11.5,7477,0,,7695.0,0.0,0.011128,0.012001,11.24457,0.007926,0.009315,10.30304,0.0,0.0,0.0,0.0,0.0,0.0,,,,,,,,,207,v1_8_0/Prefabs/GPU/ASUS/GPU_ASUS_ROG_Strix_Radeon_RX_5700_OC_8G_Gaming,ASUS ROG Strix Radeon RX 5600 XT OC Edition 6GB,ASUS ROG Strix Radeon RX 5600 XT OC Edition 6GB
GPU,AMD Radeon,RX 5000,Radeon RX 5600 XT,GIGABYTE,Radeon RX 5600 XT GAMING OC 6G,,Y,4727,570,190,26,70,1.9,PC,RGB,6,1340,1620,1800,1900,900,1500,1850,2100,280,150,,2.5,95,20,8-pin,,12.0,12.0,6819,0,,7695.0,0.0,0.011128,0.012001,11.24457,0.007926,0.009315,10.30304,0.0,0.0,0.0,0.0,0.0,0.0,,,,,,,,,207,v1_9_0/Prefabs/GPU/GigaByte/GPU_GigaByte_Radeon_RX_5600_XT_GAMING_OC_6G,GIGABYTE Radeon RX 5600 XT GAMING OC 6G,GIGABYTE Radeon RX 5600 XT GAMING OC 6G
GPU,AMD Radeon,RX 5000,Radeon RX 5600 XT,GIGABYTE,Radeon RX 5600 XT WINDFORCE OC 6G,,Y,4727,570,190,26,70,1.9,PC,,6,1340,1620,1800,1900,900,1500,1850,2100,228,150,,2.0,95,20,8-pin,,12.0,12.0,6819,0,,7695.0,0.0,0.011128,0.012001,11.24457,0.007926,0.009315,10.30304,0.0,0.0,0.0,0.0,0.0,0.0,,,,,,,,,207,v1_9_0/Prefabs/GPU/GigaByte/GPU_Gigabyte_Radeon_RX_5600_XT_Windforce_OC_6G,GIGABYTE Radeon RX 5600 XT WINDFORCE OC 6G,GIGABYTE Radeon RX 5600 XT WINDFORCE OC 6G
GPU,AMD Radeon,RX 5000,Radeon RX 5600 XT,MSI,Radeon RX 5600 XT GAMING X,,Y,4872,585,195,26,70,1.10,PC,RGB,6,1600,1750,1800,1900,900,1500,1850,2100,297,150,,2.5,95,20,8-pin + 8-pin,,12.0,12.0,7017,0,,7695.0,0.0,0.011128,0.012001,11.24457,0.007926,0.009315,10.30304,0.0,0.0,0.0,0.0,0.0,0.0,,,,,,,,,207,v1_8_0/Prefabs/GPU/MSI/GPU_MSI_Radeon_RX_5700_XT_Gaming_X,MSI Radeon RX 5600 XT GAMING X,MSI Radeon RX 5600 XT GAMING X
GPU,AMD Radeon,RX 5000,Radeon RX5700,AMD,Radeon RX 5700,,Y,5370,750,250,26,1,1.5,PC,Red,8,1550,1725,1800,1900,1500,1750,1900,2000,268,225,,2.0,95,50,8-pin + 6-pin,,10.5,10.5,7893,0,,7925.0,0.0,0.002977,0.0,48.56937,0.002326,0.0,39.59666,0.0,0.0,0.0,0.0,0.0,0.0,,,,,,,,,207,Prefabs/GPU/AMD/GPU_AMD_Radeon_RX_5700,AMD Radeon RX 5700,AMD Radeon RX 5700
GPU,AMD Radeon,RX 5000,Radeon RX5700,ASUS,ROG Strix Radeon RX 5700 OC Edition 8GB,,Y,5377,720,240,26,60,1.8,PC,RGB,8,1600,1750,1800,1900,1500,1750,1900,2000,305,225,,2.5,95,20,8-pin + 8-pin,,11.0,11.0,7904,0,,7925.0,0.0,0.002977,0.0,48.56937,0.002326,0.0,39.59666,0.0,0.0,0.0,0.0,0.0,0.0,,,,,,,,,207,v1_8_0/Prefabs/GPU/ASUS/GPU_ASUS_ROG_Strix_Radeon_RX_5700_OC_8G_Gaming,ASUS ROG Strix Radeon RX 5700 OC Edition 8GB,ASUS ROG Strix Radeon RX 5700 OC Edition 8GB
GPU,AMD Radeon,RX 5000,Radeon RX5700,GIGABYTE,Radeon RX 5700 GAMING OC 8G,,Y,5377,685,228,26,70,1.9,PC,RGB,8,1600,1750,1800,1900,1500,1750,1900,2000,280,225,,2.0,95,20,8-pin,RTX,11.5,11.5,7904,0,,7925.0,0.0,0.002977,0.0,48.56937,0.002326,0.0,39.59666,0.0,0.0,0.0,0.0,0.0,0.0,,,,,,,,,207,v1_9_0/Prefabs/GPU/GigaByte/GPU_GigaByte_Radeon_RX_5700_GAMING_OC_8G,GIGABYTE Radeon RX 5700 GAMING OC 8G,GIGABYTE Radeon RX 5700 GAMING OC 8G
GPU,AMD Radeon,RX 5000,Radeon RX5700,MSI,Radeon RX 5700 EVOKE GP OC,,Y,5377,685,228,26,1,1.10,PC,,8,1600,1750,1800,1900,1500,1750,1900,2000,254,225,,2.5,95,20,8-pin + 6-pin,,11.5,11.5,7904,0,,7925.0,0.0,0.002977,0.0,48.56937,0.002326,0.0,39.59666,0.0,0.0,0.0,0.0,0.0,0.0,,,,,,,,,207,v1_10_0/Prefabs/GPU/MSI/GPU_MSI_Radeon_RX_5700_Evoke_GP_OC,MSI Radeon RX 5700 EVOKE GP OC,MSI Radeon RX 5700 EVOKE GP OC
GPU,AMD Radeon,RX 5000,Radeon RX5700,MSI,Radeon RX 5700 GAMING X,,Y,5370,750,250,26,70,1.12,PC,RGB,8,1550,1725,1800,1900,1500,1750,1900,2000,297,225,,2.5,95,20,8-pin + 8-pin,,10.5,10.5,7893,0,,7925.0,0.0,0.002977,0.0,48.56937,0.002326,0.0,39.59666,0.0,0.0,0.0,0.0,0.0,0.0,,,,,,,,,207,v1_8_0/Prefabs/GPU/MSI/GPU_MSI_Radeon_RX_5700_XT_Gaming_X,MSI Radeon RX 5700 GAMING X,MSI Radeon RX 5700 GAMING X
GPU,AMD Radeon,RX 5000,Radeon RX5700 XT,AMD,Radeon RX 5700 XT,,Y,5944,830,277,26,30,1.5,PC,Red,8,1610,1905,2075,2200,1600,1750,1800,1900,272,180,,2.0,95,50,8-pin + 6-pin,,10.5,10.5,8728,0,,9028.0,0.0,0.00297,0.031197,-0.80584,0.0024,0.024777,0.242911,0.0,0.0,0.0,0.0,0.0,0.0,,,,,,,,,207,Prefabs/GPU/AMD/GPU_AMD_Radeon_RX_5700XT,AMD Radeon RX 5700 XT,AMD Radeon RX 5700 XT
GPU,AMD Radeon,RX 5000,Radeon RX5700 XT,ASUS,ROG Strix Radeon RX 5700 XT OC Edition 8GB,,Y,5983,840,280,26,80,1.8,PC,RGB,8,1970,2035,2075,2100,1600,1750,1800,1900,305,180,,2.5,95,20,8-pin + 8-pin,,10.5,10.5,8784,0,,9028.0,0.0,0.00297,0.031197,-0.80584,0.0024,0.024777,0.242911,0.0,0.0,0.0,0.0,0.0,0.0,,,,,,,,,207,v1_8_0/Prefabs/GPU/ASUS/GPU_ASUS_ROG_Strix_Radeon_RX_5700_OC_8G_Gaming,ASUS ROG Strix Radeon RX 5700 XT OC Edition 8GB,ASUS ROG Strix Radeon RX 5700 XT OC Edition 8GB
GPU,AMD Radeon,RX 5000,Radeon RX5700 XT,GIGABYTE,AORUS Radeon RX 5700 XT 8G,,Y,5975,800,267,26,90,1.9,PC,RGB,8,1820,2010,2075,2200,1600,1750,1800,1900,290,180,,2.5,95,20,8-pin + 8-pin,,11.0,11.0,8773,0,,9028.0,0.0,0.00297,0.031197,-0.80584,0.0024,0.024777,0.242911,0.0,0.0,0.0,0.0,0.0,0.0,,,,,,,,,207,v1_9_0/Prefabs/GPU/GigaByte/GPU_GigaByte_Aorus_Radeon_RX_5700_XT_8G,GIGABYTE AORUS Radeon RX 5700 XT 8G,GIGABYTE AORUS Radeon RX 5700 XT 8G
GPU,AMD Radeon,RX 5000,Radeon RX5700 XT,GIGABYTE,Radeon RX 5700 XT GAMING OC 8G,,Y,5944,795,265,26,90,1.9,PC,RGB,8,1610,1905,2075,2200,1600,1750,1800,1900,280,180,,2.0,95,20,8-pin + 6-pin,,11.0,11.0,8728,0,,9028.0,0.0,0.00297,0.031197,-0.80584,0.0024,0.024777,0.242911,0.0,0.0,0.0,0.0,0.0,0.0,,,,,,,,,207,v1_9_0/Prefabs/GPU/GigaByte/GPU_Gigabyte_Radeon_RX_5700_XT_GAMING_OC_8G,GIGABYTE Radeon RX 5700 XT GAMING OC 8G,GIGABYTE Radeon RX 5700 XT GAMING OC 8G
GPU,AMD Radeon,RX 5000,Radeon RX5700 XT,MSI,Radeon RX 5700 XT GAMING X,,Y,5966,830,277,26,90,1.8,,RGB,8,1760,1980,2075,2200,1600,1750,1800,1900,297,180,,2.5,95,50,8-pin + 8-pin,,10.6,10.5,8760,0,,9028.0,0.0,0.00297,0.031197,-0.80584,0.0024,0.024777,0.242911,0.0,0.0,0.0,0.0,0.0,0.0,,,,,,,,,207,v1_8_0/Prefabs/GPU/MSI/GPU_MSI_Radeon_RX_5700_XT_Gaming_X,MSI Radeon RX 5700 XT GAMING X,MSI Radeon RX 5700 XT GAMING X
GPU,AMD Radeon,RX 5000,Radeon RX5700 XT,MSI,Radeon RX 5700 XT Mech OC,,Y,5950,830,277,26,90,1.8,,,8,1650,1925,2075,2200,1600,1750,1800,1900,232,180,,2.5,95,50,8-pin + 6-pin,,10.5,10.5,8736,0,,9028.0,0.0,0.00297,0.031197,-0.80584,0.0024,0.024777,0.242911,0.0,0.0,0.0,0.0,0.0,0.0,,,,,,,,,207,v1_8_0/Prefabs/GPU/MSI/GPU_MSI_Radeon_RX_5700_XT_Mech_OC,MSI Radeon RX 5700 XT Mech OC,MSI Radeon RX 5700 XT Mech OC
GPU,AMD Radeon,RX 6000,Radeon RX 6700 XT,ASRock,Radeon RX 6700 XT Phantom Gaming D 12GB OC,,Y,7920,1085,362,33,1,1.13,PC,RGB,12,2444,2622,2700,2800,1700,2000,2150,2300,305,230,CrossFire,2.5,95,50,8-pin + 8-pin,,11.0,11.0,11909,23077,1.9377781509782517,12200.0,24597.0,0.020049,0.002147,22.34231,0.015847,0.002918,19.65888,0.101783,0.023107,-160.979,0.097555,0.0,-124.874,,,,,,,,,208,v1_13_0/Prefabs/GPU/ASRock/GPU_ASROCK_RADEON_RX_6700_XT_PHANTOM_GAMING_D_12GB_OC,ASRock Radeon RX 6700 XT Phantom Gaming D 12GB OC,ASRock Radeon RX 6700 XT Phantom Gaming D 12GB OC
GPU,AMD Radeon,RX 6000,Radeon RX 6800,AMD,Radeon RX 6800,,Y,8758,1315,438,33,1,1.10.5,PC,Red,16,1330,1815,2100,2300,1900,2000,2050,2100,267,250,CrossFire,2.0,95,50,8-pin + 8-pin,,10.5,10.5,13092,20168,1.580628803245436,14754.0,25193.0,0.029363,0.000177,33.93681,0.023817,0.000131,29.85339,0.051952,0.234271,-430.301,0.067543,0.071266,-150.411,,,,,,,,,208,v1_10_0/Prefabs/GPU/AMD/GPU_AMD_Radeon_RX_6800,AMD Radeon RX 6800,AMD Radeon RX 6800
GPU,AMD Radeon,RX 6000,Radeon RX 6800,ASRock,Radeon RX 6800 Phantom Gaming D 16G OC,,Y,9242,1190,397,33,1,1.13,PC,RGB,16,1760,1980,2100,2200,1900,2000,2050,2100,305,250,CrossFire,2.5,95,50,8-pin + 8-pin,,10.5,11.0,13804,21819,1.5404827375496486,14323.0,24191.0,0.029363,0.000177,33.93681,0.023817,0.000131,29.85339,0.051952,0.234271,-430.301,0.067543,0.071266,-150.411,,,,,,,,,208,v1_13_0/Prefabs/GPU/ASRock/GPU_ASROCK_RADEON_RX_6800_PHANTOM_GAMING_D_16G_OC,ASRock Radeon RX 6800 Phantom Gaming D 16G OC,ASRock Radeon RX 6800 Phantom Gaming D 16G OC
GPU,AMD Radeon,RX 6000,Radeon RX 6800,MSI,Radeon RX 6800 GAMING TRIO 16G,,Y,8758,1245,415,33,70,1.11,PC,RGB,16,1330,1815,2100,2300,1900,2000,2050,2100,324,250,CrossFire,2.5,95,20,8-pin + 8-pin,,10.5,10.5,13092,20168,1.5404827375496486,14323.0,24191.0,0.029363,0.000177,33.93681,0.023817,0.000131,29.85339,0.051952,0.234271,-430.301,0.067543,0.071266,-150.411,,,,,,,,,208,v1_11_0/Prefabs/GPU/MSI/GPU_MSI_RADEON_RX_6800_XT_GAMING_X_TRIO,MSI Radeon RX 6800 GAMING TRIO 16G,MSI Radeon RX 6800 GAMING TRIO 16G
GPU,AMD Radeon,RX 6000,Radeon RX 6800,MSI,Radeon RX 6800 GAMING X TRIO 16G,,Y,9081,1290,430,33,70,1.11,PC,RGB,16,1650,1925,2100,2200,1900,2000,2050,2100,324,250,CrossFire,2.5,95,20,8-pin + 8-pin,,10.5,10.5,13567,21270,1.5677747475492003,14323.0,24191.0,0.029363,0.000177,33.93681,0.023817,0.000131,29.85339,0.051952,0.234271,-430.301,0.067543,0.071266,-150.411,,,,,,,,,208,v1_11_0/Prefabs/GPU/MSI/GPU_MSI_RADEON_RX_6800_XT_GAMING_X_TRIO,MSI Radeon RX 6800 GAMING X TRIO 16G,MSI Radeon RX 6800 GAMING X TRIO 16G
GPU,AMD Radeon,RX 6000,Radeon RX 6800 XT,AMD,Radeon RX 6800 XT,,Y,10815,1575,525,33,20,1.10.5,PC,RGB,16,1430,2015,2400,2600,1700,2000,2150,2300,267,300,CrossFire,2.5,95,50,8-pin + 8-pin,,10.5,10.5,16155,19322,1.3872919818456884,17461.0,32655.0,0.026364,0.000178,54.67308,0.021609,0.000143,46.61601,0.212636,0.157119,-609.238,0.2395,0.03177,-440.674,,,,,,,,,208,v1_10_0/Prefabs/GPU/AMD/GPU_AMD_Radeon_RX_6800_XT,AMD Radeon RX 6800 XT,AMD Radeon RX 6800 XT
GPU,AMD Radeon,RX 6000,Radeon RX 6800 XT,ASRock,Radeon RX 6800 XT Phantom Gaming D 16G OC,,Y,10947,1470,490,33,20,1.13,PC,RGB,16,1530,2065,2400,2600,1700,2000,2150,2300,330,300,CrossFire,2.5,95,50,8-pin + 8-pin + 8-pin,,10.5,11.0,16350,21222,1.1960383782110802,16487.0,23224.0,0.026364,0.000178,54.67308,0.021609,0.000143,46.61601,0.212636,0.157119,-609.238,0.2395,0.03177,-440.674,,,,,,,,,208,v1_13_0/Prefabs/GPU/ASRock/GPU_ASROCK_RADEON_RX_6800_XT_PHANTOM_GAMING_D_16G_OC,ASRock Radeon RX 6800 XT Phantom Gaming D 16G OC,ASRock Radeon RX 6800 XT Phantom Gaming D 16G OC
GPU,AMD Radeon,RX 6000,Radeon RX 6800 XT,ASRock,Radeon RX 6800 XT Taichi X 16G OC,,Y,11724,1590,530,33,20,1.13,PC,RGB,16,2220,2360,2400,2500,1700,2000,2150,2300,330,300,CrossFire,2.5,95,50,8-pin + 8-pin + 8-pin,,10.5,11.0,17499,32309,1.8463340762329277,17659.0,35941.0,0.026364,0.000178,54.67308,0.021609,0.000143,46.61601,0.212636,0.157119,-609.238,0.2395,0.03177,-440.674,,,,,,,,,208,v1_13_0/Prefabs/GPU/ASRock/GPU_ASROCK_RADEON_RX_6800_XT_TAICHI_X_16G_OC,ASRock Radeon RX 6800 XT Taichi X 16G OC,ASRock Radeon RX 6800 XT Taichi X 16G OC
GPU,AMD Radeon,RX 6000,Radeon RX 6800 XT,MSI,Radeon RX 6800 XT GAMING TRIO 16G,,Y,10815,1540,513,33,70,1.11,PC,RGB,16,1430,2015,2400,2600,1700,2000,2150,2300,324,300,CrossFire,2.5,95,20,8-pin + 8-pin,,10.5,10.5,16155,19322,1.1960383782110802,16487.0,23224.0,0.026364,0.000178,54.67308,0.021609,0.000143,46.61601,0.212636,0.157119,-609.238,0.2395,0.03177,-440.674,,,,,,,,,208,v1_11_0/Prefabs/GPU/MSI/GPU_MSI_RADEON_RX_6800_XT_GAMING_X_TRIO,MSI Radeon RX 6800 XT GAMING TRIO 16G,MSI Radeon RX 6800 XT GAMING TRIO 16G
GPU,AMD Radeon,RX 6000,Radeon RX 6800 XT,MSI,Radeon RX 6800 XT GAMING X TRIO 16G,,Y,10894,1550,517,33,70,1.11,PC,RGB,16,1490,2045,2400,2600,1700,2000,2150,2300,324,300,CrossFire,2.5,95,20,8-pin + 8-pin,,10.5,10.5,16272,20463,1.2575589970501475,16487.0,23224.0,0.026364,0.000178,54.67308,0.021609,0.000143,46.61601,0.212636,0.157119,-609.238,0.2395,0.03177,-440.674,,,,,,,,,208,v1_11_0/Prefabs/GPU/MSI/GPU_MSI_RADEON_RX_6800_XT_GAMING_X_TRIO,MSI Radeon RX 6800 XT GAMING X TRIO 16G,MSI Radeon RX 6800 XT GAMING X TRIO 16G
GPU - Water,AMD Radeon,RX 6000,Radeon RX 6800 XT,CORSAIR,Radeon RX 6800 XT | Corsair Hydro Series XG7 RGB,,Y,10380,1600,533,33,90,1.11,,RGB,16,700,1850,2558,3000,1500,2000,2292,2500,263,300,CrossFire,2.0,95,20,8-pin + 8-pin,,9.7,,15512,12949,0.8347730789066529,,,0.026364,0.000178,54.67308,0.021609,0.000143,46.61601,0.212636,0.157119,-609.238,0.2395,0.03177,-440.674,2400.0,2150.0,6.6,5.0,,,,,208,v1_11_0/Prefabs/GPU/Corsair/GPU_CORSAIR_Hydro_X_Series_XG7_RGB_RX_SERIES_GPU_Water_Block_6800_XT,CORSAIR Radeon RX 6800 XT | Corsair Hydro Series XG7 RGB,CORSAIR Radeon RX 6800 XT | Corsair Hydro Series XG7 RGB
GPU,AMD Radeon,RX 6000,Radeon RX 6900 XT,AMD,Radeon RX 6900 XT,,Y,11411,1695,565,33,40,1.10.5,PC,RGB,16,1730,2015,2150,2300,1900,2000,2050,2100,267,300,CrossFire,2.5,95,50,8-pin + 8-pin,,10.0,10.0,16954,23197,1.368231685737879,18162.0,29637.0,0.026054,0.011659,38.30114,0.022238,0.009601,30.47505,0.15178,0.00324,-161.062,0.125149,0.002499,-124.335,,,,,,,,,208,v1_10_0/Prefabs/GPU/AMD/GPU_AMD_Radeon_RX_6900_XT,AMD Radeon RX 6900 XT,AMD Radeon RX 6900 XT
GPU,AMD Radeon,RX 6000,Radeon RX 6900 XT,ASRock,Radeon RX 6900 XT Phantom Gaming D 16G OC,,Y,11646,1540,513,33,50,1.13,PC,RGB,16,2010,2105,2150,2200,1900,2000,2050,2100,330,300,CrossFire,2.5,95,50,8-pin + 8-pin + 8-pin,,10.0,11.0,17308,25224,1.368231685737879,17571.0,26260.0,0.026054,0.011659,38.30114,0.022238,0.009601,30.47505,0.15178,0.00324,-161.062,0.125149,0.002499,-124.335,,,,,,,,,208,v1_13_0/Prefabs/GPU/ASRock/GPU_ASROCK_RADEON_RX_6900_XT_PHANTOM_GAMING_D_16G_OC,ASRock Radeon RX 6900 XT Phantom Gaming D 16G OC,ASRock Radeon RX 6900 XT Phantom Gaming D 16G OC
GPU,AMD Radeon,RX 6000,Radeon RX 6900 XT,MSI,Radeon RX 6900 XT GAMING TRIO 16G,,Y,11411,1695,565,33,70,1.11,PC,RGB,16,1730,2015,2150,2300,1900,2000,2050,2100,324,300,CrossFire,2.5,95,20,8-pin + 8-pin + 8-pin,,10.0,10.0,16954,23197,1.368231685737879,17571.0,26260.0,0.026054,0.011659,38.30114,0.022238,0.009601,30.47505,0.15178,0.00324,-161.062,0.125149,0.002499,-124.335,,,,,,,,,208,v1_11_0/Prefabs/GPU/MSI/GPU_MSI_Radeon_RX_6900_XT_GAMING_X_TRIO_16G,MSI Radeon RX 6900 XT GAMING TRIO 16G,MSI Radeon RX 6900 XT GAMING TRIO 16G
GPU,AMD Radeon,RX 6000,Radeon RX 6900 XT,MSI,Radeon RX 6900 XT GAMING X TRIO 16G,,Y,11646,1730,577,33,70,1.11,PC,RGB,16,2010,2105,2150,2200,1900,2000,2050,2100,324,300,CrossFire,2.5,95,20,8-pin + 8-pin + 8-pin,,10.0,10.0,17308,25224,1.4573607580309684,17571.0,26260.0,0.026054,0.011659,38.30114,0.022238,0.009601,30.47505,0.15178,0.00324,-161.062,0.125149,0.002499,-124.335,,,,,,,,,208,v1_11_0/Prefabs/GPU/MSI/GPU_MSI_Radeon_RX_6900_XT_GAMING_X_TRIO_16G,MSI Radeon RX 6900 XT GAMING X TRIO 16G,MSI Radeon RX 6900 XT GAMING X TRIO 16G
GPU - Water,AMD Radeon,RX 6000,Radeon RX 6900 XT,CORSAIR,Radeon RX 6900 XT | Corsair Hydro Series XG7 RGB,,Y,11112,1700,567,33,90,1.11,,RGB,16,1300,1900,2292,2500,1700,2000,2185,2300,263,300,CrossFire,2.0,95,20,8-pin + 8-pin,,9.7,,16501,20607,1.248833404036119,,,0.026054,0.011659,38.30114,0.022238,0.009601,30.47505,0.15178,0.00324,-161.062,0.125149,0.002499,-124.335,2150.0,2050.0,6.6,5.0,,,,,208,v1_11_0/Prefabs/GPU/Corsair/GPU_CORSAIR_Hydro_X_Series_XG7_RGB_RX_SERIES_GPU_Water_Block_6900_XT,CORSAIR Radeon RX 6900 XT | Corsair Hydro Series XG7 RGB,CORSAIR Radeon RX 6900 XT | Corsair Hydro Series XG7 RGB
